<?xml version="1.0" encoding="UTF-8"?><gpx xmlns="http://www.topografix.com/GPX/1/1" creator="garrettgcraig.com" version="1.1"><trk><name>Day 1 — Nira to camp</name><extensions><line xmlns="http://www.topografix.com/GPX/gpx_style/0/2"><color>FF6B00</color></line></extensions><trkseg><trkpt lat="34.769874" lon="-119.936596"><ele>550.6</ele><time>2026-05-24T20:20:14Z</time></trkpt><trkpt lat="34.769854" lon="-119.936621"><ele>549.2</ele><time>2026-05-24T20:20:17Z</time></trkpt><trkpt lat="34.769816" lon="-119.936522"><ele>548.0</ele><time>2026-05-24T20:20:22Z</time></trkpt><trkpt lat="34.769759" lon="-119.936437"><ele>548.0</ele><time>2026-05-24T20:20:29Z</time></trkpt><trkpt lat="34.769704" lon="-119.936308"><ele>549.0</ele><time>2026-05-24T20:20:39Z</time></trkpt><trkpt lat="34.769726" lon="-119.936192"><ele>549.0</ele><time>2026-05-24T20:20:47Z</time></trkpt><trkpt lat="34.769706" lon="-119.936162"><ele>550.0</ele><time>2026-05-24T20:20:49Z</time></trkpt><trkpt lat="34.769672" lon="-119.936141"><ele>549.0</ele><time>2026-05-24T20:20:52Z</time></trkpt><trkpt lat="34.76964" lon="-119.936094"><ele>542.0</ele><time>2026-05-24T20:23:33Z</time></trkpt><trkpt lat="34.769704" lon="-119.936065"><ele>548.0</ele><time>2026-05-24T20:24:00Z</time></trkpt><trkpt lat="34.769681" lon="-119.936086"><ele>546.0</ele><time>2026-05-24T20:24:19Z</time></trkpt><trkpt lat="34.769702" lon="-119.936084"><ele>548.0</ele><time>2026-05-24T20:24:40Z</time></trkpt><trkpt lat="34.769692" lon="-119.936036"><ele>550.0</ele><time>2026-05-24T20:24:46Z</time></trkpt><trkpt lat="34.769591" lon="-119.936019"><ele>551.0</ele><time>2026-05-24T20:24:54Z</time></trkpt><trkpt lat="34.769526" lon="-119.935924"><ele>551.0</ele><time>2026-05-24T20:25:03Z</time></trkpt><trkpt lat="34.769461" lon="-119.935882"><ele>554.0</ele><time>2026-05-24T20:25:30Z</time></trkpt><trkpt lat="34.769448" lon="-119.935842"><ele>552.0</ele><time>2026-05-24T20:25:33Z</time></trkpt><trkpt lat="34.769403" lon="-119.935804"><ele>552.0</ele><time>2026-05-24T20:25:39Z</time></trkpt><trkpt lat="34.769336" lon="-119.935768"><ele>554.0</ele><time>2026-05-24T20:25:53Z</time></trkpt><trkpt lat="34.769323" lon="-119.935732"><ele>555.0</ele><time>2026-05-24T20:25:56Z</time></trkpt><trkpt lat="34.769297" lon="-119.935702"><ele>555.0</ele><time>2026-05-24T20:25:59Z</time></trkpt><trkpt lat="34.76926" lon="-119.935682"><ele>555.0</ele><time>2026-05-24T20:26:02Z</time></trkpt><trkpt lat="34.76924" lon="-119.935652"><ele>555.0</ele><time>2026-05-24T20:26:05Z</time></trkpt><trkpt lat="34.769197" lon="-119.935645"><ele>556.0</ele><time>2026-05-24T20:26:08Z</time></trkpt><trkpt lat="34.769175" lon="-119.935618"><ele>556.0</ele><time>2026-05-24T20:26:10Z</time></trkpt><trkpt lat="34.769111" lon="-119.935592"><ele>556.0</ele><time>2026-05-24T20:26:15Z</time></trkpt><trkpt lat="34.769009" lon="-119.935563"><ele>557.0</ele><time>2026-05-24T20:26:25Z</time></trkpt><trkpt lat="34.768954" lon="-119.935513"><ele>556.0</ele><time>2026-05-24T20:26:32Z</time></trkpt><trkpt lat="34.768825" lon="-119.935455"><ele>554.0</ele><time>2026-05-24T20:26:44Z</time></trkpt><trkpt lat="34.768744" lon="-119.93536"><ele>556.0</ele><time>2026-05-24T20:26:54Z</time></trkpt><trkpt lat="34.768702" lon="-119.93534"><ele>556.0</ele><time>2026-05-24T20:26:57Z</time></trkpt><trkpt lat="34.76871" lon="-119.935266"><ele>555.0</ele><time>2026-05-24T20:27:13Z</time></trkpt><trkpt lat="34.768659" lon="-119.935208"><ele>555.0</ele><time>2026-05-24T20:27:19Z</time></trkpt><trkpt lat="34.76862" lon="-119.935058"><ele>556.0</ele><time>2026-05-24T20:27:28Z</time></trkpt><trkpt lat="34.7686" lon="-119.935023"><ele>546.0</ele><time>2026-05-24T20:27:40Z</time></trkpt><trkpt lat="34.76856" lon="-119.935037"><ele>556.0</ele><time>2026-05-24T20:27:53Z</time></trkpt><trkpt lat="34.768602" lon="-119.93508"><ele>549.0</ele><time>2026-05-24T20:28:00Z</time></trkpt><trkpt lat="34.768626" lon="-119.934956"><ele>553.0</ele><time>2026-05-24T20:28:22Z</time></trkpt><trkpt lat="34.768591" lon="-119.934934"><ele>558.0</ele><time>2026-05-24T20:28:27Z</time></trkpt><trkpt lat="34.76853" lon="-119.934789"><ele>557.0</ele><time>2026-05-24T20:28:36Z</time></trkpt><trkpt lat="34.76854" lon="-119.934719"><ele>556.0</ele><time>2026-05-24T20:28:41Z</time></trkpt><trkpt lat="34.768517" lon="-119.934666"><ele>555.0</ele><time>2026-05-24T20:28:49Z</time></trkpt><trkpt lat="34.768501" lon="-119.934592"><ele>558.0</ele><time>2026-05-24T20:29:00Z</time></trkpt><trkpt lat="34.768489" lon="-119.934591"><ele>558.0</ele><time>2026-05-24T20:29:12Z</time></trkpt><trkpt lat="34.768411" lon="-119.934525"><ele>558.0</ele><time>2026-05-24T20:29:19Z</time></trkpt><trkpt lat="34.768389" lon="-119.934489"><ele>559.0</ele><time>2026-05-24T20:29:21Z</time></trkpt><trkpt lat="34.768381" lon="-119.934447"><ele>559.0</ele><time>2026-05-24T20:29:24Z</time></trkpt><trkpt lat="34.768404" lon="-119.934409"><ele>558.0</ele><time>2026-05-24T20:29:28Z</time></trkpt><trkpt lat="34.768417" lon="-119.934362"><ele>558.0</ele><time>2026-05-24T20:29:32Z</time></trkpt><trkpt lat="34.768436" lon="-119.934406"><ele>556.0</ele><time>2026-05-24T20:29:52Z</time></trkpt><trkpt lat="34.768426" lon="-119.934258"><ele>559.0</ele><time>2026-05-24T20:30:12Z</time></trkpt><trkpt lat="34.768437" lon="-119.934186"><ele>558.0</ele><time>2026-05-24T20:30:17Z</time></trkpt><trkpt lat="34.768432" lon="-119.93415"><ele>558.0</ele><time>2026-05-24T20:30:20Z</time></trkpt><trkpt lat="34.768461" lon="-119.934039"><ele>558.0</ele><time>2026-05-24T20:30:28Z</time></trkpt><trkpt lat="34.768489" lon="-119.933781"><ele>563.0</ele><time>2026-05-24T20:31:08Z</time></trkpt><trkpt lat="34.768477" lon="-119.933742"><ele>564.0</ele><time>2026-05-24T20:31:10Z</time></trkpt><trkpt lat="34.768486" lon="-119.933703"><ele>563.0</ele><time>2026-05-24T20:31:12Z</time></trkpt><trkpt lat="34.768381" lon="-119.933432"><ele>562.0</ele><time>2026-05-24T20:31:32Z</time></trkpt><trkpt lat="34.768377" lon="-119.933364"><ele>564.0</ele><time>2026-05-24T20:31:54Z</time></trkpt><trkpt lat="34.768296" lon="-119.933238"><ele>564.0</ele><time>2026-05-24T20:32:04Z</time></trkpt><trkpt lat="34.768222" lon="-119.933153"><ele>564.0</ele><time>2026-05-24T20:32:12Z</time></trkpt><trkpt lat="34.768153" lon="-119.933032"><ele>566.3</ele><time>2026-05-24T20:32:21Z</time></trkpt><trkpt lat="34.768136" lon="-119.93296"><ele>564.0</ele><time>2026-05-24T20:32:26Z</time></trkpt><trkpt lat="34.768134" lon="-119.932742"><ele>564.0</ele><time>2026-05-24T20:32:40Z</time></trkpt><trkpt lat="34.76811" lon="-119.932581"><ele>566.0</ele><time>2026-05-24T20:32:50Z</time></trkpt><trkpt lat="34.768103" lon="-119.932434"><ele>564.0</ele><time>2026-05-24T20:33:01Z</time></trkpt><trkpt lat="34.768106" lon="-119.932243"><ele>566.0</ele><time>2026-05-24T20:33:16Z</time></trkpt><trkpt lat="34.768129" lon="-119.932106"><ele>563.0</ele><time>2026-05-24T20:33:25Z</time></trkpt><trkpt lat="34.768172" lon="-119.932047"><ele>561.0</ele><time>2026-05-24T20:33:31Z</time></trkpt><trkpt lat="34.76816" lon="-119.931988"><ele>561.0</ele><time>2026-05-24T20:33:36Z</time></trkpt><trkpt lat="34.768106" lon="-119.931933"><ele>560.0</ele><time>2026-05-24T20:33:43Z</time></trkpt><trkpt lat="34.768119" lon="-119.931901"><ele>562.0</ele><time>2026-05-24T20:33:46Z</time></trkpt><trkpt lat="34.768151" lon="-119.931881"><ele>560.0</ele><time>2026-05-24T20:33:52Z</time></trkpt><trkpt lat="34.768163" lon="-119.931892"><ele>560.0</ele><time>2026-05-24T20:34:02Z</time></trkpt><trkpt lat="34.768158" lon="-119.931941"><ele>558.0</ele><time>2026-05-24T20:34:23Z</time></trkpt><trkpt lat="34.768178" lon="-119.931773"><ele>561.0</ele><time>2026-05-24T20:34:39Z</time></trkpt><trkpt lat="34.768174" lon="-119.931706"><ele>562.0</ele><time>2026-05-24T20:34:43Z</time></trkpt><trkpt lat="34.768134" lon="-119.931595"><ele>564.0</ele><time>2026-05-24T20:35:10Z</time></trkpt><trkpt lat="34.768147" lon="-119.931545"><ele>561.0</ele><time>2026-05-24T20:35:13Z</time></trkpt><trkpt lat="34.768138" lon="-119.931513"><ele>561.0</ele><time>2026-05-24T20:35:16Z</time></trkpt><trkpt lat="34.768059" lon="-119.931399"><ele>561.0</ele><time>2026-05-24T20:35:26Z</time></trkpt><trkpt lat="34.768057" lon="-119.931299"><ele>563.0</ele><time>2026-05-24T20:35:33Z</time></trkpt><trkpt lat="34.768026" lon="-119.931241"><ele>564.0</ele><time>2026-05-24T20:35:38Z</time></trkpt><trkpt lat="34.767952" lon="-119.931125"><ele>564.0</ele><time>2026-05-24T20:35:49Z</time></trkpt><trkpt lat="34.767884" lon="-119.931102"><ele>566.0</ele><time>2026-05-24T20:35:54Z</time></trkpt><trkpt lat="34.767772" lon="-119.931092"><ele>565.0</ele><time>2026-05-24T20:36:01Z</time></trkpt><trkpt lat="34.767577" lon="-119.931005"><ele>562.0</ele><time>2026-05-24T20:36:21Z</time></trkpt><trkpt lat="34.767552" lon="-119.930972"><ele>564.0</ele><time>2026-05-24T20:36:28Z</time></trkpt><trkpt lat="34.767511" lon="-119.93096"><ele>563.9</ele><time>2026-05-24T20:36:32Z</time></trkpt><trkpt lat="34.76745" lon="-119.930913"><ele>564.0</ele><time>2026-05-24T20:36:36Z</time></trkpt><trkpt lat="34.767402" lon="-119.930851"><ele>564.0</ele><time>2026-05-24T20:36:41Z</time></trkpt><trkpt lat="34.767385" lon="-119.930773"><ele>565.0</ele><time>2026-05-24T20:36:47Z</time></trkpt><trkpt lat="34.767226" lon="-119.930598"><ele>563.0</ele><time>2026-05-24T20:37:17Z</time></trkpt><trkpt lat="34.767281" lon="-119.930597"><ele>567.2</ele><time>2026-05-24T20:37:39Z</time></trkpt><trkpt lat="34.767222" lon="-119.930587"><ele>568.0</ele><time>2026-05-24T20:37:42Z</time></trkpt><trkpt lat="34.767183" lon="-119.930593"><ele>567.0</ele><time>2026-05-24T20:37:44Z</time></trkpt><trkpt lat="34.767071" lon="-119.930561"><ele>568.0</ele><time>2026-05-24T20:37:51Z</time></trkpt><trkpt lat="34.766962" lon="-119.930485"><ele>570.0</ele><time>2026-05-24T20:38:00Z</time></trkpt><trkpt lat="34.766914" lon="-119.930343"><ele>570.0</ele><time>2026-05-24T20:38:11Z</time></trkpt><trkpt lat="34.766928" lon="-119.930244"><ele>572.0</ele><time>2026-05-24T20:38:41Z</time></trkpt><trkpt lat="34.766942" lon="-119.930334"><ele>569.0</ele><time>2026-05-24T20:38:58Z</time></trkpt><trkpt lat="34.766913" lon="-119.930342"><ele>570.0</ele><time>2026-05-24T20:39:03Z</time></trkpt><trkpt lat="34.766873" lon="-119.930322"><ele>569.0</ele><time>2026-05-24T20:39:06Z</time></trkpt><trkpt lat="34.76686" lon="-119.930289"><ele>567.0</ele><time>2026-05-24T20:39:11Z</time></trkpt><trkpt lat="34.766838" lon="-119.930266"><ele>572.0</ele><time>2026-05-24T20:39:15Z</time></trkpt><trkpt lat="34.766779" lon="-119.930246"><ele>569.0</ele><time>2026-05-24T20:39:33Z</time></trkpt><trkpt lat="34.766697" lon="-119.930178"><ele>570.0</ele><time>2026-05-24T20:39:51Z</time></trkpt><trkpt lat="34.766657" lon="-119.930189"><ele>573.3</ele><time>2026-05-24T20:39:54Z</time></trkpt><trkpt lat="34.76663" lon="-119.93017"><ele>572.0</ele><time>2026-05-24T20:39:56Z</time></trkpt><trkpt lat="34.766592" lon="-119.930163"><ele>573.0</ele><time>2026-05-24T20:40:00Z</time></trkpt><trkpt lat="34.766451" lon="-119.930199"><ele>573.0</ele><time>2026-05-24T20:40:13Z</time></trkpt><trkpt lat="34.766347" lon="-119.930176"><ele>570.0</ele><time>2026-05-24T20:40:23Z</time></trkpt><trkpt lat="34.766346" lon="-119.930144"><ele>569.0</ele><time>2026-05-24T20:40:26Z</time></trkpt><trkpt lat="34.7665" lon="-119.930164"><ele>570.0</ele><time>2026-05-24T20:40:54Z</time></trkpt><trkpt lat="34.766527" lon="-119.930141"><ele>570.0</ele><time>2026-05-24T20:40:58Z</time></trkpt><trkpt lat="34.766664" lon="-119.930098"><ele>573.0</ele><time>2026-05-24T20:41:10Z</time></trkpt><trkpt lat="34.766706" lon="-119.930093"><ele>572.0</ele><time>2026-05-24T20:41:32Z</time></trkpt><trkpt lat="34.766739" lon="-119.930148"><ele>578.0</ele><time>2026-05-24T20:41:44Z</time></trkpt><trkpt lat="34.766759" lon="-119.930081"><ele>576.0</ele><time>2026-05-24T20:41:50Z</time></trkpt><trkpt lat="34.766855" lon="-119.930049"><ele>575.0</ele><time>2026-05-24T20:42:04Z</time></trkpt><trkpt lat="34.766843" lon="-119.930017"><ele>573.0</ele><time>2026-05-24T20:42:23Z</time></trkpt><trkpt lat="34.766887" lon="-119.930003"><ele>579.0</ele><time>2026-05-24T20:42:30Z</time></trkpt><trkpt lat="34.766973" lon="-119.930053"><ele>578.0</ele><time>2026-05-24T20:42:37Z</time></trkpt><trkpt lat="34.767036" lon="-119.930055"><ele>580.0</ele><time>2026-05-24T20:42:44Z</time></trkpt><trkpt lat="34.766876" lon="-119.929946"><ele>580.0</ele><time>2026-05-24T20:42:59Z</time></trkpt><trkpt lat="34.766832" lon="-119.929944"><ele>582.0</ele><time>2026-05-24T20:43:03Z</time></trkpt><trkpt lat="34.766795" lon="-119.929959"><ele>582.0</ele><time>2026-05-24T20:43:06Z</time></trkpt><trkpt lat="34.766731" lon="-119.929957"><ele>582.0</ele><time>2026-05-24T20:43:12Z</time></trkpt><trkpt lat="34.766678" lon="-119.929944"><ele>584.0</ele><time>2026-05-24T20:43:17Z</time></trkpt><trkpt lat="34.766702" lon="-119.929942"><ele>583.8</ele><time>2026-05-24T20:43:24Z</time></trkpt><trkpt lat="34.766563" lon="-119.929868"><ele>582.0</ele><time>2026-05-24T20:43:36Z</time></trkpt><trkpt lat="34.766524" lon="-119.929809"><ele>581.0</ele><time>2026-05-24T20:43:41Z</time></trkpt><trkpt lat="34.766518" lon="-119.929691"><ele>582.0</ele><time>2026-05-24T20:43:50Z</time></trkpt><trkpt lat="34.766454" lon="-119.929607"><ele>583.0</ele><time>2026-05-24T20:43:59Z</time></trkpt><trkpt lat="34.766446" lon="-119.929468"><ele>584.0</ele><time>2026-05-24T20:44:09Z</time></trkpt><trkpt lat="34.766462" lon="-119.929377"><ele>585.0</ele><time>2026-05-24T20:44:16Z</time></trkpt><trkpt lat="34.76645" lon="-119.929301"><ele>586.0</ele><time>2026-05-24T20:44:20Z</time></trkpt><trkpt lat="34.766449" lon="-119.929179"><ele>586.0</ele><time>2026-05-24T20:44:27Z</time></trkpt><trkpt lat="34.766409" lon="-119.929036"><ele>590.0</ele><time>2026-05-24T20:44:35Z</time></trkpt><trkpt lat="34.766398" lon="-119.928923"><ele>588.0</ele><time>2026-05-24T20:44:41Z</time></trkpt><trkpt lat="34.766366" lon="-119.928791"><ele>588.0</ele><time>2026-05-24T20:44:49Z</time></trkpt><trkpt lat="34.766354" lon="-119.928692"><ele>582.0</ele><time>2026-05-24T20:45:10Z</time></trkpt><trkpt lat="34.766361" lon="-119.928608"><ele>580.0</ele><time>2026-05-24T20:45:16Z</time></trkpt><trkpt lat="34.766404" lon="-119.928555"><ele>580.0</ele><time>2026-05-24T20:45:21Z</time></trkpt><trkpt lat="34.766428" lon="-119.928532"><ele>580.0</ele><time>2026-05-24T20:45:23Z</time></trkpt><trkpt lat="34.766498" lon="-119.92852"><ele>580.0</ele><time>2026-05-24T20:45:28Z</time></trkpt><trkpt lat="34.766472" lon="-119.92855"><ele>584.0</ele><time>2026-05-24T20:45:33Z</time></trkpt><trkpt lat="34.766514" lon="-119.928541"><ele>588.0</ele><time>2026-05-24T20:45:38Z</time></trkpt><trkpt lat="34.766544" lon="-119.928524"><ele>585.0</ele><time>2026-05-24T20:45:41Z</time></trkpt><trkpt lat="34.76654" lon="-119.928483"><ele>586.0</ele><time>2026-05-24T20:45:43Z</time></trkpt><trkpt lat="34.766426" lon="-119.928455"><ele>585.0</ele><time>2026-05-24T20:45:51Z</time></trkpt><trkpt lat="34.76632" lon="-119.928397"><ele>584.0</ele><time>2026-05-24T20:45:58Z</time></trkpt><trkpt lat="34.766295" lon="-119.928325"><ele>586.5</ele><time>2026-05-24T20:46:03Z</time></trkpt><trkpt lat="34.766311" lon="-119.928277"><ele>584.0</ele><time>2026-05-24T20:46:13Z</time></trkpt><trkpt lat="34.766297" lon="-119.928133"><ele>579.0</ele><time>2026-05-24T20:46:27Z</time></trkpt><trkpt lat="34.766326" lon="-119.928083"><ele>578.0</ele><time>2026-05-24T20:46:50Z</time></trkpt><trkpt lat="34.766415" lon="-119.928039"><ele>569.0</ele><time>2026-05-24T20:47:21Z</time></trkpt><trkpt lat="34.766461" lon="-119.927984"><ele>576.0</ele><time>2026-05-24T20:47:42Z</time></trkpt><trkpt lat="34.766457" lon="-119.927936"><ele>576.0</ele><time>2026-05-24T20:47:48Z</time></trkpt><trkpt lat="34.766426" lon="-119.927909"><ele>576.0</ele><time>2026-05-24T20:47:51Z</time></trkpt><trkpt lat="34.766391" lon="-119.927919"><ele>576.0</ele><time>2026-05-24T20:47:54Z</time></trkpt><trkpt lat="34.766334" lon="-119.927978"><ele>574.0</ele><time>2026-05-24T20:47:59Z</time></trkpt><trkpt lat="34.766259" lon="-119.927991"><ele>576.0</ele><time>2026-05-24T20:48:05Z</time></trkpt><trkpt lat="34.766198" lon="-119.927954"><ele>576.0</ele><time>2026-05-24T20:48:10Z</time></trkpt><trkpt lat="34.76618" lon="-119.927927"><ele>575.0</ele><time>2026-05-24T20:48:12Z</time></trkpt><trkpt lat="34.766167" lon="-119.927753"><ele>577.0</ele><time>2026-05-24T20:48:23Z</time></trkpt><trkpt lat="34.766111" lon="-119.927575"><ele>578.0</ele><time>2026-05-24T20:48:36Z</time></trkpt><trkpt lat="34.766106" lon="-119.927437"><ele>579.0</ele><time>2026-05-24T20:48:44Z</time></trkpt><trkpt lat="34.766094" lon="-119.927404"><ele>578.0</ele><time>2026-05-24T20:48:46Z</time></trkpt><trkpt lat="34.766051" lon="-119.927347"><ele>579.0</ele><time>2026-05-24T20:48:50Z</time></trkpt><trkpt lat="34.766051" lon="-119.927312"><ele>580.0</ele><time>2026-05-24T20:48:52Z</time></trkpt><trkpt lat="34.76601" lon="-119.927177"><ele>579.0</ele><time>2026-05-24T20:49:01Z</time></trkpt><trkpt lat="34.766007" lon="-119.927136"><ele>580.0</ele><time>2026-05-24T20:49:03Z</time></trkpt><trkpt lat="34.765965" lon="-119.927047"><ele>580.0</ele><time>2026-05-24T20:49:09Z</time></trkpt><trkpt lat="34.765931" lon="-119.92694"><ele>579.0</ele><time>2026-05-24T20:49:16Z</time></trkpt><trkpt lat="34.765935" lon="-119.926791"><ele>579.0</ele><time>2026-05-24T20:49:26Z</time></trkpt><trkpt lat="34.76592" lon="-119.926722"><ele>578.0</ele><time>2026-05-24T20:49:30Z</time></trkpt><trkpt lat="34.765927" lon="-119.92666"><ele>576.0</ele><time>2026-05-24T20:49:34Z</time></trkpt><trkpt lat="34.765917" lon="-119.926631"><ele>578.0</ele><time>2026-05-24T20:49:36Z</time></trkpt><trkpt lat="34.765931" lon="-119.926488"><ele>578.0</ele><time>2026-05-24T20:49:45Z</time></trkpt><trkpt lat="34.765906" lon="-119.926389"><ele>578.0</ele><time>2026-05-24T20:49:51Z</time></trkpt><trkpt lat="34.765907" lon="-119.926256"><ele>579.0</ele><time>2026-05-24T20:50:00Z</time></trkpt><trkpt lat="34.765837" lon="-119.925937"><ele>581.0</ele><time>2026-05-24T20:50:21Z</time></trkpt><trkpt lat="34.765855" lon="-119.925744"><ele>579.0</ele><time>2026-05-24T20:50:34Z</time></trkpt><trkpt lat="34.765894" lon="-119.925591"><ele>579.0</ele><time>2026-05-24T20:50:44Z</time></trkpt><trkpt lat="34.766017" lon="-119.925411"><ele>580.6</ele><time>2026-05-24T20:51:00Z</time></trkpt><trkpt lat="34.766043" lon="-119.925402"><ele>579.0</ele><time>2026-05-24T20:51:02Z</time></trkpt><trkpt lat="34.766147" lon="-119.9253"><ele>579.0</ele><time>2026-05-24T20:51:12Z</time></trkpt><trkpt lat="34.766204" lon="-119.925211"><ele>576.0</ele><time>2026-05-24T20:51:27Z</time></trkpt><trkpt lat="34.766311" lon="-119.925156"><ele>579.0</ele><time>2026-05-24T20:51:39Z</time></trkpt><trkpt lat="34.766379" lon="-119.925023"><ele>580.0</ele><time>2026-05-24T20:51:50Z</time></trkpt><trkpt lat="34.76641" lon="-119.924979"><ele>578.0</ele><time>2026-05-24T20:51:56Z</time></trkpt><trkpt lat="34.766448" lon="-119.924957"><ele>579.0</ele><time>2026-05-24T20:52:06Z</time></trkpt><trkpt lat="34.766574" lon="-119.92475"><ele>576.0</ele><time>2026-05-24T20:54:31Z</time></trkpt><trkpt lat="34.766634" lon="-119.92471"><ele>575.0</ele><time>2026-05-24T20:56:29Z</time></trkpt><trkpt lat="34.766641" lon="-119.924673"><ele>580.0</ele><time>2026-05-24T20:57:06Z</time></trkpt><trkpt lat="34.766713" lon="-119.924594"><ele>570.0</ele><time>2026-05-24T20:57:24Z</time></trkpt><trkpt lat="34.766769" lon="-119.924589"><ele>580.0</ele><time>2026-05-24T20:57:33Z</time></trkpt><trkpt lat="34.766731" lon="-119.924537"><ele>578.0</ele><time>2026-05-24T20:57:40Z</time></trkpt><trkpt lat="34.766674" lon="-119.92454"><ele>580.0</ele><time>2026-05-24T20:57:56Z</time></trkpt><trkpt lat="34.766678" lon="-119.924506"><ele>576.0</ele><time>2026-05-24T20:58:45Z</time></trkpt><trkpt lat="34.766688" lon="-119.924505"><ele>578.0</ele><time>2026-05-24T20:59:04Z</time></trkpt><trkpt lat="34.766648" lon="-119.924456"><ele>579.0</ele><time>2026-05-24T20:59:20Z</time></trkpt><trkpt lat="34.766666" lon="-119.924378"><ele>574.0</ele><time>2026-05-24T20:59:38Z</time></trkpt><trkpt lat="34.766625" lon="-119.924249"><ele>579.0</ele><time>2026-05-24T21:00:05Z</time></trkpt><trkpt lat="34.766632" lon="-119.924209"><ele>575.0</ele><time>2026-05-24T21:00:09Z</time></trkpt><trkpt lat="34.766661" lon="-119.924186"><ele>576.0</ele><time>2026-05-24T21:00:13Z</time></trkpt><trkpt lat="34.766712" lon="-119.924085"><ele>578.0</ele><time>2026-05-24T21:00:22Z</time></trkpt><trkpt lat="34.766735" lon="-119.92407"><ele>577.0</ele><time>2026-05-24T21:00:24Z</time></trkpt><trkpt lat="34.766776" lon="-119.924018"><ele>576.0</ele><time>2026-05-24T21:00:29Z</time></trkpt><trkpt lat="34.76681" lon="-119.923944"><ele>577.0</ele><time>2026-05-24T21:00:34Z</time></trkpt><trkpt lat="34.766805" lon="-119.92391"><ele>576.0</ele><time>2026-05-24T21:00:36Z</time></trkpt><trkpt lat="34.766818" lon="-119.923796"><ele>578.0</ele><time>2026-05-24T21:00:43Z</time></trkpt><trkpt lat="34.766777" lon="-119.9237"><ele>579.0</ele><time>2026-05-24T21:00:50Z</time></trkpt><trkpt lat="34.766738" lon="-119.923516"><ele>579.0</ele><time>2026-05-24T21:01:01Z</time></trkpt><trkpt lat="34.766707" lon="-119.923435"><ele>579.0</ele><time>2026-05-24T21:01:07Z</time></trkpt><trkpt lat="34.766656" lon="-119.923402"><ele>579.0</ele><time>2026-05-24T21:01:16Z</time></trkpt><trkpt lat="34.766598" lon="-119.923321"><ele>580.0</ele><time>2026-05-24T21:01:26Z</time></trkpt><trkpt lat="34.766569" lon="-119.923306"><ele>579.0</ele><time>2026-05-24T21:01:29Z</time></trkpt><trkpt lat="34.766504" lon="-119.923298"><ele>579.0</ele><time>2026-05-24T21:01:34Z</time></trkpt><trkpt lat="34.766417" lon="-119.923238"><ele>580.0</ele><time>2026-05-24T21:01:41Z</time></trkpt><trkpt lat="34.766328" lon="-119.923157"><ele>580.0</ele><time>2026-05-24T21:01:51Z</time></trkpt><trkpt lat="34.766252" lon="-119.922853"><ele>580.0</ele><time>2026-05-24T21:02:12Z</time></trkpt><trkpt lat="34.766215" lon="-119.92279"><ele>582.0</ele><time>2026-05-24T21:02:17Z</time></trkpt><trkpt lat="34.766207" lon="-119.922749"><ele>582.0</ele><time>2026-05-24T21:02:20Z</time></trkpt><trkpt lat="34.766172" lon="-119.922676"><ele>582.0</ele><time>2026-05-24T21:02:26Z</time></trkpt><trkpt lat="34.766192" lon="-119.922612"><ele>581.0</ele><time>2026-05-24T21:02:32Z</time></trkpt><trkpt lat="34.766172" lon="-119.922512"><ele>582.0</ele><time>2026-05-24T21:02:38Z</time></trkpt><trkpt lat="34.766119" lon="-119.922433"><ele>584.0</ele><time>2026-05-24T21:02:44Z</time></trkpt><trkpt lat="34.766124" lon="-119.92239"><ele>584.0</ele><time>2026-05-24T21:02:46Z</time></trkpt><trkpt lat="34.766104" lon="-119.922308"><ele>584.0</ele><time>2026-05-24T21:02:54Z</time></trkpt><trkpt lat="34.766103" lon="-119.92215"><ele>581.0</ele><time>2026-05-24T21:03:05Z</time></trkpt><trkpt lat="34.766044" lon="-119.922003"><ele>582.0</ele><time>2026-05-24T21:03:16Z</time></trkpt><trkpt lat="34.765822" lon="-119.921691"><ele>584.0</ele><time>2026-05-24T21:03:41Z</time></trkpt><trkpt lat="34.765805" lon="-119.92165"><ele>584.0</ele><time>2026-05-24T21:03:44Z</time></trkpt><trkpt lat="34.765721" lon="-119.921521"><ele>587.0</ele><time>2026-05-24T21:03:54Z</time></trkpt><trkpt lat="34.765662" lon="-119.921383"><ele>588.0</ele><time>2026-05-24T21:04:03Z</time></trkpt><trkpt lat="34.765649" lon="-119.921298"><ele>590.4</ele><time>2026-05-24T21:04:11Z</time></trkpt><trkpt lat="34.765653" lon="-119.921275"><ele>589.0</ele><time>2026-05-24T21:04:13Z</time></trkpt><trkpt lat="34.765636" lon="-119.921209"><ele>588.0</ele><time>2026-05-24T21:04:19Z</time></trkpt><trkpt lat="34.765669" lon="-119.921226"><ele>586.0</ele><time>2026-05-24T21:05:01Z</time></trkpt><trkpt lat="34.765641" lon="-119.921202"><ele>585.0</ele><time>2026-05-24T21:05:08Z</time></trkpt><trkpt lat="34.765561" lon="-119.921085"><ele>588.0</ele><time>2026-05-24T21:05:17Z</time></trkpt><trkpt lat="34.765557" lon="-119.920969"><ele>580.0</ele><time>2026-05-24T21:06:08Z</time></trkpt><trkpt lat="34.765524" lon="-119.920667"><ele>586.0</ele><time>2026-05-24T21:07:46Z</time></trkpt><trkpt lat="34.765501" lon="-119.920574"><ele>585.0</ele><time>2026-05-24T21:08:01Z</time></trkpt><trkpt lat="34.765487" lon="-119.92061"><ele>585.0</ele><time>2026-05-24T21:08:27Z</time></trkpt><trkpt lat="34.765468" lon="-119.920524"><ele>581.0</ele><time>2026-05-24T21:08:45Z</time></trkpt><trkpt lat="34.765481" lon="-119.920451"><ele>584.0</ele><time>2026-05-24T21:08:53Z</time></trkpt><trkpt lat="34.765524" lon="-119.920345"><ele>588.0</ele><time>2026-05-24T21:09:04Z</time></trkpt><trkpt lat="34.765525" lon="-119.920086"><ele>588.0</ele><time>2026-05-24T21:09:25Z</time></trkpt><trkpt lat="34.765507" lon="-119.920014"><ele>588.0</ele><time>2026-05-24T21:09:31Z</time></trkpt><trkpt lat="34.765516" lon="-119.919976"><ele>588.0</ele><time>2026-05-24T21:09:34Z</time></trkpt><trkpt lat="34.765552" lon="-119.919913"><ele>588.0</ele><time>2026-05-24T21:09:43Z</time></trkpt><trkpt lat="34.765559" lon="-119.919881"><ele>588.0</ele><time>2026-05-24T21:09:45Z</time></trkpt><trkpt lat="34.765628" lon="-119.919802"><ele>588.0</ele><time>2026-05-24T21:09:54Z</time></trkpt><trkpt lat="34.765657" lon="-119.919739"><ele>587.0</ele><time>2026-05-24T21:10:00Z</time></trkpt><trkpt lat="34.765753" lon="-119.919596"><ele>586.8</ele><time>2026-05-24T21:10:11Z</time></trkpt><trkpt lat="34.765765" lon="-119.919533"><ele>580.4</ele><time>2026-05-24T21:10:12Z</time></trkpt><trkpt lat="34.765749" lon="-119.91958"><ele>586.0</ele><time>2026-05-24T21:10:13Z</time></trkpt><trkpt lat="34.765763" lon="-119.919502"><ele>579.0</ele><time>2026-05-24T21:10:28Z</time></trkpt><trkpt lat="34.765742" lon="-119.919558"><ele>589.6</ele><time>2026-05-24T21:10:40Z</time></trkpt><trkpt lat="34.765746" lon="-119.919487"><ele>590.0</ele><time>2026-05-24T21:10:48Z</time></trkpt><trkpt lat="34.765774" lon="-119.919358"><ele>588.0</ele><time>2026-05-24T21:10:55Z</time></trkpt><trkpt lat="34.76574" lon="-119.919155"><ele>590.0</ele><time>2026-05-24T21:11:07Z</time></trkpt><trkpt lat="34.765721" lon="-119.919092"><ele>591.0</ele><time>2026-05-24T21:11:12Z</time></trkpt><trkpt lat="34.765714" lon="-119.918986"><ele>591.0</ele><time>2026-05-24T21:11:18Z</time></trkpt><trkpt lat="34.765721" lon="-119.918722"><ele>591.0</ele><time>2026-05-24T21:11:35Z</time></trkpt><trkpt lat="34.765736" lon="-119.918632"><ele>588.0</ele><time>2026-05-24T21:11:50Z</time></trkpt><trkpt lat="34.765763" lon="-119.91868"><ele>591.0</ele><time>2026-05-24T21:12:36Z</time></trkpt><trkpt lat="34.765727" lon="-119.918601"><ele>592.0</ele><time>2026-05-24T21:12:45Z</time></trkpt><trkpt lat="34.765721" lon="-119.918531"><ele>592.0</ele><time>2026-05-24T21:12:47Z</time></trkpt><trkpt lat="34.765775" lon="-119.918124"><ele>592.0</ele><time>2026-05-24T21:13:39Z</time></trkpt><trkpt lat="34.765774" lon="-119.918017"><ele>593.0</ele><time>2026-05-24T21:13:45Z</time></trkpt><trkpt lat="34.765728" lon="-119.917911"><ele>594.0</ele><time>2026-05-24T21:13:53Z</time></trkpt><trkpt lat="34.765669" lon="-119.917647"><ele>594.0</ele><time>2026-05-24T21:14:11Z</time></trkpt><trkpt lat="34.765641" lon="-119.917575"><ele>594.0</ele><time>2026-05-24T21:14:17Z</time></trkpt><trkpt lat="34.765663" lon="-119.917344"><ele>593.0</ele><time>2026-05-24T21:14:35Z</time></trkpt><trkpt lat="34.765655" lon="-119.917301"><ele>594.0</ele><time>2026-05-24T21:14:37Z</time></trkpt><trkpt lat="34.765658" lon="-119.917113"><ele>594.0</ele><time>2026-05-24T21:14:49Z</time></trkpt><trkpt lat="34.765668" lon="-119.91704"><ele>594.0</ele><time>2026-05-24T21:14:54Z</time></trkpt><trkpt lat="34.765658" lon="-119.916971"><ele>594.0</ele><time>2026-05-24T21:14:58Z</time></trkpt><trkpt lat="34.765662" lon="-119.916753"><ele>595.0</ele><time>2026-05-24T21:15:13Z</time></trkpt><trkpt lat="34.765653" lon="-119.916639"><ele>594.0</ele><time>2026-05-24T21:15:21Z</time></trkpt><trkpt lat="34.765639" lon="-119.9166"><ele>580.0</ele><time>2026-05-24T21:15:37Z</time></trkpt><trkpt lat="34.765662" lon="-119.91658"><ele>594.0</ele><time>2026-05-24T21:15:59Z</time></trkpt><trkpt lat="34.765664" lon="-119.916603"><ele>594.0</ele><time>2026-05-24T21:16:03Z</time></trkpt><trkpt lat="34.765659" lon="-119.916491"><ele>594.0</ele><time>2026-05-24T21:16:16Z</time></trkpt><trkpt lat="34.765642" lon="-119.916419"><ele>594.0</ele><time>2026-05-24T21:16:20Z</time></trkpt><trkpt lat="34.765653" lon="-119.916304"><ele>594.0</ele><time>2026-05-24T21:16:27Z</time></trkpt><trkpt lat="34.765635" lon="-119.916263"><ele>594.0</ele><time>2026-05-24T21:16:29Z</time></trkpt><trkpt lat="34.765631" lon="-119.916186"><ele>595.0</ele><time>2026-05-24T21:16:33Z</time></trkpt><trkpt lat="34.765612" lon="-119.916115"><ele>596.0</ele><time>2026-05-24T21:16:37Z</time></trkpt><trkpt lat="34.765563" lon="-119.916014"><ele>596.0</ele><time>2026-05-24T21:16:43Z</time></trkpt><trkpt lat="34.765535" lon="-119.915834"><ele>596.0</ele><time>2026-05-24T21:16:53Z</time></trkpt><trkpt lat="34.765565" lon="-119.915727"><ele>595.0</ele><time>2026-05-24T21:17:01Z</time></trkpt><trkpt lat="34.765577" lon="-119.915799"><ele>585.0</ele><time>2026-05-24T21:17:25Z</time></trkpt><trkpt lat="34.765536" lon="-119.915831"><ele>594.0</ele><time>2026-05-24T21:18:02Z</time></trkpt><trkpt lat="34.76555" lon="-119.915801"><ele>594.0</ele><time>2026-05-24T21:18:33Z</time></trkpt><trkpt lat="34.765555" lon="-119.915724"><ele>594.0</ele><time>2026-05-24T21:18:37Z</time></trkpt><trkpt lat="34.765538" lon="-119.915683"><ele>593.0</ele><time>2026-05-24T21:18:41Z</time></trkpt><trkpt lat="34.765537" lon="-119.915643"><ele>594.0</ele><time>2026-05-24T21:18:43Z</time></trkpt><trkpt lat="34.765496" lon="-119.915536"><ele>593.0</ele><time>2026-05-24T21:18:56Z</time></trkpt><trkpt lat="34.765493" lon="-119.9155"><ele>593.0</ele><time>2026-05-24T21:18:58Z</time></trkpt><trkpt lat="34.765456" lon="-119.915437"><ele>592.0</ele><time>2026-05-24T21:19:03Z</time></trkpt><trkpt lat="34.765458" lon="-119.915388"><ele>593.0</ele><time>2026-05-24T21:19:06Z</time></trkpt><trkpt lat="34.765428" lon="-119.915323"><ele>594.0</ele><time>2026-05-24T21:19:10Z</time></trkpt><trkpt lat="34.765432" lon="-119.915255"><ele>595.0</ele><time>2026-05-24T21:19:14Z</time></trkpt><trkpt lat="34.76541" lon="-119.915217"><ele>596.0</ele><time>2026-05-24T21:19:17Z</time></trkpt><trkpt lat="34.765388" lon="-119.91514"><ele>596.0</ele><time>2026-05-24T21:19:21Z</time></trkpt><trkpt lat="34.765378" lon="-119.914891"><ele>598.0</ele><time>2026-05-24T21:19:36Z</time></trkpt><trkpt lat="34.765391" lon="-119.91482"><ele>597.0</ele><time>2026-05-24T21:19:41Z</time></trkpt><trkpt lat="34.765372" lon="-119.914738"><ele>598.0</ele><time>2026-05-24T21:19:46Z</time></trkpt><trkpt lat="34.765395" lon="-119.914638"><ele>598.0</ele><time>2026-05-24T21:19:55Z</time></trkpt><trkpt lat="34.765376" lon="-119.914606"><ele>599.0</ele><time>2026-05-24T21:19:57Z</time></trkpt><trkpt lat="34.765388" lon="-119.914542"><ele>598.0</ele><time>2026-05-24T21:20:02Z</time></trkpt><trkpt lat="34.76539" lon="-119.914432"><ele>600.0</ele><time>2026-05-24T21:20:08Z</time></trkpt><trkpt lat="34.76537" lon="-119.914363"><ele>598.0</ele><time>2026-05-24T21:20:13Z</time></trkpt><trkpt lat="34.765363" lon="-119.914294"><ele>600.0</ele><time>2026-05-24T21:20:17Z</time></trkpt><trkpt lat="34.765388" lon="-119.914005"><ele>596.0</ele><time>2026-05-24T21:21:12Z</time></trkpt><trkpt lat="34.765379" lon="-119.913822"><ele>598.0</ele><time>2026-05-24T21:21:23Z</time></trkpt><trkpt lat="34.765405" lon="-119.913727"><ele>599.0</ele><time>2026-05-24T21:21:29Z</time></trkpt><trkpt lat="34.765398" lon="-119.913658"><ele>600.0</ele><time>2026-05-24T21:21:33Z</time></trkpt><trkpt lat="34.765416" lon="-119.913578"><ele>600.0</ele><time>2026-05-24T21:21:39Z</time></trkpt><trkpt lat="34.7654" lon="-119.913528"><ele>600.0</ele><time>2026-05-24T21:22:09Z</time></trkpt><trkpt lat="34.765434" lon="-119.91346"><ele>600.0</ele><time>2026-05-24T21:22:24Z</time></trkpt><trkpt lat="34.765453" lon="-119.913374"><ele>600.0</ele><time>2026-05-24T21:22:30Z</time></trkpt><trkpt lat="34.765458" lon="-119.913275"><ele>601.0</ele><time>2026-05-24T21:22:36Z</time></trkpt><trkpt lat="34.765542" lon="-119.913179"><ele>600.0</ele><time>2026-05-24T21:22:46Z</time></trkpt><trkpt lat="34.765578" lon="-119.913168"><ele>600.0</ele><time>2026-05-24T21:22:49Z</time></trkpt><trkpt lat="34.765627" lon="-119.913089"><ele>596.0</ele><time>2026-05-24T21:22:56Z</time></trkpt><trkpt lat="34.765608" lon="-119.91313"><ele>597.0</ele><time>2026-05-24T21:24:15Z</time></trkpt><trkpt lat="34.765616" lon="-119.913157"><ele>598.0</ele><time>2026-05-24T21:25:05Z</time></trkpt><trkpt lat="34.765644" lon="-119.913109"><ele>597.0</ele><time>2026-05-24T21:25:11Z</time></trkpt><trkpt lat="34.765678" lon="-119.913096"><ele>595.0</ele><time>2026-05-24T21:25:15Z</time></trkpt><trkpt lat="34.7657" lon="-119.913099"><ele>597.0</ele><time>2026-05-24T21:25:20Z</time></trkpt><trkpt lat="34.765723" lon="-119.913018"><ele>599.0</ele><time>2026-05-24T21:25:32Z</time></trkpt><trkpt lat="34.765711" lon="-119.912951"><ele>597.0</ele><time>2026-05-24T21:25:36Z</time></trkpt><trkpt lat="34.76573" lon="-119.912921"><ele>598.0</ele><time>2026-05-24T21:25:39Z</time></trkpt><trkpt lat="34.7658" lon="-119.912887"><ele>600.0</ele><time>2026-05-24T21:25:45Z</time></trkpt><trkpt lat="34.765861" lon="-119.912825"><ele>600.0</ele><time>2026-05-24T21:25:51Z</time></trkpt><trkpt lat="34.765879" lon="-119.912794"><ele>600.0</ele><time>2026-05-24T21:25:53Z</time></trkpt><trkpt lat="34.765902" lon="-119.912693"><ele>600.0</ele><time>2026-05-24T21:26:00Z</time></trkpt><trkpt lat="34.765919" lon="-119.91266"><ele>601.0</ele><time>2026-05-24T21:26:02Z</time></trkpt><trkpt lat="34.765971" lon="-119.912625"><ele>600.0</ele><time>2026-05-24T21:26:06Z</time></trkpt><trkpt lat="34.765973" lon="-119.912545"><ele>602.0</ele><time>2026-05-24T21:26:11Z</time></trkpt><trkpt lat="34.766002" lon="-119.912518"><ele>600.0</ele><time>2026-05-24T21:26:13Z</time></trkpt><trkpt lat="34.766011" lon="-119.912424"><ele>600.0</ele><time>2026-05-24T21:26:20Z</time></trkpt><trkpt lat="34.765991" lon="-119.912389"><ele>600.0</ele><time>2026-05-24T21:26:23Z</time></trkpt><trkpt lat="34.765964" lon="-119.912367"><ele>600.0</ele><time>2026-05-24T21:26:26Z</time></trkpt><trkpt lat="34.765966" lon="-119.912298"><ele>600.0</ele><time>2026-05-24T21:26:31Z</time></trkpt><trkpt lat="34.766027" lon="-119.912126"><ele>600.0</ele><time>2026-05-24T21:26:42Z</time></trkpt><trkpt lat="34.766012" lon="-119.91209"><ele>601.0</ele><time>2026-05-24T21:26:44Z</time></trkpt><trkpt lat="34.765975" lon="-119.91209"><ele>602.0</ele><time>2026-05-24T21:26:46Z</time></trkpt><trkpt lat="34.765955" lon="-119.912127"><ele>602.0</ele><time>2026-05-24T21:26:48Z</time></trkpt><trkpt lat="34.765922" lon="-119.912147"><ele>600.0</ele><time>2026-05-24T21:26:51Z</time></trkpt><trkpt lat="34.765859" lon="-119.912149"><ele>604.0</ele><time>2026-05-24T21:26:58Z</time></trkpt><trkpt lat="34.76584" lon="-119.912137"><ele>603.0</ele><time>2026-05-24T21:27:00Z</time></trkpt><trkpt lat="34.765824" lon="-119.912069"><ele>604.0</ele><time>2026-05-24T21:27:04Z</time></trkpt><trkpt lat="34.765861" lon="-119.911917"><ele>606.0</ele><time>2026-05-24T21:27:16Z</time></trkpt><trkpt lat="34.765862" lon="-119.911792"><ele>606.0</ele><time>2026-05-24T21:27:24Z</time></trkpt><trkpt lat="34.765892" lon="-119.911518"><ele>606.0</ele><time>2026-05-24T21:27:42Z</time></trkpt><trkpt lat="34.765887" lon="-119.911424"><ele>608.0</ele><time>2026-05-24T21:27:48Z</time></trkpt><trkpt lat="34.765923" lon="-119.911127"><ele>609.0</ele><time>2026-05-24T21:28:09Z</time></trkpt><trkpt lat="34.765938" lon="-119.910869"><ele>609.0</ele><time>2026-05-24T21:28:26Z</time></trkpt><trkpt lat="34.765927" lon="-119.91084"><ele>609.0</ele><time>2026-05-24T21:28:29Z</time></trkpt><trkpt lat="34.765926" lon="-119.910755"><ele>608.0</ele><time>2026-05-24T21:28:34Z</time></trkpt><trkpt lat="34.765891" lon="-119.910549"><ele>608.0</ele><time>2026-05-24T21:28:47Z</time></trkpt><trkpt lat="34.765846" lon="-119.910423"><ele>608.0</ele><time>2026-05-24T21:28:55Z</time></trkpt><trkpt lat="34.765845" lon="-119.910316"><ele>608.0</ele><time>2026-05-24T21:29:01Z</time></trkpt><trkpt lat="34.765861" lon="-119.910206"><ele>608.0</ele><time>2026-05-24T21:29:08Z</time></trkpt><trkpt lat="34.765865" lon="-119.910077"><ele>608.0</ele><time>2026-05-24T21:29:40Z</time></trkpt><trkpt lat="34.765852" lon="-119.910034"><ele>607.0</ele><time>2026-05-24T21:30:08Z</time></trkpt><trkpt lat="34.76586" lon="-119.909939"><ele>609.0</ele><time>2026-05-24T21:30:16Z</time></trkpt><trkpt lat="34.765896" lon="-119.909885"><ele>610.0</ele><time>2026-05-24T21:30:20Z</time></trkpt><trkpt lat="34.765952" lon="-119.909767"><ele>611.0</ele><time>2026-05-24T21:30:31Z</time></trkpt><trkpt lat="34.765959" lon="-119.909672"><ele>600.0</ele><time>2026-05-24T21:30:57Z</time></trkpt><trkpt lat="34.766056" lon="-119.909452"><ele>615.0</ele><time>2026-05-24T21:31:24Z</time></trkpt><trkpt lat="34.766083" lon="-119.909345"><ele>617.0</ele><time>2026-05-24T21:31:43Z</time></trkpt><trkpt lat="34.766148" lon="-119.909204"><ele>620.0</ele><time>2026-05-24T21:32:02Z</time></trkpt><trkpt lat="34.766155" lon="-119.909088"><ele>613.0</ele><time>2026-05-24T21:32:20Z</time></trkpt><trkpt lat="34.766114" lon="-119.908959"><ele>614.0</ele><time>2026-05-24T21:32:55Z</time></trkpt><trkpt lat="34.766126" lon="-119.908732"><ele>613.0</ele><time>2026-05-24T21:33:23Z</time></trkpt><trkpt lat="34.766065" lon="-119.908613"><ele>614.0</ele><time>2026-05-24T21:33:40Z</time></trkpt><trkpt lat="34.766065" lon="-119.908553"><ele>615.0</ele><time>2026-05-24T21:33:44Z</time></trkpt><trkpt lat="34.766029" lon="-119.90834"><ele>614.0</ele><time>2026-05-24T21:33:56Z</time></trkpt><trkpt lat="34.766014" lon="-119.908306"><ele>613.0</ele><time>2026-05-24T21:33:58Z</time></trkpt><trkpt lat="34.765963" lon="-119.90825"><ele>611.0</ele><time>2026-05-24T21:34:30Z</time></trkpt><trkpt lat="34.765965" lon="-119.908268"><ele>608.0</ele><time>2026-05-24T21:35:47Z</time></trkpt><trkpt lat="34.765888" lon="-119.908113"><ele>609.0</ele><time>2026-05-24T21:36:54Z</time></trkpt><trkpt lat="34.765892" lon="-119.908067"><ele>608.0</ele><time>2026-05-24T21:36:57Z</time></trkpt><trkpt lat="34.765879" lon="-119.908007"><ele>610.0</ele><time>2026-05-24T21:37:04Z</time></trkpt><trkpt lat="34.765815" lon="-119.907902"><ele>609.0</ele><time>2026-05-24T21:37:24Z</time></trkpt><trkpt lat="34.765777" lon="-119.907808"><ele>609.0</ele><time>2026-05-24T21:37:32Z</time></trkpt><trkpt lat="34.765779" lon="-119.90774"><ele>610.0</ele><time>2026-05-24T21:37:36Z</time></trkpt><trkpt lat="34.765745" lon="-119.907623"><ele>609.0</ele><time>2026-05-24T21:37:45Z</time></trkpt><trkpt lat="34.765701" lon="-119.907518"><ele>610.0</ele><time>2026-05-24T21:37:54Z</time></trkpt><trkpt lat="34.765713" lon="-119.907409"><ele>612.0</ele><time>2026-05-24T21:38:02Z</time></trkpt><trkpt lat="34.765703" lon="-119.907337"><ele>612.0</ele><time>2026-05-24T21:38:07Z</time></trkpt><trkpt lat="34.765668" lon="-119.907258"><ele>612.0</ele><time>2026-05-24T21:38:13Z</time></trkpt><trkpt lat="34.765633" lon="-119.907207"><ele>614.0</ele><time>2026-05-24T21:38:18Z</time></trkpt><trkpt lat="34.765613" lon="-119.907139"><ele>614.0</ele><time>2026-05-24T21:38:24Z</time></trkpt><trkpt lat="34.765586" lon="-119.907114"><ele>614.0</ele><time>2026-05-24T21:38:27Z</time></trkpt><trkpt lat="34.765555" lon="-119.907113"><ele>615.0</ele><time>2026-05-24T21:38:30Z</time></trkpt><trkpt lat="34.76545" lon="-119.907"><ele>615.0</ele><time>2026-05-24T21:38:42Z</time></trkpt><trkpt lat="34.76542" lon="-119.906987"><ele>618.0</ele><time>2026-05-24T21:38:44Z</time></trkpt><trkpt lat="34.765403" lon="-119.906958"><ele>617.2</ele><time>2026-05-24T21:38:47Z</time></trkpt><trkpt lat="34.765371" lon="-119.906936"><ele>618.0</ele><time>2026-05-24T21:38:50Z</time></trkpt><trkpt lat="34.76535" lon="-119.906857"><ele>618.0</ele><time>2026-05-24T21:38:55Z</time></trkpt><trkpt lat="34.765283" lon="-119.906737"><ele>618.0</ele><time>2026-05-24T21:39:18Z</time></trkpt><trkpt lat="34.765177" lon="-119.906701"><ele>618.0</ele><time>2026-05-24T21:39:24Z</time></trkpt><trkpt lat="34.76515" lon="-119.906672"><ele>618.0</ele><time>2026-05-24T21:39:26Z</time></trkpt><trkpt lat="34.765172" lon="-119.906646"><ele>617.0</ele><time>2026-05-24T21:39:29Z</time></trkpt><trkpt lat="34.765137" lon="-119.906616"><ele>617.0</ele><time>2026-05-24T21:39:33Z</time></trkpt><trkpt lat="34.765082" lon="-119.906606"><ele>618.0</ele><time>2026-05-24T21:39:38Z</time></trkpt><trkpt lat="34.764988" lon="-119.906544"><ele>616.0</ele><time>2026-05-24T21:39:45Z</time></trkpt><trkpt lat="34.76488" lon="-119.906509"><ele>617.0</ele><time>2026-05-24T21:39:52Z</time></trkpt><trkpt lat="34.764852" lon="-119.906478"><ele>615.0</ele><time>2026-05-24T21:39:54Z</time></trkpt><trkpt lat="34.764783" lon="-119.906479"><ele>616.0</ele><time>2026-05-24T21:39:59Z</time></trkpt><trkpt lat="34.764776" lon="-119.906432"><ele>616.0</ele><time>2026-05-24T21:40:01Z</time></trkpt><trkpt lat="34.764742" lon="-119.906376"><ele>616.0</ele><time>2026-05-24T21:40:06Z</time></trkpt><trkpt lat="34.764919" lon="-119.906264"><ele>618.0</ele><time>2026-05-24T21:40:22Z</time></trkpt><trkpt lat="34.764938" lon="-119.906242"><ele>618.0</ele><time>2026-05-24T21:40:24Z</time></trkpt><trkpt lat="34.764946" lon="-119.906196"><ele>620.0</ele><time>2026-05-24T21:40:30Z</time></trkpt><trkpt lat="34.764909" lon="-119.906184"><ele>620.0</ele><time>2026-05-24T21:40:34Z</time></trkpt><trkpt lat="34.764877" lon="-119.906186"><ele>620.0</ele><time>2026-05-24T21:40:38Z</time></trkpt><trkpt lat="34.764767" lon="-119.906247"><ele>621.0</ele><time>2026-05-24T21:40:52Z</time></trkpt><trkpt lat="34.764701" lon="-119.906244"><ele>624.0</ele><time>2026-05-24T21:40:59Z</time></trkpt><trkpt lat="34.764657" lon="-119.906259"><ele>624.0</ele><time>2026-05-24T21:41:06Z</time></trkpt><trkpt lat="34.764626" lon="-119.906202"><ele>626.0</ele><time>2026-05-24T21:41:14Z</time></trkpt><trkpt lat="34.764627" lon="-119.906155"><ele>625.0</ele><time>2026-05-24T21:41:19Z</time></trkpt><trkpt lat="34.764575" lon="-119.906071"><ele>628.0</ele><time>2026-05-24T21:41:28Z</time></trkpt><trkpt lat="34.764522" lon="-119.905851"><ele>633.0</ele><time>2026-05-24T21:41:47Z</time></trkpt><trkpt lat="34.764467" lon="-119.905771"><ele>634.0</ele><time>2026-05-24T21:41:56Z</time></trkpt><trkpt lat="34.764321" lon="-119.90572"><ele>636.0</ele><time>2026-05-24T21:42:11Z</time></trkpt><trkpt lat="34.76411" lon="-119.905671"><ele>638.0</ele><time>2026-05-24T21:42:29Z</time></trkpt><trkpt lat="34.764014" lon="-119.90562"><ele>640.0</ele><time>2026-05-24T21:42:37Z</time></trkpt><trkpt lat="34.763974" lon="-119.90557"><ele>640.0</ele><time>2026-05-24T21:42:41Z</time></trkpt><trkpt lat="34.763949" lon="-119.90551"><ele>640.0</ele><time>2026-05-24T21:42:45Z</time></trkpt><trkpt lat="34.763926" lon="-119.905487"><ele>640.0</ele><time>2026-05-24T21:42:47Z</time></trkpt><trkpt lat="34.763883" lon="-119.905333"><ele>640.6</ele><time>2026-05-24T21:42:57Z</time></trkpt><trkpt lat="34.763882" lon="-119.90524"><ele>639.0</ele><time>2026-05-24T21:43:02Z</time></trkpt><trkpt lat="34.763844" lon="-119.905175"><ele>639.0</ele><time>2026-05-24T21:43:08Z</time></trkpt><trkpt lat="34.763722" lon="-119.905181"><ele>639.0</ele><time>2026-05-24T21:43:22Z</time></trkpt><trkpt lat="34.763649" lon="-119.90516"><ele>639.0</ele><time>2026-05-24T21:43:28Z</time></trkpt><trkpt lat="34.763579" lon="-119.905098"><ele>639.0</ele><time>2026-05-24T21:43:35Z</time></trkpt><trkpt lat="34.763446" lon="-119.905009"><ele>641.0</ele><time>2026-05-24T21:43:45Z</time></trkpt><trkpt lat="34.763398" lon="-119.904989"><ele>642.0</ele><time>2026-05-24T21:43:48Z</time></trkpt><trkpt lat="34.763378" lon="-119.904904"><ele>640.0</ele><time>2026-05-24T21:43:53Z</time></trkpt><trkpt lat="34.763433" lon="-119.904652"><ele>639.0</ele><time>2026-05-24T21:44:18Z</time></trkpt><trkpt lat="34.763454" lon="-119.904434"><ele>638.0</ele><time>2026-05-24T21:44:30Z</time></trkpt><trkpt lat="34.763451" lon="-119.904369"><ele>638.0</ele><time>2026-05-24T21:44:34Z</time></trkpt><trkpt lat="34.763464" lon="-119.904327"><ele>639.7</ele><time>2026-05-24T21:44:37Z</time></trkpt><trkpt lat="34.76345" lon="-119.904286"><ele>638.0</ele><time>2026-05-24T21:44:40Z</time></trkpt><trkpt lat="34.763376" lon="-119.904326"><ele>639.0</ele><time>2026-05-24T21:44:47Z</time></trkpt><trkpt lat="34.763273" lon="-119.904347"><ele>640.0</ele><time>2026-05-24T21:44:56Z</time></trkpt><trkpt lat="34.763228" lon="-119.90442"><ele>639.0</ele><time>2026-05-24T21:45:02Z</time></trkpt><trkpt lat="34.763163" lon="-119.904466"><ele>636.0</ele><time>2026-05-24T21:45:08Z</time></trkpt><trkpt lat="34.763096" lon="-119.90448"><ele>639.0</ele><time>2026-05-24T21:45:14Z</time></trkpt><trkpt lat="34.763042" lon="-119.904445"><ele>639.0</ele><time>2026-05-24T21:45:20Z</time></trkpt><trkpt lat="34.763033" lon="-119.904285"><ele>639.0</ele><time>2026-05-24T21:45:31Z</time></trkpt><trkpt lat="34.763016" lon="-119.904248"><ele>638.0</ele><time>2026-05-24T21:45:33Z</time></trkpt><trkpt lat="34.762995" lon="-119.904133"><ele>640.0</ele><time>2026-05-24T21:45:42Z</time></trkpt><trkpt lat="34.762923" lon="-119.904005"><ele>644.0</ele><time>2026-05-24T21:45:54Z</time></trkpt><trkpt lat="34.762902" lon="-119.903933"><ele>645.0</ele><time>2026-05-24T21:46:00Z</time></trkpt><trkpt lat="34.762867" lon="-119.90366"><ele>650.3</ele><time>2026-05-24T21:46:18Z</time></trkpt><trkpt lat="34.762873" lon="-119.903488"><ele>651.0</ele><time>2026-05-24T21:46:31Z</time></trkpt><trkpt lat="34.762899" lon="-119.903348"><ele>651.0</ele><time>2026-05-24T21:49:52Z</time></trkpt><trkpt lat="34.762966" lon="-119.903236"><ele>654.0</ele><time>2026-05-24T21:50:56Z</time></trkpt><trkpt lat="34.763024" lon="-119.903204"><ele>654.0</ele><time>2026-05-24T21:51:02Z</time></trkpt><trkpt lat="34.763046" lon="-119.903163"><ele>654.0</ele><time>2026-05-24T21:51:05Z</time></trkpt><trkpt lat="34.763015" lon="-119.903148"><ele>655.0</ele><time>2026-05-24T21:51:07Z</time></trkpt><trkpt lat="34.762942" lon="-119.90315"><ele>654.0</ele><time>2026-05-24T21:51:13Z</time></trkpt><trkpt lat="34.762871" lon="-119.903138"><ele>654.0</ele><time>2026-05-24T21:51:19Z</time></trkpt><trkpt lat="34.762753" lon="-119.903188"><ele>652.0</ele><time>2026-05-24T21:51:31Z</time></trkpt><trkpt lat="34.762871" lon="-119.903167"><ele>652.0</ele><time>2026-05-24T21:51:55Z</time></trkpt><trkpt lat="34.762916" lon="-119.903175"><ele>650.0</ele><time>2026-05-24T21:52:01Z</time></trkpt><trkpt lat="34.762809" lon="-119.903182"><ele>654.0</ele><time>2026-05-24T21:52:12Z</time></trkpt><trkpt lat="34.762657" lon="-119.903243"><ele>653.0</ele><time>2026-05-24T21:52:27Z</time></trkpt><trkpt lat="34.762548" lon="-119.90327"><ele>654.0</ele><time>2026-05-24T21:52:38Z</time></trkpt><trkpt lat="34.762513" lon="-119.903262"><ele>656.0</ele><time>2026-05-24T21:52:41Z</time></trkpt><trkpt lat="34.762458" lon="-119.903213"><ele>654.0</ele><time>2026-05-24T21:52:47Z</time></trkpt><trkpt lat="34.762415" lon="-119.903141"><ele>654.0</ele><time>2026-05-24T21:52:52Z</time></trkpt><trkpt lat="34.762325" lon="-119.903051"><ele>654.0</ele><time>2026-05-24T21:53:10Z</time></trkpt><trkpt lat="34.762213" lon="-119.902883"><ele>654.0</ele><time>2026-05-24T21:53:22Z</time></trkpt><trkpt lat="34.762185" lon="-119.902868"><ele>655.0</ele><time>2026-05-24T21:53:24Z</time></trkpt><trkpt lat="34.762144" lon="-119.902819"><ele>654.0</ele><time>2026-05-24T21:53:28Z</time></trkpt><trkpt lat="34.762144" lon="-119.902789"><ele>648.0</ele><time>2026-05-24T21:53:40Z</time></trkpt><trkpt lat="34.762055" lon="-119.902685"><ele>652.0</ele><time>2026-05-24T21:53:58Z</time></trkpt><trkpt lat="34.761961" lon="-119.902602"><ele>653.0</ele><time>2026-05-24T21:54:06Z</time></trkpt><trkpt lat="34.7619" lon="-119.902568"><ele>651.0</ele><time>2026-05-24T21:54:11Z</time></trkpt><trkpt lat="34.761875" lon="-119.902536"><ele>651.0</ele><time>2026-05-24T21:54:13Z</time></trkpt><trkpt lat="34.761824" lon="-119.902497"><ele>650.0</ele><time>2026-05-24T21:54:18Z</time></trkpt><trkpt lat="34.761744" lon="-119.90246"><ele>651.0</ele><time>2026-05-24T21:54:24Z</time></trkpt><trkpt lat="34.761686" lon="-119.902394"><ele>650.0</ele><time>2026-05-24T21:54:30Z</time></trkpt><trkpt lat="34.76165" lon="-119.902397"><ele>650.0</ele><time>2026-05-24T21:54:32Z</time></trkpt><trkpt lat="34.761619" lon="-119.902432"><ele>650.0</ele><time>2026-05-24T21:54:35Z</time></trkpt><trkpt lat="34.761584" lon="-119.902401"><ele>650.0</ele><time>2026-05-24T21:54:38Z</time></trkpt><trkpt lat="34.761568" lon="-119.902254"><ele>649.0</ele><time>2026-05-24T21:54:46Z</time></trkpt><trkpt lat="34.761543" lon="-119.90223"><ele>649.0</ele><time>2026-05-24T21:54:48Z</time></trkpt><trkpt lat="34.761503" lon="-119.902227"><ele>650.8</ele><time>2026-05-24T21:54:51Z</time></trkpt><trkpt lat="34.761427" lon="-119.902163"><ele>650.0</ele><time>2026-05-24T21:54:57Z</time></trkpt><trkpt lat="34.761312" lon="-119.901904"><ele>646.0</ele><time>2026-05-24T21:55:14Z</time></trkpt><trkpt lat="34.761295" lon="-119.901801"><ele>644.0</ele><time>2026-05-24T21:55:20Z</time></trkpt><trkpt lat="34.761204" lon="-119.901716"><ele>639.0</ele><time>2026-05-24T21:55:29Z</time></trkpt><trkpt lat="34.761191" lon="-119.90168"><ele>640.0</ele><time>2026-05-24T21:55:31Z</time></trkpt><trkpt lat="34.761144" lon="-119.901631"><ele>637.0</ele><time>2026-05-24T21:55:36Z</time></trkpt><trkpt lat="34.761112" lon="-119.901621"><ele>637.8</ele><time>2026-05-24T21:55:38Z</time></trkpt><trkpt lat="34.761099" lon="-119.901644"><ele>637.0</ele><time>2026-05-24T21:55:39Z</time></trkpt><trkpt lat="34.761105" lon="-119.90169"><ele>636.6</ele><time>2026-05-24T21:55:41Z</time></trkpt><trkpt lat="34.76109" lon="-119.901733"><ele>636.0</ele><time>2026-05-24T21:55:43Z</time></trkpt><trkpt lat="34.761087" lon="-119.90181"><ele>636.0</ele><time>2026-05-24T21:55:47Z</time></trkpt><trkpt lat="34.761056" lon="-119.901913"><ele>634.0</ele><time>2026-05-24T21:55:53Z</time></trkpt><trkpt lat="34.761026" lon="-119.901904"><ele>633.0</ele><time>2026-05-24T21:55:55Z</time></trkpt><trkpt lat="34.761004" lon="-119.901862"><ele>634.0</ele><time>2026-05-24T21:55:57Z</time></trkpt><trkpt lat="34.760954" lon="-119.901801"><ele>632.0</ele><time>2026-05-24T21:56:01Z</time></trkpt><trkpt lat="34.76087" lon="-119.901743"><ele>632.0</ele><time>2026-05-24T21:56:07Z</time></trkpt><trkpt lat="34.760836" lon="-119.901634"><ele>630.0</ele><time>2026-05-24T21:56:13Z</time></trkpt><trkpt lat="34.760864" lon="-119.901561"><ele>632.0</ele><time>2026-05-24T21:56:17Z</time></trkpt><trkpt lat="34.760909" lon="-119.901498"><ele>630.0</ele><time>2026-05-24T21:56:27Z</time></trkpt><trkpt lat="34.760946" lon="-119.90147"><ele>629.0</ele><time>2026-05-24T21:56:31Z</time></trkpt><trkpt lat="34.760893" lon="-119.901456"><ele>626.0</ele><time>2026-05-24T21:56:37Z</time></trkpt><trkpt lat="34.7609" lon="-119.90141"><ele>624.0</ele><time>2026-05-24T21:56:44Z</time></trkpt><trkpt lat="34.760886" lon="-119.901382"><ele>623.0</ele><time>2026-05-24T21:56:50Z</time></trkpt><trkpt lat="34.760787" lon="-119.901349"><ele>620.0</ele><time>2026-05-24T21:57:03Z</time></trkpt><trkpt lat="34.760751" lon="-119.901372"><ele>626.0</ele><time>2026-05-24T21:57:18Z</time></trkpt><trkpt lat="34.76077" lon="-119.901432"><ele>625.0</ele><time>2026-05-24T21:57:24Z</time></trkpt><trkpt lat="34.760753" lon="-119.901492"><ele>624.0</ele><time>2026-05-24T21:57:30Z</time></trkpt><trkpt lat="34.760726" lon="-119.90152"><ele>623.0</ele><time>2026-05-24T21:57:35Z</time></trkpt><trkpt lat="34.760703" lon="-119.901564"><ele>618.0</ele><time>2026-05-24T21:57:51Z</time></trkpt><trkpt lat="34.760725" lon="-119.901457"><ele>623.0</ele><time>2026-05-24T22:00:00Z</time></trkpt><trkpt lat="34.760732" lon="-119.901485"><ele>623.0</ele><time>2026-05-24T22:00:54Z</time></trkpt><trkpt lat="34.760708" lon="-119.901504"><ele>623.0</ele><time>2026-05-24T22:02:06Z</time></trkpt><trkpt lat="34.760701" lon="-119.901554"><ele>624.0</ele><time>2026-05-24T22:03:22Z</time></trkpt><trkpt lat="34.760758" lon="-119.901597"><ele>624.0</ele><time>2026-05-24T22:04:17Z</time></trkpt><trkpt lat="34.760729" lon="-119.901579"><ele>622.0</ele><time>2026-05-24T22:04:28Z</time></trkpt><trkpt lat="34.760719" lon="-119.901541"><ele>623.0</ele><time>2026-05-24T22:04:31Z</time></trkpt><trkpt lat="34.760722" lon="-119.901464"><ele>624.0</ele><time>2026-05-24T22:05:03Z</time></trkpt><trkpt lat="34.760715" lon="-119.901523"><ele>624.0</ele><time>2026-05-24T22:05:17Z</time></trkpt><trkpt lat="34.760731" lon="-119.901547"><ele>624.0</ele><time>2026-05-24T22:10:34Z</time></trkpt><trkpt lat="34.760776" lon="-119.901449"><ele>624.0</ele><time>2026-05-24T22:10:49Z</time></trkpt><trkpt lat="34.760731" lon="-119.901316"><ele>624.0</ele><time>2026-05-24T22:11:52Z</time></trkpt><trkpt lat="34.76068" lon="-119.901288"><ele>626.0</ele><time>2026-05-24T22:11:59Z</time></trkpt><trkpt lat="34.760704" lon="-119.901247"><ele>616.0</ele><time>2026-05-24T22:12:17Z</time></trkpt><trkpt lat="34.760618" lon="-119.90136"><ele>621.0</ele><time>2026-05-24T22:12:39Z</time></trkpt><trkpt lat="34.760579" lon="-119.901382"><ele>620.0</ele><time>2026-05-24T22:12:47Z</time></trkpt><trkpt lat="34.760552" lon="-119.901351"><ele>619.0</ele><time>2026-05-24T22:12:58Z</time></trkpt><trkpt lat="34.760475" lon="-119.901424"><ele>621.0</ele><time>2026-05-24T22:13:10Z</time></trkpt><trkpt lat="34.760437" lon="-119.901433"><ele>622.0</ele><time>2026-05-24T22:13:13Z</time></trkpt><trkpt lat="34.760367" lon="-119.901425"><ele>624.0</ele><time>2026-05-24T22:13:19Z</time></trkpt><trkpt lat="34.760276" lon="-119.901378"><ele>624.0</ele><time>2026-05-24T22:13:28Z</time></trkpt><trkpt lat="34.760242" lon="-119.901387"><ele>625.0</ele><time>2026-05-24T22:13:32Z</time></trkpt><trkpt lat="34.760213" lon="-119.901433"><ele>624.0</ele><time>2026-05-24T22:13:37Z</time></trkpt><trkpt lat="34.760183" lon="-119.901402"><ele>625.1</ele><time>2026-05-24T22:13:42Z</time></trkpt><trkpt lat="34.760013" lon="-119.901354"><ele>624.0</ele><time>2026-05-24T22:13:55Z</time></trkpt><trkpt lat="34.759977" lon="-119.901366"><ele>625.0</ele><time>2026-05-24T22:13:58Z</time></trkpt><trkpt lat="34.759944" lon="-119.901357"><ele>626.0</ele><time>2026-05-24T22:14:01Z</time></trkpt><trkpt lat="34.759877" lon="-119.90138"><ele>628.0</ele><time>2026-05-24T22:14:07Z</time></trkpt><trkpt lat="34.75985" lon="-119.901362"><ele>628.0</ele><time>2026-05-24T22:14:09Z</time></trkpt><trkpt lat="34.759829" lon="-119.901286"><ele>627.0</ele><time>2026-05-24T22:14:14Z</time></trkpt><trkpt lat="34.759836" lon="-119.901174"><ele>623.0</ele><time>2026-05-24T22:14:30Z</time></trkpt><trkpt lat="34.759822" lon="-119.901125"><ele>627.0</ele><time>2026-05-24T22:14:40Z</time></trkpt><trkpt lat="34.759829" lon="-119.900944"><ele>627.0</ele><time>2026-05-24T22:14:54Z</time></trkpt><trkpt lat="34.759791" lon="-119.900858"><ele>627.0</ele><time>2026-05-24T22:15:00Z</time></trkpt><trkpt lat="34.759743" lon="-119.900794"><ele>627.0</ele><time>2026-05-24T22:15:05Z</time></trkpt><trkpt lat="34.759722" lon="-119.900708"><ele>629.0</ele><time>2026-05-24T22:15:10Z</time></trkpt><trkpt lat="34.759692" lon="-119.900677"><ele>630.0</ele><time>2026-05-24T22:15:13Z</time></trkpt><trkpt lat="34.759633" lon="-119.90057"><ele>630.5</ele><time>2026-05-24T22:15:21Z</time></trkpt><trkpt lat="34.759553" lon="-119.900318"><ele>630.0</ele><time>2026-05-24T22:15:39Z</time></trkpt><trkpt lat="34.759525" lon="-119.900299"><ele>631.0</ele><time>2026-05-24T22:15:41Z</time></trkpt><trkpt lat="34.759481" lon="-119.900243"><ele>632.0</ele><time>2026-05-24T22:15:47Z</time></trkpt><trkpt lat="34.759471" lon="-119.900209"><ele>633.0</ele><time>2026-05-24T22:15:50Z</time></trkpt><trkpt lat="34.759476" lon="-119.90017"><ele>632.0</ele><time>2026-05-24T22:15:52Z</time></trkpt><trkpt lat="34.759443" lon="-119.900108"><ele>632.0</ele><time>2026-05-24T22:15:57Z</time></trkpt><trkpt lat="34.759429" lon="-119.900001"><ele>632.0</ele><time>2026-05-24T22:16:04Z</time></trkpt><trkpt lat="34.759384" lon="-119.899876"><ele>634.9</ele><time>2026-05-24T22:16:24Z</time></trkpt><trkpt lat="34.759401" lon="-119.899928"><ele>631.0</ele><time>2026-05-24T22:16:33Z</time></trkpt><trkpt lat="34.75937" lon="-119.899878"><ele>633.0</ele><time>2026-05-24T22:16:39Z</time></trkpt><trkpt lat="34.759347" lon="-119.899755"><ele>633.0</ele><time>2026-05-24T22:17:33Z</time></trkpt><trkpt lat="34.759276" lon="-119.899653"><ele>633.0</ele><time>2026-05-24T22:17:40Z</time></trkpt><trkpt lat="34.759245" lon="-119.899549"><ele>634.0</ele><time>2026-05-24T22:17:47Z</time></trkpt><trkpt lat="34.759211" lon="-119.899338"><ele>633.0</ele><time>2026-05-24T22:18:02Z</time></trkpt><trkpt lat="34.759214" lon="-119.899226"><ele>633.0</ele><time>2026-05-24T22:18:08Z</time></trkpt><trkpt lat="34.759239" lon="-119.899195"><ele>634.2</ele><time>2026-05-24T22:18:10Z</time></trkpt><trkpt lat="34.759184" lon="-119.898901"><ele>633.0</ele><time>2026-05-24T22:18:56Z</time></trkpt><trkpt lat="34.759149" lon="-119.898874"><ele>635.0</ele><time>2026-05-24T22:19:00Z</time></trkpt><trkpt lat="34.7591" lon="-119.898864"><ele>636.0</ele><time>2026-05-24T22:19:03Z</time></trkpt><trkpt lat="34.759051" lon="-119.898825"><ele>636.0</ele><time>2026-05-24T22:19:08Z</time></trkpt><trkpt lat="34.759036" lon="-119.898766"><ele>636.0</ele><time>2026-05-24T22:19:12Z</time></trkpt><trkpt lat="34.759041" lon="-119.898692"><ele>637.0</ele><time>2026-05-24T22:19:16Z</time></trkpt><trkpt lat="34.759079" lon="-119.898604"><ele>636.0</ele><time>2026-05-24T22:19:22Z</time></trkpt><trkpt lat="34.75909" lon="-119.898523"><ele>638.0</ele><time>2026-05-24T22:19:27Z</time></trkpt><trkpt lat="34.759052" lon="-119.898342"><ele>636.0</ele><time>2026-05-24T22:19:39Z</time></trkpt><trkpt lat="34.758989" lon="-119.898199"><ele>635.0</ele><time>2026-05-24T22:19:52Z</time></trkpt><trkpt lat="34.759003" lon="-119.89817"><ele>636.0</ele><time>2026-05-24T22:20:28Z</time></trkpt><trkpt lat="34.758997" lon="-119.898177"><ele>636.0</ele><time>2026-05-24T22:20:36Z</time></trkpt><trkpt lat="34.758812" lon="-119.897955"><ele>638.6</ele><time>2026-05-24T22:21:08Z</time></trkpt><trkpt lat="34.758794" lon="-119.897901"><ele>636.0</ele><time>2026-05-24T22:21:12Z</time></trkpt><trkpt lat="34.75875" lon="-119.897858"><ele>638.0</ele><time>2026-05-24T22:21:16Z</time></trkpt><trkpt lat="34.758707" lon="-119.897778"><ele>640.0</ele><time>2026-05-24T22:21:22Z</time></trkpt><trkpt lat="34.758626" lon="-119.897689"><ele>639.0</ele><time>2026-05-24T22:21:31Z</time></trkpt><trkpt lat="34.758587" lon="-119.897616"><ele>640.0</ele><time>2026-05-24T22:21:36Z</time></trkpt><trkpt lat="34.758548" lon="-119.897459"><ele>638.0</ele><time>2026-05-24T22:21:46Z</time></trkpt><trkpt lat="34.758526" lon="-119.897154"><ele>640.0</ele><time>2026-05-24T22:22:06Z</time></trkpt><trkpt lat="34.75851" lon="-119.897103"><ele>641.2</ele><time>2026-05-24T22:22:10Z</time></trkpt><trkpt lat="34.758509" lon="-119.896997"><ele>639.0</ele><time>2026-05-24T22:22:17Z</time></trkpt><trkpt lat="34.758545" lon="-119.89688"><ele>641.0</ele><time>2026-05-24T22:22:34Z</time></trkpt><trkpt lat="34.758534" lon="-119.896811"><ele>640.0</ele><time>2026-05-24T22:22:39Z</time></trkpt><trkpt lat="34.758603" lon="-119.896569"><ele>640.0</ele><time>2026-05-24T22:23:03Z</time></trkpt><trkpt lat="34.758606" lon="-119.896527"><ele>640.0</ele><time>2026-05-24T22:23:05Z</time></trkpt><trkpt lat="34.758588" lon="-119.896433"><ele>640.0</ele><time>2026-05-24T22:23:11Z</time></trkpt><trkpt lat="34.758479" lon="-119.896439"><ele>640.0</ele><time>2026-05-24T22:23:19Z</time></trkpt><trkpt lat="34.758461" lon="-119.896395"><ele>640.0</ele><time>2026-05-24T22:23:35Z</time></trkpt><trkpt lat="34.758456" lon="-119.896296"><ele>639.0</ele><time>2026-05-24T22:23:44Z</time></trkpt><trkpt lat="34.758516" lon="-119.896281"><ele>637.0</ele><time>2026-05-24T22:23:54Z</time></trkpt><trkpt lat="34.758537" lon="-119.896249"><ele>639.0</ele><time>2026-05-24T22:23:59Z</time></trkpt><trkpt lat="34.758552" lon="-119.896206"><ele>639.0</ele><time>2026-05-24T22:24:02Z</time></trkpt><trkpt lat="34.758574" lon="-119.896047"><ele>640.0</ele><time>2026-05-24T22:24:12Z</time></trkpt><trkpt lat="34.758573" lon="-119.89598"><ele>640.0</ele><time>2026-05-24T22:24:17Z</time></trkpt><trkpt lat="34.758509" lon="-119.895891"><ele>640.0</ele><time>2026-05-24T22:24:25Z</time></trkpt><trkpt lat="34.758482" lon="-119.8958"><ele>642.0</ele><time>2026-05-24T22:24:32Z</time></trkpt><trkpt lat="34.758486" lon="-119.895717"><ele>642.0</ele><time>2026-05-24T22:24:37Z</time></trkpt><trkpt lat="34.758435" lon="-119.895615"><ele>642.0</ele><time>2026-05-24T22:24:45Z</time></trkpt><trkpt lat="34.758427" lon="-119.895505"><ele>640.0</ele><time>2026-05-24T22:24:56Z</time></trkpt><trkpt lat="34.758407" lon="-119.895429"><ele>642.0</ele><time>2026-05-24T22:25:03Z</time></trkpt><trkpt lat="34.758421" lon="-119.895396"><ele>642.0</ele><time>2026-05-24T22:25:06Z</time></trkpt><trkpt lat="34.758462" lon="-119.895348"><ele>642.0</ele><time>2026-05-24T22:25:11Z</time></trkpt><trkpt lat="34.758497" lon="-119.895253"><ele>643.2</ele><time>2026-05-24T22:25:18Z</time></trkpt><trkpt lat="34.758487" lon="-119.895213"><ele>642.0</ele><time>2026-05-24T22:25:21Z</time></trkpt><trkpt lat="34.758495" lon="-119.89517"><ele>642.0</ele><time>2026-05-24T22:25:24Z</time></trkpt><trkpt lat="34.758556" lon="-119.895073"><ele>642.0</ele><time>2026-05-24T22:25:32Z</time></trkpt><trkpt lat="34.75854" lon="-119.895032"><ele>646.0</ele><time>2026-05-24T22:27:48Z</time></trkpt><trkpt lat="34.758666" lon="-119.894854"><ele>646.6</ele><time>2026-05-24T22:28:21Z</time></trkpt><trkpt lat="34.758685" lon="-119.894886"><ele>644.0</ele><time>2026-05-24T22:28:28Z</time></trkpt><trkpt lat="34.758669" lon="-119.894906"><ele>642.0</ele><time>2026-05-24T22:28:36Z</time></trkpt><trkpt lat="34.758627" lon="-119.894796"><ele>636.0</ele><time>2026-05-24T22:29:27Z</time></trkpt><trkpt lat="34.758696" lon="-119.894789"><ele>643.0</ele><time>2026-05-24T22:30:09Z</time></trkpt><trkpt lat="34.758415" lon="-119.894609"><ele>643.0</ele><time>2026-05-24T22:30:58Z</time></trkpt><trkpt lat="34.758302" lon="-119.894609"><ele>644.0</ele><time>2026-05-24T22:31:11Z</time></trkpt><trkpt lat="34.758198" lon="-119.89459"><ele>647.0</ele><time>2026-05-24T22:31:22Z</time></trkpt><trkpt lat="34.758166" lon="-119.894609"><ele>648.0</ele><time>2026-05-24T22:31:25Z</time></trkpt><trkpt lat="34.75813" lon="-119.894598"><ele>648.0</ele><time>2026-05-24T22:31:32Z</time></trkpt><trkpt lat="34.758089" lon="-119.89455"><ele>649.0</ele><time>2026-05-24T22:31:41Z</time></trkpt><trkpt lat="34.758039" lon="-119.894415"><ele>650.0</ele><time>2026-05-24T22:31:55Z</time></trkpt><trkpt lat="34.758014" lon="-119.894297"><ele>653.0</ele><time>2026-05-24T22:32:10Z</time></trkpt><trkpt lat="34.757929" lon="-119.894189"><ele>654.0</ele><time>2026-05-24T22:32:22Z</time></trkpt><trkpt lat="34.757912" lon="-119.894146"><ele>654.0</ele><time>2026-05-24T22:32:25Z</time></trkpt><trkpt lat="34.757808" lon="-119.893972"><ele>654.0</ele><time>2026-05-24T22:32:45Z</time></trkpt><trkpt lat="34.757764" lon="-119.893938"><ele>655.0</ele><time>2026-05-24T22:33:04Z</time></trkpt><trkpt lat="34.757686" lon="-119.893848"><ele>654.0</ele><time>2026-05-24T22:33:16Z</time></trkpt><trkpt lat="34.757586" lon="-119.893812"><ele>652.0</ele><time>2026-05-24T22:33:37Z</time></trkpt><trkpt lat="34.757531" lon="-119.893777"><ele>652.0</ele><time>2026-05-24T22:34:19Z</time></trkpt><trkpt lat="34.757481" lon="-119.893773"><ele>651.0</ele><time>2026-05-24T22:34:24Z</time></trkpt><trkpt lat="34.757345" lon="-119.893726"><ele>651.0</ele><time>2026-05-24T22:34:36Z</time></trkpt><trkpt lat="34.757315" lon="-119.893725"><ele>652.0</ele><time>2026-05-24T22:34:39Z</time></trkpt><trkpt lat="34.757228" lon="-119.893672"><ele>651.0</ele><time>2026-05-24T22:34:48Z</time></trkpt><trkpt lat="34.757207" lon="-119.893636"><ele>652.0</ele><time>2026-05-24T22:35:35Z</time></trkpt><trkpt lat="34.75714" lon="-119.893643"><ele>654.0</ele><time>2026-05-24T22:36:50Z</time></trkpt><trkpt lat="34.756971" lon="-119.893533"><ele>655.0</ele><time>2026-05-24T22:37:18Z</time></trkpt><trkpt lat="34.756829" lon="-119.893493"><ele>654.0</ele><time>2026-05-24T22:38:19Z</time></trkpt><trkpt lat="34.75678" lon="-119.893444"><ele>654.0</ele><time>2026-05-24T22:38:24Z</time></trkpt><trkpt lat="34.756678" lon="-119.893409"><ele>655.0</ele><time>2026-05-24T22:38:32Z</time></trkpt><trkpt lat="34.756632" lon="-119.89342"><ele>656.0</ele><time>2026-05-24T22:38:36Z</time></trkpt><trkpt lat="34.756601" lon="-119.893414"><ele>656.0</ele><time>2026-05-24T22:38:38Z</time></trkpt><trkpt lat="34.756549" lon="-119.893382"><ele>655.0</ele><time>2026-05-24T22:38:44Z</time></trkpt><trkpt lat="34.756434" lon="-119.893271"><ele>658.0</ele><time>2026-05-24T22:38:56Z</time></trkpt><trkpt lat="34.756452" lon="-119.893106"><ele>660.0</ele><time>2026-05-24T22:39:08Z</time></trkpt><trkpt lat="34.756427" lon="-119.89303"><ele>663.0</ele><time>2026-05-24T22:39:16Z</time></trkpt><trkpt lat="34.756392" lon="-119.893026"><ele>664.0</ele><time>2026-05-24T22:39:19Z</time></trkpt><trkpt lat="34.75635" lon="-119.893039"><ele>665.0</ele><time>2026-05-24T22:39:23Z</time></trkpt><trkpt lat="34.756201" lon="-119.892985"><ele>663.0</ele><time>2026-05-24T22:39:36Z</time></trkpt><trkpt lat="34.756175" lon="-119.892961"><ele>661.0</ele><time>2026-05-24T22:39:39Z</time></trkpt><trkpt lat="34.756113" lon="-119.892943"><ele>660.0</ele><time>2026-05-24T22:39:46Z</time></trkpt><trkpt lat="34.755972" lon="-119.892918"><ele>660.0</ele><time>2026-05-24T22:39:55Z</time></trkpt><trkpt lat="34.755895" lon="-119.892935"><ele>660.0</ele><time>2026-05-24T22:40:00Z</time></trkpt><trkpt lat="34.755796" lon="-119.892925"><ele>659.0</ele><time>2026-05-24T22:40:07Z</time></trkpt><trkpt lat="34.755686" lon="-119.892869"><ele>660.0</ele><time>2026-05-24T22:40:17Z</time></trkpt><trkpt lat="34.755581" lon="-119.892862"><ele>660.0</ele><time>2026-05-24T22:40:34Z</time></trkpt><trkpt lat="34.755498" lon="-119.892798"><ele>660.0</ele><time>2026-05-24T22:40:43Z</time></trkpt><trkpt lat="34.755449" lon="-119.892743"><ele>660.0</ele><time>2026-05-24T22:40:49Z</time></trkpt><trkpt lat="34.755416" lon="-119.89274"><ele>660.0</ele><time>2026-05-24T22:40:52Z</time></trkpt><trkpt lat="34.755381" lon="-119.892723"><ele>662.0</ele><time>2026-05-24T22:40:54Z</time></trkpt><trkpt lat="34.755363" lon="-119.892693"><ele>662.0</ele><time>2026-05-24T22:40:57Z</time></trkpt><trkpt lat="34.755312" lon="-119.892658"><ele>663.0</ele><time>2026-05-24T22:41:02Z</time></trkpt><trkpt lat="34.755272" lon="-119.892612"><ele>662.0</ele><time>2026-05-24T22:41:07Z</time></trkpt><trkpt lat="34.755205" lon="-119.892591"><ele>662.0</ele><time>2026-05-24T22:41:13Z</time></trkpt><trkpt lat="34.755163" lon="-119.892526"><ele>662.0</ele><time>2026-05-24T22:41:18Z</time></trkpt><trkpt lat="34.755089" lon="-119.892445"><ele>662.0</ele><time>2026-05-24T22:41:27Z</time></trkpt><trkpt lat="34.754969" lon="-119.892368"><ele>662.0</ele><time>2026-05-24T22:41:36Z</time></trkpt><trkpt lat="34.754922" lon="-119.892318"><ele>663.0</ele><time>2026-05-24T22:41:42Z</time></trkpt><trkpt lat="34.754787" lon="-119.89225"><ele>665.0</ele><time>2026-05-24T22:41:52Z</time></trkpt><trkpt lat="34.754703" lon="-119.89223"><ele>666.0</ele><time>2026-05-24T22:41:59Z</time></trkpt><trkpt lat="34.75459" lon="-119.89214"><ele>668.0</ele><time>2026-05-24T22:42:10Z</time></trkpt><trkpt lat="34.754488" lon="-119.892121"><ele>668.0</ele><time>2026-05-24T22:42:19Z</time></trkpt><trkpt lat="34.754428" lon="-119.892077"><ele>669.0</ele><time>2026-05-24T22:42:25Z</time></trkpt><trkpt lat="34.754395" lon="-119.892063"><ele>668.0</ele><time>2026-05-24T22:42:28Z</time></trkpt><trkpt lat="34.754355" lon="-119.892061"><ele>669.0</ele><time>2026-05-24T22:42:32Z</time></trkpt><trkpt lat="34.754328" lon="-119.892032"><ele>668.0</ele><time>2026-05-24T22:42:35Z</time></trkpt><trkpt lat="34.754306" lon="-119.891976"><ele>672.6</ele><time>2026-05-24T22:42:42Z</time></trkpt><trkpt lat="34.754253" lon="-119.89192"><ele>672.0</ele><time>2026-05-24T22:42:48Z</time></trkpt><trkpt lat="34.754192" lon="-119.891881"><ele>672.0</ele><time>2026-05-24T22:42:54Z</time></trkpt><trkpt lat="34.754142" lon="-119.891809"><ele>672.0</ele><time>2026-05-24T22:42:59Z</time></trkpt><trkpt lat="34.754124" lon="-119.891735"><ele>672.0</ele><time>2026-05-24T22:43:05Z</time></trkpt><trkpt lat="34.754104" lon="-119.891709"><ele>672.0</ele><time>2026-05-24T22:43:08Z</time></trkpt><trkpt lat="34.754013" lon="-119.891655"><ele>672.0</ele><time>2026-05-24T22:43:16Z</time></trkpt><trkpt lat="34.753911" lon="-119.891618"><ele>672.0</ele><time>2026-05-24T22:43:24Z</time></trkpt><trkpt lat="34.753857" lon="-119.891572"><ele>672.0</ele><time>2026-05-24T22:43:31Z</time></trkpt><trkpt lat="34.753816" lon="-119.891557"><ele>672.0</ele><time>2026-05-24T22:43:34Z</time></trkpt><trkpt lat="34.753781" lon="-119.891523"><ele>671.0</ele><time>2026-05-24T22:43:38Z</time></trkpt><trkpt lat="34.753697" lon="-119.891523"><ele>672.0</ele><time>2026-05-24T22:43:44Z</time></trkpt><trkpt lat="34.753681" lon="-119.891503"><ele>666.0</ele><time>2026-05-24T22:44:19Z</time></trkpt><trkpt lat="34.753581" lon="-119.891489"><ele>670.0</ele><time>2026-05-24T22:44:37Z</time></trkpt><trkpt lat="34.753536" lon="-119.891438"><ele>672.0</ele><time>2026-05-24T22:44:41Z</time></trkpt><trkpt lat="34.753478" lon="-119.891414"><ele>671.0</ele><time>2026-05-24T22:44:47Z</time></trkpt><trkpt lat="34.753443" lon="-119.891414"><ele>672.0</ele><time>2026-05-24T22:44:50Z</time></trkpt><trkpt lat="34.753302" lon="-119.891374"><ele>672.0</ele><time>2026-05-24T22:45:01Z</time></trkpt><trkpt lat="34.753275" lon="-119.891347"><ele>671.0</ele><time>2026-05-24T22:45:03Z</time></trkpt><trkpt lat="34.753242" lon="-119.891336"><ele>672.0</ele><time>2026-05-24T22:45:05Z</time></trkpt><trkpt lat="34.753158" lon="-119.891184"><ele>671.8</ele><time>2026-05-24T22:45:16Z</time></trkpt><trkpt lat="34.753092" lon="-119.891143"><ele>670.0</ele><time>2026-05-24T22:45:22Z</time></trkpt><trkpt lat="34.753014" lon="-119.89112"><ele>672.0</ele><time>2026-05-24T22:45:28Z</time></trkpt><trkpt lat="34.752942" lon="-119.891084"><ele>672.0</ele><time>2026-05-24T22:45:34Z</time></trkpt><trkpt lat="34.752911" lon="-119.891086"><ele>671.0</ele><time>2026-05-24T22:45:36Z</time></trkpt><trkpt lat="34.75283" lon="-119.891038"><ele>672.0</ele><time>2026-05-24T22:45:43Z</time></trkpt><trkpt lat="34.752798" lon="-119.890963"><ele>671.0</ele><time>2026-05-24T22:45:49Z</time></trkpt><trkpt lat="34.752705" lon="-119.890896"><ele>672.0</ele><time>2026-05-24T22:45:57Z</time></trkpt><trkpt lat="34.752401" lon="-119.890841"><ele>672.0</ele><time>2026-05-24T22:46:21Z</time></trkpt><trkpt lat="34.752248" lon="-119.890738"><ele>674.0</ele><time>2026-05-24T22:46:35Z</time></trkpt><trkpt lat="34.752088" lon="-119.890574"><ele>675.0</ele><time>2026-05-24T22:46:52Z</time></trkpt><trkpt lat="34.751913" lon="-119.89052"><ele>678.0</ele><time>2026-05-24T22:47:07Z</time></trkpt><trkpt lat="34.751894" lon="-119.890493"><ele>678.0</ele><time>2026-05-24T22:47:10Z</time></trkpt><trkpt lat="34.751823" lon="-119.890472"><ele>678.0</ele><time>2026-05-24T22:47:17Z</time></trkpt><trkpt lat="34.751736" lon="-119.89041"><ele>678.0</ele><time>2026-05-24T22:47:26Z</time></trkpt><trkpt lat="34.751714" lon="-119.890378"><ele>679.0</ele><time>2026-05-24T22:47:28Z</time></trkpt><trkpt lat="34.751527" lon="-119.890232"><ele>682.8</ele><time>2026-05-24T22:47:46Z</time></trkpt><trkpt lat="34.751559" lon="-119.890221"><ele>680.0</ele><time>2026-05-24T22:47:56Z</time></trkpt><trkpt lat="34.751524" lon="-119.890216"><ele>681.0</ele><time>2026-05-24T22:48:04Z</time></trkpt><trkpt lat="34.751393" lon="-119.890253"><ele>683.0</ele><time>2026-05-24T22:48:13Z</time></trkpt><trkpt lat="34.75133" lon="-119.890259"><ele>684.0</ele><time>2026-05-24T22:48:18Z</time></trkpt><trkpt lat="34.751236" lon="-119.890239"><ele>684.0</ele><time>2026-05-24T22:48:27Z</time></trkpt><trkpt lat="34.751219" lon="-119.890171"><ele>683.0</ele><time>2026-05-24T22:48:32Z</time></trkpt><trkpt lat="34.751164" lon="-119.890112"><ele>683.0</ele><time>2026-05-24T22:48:38Z</time></trkpt><trkpt lat="34.751133" lon="-119.890048"><ele>684.0</ele><time>2026-05-24T22:48:46Z</time></trkpt><trkpt lat="34.751127" lon="-119.890001"><ele>684.0</ele><time>2026-05-24T22:48:49Z</time></trkpt><trkpt lat="34.75109" lon="-119.88991"><ele>684.0</ele><time>2026-05-24T22:48:58Z</time></trkpt><trkpt lat="34.75107" lon="-119.889884"><ele>684.0</ele><time>2026-05-24T22:49:01Z</time></trkpt><trkpt lat="34.751042" lon="-119.889795"><ele>687.0</ele><time>2026-05-24T22:49:07Z</time></trkpt><trkpt lat="34.751027" lon="-119.889706"><ele>688.0</ele><time>2026-05-24T22:49:14Z</time></trkpt><trkpt lat="34.750988" lon="-119.889608"><ele>691.0</ele><time>2026-05-24T22:49:22Z</time></trkpt><trkpt lat="34.750946" lon="-119.889561"><ele>690.0</ele><time>2026-05-24T22:49:28Z</time></trkpt><trkpt lat="34.750936" lon="-119.889507"><ele>690.0</ele><time>2026-05-24T22:49:34Z</time></trkpt><trkpt lat="34.750919" lon="-119.889478"><ele>692.0</ele><time>2026-05-24T22:49:38Z</time></trkpt><trkpt lat="34.750889" lon="-119.889477"><ele>693.0</ele><time>2026-05-24T22:49:42Z</time></trkpt><trkpt lat="34.750854" lon="-119.889496"><ele>692.0</ele><time>2026-05-24T22:49:45Z</time></trkpt><trkpt lat="34.750807" lon="-119.88945"><ele>689.0</ele><time>2026-05-24T22:49:55Z</time></trkpt><trkpt lat="34.750758" lon="-119.889477"><ele>693.0</ele><time>2026-05-24T22:50:16Z</time></trkpt><trkpt lat="34.750675" lon="-119.889465"><ele>693.0</ele><time>2026-05-24T22:50:32Z</time></trkpt><trkpt lat="34.750633" lon="-119.889483"><ele>693.0</ele><time>2026-05-24T22:50:39Z</time></trkpt><trkpt lat="34.750576" lon="-119.889527"><ele>698.0</ele><time>2026-05-24T22:50:50Z</time></trkpt><trkpt lat="34.750531" lon="-119.88952"><ele>699.6</ele><time>2026-05-24T22:50:56Z</time></trkpt><trkpt lat="34.750501" lon="-119.889577"><ele>699.0</ele><time>2026-05-24T22:51:00Z</time></trkpt><trkpt lat="34.750434" lon="-119.889638"><ele>700.0</ele><time>2026-05-24T22:51:06Z</time></trkpt><trkpt lat="34.750379" lon="-119.889656"><ele>700.0</ele><time>2026-05-24T22:51:13Z</time></trkpt><trkpt lat="34.750286" lon="-119.88966"><ele>700.0</ele><time>2026-05-24T22:51:24Z</time></trkpt><trkpt lat="34.750247" lon="-119.889672"><ele>700.0</ele><time>2026-05-24T22:51:29Z</time></trkpt><trkpt lat="34.750216" lon="-119.889661"><ele>702.0</ele><time>2026-05-24T22:51:32Z</time></trkpt><trkpt lat="34.750099" lon="-119.88941"><ele>704.0</ele><time>2026-05-24T22:52:00Z</time></trkpt><trkpt lat="34.749986" lon="-119.889279"><ele>705.0</ele><time>2026-05-24T22:52:20Z</time></trkpt><trkpt lat="34.749903" lon="-119.889453"><ele>708.0</ele><time>2026-05-24T22:52:37Z</time></trkpt><trkpt lat="34.74985" lon="-119.88949"><ele>710.0</ele><time>2026-05-24T22:52:42Z</time></trkpt><trkpt lat="34.749792" lon="-119.889517"><ele>708.0</ele><time>2026-05-24T22:52:48Z</time></trkpt><trkpt lat="34.749725" lon="-119.889484"><ele>711.0</ele><time>2026-05-24T22:52:56Z</time></trkpt><trkpt lat="34.749679" lon="-119.889492"><ele>709.0</ele><time>2026-05-24T22:53:01Z</time></trkpt><trkpt lat="34.749639" lon="-119.889468"><ele>711.0</ele><time>2026-05-24T22:53:06Z</time></trkpt><trkpt lat="34.7495" lon="-119.889286"><ele>711.0</ele><time>2026-05-24T22:53:33Z</time></trkpt><trkpt lat="34.749479" lon="-119.889242"><ele>713.7</ele><time>2026-05-24T22:53:36Z</time></trkpt><trkpt lat="34.749388" lon="-119.889113"><ele>712.0</ele><time>2026-05-24T22:53:49Z</time></trkpt><trkpt lat="34.749344" lon="-119.889018"><ele>714.0</ele><time>2026-05-24T22:53:57Z</time></trkpt><trkpt lat="34.749329" lon="-119.888948"><ele>714.0</ele><time>2026-05-24T22:54:03Z</time></trkpt><trkpt lat="34.749286" lon="-119.888969"><ele>714.0</ele><time>2026-05-24T22:54:08Z</time></trkpt><trkpt lat="34.749234" lon="-119.889026"><ele>713.0</ele><time>2026-05-24T22:54:14Z</time></trkpt><trkpt lat="34.749164" lon="-119.889044"><ele>711.0</ele><time>2026-05-24T22:54:20Z</time></trkpt><trkpt lat="34.749139" lon="-119.889035"><ele>711.0</ele><time>2026-05-24T22:54:22Z</time></trkpt><trkpt lat="34.74906" lon="-119.888958"><ele>708.0</ele><time>2026-05-24T22:54:31Z</time></trkpt><trkpt lat="34.749021" lon="-119.888897"><ele>708.0</ele><time>2026-05-24T22:54:37Z</time></trkpt><trkpt lat="34.74897" lon="-119.888859"><ele>708.0</ele><time>2026-05-24T22:54:41Z</time></trkpt><trkpt lat="34.74887" lon="-119.888871"><ele>708.0</ele><time>2026-05-24T22:54:51Z</time></trkpt><trkpt lat="34.748836" lon="-119.888863"><ele>708.0</ele><time>2026-05-24T22:54:54Z</time></trkpt><trkpt lat="34.748715" lon="-119.888803"><ele>711.0</ele><time>2026-05-24T22:55:04Z</time></trkpt><trkpt lat="34.748684" lon="-119.888806"><ele>708.0</ele><time>2026-05-24T22:55:07Z</time></trkpt><trkpt lat="34.748642" lon="-119.888786"><ele>712.0</ele><time>2026-05-24T22:55:10Z</time></trkpt><trkpt lat="34.748613" lon="-119.888795"><ele>712.0</ele><time>2026-05-24T22:55:12Z</time></trkpt><trkpt lat="34.748554" lon="-119.888766"><ele>711.0</ele><time>2026-05-24T22:55:19Z</time></trkpt><trkpt lat="34.748253" lon="-119.888829"><ele>714.0</ele><time>2026-05-24T22:55:43Z</time></trkpt><trkpt lat="34.748182" lon="-119.88886"><ele>713.0</ele><time>2026-05-24T22:55:51Z</time></trkpt><trkpt lat="34.748109" lon="-119.888844"><ele>715.0</ele><time>2026-05-24T22:56:01Z</time></trkpt><trkpt lat="34.748081" lon="-119.888825"><ele>714.0</ele><time>2026-05-24T22:56:12Z</time></trkpt><trkpt lat="34.748064" lon="-119.888748"><ele>717.0</ele><time>2026-05-24T22:56:26Z</time></trkpt><trkpt lat="34.748038" lon="-119.888777"><ele>718.3</ele><time>2026-05-24T22:56:28Z</time></trkpt><trkpt lat="34.74801" lon="-119.888695"><ele>718.5</ele><time>2026-05-24T22:56:29Z</time></trkpt><trkpt lat="34.748023" lon="-119.888743"><ele>718.7</ele><time>2026-05-24T22:56:30Z</time></trkpt><trkpt lat="34.74801" lon="-119.888792"><ele>716.0</ele><time>2026-05-24T22:56:32Z</time></trkpt><trkpt lat="34.747908" lon="-119.888873"><ele>718.0</ele><time>2026-05-24T22:56:42Z</time></trkpt><trkpt lat="34.747857" lon="-119.888883"><ele>720.0</ele><time>2026-05-24T22:56:50Z</time></trkpt><trkpt lat="34.747743" lon="-119.88878"><ele>722.0</ele><time>2026-05-24T22:57:02Z</time></trkpt><trkpt lat="34.74772" lon="-119.888862"><ele>723.0</ele><time>2026-05-24T22:57:13Z</time></trkpt><trkpt lat="34.747723" lon="-119.888825"><ele>720.0</ele><time>2026-05-24T22:57:27Z</time></trkpt><trkpt lat="34.747728" lon="-119.888941"><ele>720.0</ele><time>2026-05-24T22:58:02Z</time></trkpt><trkpt lat="34.747686" lon="-119.889032"><ele>721.1</ele><time>2026-05-24T22:58:15Z</time></trkpt><trkpt lat="34.747659" lon="-119.889134"><ele>720.0</ele><time>2026-05-24T22:58:28Z</time></trkpt><trkpt lat="34.747573" lon="-119.889246"><ele>720.0</ele><time>2026-05-24T22:58:50Z</time></trkpt><trkpt lat="34.747532" lon="-119.889226"><ele>722.0</ele><time>2026-05-24T22:58:55Z</time></trkpt><trkpt lat="34.74744" lon="-119.889072"><ele>728.0</ele><time>2026-05-24T22:59:12Z</time></trkpt><trkpt lat="34.74731" lon="-119.888967"><ele>730.0</ele><time>2026-05-24T22:59:51Z</time></trkpt><trkpt lat="34.747254" lon="-119.888954"><ele>732.0</ele><time>2026-05-24T22:59:57Z</time></trkpt><trkpt lat="34.747229" lon="-119.888925"><ele>732.0</ele><time>2026-05-24T23:00:00Z</time></trkpt><trkpt lat="34.747109" lon="-119.888857"><ele>735.0</ele><time>2026-05-24T23:00:15Z</time></trkpt><trkpt lat="34.74706" lon="-119.888817"><ele>733.0</ele><time>2026-05-24T23:00:21Z</time></trkpt><trkpt lat="34.746993" lon="-119.888809"><ele>736.0</ele><time>2026-05-24T23:00:27Z</time></trkpt><trkpt lat="34.746934" lon="-119.888763"><ele>736.0</ele><time>2026-05-24T23:00:34Z</time></trkpt><trkpt lat="34.746867" lon="-119.88875"><ele>736.0</ele><time>2026-05-24T23:00:44Z</time></trkpt><trkpt lat="34.746879" lon="-119.888695"><ele>735.0</ele><time>2026-05-24T23:00:55Z</time></trkpt><trkpt lat="34.747007" lon="-119.888644"><ele>739.0</ele><time>2026-05-24T23:01:10Z</time></trkpt><trkpt lat="34.747065" lon="-119.888596"><ele>740.0</ele><time>2026-05-24T23:01:16Z</time></trkpt><trkpt lat="34.747226" lon="-119.888542"><ele>742.0</ele><time>2026-05-24T23:01:32Z</time></trkpt><trkpt lat="34.747217" lon="-119.888509"><ele>743.0</ele><time>2026-05-24T23:02:04Z</time></trkpt><trkpt lat="34.747118" lon="-119.888508"><ele>744.0</ele><time>2026-05-24T23:03:10Z</time></trkpt><trkpt lat="34.747057" lon="-119.888475"><ele>743.0</ele><time>2026-05-24T23:03:17Z</time></trkpt><trkpt lat="34.747016" lon="-119.88847"><ele>744.0</ele><time>2026-05-24T23:03:21Z</time></trkpt><trkpt lat="34.746876" lon="-119.888458"><ele>747.0</ele><time>2026-05-24T23:03:33Z</time></trkpt><trkpt lat="34.746737" lon="-119.888469"><ele>750.0</ele><time>2026-05-24T23:03:46Z</time></trkpt><trkpt lat="34.746638" lon="-119.888432"><ele>751.0</ele><time>2026-05-24T23:03:57Z</time></trkpt><trkpt lat="34.746566" lon="-119.888441"><ele>752.0</ele><time>2026-05-24T23:04:04Z</time></trkpt><trkpt lat="34.746519" lon="-119.888413"><ele>753.0</ele><time>2026-05-24T23:04:10Z</time></trkpt><trkpt lat="34.746422" lon="-119.88833"><ele>754.0</ele><time>2026-05-24T23:04:28Z</time></trkpt><trkpt lat="34.746358" lon="-119.888251"><ele>756.0</ele><time>2026-05-24T23:04:37Z</time></trkpt><trkpt lat="34.746306" lon="-119.888212"><ele>756.0</ele><time>2026-05-24T23:04:43Z</time></trkpt><trkpt lat="34.746293" lon="-119.888184"><ele>760.0</ele><time>2026-05-24T23:04:47Z</time></trkpt><trkpt lat="34.746245" lon="-119.888129"><ele>760.0</ele><time>2026-05-24T23:04:55Z</time></trkpt><trkpt lat="34.746209" lon="-119.888177"><ele>762.0</ele><time>2026-05-24T23:05:01Z</time></trkpt><trkpt lat="34.746114" lon="-119.888375"><ele>760.0</ele><time>2026-05-24T23:05:18Z</time></trkpt><trkpt lat="34.746034" lon="-119.88843"><ele>760.0</ele><time>2026-05-24T23:05:27Z</time></trkpt><trkpt lat="34.745897" lon="-119.888326"><ele>759.0</ele><time>2026-05-24T23:05:42Z</time></trkpt><trkpt lat="34.745867" lon="-119.888241"><ele>760.0</ele><time>2026-05-24T23:05:51Z</time></trkpt><trkpt lat="34.745896" lon="-119.88819"><ele>762.3</ele><time>2026-05-24T23:06:08Z</time></trkpt><trkpt lat="34.745883" lon="-119.888224"><ele>761.0</ele><time>2026-05-24T23:06:09Z</time></trkpt><trkpt lat="34.745823" lon="-119.888186"><ele>760.0</ele><time>2026-05-24T23:06:13Z</time></trkpt><trkpt lat="34.745777" lon="-119.88813"><ele>759.0</ele><time>2026-05-24T23:06:18Z</time></trkpt><trkpt lat="34.745707" lon="-119.88808"><ele>760.0</ele><time>2026-05-24T23:06:22Z</time></trkpt><trkpt lat="34.745635" lon="-119.888"><ele>760.0</ele><time>2026-05-24T23:06:29Z</time></trkpt><trkpt lat="34.745601" lon="-119.888002"><ele>760.0</ele><time>2026-05-24T23:06:31Z</time></trkpt><trkpt lat="34.74559" lon="-119.888041"><ele>759.9</ele><time>2026-05-24T23:06:33Z</time></trkpt><trkpt lat="34.745603" lon="-119.888181"><ele>760.0</ele><time>2026-05-24T23:06:41Z</time></trkpt><trkpt lat="34.745586" lon="-119.888273"><ele>756.0</ele><time>2026-05-24T23:06:48Z</time></trkpt><trkpt lat="34.745506" lon="-119.888408"><ele>756.0</ele><time>2026-05-24T23:07:01Z</time></trkpt><trkpt lat="34.745496" lon="-119.888445"><ele>753.0</ele><time>2026-05-24T23:07:04Z</time></trkpt><trkpt lat="34.745416" lon="-119.888573"><ele>754.0</ele><time>2026-05-24T23:07:13Z</time></trkpt><trkpt lat="34.745412" lon="-119.888608"><ele>753.0</ele><time>2026-05-24T23:07:15Z</time></trkpt><trkpt lat="34.74539" lon="-119.888637"><ele>751.0</ele><time>2026-05-24T23:07:18Z</time></trkpt><trkpt lat="34.745355" lon="-119.888652"><ele>751.0</ele><time>2026-05-24T23:07:20Z</time></trkpt><trkpt lat="34.745321" lon="-119.888644"><ele>749.0</ele><time>2026-05-24T23:07:23Z</time></trkpt><trkpt lat="34.745172" lon="-119.8887"><ele>743.2</ele><time>2026-05-24T23:07:35Z</time></trkpt><trkpt lat="34.745138" lon="-119.88873"><ele>741.0</ele><time>2026-05-24T23:07:38Z</time></trkpt><trkpt lat="34.745095" lon="-119.888741"><ele>740.0</ele><time>2026-05-24T23:07:42Z</time></trkpt><trkpt lat="34.745052" lon="-119.888742"><ele>740.0</ele><time>2026-05-24T23:07:46Z</time></trkpt><trkpt lat="34.744944" lon="-119.88871"><ele>741.0</ele><time>2026-05-24T23:07:57Z</time></trkpt><trkpt lat="34.744821" lon="-119.888775"><ele>744.0</ele><time>2026-05-24T23:08:08Z</time></trkpt><trkpt lat="34.74479" lon="-119.888772"><ele>744.0</ele><time>2026-05-24T23:08:11Z</time></trkpt><trkpt lat="34.744554" lon="-119.888856"><ele>744.0</ele><time>2026-05-24T23:08:46Z</time></trkpt><trkpt lat="34.744519" lon="-119.888843"><ele>743.0</ele><time>2026-05-24T23:08:49Z</time></trkpt><trkpt lat="34.744437" lon="-119.888978"><ele>744.0</ele><time>2026-05-24T23:08:59Z</time></trkpt><trkpt lat="34.744372" lon="-119.888993"><ele>743.0</ele><time>2026-05-24T23:09:03Z</time></trkpt><trkpt lat="34.744308" lon="-119.888993"><ele>741.0</ele><time>2026-05-24T23:09:08Z</time></trkpt><trkpt lat="34.744269" lon="-119.888971"><ele>741.0</ele><time>2026-05-24T23:09:11Z</time></trkpt><trkpt lat="34.744237" lon="-119.888981"><ele>742.0</ele><time>2026-05-24T23:09:13Z</time></trkpt><trkpt lat="34.744181" lon="-119.889084"><ele>741.0</ele><time>2026-05-24T23:09:21Z</time></trkpt><trkpt lat="34.744041" lon="-119.889115"><ele>742.0</ele><time>2026-05-24T23:09:32Z</time></trkpt><trkpt lat="34.743996" lon="-119.889163"><ele>743.0</ele><time>2026-05-24T23:09:37Z</time></trkpt><trkpt lat="34.743957" lon="-119.889226"><ele>742.0</ele><time>2026-05-24T23:09:42Z</time></trkpt><trkpt lat="34.74392" lon="-119.889254"><ele>741.0</ele><time>2026-05-24T23:09:45Z</time></trkpt><trkpt lat="34.743869" lon="-119.889255"><ele>741.0</ele><time>2026-05-24T23:09:50Z</time></trkpt><trkpt lat="34.743838" lon="-119.889232"><ele>741.0</ele><time>2026-05-24T23:09:53Z</time></trkpt><trkpt lat="34.743815" lon="-119.889195"><ele>741.0</ele><time>2026-05-24T23:09:56Z</time></trkpt><trkpt lat="34.743753" lon="-119.889158"><ele>740.0</ele><time>2026-05-24T23:10:01Z</time></trkpt><trkpt lat="34.743745" lon="-119.889044"><ele>738.0</ele><time>2026-05-24T23:10:09Z</time></trkpt><trkpt lat="34.743765" lon="-119.888928"><ele>738.0</ele><time>2026-05-24T23:10:15Z</time></trkpt><trkpt lat="34.743727" lon="-119.888784"><ele>738.0</ele><time>2026-05-24T23:10:26Z</time></trkpt><trkpt lat="34.743489" lon="-119.888384"><ele>738.2</ele><time>2026-05-24T23:10:56Z</time></trkpt><trkpt lat="34.743459" lon="-119.888379"><ele>735.0</ele><time>2026-05-24T23:10:58Z</time></trkpt><trkpt lat="34.743415" lon="-119.888394"><ele>735.0</ele><time>2026-05-24T23:11:01Z</time></trkpt><trkpt lat="34.74334" lon="-119.888359"><ele>732.0</ele><time>2026-05-24T23:11:07Z</time></trkpt><trkpt lat="34.743285" lon="-119.888316"><ele>733.0</ele><time>2026-05-24T23:11:11Z</time></trkpt><trkpt lat="34.743256" lon="-119.88822"><ele>734.0</ele><time>2026-05-24T23:11:17Z</time></trkpt><trkpt lat="34.743224" lon="-119.888223"><ele>732.0</ele><time>2026-05-24T23:11:19Z</time></trkpt><trkpt lat="34.743199" lon="-119.888244"><ele>732.0</ele><time>2026-05-24T23:11:21Z</time></trkpt><trkpt lat="34.743132" lon="-119.888272"><ele>732.0</ele><time>2026-05-24T23:11:27Z</time></trkpt><trkpt lat="34.743125" lon="-119.888307"><ele>732.0</ele><time>2026-05-24T23:11:29Z</time></trkpt><trkpt lat="34.743135" lon="-119.888342"><ele>732.0</ele><time>2026-05-24T23:11:31Z</time></trkpt><trkpt lat="34.743122" lon="-119.888378"><ele>732.0</ele><time>2026-05-24T23:11:34Z</time></trkpt><trkpt lat="34.743053" lon="-119.88837"><ele>729.0</ele><time>2026-05-24T23:11:41Z</time></trkpt><trkpt lat="34.743021" lon="-119.888385"><ele>730.0</ele><time>2026-05-24T23:11:43Z</time></trkpt><trkpt lat="34.742917" lon="-119.888374"><ele>727.0</ele><time>2026-05-24T23:11:52Z</time></trkpt><trkpt lat="34.742844" lon="-119.888385"><ele>727.0</ele><time>2026-05-24T23:11:57Z</time></trkpt><trkpt lat="34.742797" lon="-119.888367"><ele>726.0</ele><time>2026-05-24T23:12:00Z</time></trkpt><trkpt lat="34.742713" lon="-119.888369"><ele>726.0</ele><time>2026-05-24T23:12:06Z</time></trkpt><trkpt lat="34.742638" lon="-119.888396"><ele>722.0</ele><time>2026-05-24T23:12:23Z</time></trkpt><trkpt lat="34.742628" lon="-119.888419"><ele>726.0</ele><time>2026-05-24T23:12:56Z</time></trkpt><trkpt lat="34.742526" lon="-119.88845"><ele>726.0</ele><time>2026-05-24T23:13:07Z</time></trkpt><trkpt lat="34.742477" lon="-119.888449"><ele>726.0</ele><time>2026-05-24T23:13:12Z</time></trkpt><trkpt lat="34.742424" lon="-119.888489"><ele>720.0</ele><time>2026-05-24T23:13:21Z</time></trkpt><trkpt lat="34.742446" lon="-119.888462"><ele>720.0</ele><time>2026-05-24T23:13:37Z</time></trkpt><trkpt lat="34.742406" lon="-119.888487"><ele>726.0</ele><time>2026-05-24T23:13:50Z</time></trkpt><trkpt lat="34.74235" lon="-119.88847"><ele>726.0</ele><time>2026-05-24T23:14:03Z</time></trkpt><trkpt lat="34.742311" lon="-119.888414"><ele>726.0</ele><time>2026-05-24T23:14:17Z</time></trkpt><trkpt lat="34.742251" lon="-119.888379"><ele>728.0</ele><time>2026-05-24T23:14:30Z</time></trkpt><trkpt lat="34.742199" lon="-119.888331"><ele>727.0</ele><time>2026-05-24T23:14:34Z</time></trkpt><trkpt lat="34.742127" lon="-119.888332"><ele>726.0</ele><time>2026-05-24T23:14:44Z</time></trkpt><trkpt lat="34.742013" lon="-119.888292"><ele>729.0</ele><time>2026-05-24T23:14:57Z</time></trkpt><trkpt lat="34.741951" lon="-119.888248"><ele>728.0</ele><time>2026-05-24T23:15:04Z</time></trkpt><trkpt lat="34.741878" lon="-119.888286"><ele>720.0</ele><time>2026-05-24T23:15:14Z</time></trkpt><trkpt lat="34.741894" lon="-119.888314"><ele>728.0</ele><time>2026-05-24T23:15:27Z</time></trkpt><trkpt lat="34.741845" lon="-119.888404"><ele>728.0</ele><time>2026-05-24T23:15:43Z</time></trkpt><trkpt lat="34.741903" lon="-119.888356"><ele>724.0</ele><time>2026-05-24T23:16:39Z</time></trkpt><trkpt lat="34.741882" lon="-119.888268"><ele>728.0</ele><time>2026-05-24T23:17:22Z</time></trkpt><trkpt lat="34.741715" lon="-119.888196"><ele>729.0</ele><time>2026-05-24T23:17:37Z</time></trkpt><trkpt lat="34.741686" lon="-119.888153"><ele>729.0</ele><time>2026-05-24T23:17:40Z</time></trkpt><trkpt lat="34.741613" lon="-119.88813"><ele>731.0</ele><time>2026-05-24T23:17:46Z</time></trkpt><trkpt lat="34.741515" lon="-119.888053"><ele>733.0</ele><time>2026-05-24T23:18:20Z</time></trkpt><trkpt lat="34.741401" lon="-119.888052"><ele>733.0</ele><time>2026-05-24T23:18:32Z</time></trkpt><trkpt lat="34.741304" lon="-119.888031"><ele>735.0</ele><time>2026-05-24T23:18:42Z</time></trkpt><trkpt lat="34.741222" lon="-119.887892"><ele>734.0</ele><time>2026-05-24T23:18:57Z</time></trkpt><trkpt lat="34.741175" lon="-119.887917"><ele>735.0</ele><time>2026-05-24T23:19:02Z</time></trkpt><trkpt lat="34.740959" lon="-119.887891"><ele>735.0</ele><time>2026-05-24T23:19:20Z</time></trkpt><trkpt lat="34.740829" lon="-119.887943"><ele>735.0</ele><time>2026-05-24T23:19:31Z</time></trkpt><trkpt lat="34.740783" lon="-119.888005"><ele>732.0</ele><time>2026-05-24T23:19:37Z</time></trkpt><trkpt lat="34.740752" lon="-119.888074"><ele>730.0</ele><time>2026-05-24T23:20:00Z</time></trkpt><trkpt lat="34.740766" lon="-119.888021"><ele>730.0</ele><time>2026-05-24T23:21:32Z</time></trkpt><trkpt lat="34.740791" lon="-119.887985"><ele>728.0</ele><time>2026-05-24T23:22:32Z</time></trkpt><trkpt lat="34.740774" lon="-119.887957"><ele>730.0</ele><time>2026-05-24T23:22:40Z</time></trkpt><trkpt lat="34.740688" lon="-119.887921"><ele>732.0</ele><time>2026-05-24T23:22:51Z</time></trkpt><trkpt lat="34.740658" lon="-119.887932"><ele>735.0</ele><time>2026-05-24T23:22:56Z</time></trkpt><trkpt lat="34.740592" lon="-119.887917"><ele>735.0</ele><time>2026-05-24T23:23:04Z</time></trkpt><trkpt lat="34.740527" lon="-119.887968"><ele>737.2</ele><time>2026-05-24T23:23:30Z</time></trkpt><trkpt lat="34.740515" lon="-119.887996"><ele>733.0</ele><time>2026-05-24T23:23:39Z</time></trkpt><trkpt lat="34.740558" lon="-119.887941"><ele>732.0</ele><time>2026-05-24T23:24:20Z</time></trkpt><trkpt lat="34.740585" lon="-119.887952"><ele>732.0</ele><time>2026-05-24T23:25:33Z</time></trkpt><trkpt lat="34.740588" lon="-119.88793"><ele>735.0</ele><time>2026-05-24T23:26:24Z</time></trkpt><trkpt lat="34.74052" lon="-119.887896"><ele>735.0</ele><time>2026-05-24T23:27:04Z</time></trkpt><trkpt lat="34.740548" lon="-119.88791"><ele>729.0</ele><time>2026-05-24T23:27:24Z</time></trkpt><trkpt lat="34.740575" lon="-119.887935"><ele>732.0</ele><time>2026-05-24T23:30:32Z</time></trkpt><trkpt lat="34.740526" lon="-119.887875"><ele>738.0</ele><time>2026-05-24T23:32:51Z</time></trkpt><trkpt lat="34.740564" lon="-119.887933"><ele>736.0</ele><time>2026-05-24T23:33:10Z</time></trkpt><trkpt lat="34.740584" lon="-119.88793"><ele>730.0</ele><time>2026-05-24T23:33:20Z</time></trkpt><trkpt lat="34.740634" lon="-119.887948"><ele>734.0</ele><time>2026-05-24T23:33:51Z</time></trkpt><trkpt lat="34.740552" lon="-119.887929"><ele>730.0</ele><time>2026-05-24T23:34:26Z</time></trkpt><trkpt lat="34.740542" lon="-119.887956"><ele>735.0</ele><time>2026-05-24T23:34:45Z</time></trkpt><trkpt lat="34.740495" lon="-119.887985"><ele>726.0</ele><time>2026-05-24T23:37:31Z</time></trkpt><trkpt lat="34.740459" lon="-119.888088"><ele>733.0</ele><time>2026-05-24T23:37:48Z</time></trkpt><trkpt lat="34.740427" lon="-119.888111"><ele>734.0</ele><time>2026-05-24T23:37:51Z</time></trkpt><trkpt lat="34.740393" lon="-119.888092"><ele>732.0</ele><time>2026-05-24T23:37:54Z</time></trkpt><trkpt lat="34.740395" lon="-119.888021"><ele>733.0</ele><time>2026-05-24T23:38:02Z</time></trkpt><trkpt lat="34.740352" lon="-119.8879"><ele>736.0</ele><time>2026-05-24T23:38:11Z</time></trkpt><trkpt lat="34.740307" lon="-119.887847"><ele>736.0</ele><time>2026-05-24T23:38:17Z</time></trkpt><trkpt lat="34.740281" lon="-119.887832"><ele>738.0</ele><time>2026-05-24T23:38:20Z</time></trkpt><trkpt lat="34.74022" lon="-119.887837"><ele>738.0</ele><time>2026-05-24T23:38:26Z</time></trkpt><trkpt lat="34.740133" lon="-119.887797"><ele>740.0</ele><time>2026-05-24T23:38:34Z</time></trkpt><trkpt lat="34.74007" lon="-119.887819"><ele>738.0</ele><time>2026-05-24T23:38:40Z</time></trkpt><trkpt lat="34.739962" lon="-119.887793"><ele>739.0</ele><time>2026-05-24T23:38:50Z</time></trkpt><trkpt lat="34.739912" lon="-119.887848"><ele>741.3</ele><time>2026-05-24T23:38:56Z</time></trkpt><trkpt lat="34.739876" lon="-119.887867"><ele>741.0</ele><time>2026-05-24T23:39:00Z</time></trkpt><trkpt lat="34.739803" lon="-119.887864"><ele>741.0</ele><time>2026-05-24T23:39:06Z</time></trkpt><trkpt lat="34.739704" lon="-119.887836"><ele>741.0</ele><time>2026-05-24T23:39:16Z</time></trkpt><trkpt lat="34.739597" lon="-119.887847"><ele>743.0</ele><time>2026-05-24T23:39:25Z</time></trkpt><trkpt lat="34.739242" lon="-119.88769"><ele>747.0</ele><time>2026-05-24T23:39:56Z</time></trkpt><trkpt lat="34.73918" lon="-119.887685"><ele>747.0</ele><time>2026-05-24T23:40:03Z</time></trkpt><trkpt lat="34.739123" lon="-119.887641"><ele>738.0</ele><time>2026-05-24T23:40:18Z</time></trkpt><trkpt lat="34.73902" lon="-119.887598"><ele>749.0</ele><time>2026-05-24T23:40:44Z</time></trkpt><trkpt lat="34.738942" lon="-119.887727"><ele>750.0</ele><time>2026-05-24T23:40:58Z</time></trkpt><trkpt lat="34.738902" lon="-119.887743"><ele>749.0</ele><time>2026-05-24T23:41:02Z</time></trkpt><trkpt lat="34.738883" lon="-119.887709"><ele>750.0</ele><time>2026-05-24T23:41:06Z</time></trkpt><trkpt lat="34.73889" lon="-119.887673"><ele>750.0</ele><time>2026-05-24T23:41:09Z</time></trkpt><trkpt lat="34.738917" lon="-119.887627"><ele>751.0</ele><time>2026-05-24T23:41:12Z</time></trkpt><trkpt lat="34.738913" lon="-119.887575"><ele>749.0</ele><time>2026-05-24T23:41:16Z</time></trkpt><trkpt lat="34.738924" lon="-119.887476"><ele>748.0</ele><time>2026-05-24T23:41:22Z</time></trkpt><trkpt lat="34.73891" lon="-119.887384"><ele>750.0</ele><time>2026-05-24T23:41:28Z</time></trkpt><trkpt lat="34.738845" lon="-119.88733"><ele>751.0</ele><time>2026-05-24T23:41:34Z</time></trkpt><trkpt lat="34.738647" lon="-119.887378"><ele>753.0</ele><time>2026-05-24T23:41:53Z</time></trkpt><trkpt lat="34.738577" lon="-119.887407"><ele>754.0</ele><time>2026-05-24T23:42:13Z</time></trkpt><trkpt lat="34.738545" lon="-119.887456"><ele>756.0</ele><time>2026-05-24T23:42:20Z</time></trkpt><trkpt lat="34.738542" lon="-119.88753"><ele>756.0</ele><time>2026-05-24T23:42:30Z</time></trkpt><trkpt lat="34.738516" lon="-119.887606"><ele>756.0</ele><time>2026-05-24T23:42:43Z</time></trkpt><trkpt lat="34.738462" lon="-119.887612"><ele>756.0</ele><time>2026-05-24T23:42:55Z</time></trkpt><trkpt lat="34.738423" lon="-119.887569"><ele>762.0</ele><time>2026-05-24T23:43:04Z</time></trkpt><trkpt lat="34.738336" lon="-119.887535"><ele>765.0</ele><time>2026-05-24T23:43:16Z</time></trkpt><trkpt lat="34.738256" lon="-119.887461"><ele>764.0</ele><time>2026-05-24T23:43:24Z</time></trkpt><trkpt lat="34.738213" lon="-119.887345"><ele>766.0</ele><time>2026-05-24T23:43:34Z</time></trkpt><trkpt lat="34.738111" lon="-119.887198"><ele>765.0</ele><time>2026-05-24T23:43:49Z</time></trkpt><trkpt lat="34.738042" lon="-119.88706"><ele>768.0</ele><time>2026-05-24T23:44:00Z</time></trkpt><trkpt lat="34.737974" lon="-119.886987"><ele>767.0</ele><time>2026-05-24T23:44:08Z</time></trkpt><trkpt lat="34.737935" lon="-119.886971"><ele>765.0</ele><time>2026-05-24T23:44:12Z</time></trkpt><trkpt lat="34.737892" lon="-119.886901"><ele>768.0</ele><time>2026-05-24T23:44:18Z</time></trkpt><trkpt lat="34.737764" lon="-119.886796"><ele>765.0</ele><time>2026-05-24T23:46:14Z</time></trkpt><trkpt lat="34.737724" lon="-119.886798"><ele>765.0</ele><time>2026-05-24T23:46:18Z</time></trkpt><trkpt lat="34.737673" lon="-119.886833"><ele>766.0</ele><time>2026-05-24T23:46:23Z</time></trkpt><trkpt lat="34.73762" lon="-119.886843"><ele>768.0</ele><time>2026-05-24T23:46:28Z</time></trkpt><trkpt lat="34.737581" lon="-119.886861"><ele>770.0</ele><time>2026-05-24T23:46:32Z</time></trkpt><trkpt lat="34.737514" lon="-119.886841"><ele>771.0</ele><time>2026-05-24T23:46:39Z</time></trkpt><trkpt lat="34.737377" lon="-119.886759"><ele>774.0</ele><time>2026-05-24T23:46:51Z</time></trkpt><trkpt lat="34.737306" lon="-119.886753"><ele>775.0</ele><time>2026-05-24T23:46:58Z</time></trkpt><trkpt lat="34.737303" lon="-119.886715"><ele>776.0</ele><time>2026-05-24T23:47:01Z</time></trkpt><trkpt lat="34.73744" lon="-119.886615"><ele>774.0</ele><time>2026-05-24T23:47:22Z</time></trkpt><trkpt lat="34.737461" lon="-119.886585"><ele>774.0</ele><time>2026-05-24T23:47:26Z</time></trkpt><trkpt lat="34.737438" lon="-119.886555"><ele>773.0</ele><time>2026-05-24T23:47:29Z</time></trkpt><trkpt lat="34.73736" lon="-119.886517"><ele>774.0</ele><time>2026-05-24T23:47:36Z</time></trkpt><trkpt lat="34.737328" lon="-119.88649"><ele>774.0</ele><time>2026-05-24T23:47:40Z</time></trkpt><trkpt lat="34.73725" lon="-119.886397"><ele>776.0</ele><time>2026-05-24T23:47:48Z</time></trkpt><trkpt lat="34.737115" lon="-119.886289"><ele>778.0</ele><time>2026-05-24T23:48:00Z</time></trkpt><trkpt lat="34.737068" lon="-119.886234"><ele>780.0</ele><time>2026-05-24T23:48:04Z</time></trkpt><trkpt lat="34.736973" lon="-119.886096"><ele>780.0</ele><time>2026-05-24T23:48:16Z</time></trkpt><trkpt lat="34.736946" lon="-119.885971"><ele>781.0</ele><time>2026-05-24T23:48:26Z</time></trkpt><trkpt lat="34.736833" lon="-119.885906"><ele>780.0</ele><time>2026-05-24T23:48:35Z</time></trkpt><trkpt lat="34.736776" lon="-119.885856"><ele>781.7</ele><time>2026-05-24T23:48:43Z</time></trkpt><trkpt lat="34.736718" lon="-119.885841"><ele>781.0</ele><time>2026-05-24T23:48:47Z</time></trkpt><trkpt lat="34.736641" lon="-119.885739"><ele>783.5</ele><time>2026-05-24T23:48:58Z</time></trkpt><trkpt lat="34.736613" lon="-119.885715"><ele>780.0</ele><time>2026-05-24T23:49:02Z</time></trkpt><trkpt lat="34.736578" lon="-119.885579"><ele>782.0</ele><time>2026-05-24T23:49:14Z</time></trkpt><trkpt lat="34.736524" lon="-119.885465"><ele>782.0</ele><time>2026-05-24T23:49:39Z</time></trkpt><trkpt lat="34.736503" lon="-119.885392"><ele>780.0</ele><time>2026-05-24T23:49:44Z</time></trkpt><trkpt lat="34.736467" lon="-119.885331"><ele>780.0</ele><time>2026-05-24T23:49:49Z</time></trkpt><trkpt lat="34.736455" lon="-119.885244"><ele>776.0</ele><time>2026-05-24T23:49:54Z</time></trkpt><trkpt lat="34.736414" lon="-119.885146"><ele>778.0</ele><time>2026-05-24T23:50:00Z</time></trkpt><trkpt lat="34.736398" lon="-119.885077"><ele>777.0</ele><time>2026-05-24T23:50:05Z</time></trkpt><trkpt lat="34.736401" lon="-119.885019"><ele>775.0</ele><time>2026-05-24T23:50:08Z</time></trkpt><trkpt lat="34.736357" lon="-119.884944"><ele>773.0</ele><time>2026-05-24T23:50:16Z</time></trkpt><trkpt lat="34.736294" lon="-119.884896"><ele>776.0</ele><time>2026-05-24T23:50:31Z</time></trkpt><trkpt lat="34.73625" lon="-119.884896"><ele>776.0</ele><time>2026-05-24T23:50:36Z</time></trkpt><trkpt lat="34.736179" lon="-119.884985"><ele>774.0</ele><time>2026-05-24T23:50:45Z</time></trkpt><trkpt lat="34.736193" lon="-119.884937"><ele>777.0</ele><time>2026-05-24T23:50:51Z</time></trkpt><trkpt lat="34.736214" lon="-119.884913"><ele>776.0</ele><time>2026-05-24T23:50:54Z</time></trkpt><trkpt lat="34.73622" lon="-119.884874"><ele>774.0</ele><time>2026-05-24T23:50:56Z</time></trkpt><trkpt lat="34.736235" lon="-119.884846"><ele>775.0</ele><time>2026-05-24T23:50:58Z</time></trkpt><trkpt lat="34.736263" lon="-119.884825"><ele>774.0</ele><time>2026-05-24T23:51:00Z</time></trkpt><trkpt lat="34.73627" lon="-119.884782"><ele>775.0</ele><time>2026-05-24T23:51:02Z</time></trkpt><trkpt lat="34.736317" lon="-119.884734"><ele>777.0</ele><time>2026-05-24T23:51:06Z</time></trkpt><trkpt lat="34.736343" lon="-119.884668"><ele>776.0</ele><time>2026-05-24T23:51:10Z</time></trkpt><trkpt lat="34.736314" lon="-119.884412"><ele>776.0</ele><time>2026-05-24T23:51:26Z</time></trkpt><trkpt lat="34.736406" lon="-119.884177"><ele>768.0</ele><time>2026-05-24T23:51:45Z</time></trkpt><trkpt lat="34.736406" lon="-119.884127"><ele>768.0</ele><time>2026-05-24T23:51:48Z</time></trkpt><trkpt lat="34.736431" lon="-119.884098"><ele>768.0</ele><time>2026-05-24T23:51:50Z</time></trkpt><trkpt lat="34.736465" lon="-119.884083"><ele>769.0</ele><time>2026-05-24T23:51:52Z</time></trkpt><trkpt lat="34.736507" lon="-119.884009"><ele>768.0</ele><time>2026-05-24T23:51:58Z</time></trkpt><trkpt lat="34.736493" lon="-119.88397"><ele>770.4</ele><time>2026-05-24T23:52:01Z</time></trkpt><trkpt lat="34.736517" lon="-119.883881"><ele>768.0</ele><time>2026-05-24T23:52:08Z</time></trkpt><trkpt lat="34.736503" lon="-119.883638"><ele>770.0</ele><time>2026-05-24T23:52:23Z</time></trkpt><trkpt lat="34.736523" lon="-119.883577"><ele>768.0</ele><time>2026-05-24T23:52:27Z</time></trkpt><trkpt lat="34.736501" lon="-119.883527"><ele>768.0</ele><time>2026-05-24T23:52:32Z</time></trkpt><trkpt lat="34.736437" lon="-119.883455"><ele>764.0</ele><time>2026-05-24T23:53:10Z</time></trkpt><trkpt lat="34.736463" lon="-119.883465"><ele>766.3</ele><time>2026-05-24T23:53:19Z</time></trkpt><trkpt lat="34.736486" lon="-119.883381"><ele>765.0</ele><time>2026-05-24T23:53:25Z</time></trkpt><trkpt lat="34.736453" lon="-119.883336"><ele>766.0</ele><time>2026-05-24T23:53:29Z</time></trkpt><trkpt lat="34.736423" lon="-119.883225"><ele>768.0</ele><time>2026-05-24T23:53:38Z</time></trkpt><trkpt lat="34.736373" lon="-119.883151"><ele>768.0</ele><time>2026-05-24T23:53:42Z</time></trkpt><trkpt lat="34.736346" lon="-119.883091"><ele>768.0</ele><time>2026-05-24T23:53:46Z</time></trkpt><trkpt lat="34.736254" lon="-119.882989"><ele>770.0</ele><time>2026-05-24T23:53:55Z</time></trkpt><trkpt lat="34.736237" lon="-119.882942"><ele>771.0</ele><time>2026-05-24T23:53:59Z</time></trkpt><trkpt lat="34.736247" lon="-119.882914"><ele>770.0</ele><time>2026-05-24T23:54:03Z</time></trkpt><trkpt lat="34.736245" lon="-119.882871"><ele>770.0</ele><time>2026-05-24T23:54:06Z</time></trkpt><trkpt lat="34.736222" lon="-119.882828"><ele>768.0</ele><time>2026-05-24T23:54:09Z</time></trkpt><trkpt lat="34.736198" lon="-119.8828"><ele>768.0</ele><time>2026-05-24T23:54:12Z</time></trkpt><trkpt lat="34.736132" lon="-119.882769"><ele>768.0</ele><time>2026-05-24T23:54:19Z</time></trkpt><trkpt lat="34.736077" lon="-119.882713"><ele>768.0</ele><time>2026-05-24T23:54:25Z</time></trkpt><trkpt lat="34.736047" lon="-119.882702"><ele>769.0</ele><time>2026-05-24T23:54:32Z</time></trkpt><trkpt lat="34.736027" lon="-119.882646"><ele>771.0</ele><time>2026-05-24T23:54:50Z</time></trkpt><trkpt lat="34.736029" lon="-119.882688"><ele>770.0</ele><time>2026-05-24T23:55:10Z</time></trkpt><trkpt lat="34.736035" lon="-119.88256"><ele>772.0</ele><time>2026-05-24T23:55:40Z</time></trkpt><trkpt lat="34.736018" lon="-119.882509"><ele>770.0</ele><time>2026-05-24T23:55:48Z</time></trkpt><trkpt lat="34.735988" lon="-119.882482"><ele>770.0</ele><time>2026-05-24T23:55:53Z</time></trkpt><trkpt lat="34.735958" lon="-119.882473"><ele>772.0</ele><time>2026-05-24T23:55:57Z</time></trkpt><trkpt lat="34.735918" lon="-119.882468"><ele>774.0</ele><time>2026-05-24T23:56:01Z</time></trkpt><trkpt lat="34.735887" lon="-119.882478"><ele>772.0</ele><time>2026-05-24T23:56:04Z</time></trkpt><trkpt lat="34.735821" lon="-119.882451"><ele>771.0</ele><time>2026-05-24T23:56:10Z</time></trkpt><trkpt lat="34.735797" lon="-119.882478"><ele>772.0</ele><time>2026-05-24T23:56:12Z</time></trkpt><trkpt lat="34.735765" lon="-119.882487"><ele>771.0</ele><time>2026-05-24T23:56:15Z</time></trkpt><trkpt lat="34.735728" lon="-119.882481"><ele>773.0</ele><time>2026-05-24T23:56:17Z</time></trkpt><trkpt lat="34.735692" lon="-119.882499"><ele>772.0</ele><time>2026-05-24T23:56:20Z</time></trkpt><trkpt lat="34.735656" lon="-119.882486"><ele>774.0</ele><time>2026-05-24T23:56:24Z</time></trkpt><trkpt lat="34.735636" lon="-119.882456"><ele>772.0</ele><time>2026-05-24T23:56:26Z</time></trkpt><trkpt lat="34.735622" lon="-119.88239"><ele>774.0</ele><time>2026-05-24T23:56:30Z</time></trkpt><trkpt lat="34.735653" lon="-119.882358"><ele>774.0</ele><time>2026-05-24T23:56:34Z</time></trkpt><trkpt lat="34.735633" lon="-119.88223"><ele>774.0</ele><time>2026-05-24T23:56:42Z</time></trkpt><trkpt lat="34.735634" lon="-119.882151"><ele>774.0</ele><time>2026-05-24T23:56:48Z</time></trkpt><trkpt lat="34.735541" lon="-119.881911"><ele>777.0</ele><time>2026-05-24T23:57:06Z</time></trkpt><trkpt lat="34.735517" lon="-119.881878"><ele>780.0</ele><time>2026-05-24T23:57:09Z</time></trkpt><trkpt lat="34.735449" lon="-119.881845"><ele>780.0</ele><time>2026-05-24T23:57:15Z</time></trkpt><trkpt lat="34.735418" lon="-119.881821"><ele>780.0</ele><time>2026-05-24T23:57:18Z</time></trkpt><trkpt lat="34.735398" lon="-119.88179"><ele>782.0</ele><time>2026-05-24T23:57:20Z</time></trkpt><trkpt lat="34.735309" lon="-119.881721"><ele>780.0</ele><time>2026-05-24T23:57:29Z</time></trkpt><trkpt lat="34.73518" lon="-119.881537"><ele>780.0</ele><time>2026-05-24T23:57:46Z</time></trkpt><trkpt lat="34.73511" lon="-119.881349"><ele>784.0</ele><time>2026-05-24T23:58:00Z</time></trkpt><trkpt lat="34.735072" lon="-119.881286"><ele>786.0</ele><time>2026-05-24T23:58:05Z</time></trkpt><trkpt lat="34.735028" lon="-119.881244"><ele>785.0</ele><time>2026-05-24T23:58:10Z</time></trkpt><trkpt lat="34.734996" lon="-119.881163"><ele>785.0</ele><time>2026-05-24T23:58:15Z</time></trkpt><trkpt lat="34.734998" lon="-119.881093"><ele>785.0</ele><time>2026-05-24T23:58:20Z</time></trkpt><trkpt lat="34.734959" lon="-119.88098"><ele>782.0</ele><time>2026-05-24T23:58:35Z</time></trkpt><trkpt lat="34.734985" lon="-119.880948"><ele>789.0</ele><time>2026-05-24T23:59:15Z</time></trkpt><trkpt lat="34.734972" lon="-119.880928"><ele>777.0</ele><time>2026-05-24T23:59:33Z</time></trkpt><trkpt lat="34.734996" lon="-119.880952"><ele>790.0</ele><time>2026-05-25T00:00:02Z</time></trkpt><trkpt lat="34.734995" lon="-119.880984"><ele>790.0</ele><time>2026-05-25T00:00:21Z</time></trkpt><trkpt lat="34.734945" lon="-119.880949"><ele>788.0</ele><time>2026-05-25T00:00:29Z</time></trkpt><trkpt lat="34.734924" lon="-119.880915"><ele>788.0</ele><time>2026-05-25T00:00:32Z</time></trkpt><trkpt lat="34.734933" lon="-119.880842"><ele>788.0</ele><time>2026-05-25T00:00:38Z</time></trkpt><trkpt lat="34.734912" lon="-119.880767"><ele>787.0</ele><time>2026-05-25T00:00:44Z</time></trkpt><trkpt lat="34.734876" lon="-119.880749"><ele>786.0</ele><time>2026-05-25T00:00:47Z</time></trkpt><trkpt lat="34.734858" lon="-119.880721"><ele>787.0</ele><time>2026-05-25T00:00:50Z</time></trkpt><trkpt lat="34.734856" lon="-119.880566"><ele>790.0</ele><time>2026-05-25T00:01:04Z</time></trkpt><trkpt lat="34.734811" lon="-119.88047"><ele>792.0</ele><time>2026-05-25T00:01:13Z</time></trkpt><trkpt lat="34.734808" lon="-119.88034"><ele>792.0</ele><time>2026-05-25T00:01:22Z</time></trkpt><trkpt lat="34.734832" lon="-119.880278"><ele>794.0</ele><time>2026-05-25T00:01:27Z</time></trkpt><trkpt lat="34.734833" lon="-119.880237"><ele>793.0</ele><time>2026-05-25T00:01:30Z</time></trkpt><trkpt lat="34.734841" lon="-119.880267"><ele>793.0</ele><time>2026-05-25T00:01:56Z</time></trkpt><trkpt lat="34.734844" lon="-119.880174"><ele>791.0</ele><time>2026-05-25T00:02:39Z</time></trkpt><trkpt lat="34.734833" lon="-119.880141"><ele>793.0</ele><time>2026-05-25T00:02:49Z</time></trkpt><trkpt lat="34.734859" lon="-119.88007"><ele>792.0</ele><time>2026-05-25T00:03:12Z</time></trkpt><trkpt lat="34.734852" lon="-119.880038"><ele>797.0</ele><time>2026-05-25T00:03:25Z</time></trkpt><trkpt lat="34.734817" lon="-119.879992"><ele>796.0</ele><time>2026-05-25T00:03:31Z</time></trkpt><trkpt lat="34.734786" lon="-119.879911"><ele>797.0</ele><time>2026-05-25T00:03:44Z</time></trkpt><trkpt lat="34.734782" lon="-119.879879"><ele>795.0</ele><time>2026-05-25T00:03:47Z</time></trkpt><trkpt lat="34.734794" lon="-119.879805"><ele>795.0</ele><time>2026-05-25T00:03:53Z</time></trkpt><trkpt lat="34.734782" lon="-119.879623"><ele>799.0</ele><time>2026-05-25T00:04:07Z</time></trkpt><trkpt lat="34.734765" lon="-119.879588"><ele>799.0</ele><time>2026-05-25T00:04:10Z</time></trkpt><trkpt lat="34.734713" lon="-119.879539"><ele>799.0</ele><time>2026-05-25T00:04:15Z</time></trkpt><trkpt lat="34.734721" lon="-119.879492"><ele>801.3</ele><time>2026-05-25T00:04:18Z</time></trkpt><trkpt lat="34.73476" lon="-119.87946"><ele>801.0</ele><time>2026-05-25T00:04:22Z</time></trkpt><trkpt lat="34.734776" lon="-119.879376"><ele>800.0</ele><time>2026-05-25T00:04:27Z</time></trkpt><trkpt lat="34.734807" lon="-119.879344"><ele>801.0</ele><time>2026-05-25T00:04:30Z</time></trkpt><trkpt lat="34.73482" lon="-119.879294"><ele>801.0</ele><time>2026-05-25T00:04:33Z</time></trkpt><trkpt lat="34.734824" lon="-119.879171"><ele>804.0</ele><time>2026-05-25T00:04:41Z</time></trkpt><trkpt lat="34.734806" lon="-119.879105"><ele>804.0</ele><time>2026-05-25T00:04:46Z</time></trkpt><trkpt lat="34.734825" lon="-119.879042"><ele>804.0</ele><time>2026-05-25T00:04:50Z</time></trkpt><trkpt lat="34.734822" lon="-119.879009"><ele>804.0</ele><time>2026-05-25T00:04:52Z</time></trkpt><trkpt lat="34.734784" lon="-119.87892"><ele>805.0</ele><time>2026-05-25T00:05:01Z</time></trkpt><trkpt lat="34.734781" lon="-119.878887"><ele>806.0</ele><time>2026-05-25T00:05:03Z</time></trkpt><trkpt lat="34.734794" lon="-119.878861"><ele>806.0</ele><time>2026-05-25T00:05:04Z</time></trkpt><trkpt lat="34.734827" lon="-119.878837"><ele>806.9</ele><time>2026-05-25T00:05:07Z</time></trkpt><trkpt lat="34.734846" lon="-119.878787"><ele>807.0</ele><time>2026-05-25T00:05:11Z</time></trkpt><trkpt lat="34.734892" lon="-119.87873"><ele>807.0</ele><time>2026-05-25T00:05:17Z</time></trkpt><trkpt lat="34.734924" lon="-119.878631"><ele>808.0</ele><time>2026-05-25T00:05:27Z</time></trkpt><trkpt lat="34.734944" lon="-119.878598"><ele>809.0</ele><time>2026-05-25T00:05:31Z</time></trkpt><trkpt lat="34.734979" lon="-119.878578"><ele>806.0</ele><time>2026-05-25T00:05:47Z</time></trkpt><trkpt lat="34.734995" lon="-119.878527"><ele>813.0</ele><time>2026-05-25T00:06:29Z</time></trkpt><trkpt lat="34.734955" lon="-119.878539"><ele>810.0</ele><time>2026-05-25T00:06:50Z</time></trkpt><trkpt lat="34.734997" lon="-119.878511"><ele>813.0</ele><time>2026-05-25T00:07:00Z</time></trkpt><trkpt lat="34.735069" lon="-119.878427"><ele>813.0</ele><time>2026-05-25T00:07:11Z</time></trkpt><trkpt lat="34.735131" lon="-119.878403"><ele>816.0</ele><time>2026-05-25T00:07:20Z</time></trkpt><trkpt lat="34.735158" lon="-119.878329"><ele>816.0</ele><time>2026-05-25T00:07:29Z</time></trkpt><trkpt lat="34.735223" lon="-119.878312"><ele>816.0</ele><time>2026-05-25T00:07:35Z</time></trkpt><trkpt lat="34.735275" lon="-119.878148"><ele>816.0</ele><time>2026-05-25T00:07:50Z</time></trkpt><trkpt lat="34.735306" lon="-119.878076"><ele>816.0</ele><time>2026-05-25T00:07:56Z</time></trkpt><trkpt lat="34.735338" lon="-119.878044"><ele>817.0</ele><time>2026-05-25T00:08:03Z</time></trkpt><trkpt lat="34.735322" lon="-119.878026"><ele>819.0</ele><time>2026-05-25T00:08:09Z</time></trkpt><trkpt lat="34.735355" lon="-119.877956"><ele>818.0</ele><time>2026-05-25T00:08:19Z</time></trkpt><trkpt lat="34.735379" lon="-119.877781"><ele>819.0</ele><time>2026-05-25T00:08:32Z</time></trkpt><trkpt lat="34.735373" lon="-119.877739"><ele>819.0</ele><time>2026-05-25T00:08:34Z</time></trkpt><trkpt lat="34.735381" lon="-119.877668"><ele>818.0</ele><time>2026-05-25T00:08:38Z</time></trkpt><trkpt lat="34.73536" lon="-119.877598"><ele>818.0</ele><time>2026-05-25T00:08:44Z</time></trkpt><trkpt lat="34.735373" lon="-119.877559"><ele>817.0</ele><time>2026-05-25T00:08:47Z</time></trkpt><trkpt lat="34.735394" lon="-119.877531"><ele>818.0</ele><time>2026-05-25T00:08:49Z</time></trkpt><trkpt lat="34.73539" lon="-119.877464"><ele>818.0</ele><time>2026-05-25T00:08:53Z</time></trkpt><trkpt lat="34.735399" lon="-119.87741"><ele>818.0</ele><time>2026-05-25T00:08:58Z</time></trkpt><trkpt lat="34.735392" lon="-119.877361"><ele>818.8</ele><time>2026-05-25T00:09:01Z</time></trkpt><trkpt lat="34.735411" lon="-119.877223"><ele>821.0</ele><time>2026-05-25T00:09:09Z</time></trkpt><trkpt lat="34.735395" lon="-119.877157"><ele>820.0</ele><time>2026-05-25T00:09:13Z</time></trkpt><trkpt lat="34.735395" lon="-119.877116"><ele>820.0</ele><time>2026-05-25T00:09:15Z</time></trkpt><trkpt lat="34.735355" lon="-119.876967"><ele>824.2</ele><time>2026-05-25T00:09:34Z</time></trkpt><trkpt lat="34.735425" lon="-119.876911"><ele>820.0</ele><time>2026-05-25T00:09:43Z</time></trkpt><trkpt lat="34.735426" lon="-119.876843"><ele>822.0</ele><time>2026-05-25T00:09:49Z</time></trkpt><trkpt lat="34.735439" lon="-119.876871"><ele>816.0</ele><time>2026-05-25T00:09:57Z</time></trkpt><trkpt lat="34.73543" lon="-119.876811"><ele>819.0</ele><time>2026-05-25T00:10:14Z</time></trkpt><trkpt lat="34.73544" lon="-119.876772"><ele>819.0</ele><time>2026-05-25T00:10:17Z</time></trkpt><trkpt lat="34.735436" lon="-119.876698"><ele>819.0</ele><time>2026-05-25T00:10:23Z</time></trkpt><trkpt lat="34.735407" lon="-119.876622"><ele>819.0</ele><time>2026-05-25T00:10:31Z</time></trkpt><trkpt lat="34.735421" lon="-119.876582"><ele>820.0</ele><time>2026-05-25T00:10:37Z</time></trkpt><trkpt lat="34.735455" lon="-119.876574"><ele>821.0</ele><time>2026-05-25T00:10:41Z</time></trkpt><trkpt lat="34.735545" lon="-119.876469"><ele>824.0</ele><time>2026-05-25T00:10:53Z</time></trkpt><trkpt lat="34.735532" lon="-119.87643"><ele>826.6</ele><time>2026-05-25T00:10:56Z</time></trkpt><trkpt lat="34.735477" lon="-119.876348"><ele>824.0</ele><time>2026-05-25T00:11:02Z</time></trkpt><trkpt lat="34.73545" lon="-119.876269"><ele>827.0</ele><time>2026-05-25T00:11:08Z</time></trkpt><trkpt lat="34.735445" lon="-119.876205"><ele>826.0</ele><time>2026-05-25T00:11:14Z</time></trkpt><trkpt lat="34.735458" lon="-119.876131"><ele>824.0</ele><time>2026-05-25T00:11:22Z</time></trkpt><trkpt lat="34.735455" lon="-119.87606"><ele>828.0</ele><time>2026-05-25T00:11:31Z</time></trkpt><trkpt lat="34.735421" lon="-119.876029"><ele>828.0</ele><time>2026-05-25T00:11:33Z</time></trkpt><trkpt lat="34.735328" lon="-119.875878"><ele>829.4</ele><time>2026-05-25T00:12:23Z</time></trkpt><trkpt lat="34.735345" lon="-119.875765"><ele>828.0</ele><time>2026-05-25T00:12:35Z</time></trkpt><trkpt lat="34.73538" lon="-119.875739"><ele>819.0</ele><time>2026-05-25T00:12:43Z</time></trkpt><trkpt lat="34.73542" lon="-119.875674"><ele>832.0</ele><time>2026-05-25T00:13:17Z</time></trkpt><trkpt lat="34.735445" lon="-119.875691"><ele>820.0</ele><time>2026-05-25T00:13:57Z</time></trkpt><trkpt lat="34.735417" lon="-119.875681"><ele>828.0</ele><time>2026-05-25T00:14:11Z</time></trkpt><trkpt lat="34.735465" lon="-119.87561"><ele>828.0</ele><time>2026-05-25T00:14:28Z</time></trkpt><trkpt lat="34.735463" lon="-119.875535"><ele>828.0</ele><time>2026-05-25T00:14:36Z</time></trkpt><trkpt lat="34.7355" lon="-119.875491"><ele>828.0</ele><time>2026-05-25T00:14:45Z</time></trkpt><trkpt lat="34.735491" lon="-119.875419"><ele>831.0</ele><time>2026-05-25T00:14:55Z</time></trkpt><trkpt lat="34.735517" lon="-119.875341"><ele>832.0</ele><time>2026-05-25T00:15:06Z</time></trkpt><trkpt lat="34.735512" lon="-119.875305"><ele>832.0</ele><time>2026-05-25T00:15:09Z</time></trkpt><trkpt lat="34.735467" lon="-119.875161"><ele>832.0</ele><time>2026-05-25T00:15:24Z</time></trkpt><trkpt lat="34.735427" lon="-119.875087"><ele>834.0</ele><time>2026-05-25T00:15:31Z</time></trkpt><trkpt lat="34.735394" lon="-119.875065"><ele>834.0</ele><time>2026-05-25T00:15:34Z</time></trkpt><trkpt lat="34.735381" lon="-119.875018"><ele>835.9</ele><time>2026-05-25T00:15:37Z</time></trkpt><trkpt lat="34.735405" lon="-119.874996"><ele>836.0</ele><time>2026-05-25T00:15:39Z</time></trkpt><trkpt lat="34.735429" lon="-119.874934"><ele>835.0</ele><time>2026-05-25T00:15:44Z</time></trkpt><trkpt lat="34.735398" lon="-119.874908"><ele>832.0</ele><time>2026-05-25T00:15:53Z</time></trkpt><trkpt lat="34.735356" lon="-119.87491"><ele>831.0</ele><time>2026-05-25T00:16:24Z</time></trkpt><trkpt lat="34.735338" lon="-119.874872"><ele>834.0</ele><time>2026-05-25T00:16:36Z</time></trkpt><trkpt lat="34.735315" lon="-119.874775"><ele>834.0</ele><time>2026-05-25T00:16:54Z</time></trkpt><trkpt lat="34.735276" lon="-119.874718"><ele>834.0</ele><time>2026-05-25T00:17:00Z</time></trkpt><trkpt lat="34.735249" lon="-119.874695"><ele>834.0</ele><time>2026-05-25T00:17:03Z</time></trkpt><trkpt lat="34.735227" lon="-119.874644"><ele>833.0</ele><time>2026-05-25T00:17:35Z</time></trkpt><trkpt lat="34.735186" lon="-119.874646"><ele>832.0</ele><time>2026-05-25T00:18:01Z</time></trkpt><trkpt lat="34.735166" lon="-119.874605"><ele>838.0</ele><time>2026-05-25T00:18:13Z</time></trkpt><trkpt lat="34.735204" lon="-119.874586"><ele>837.0</ele><time>2026-05-25T00:18:20Z</time></trkpt><trkpt lat="34.735286" lon="-119.874637"><ele>833.0</ele><time>2026-05-25T00:19:10Z</time></trkpt><trkpt lat="34.735334" lon="-119.874624"><ele>837.0</ele><time>2026-05-25T00:19:33Z</time></trkpt><trkpt lat="34.735378" lon="-119.874577"><ele>836.0</ele><time>2026-05-25T00:19:39Z</time></trkpt><trkpt lat="34.735494" lon="-119.874531"><ele>837.0</ele><time>2026-05-25T00:19:47Z</time></trkpt><trkpt lat="34.735577" lon="-119.874467"><ele>837.0</ele><time>2026-05-25T00:19:54Z</time></trkpt><trkpt lat="34.735617" lon="-119.874391"><ele>838.0</ele><time>2026-05-25T00:20:01Z</time></trkpt><trkpt lat="34.735711" lon="-119.87433"><ele>838.0</ele><time>2026-05-25T00:20:09Z</time></trkpt><trkpt lat="34.735754" lon="-119.874258"><ele>838.0</ele><time>2026-05-25T00:20:15Z</time></trkpt><trkpt lat="34.735749" lon="-119.874214"><ele>840.0</ele><time>2026-05-25T00:20:19Z</time></trkpt><trkpt lat="34.735683" lon="-119.874162"><ele>841.0</ele><time>2026-05-25T00:20:24Z</time></trkpt><trkpt lat="34.735646" lon="-119.874163"><ele>840.0</ele><time>2026-05-25T00:20:27Z</time></trkpt><trkpt lat="34.735449" lon="-119.874259"><ele>843.0</ele><time>2026-05-25T00:20:44Z</time></trkpt><trkpt lat="34.735302" lon="-119.874316"><ele>844.0</ele><time>2026-05-25T00:21:00Z</time></trkpt><trkpt lat="34.735248" lon="-119.874363"><ele>846.0</ele><time>2026-05-25T00:21:06Z</time></trkpt><trkpt lat="34.735216" lon="-119.874379"><ele>846.0</ele><time>2026-05-25T00:21:09Z</time></trkpt><trkpt lat="34.735137" lon="-119.874404"><ele>847.0</ele><time>2026-05-25T00:21:15Z</time></trkpt><trkpt lat="34.734954" lon="-119.874419"><ele>849.0</ele><time>2026-05-25T00:21:37Z</time></trkpt><trkpt lat="34.734941" lon="-119.874391"><ele>849.0</ele><time>2026-05-25T00:21:43Z</time></trkpt><trkpt lat="34.735058" lon="-119.874343"><ele>852.0</ele><time>2026-05-25T00:21:57Z</time></trkpt><trkpt lat="34.735146" lon="-119.87428"><ele>854.0</ele><time>2026-05-25T00:22:07Z</time></trkpt><trkpt lat="34.735379" lon="-119.873913"><ele>859.0</ele><time>2026-05-25T00:22:50Z</time></trkpt><trkpt lat="34.735406" lon="-119.873889"><ele>860.0</ele><time>2026-05-25T00:22:53Z</time></trkpt><trkpt lat="34.735507" lon="-119.873855"><ele>860.0</ele><time>2026-05-25T00:23:03Z</time></trkpt><trkpt lat="34.735581" lon="-119.873797"><ele>861.0</ele><time>2026-05-25T00:24:44Z</time></trkpt><trkpt lat="34.735626" lon="-119.873668"><ele>854.7</ele><time>2026-05-25T00:25:01Z</time></trkpt><trkpt lat="34.73561" lon="-119.873566"><ele>855.0</ele><time>2026-05-25T00:25:08Z</time></trkpt><trkpt lat="34.735621" lon="-119.873526"><ele>855.0</ele><time>2026-05-25T00:25:11Z</time></trkpt><trkpt lat="34.735619" lon="-119.873448"><ele>858.0</ele><time>2026-05-25T00:25:16Z</time></trkpt><trkpt lat="34.735666" lon="-119.873344"><ele>858.0</ele><time>2026-05-25T00:26:17Z</time></trkpt><trkpt lat="34.735692" lon="-119.873195"><ele>861.0</ele><time>2026-05-25T00:27:32Z</time></trkpt><trkpt lat="34.73568" lon="-119.873231"><ele>860.0</ele><time>2026-05-25T00:27:42Z</time></trkpt><trkpt lat="34.735703" lon="-119.873537"><ele>852.0</ele><time>2026-05-25T00:28:04Z</time></trkpt><trkpt lat="34.735729" lon="-119.873457"><ele>852.0</ele><time>2026-05-25T00:28:12Z</time></trkpt><trkpt lat="34.735761" lon="-119.873407"><ele>852.0</ele><time>2026-05-25T00:28:18Z</time></trkpt><trkpt lat="34.735807" lon="-119.873404"><ele>852.0</ele><time>2026-05-25T00:28:32Z</time></trkpt><trkpt lat="34.735869" lon="-119.873301"><ele>845.0</ele><time>2026-05-25T00:29:03Z</time></trkpt><trkpt lat="34.735921" lon="-119.873244"><ele>852.0</ele><time>2026-05-25T00:29:15Z</time></trkpt><trkpt lat="34.735906" lon="-119.873211"><ele>850.0</ele><time>2026-05-25T00:29:18Z</time></trkpt><trkpt lat="34.735898" lon="-119.873123"><ele>843.0</ele><time>2026-05-25T00:29:28Z</time></trkpt><trkpt lat="34.735824" lon="-119.873122"><ele>846.0</ele><time>2026-05-25T00:29:39Z</time></trkpt><trkpt lat="34.735854" lon="-119.873039"><ele>846.0</ele><time>2026-05-25T00:29:58Z</time></trkpt><trkpt lat="34.735878" lon="-119.873013"><ele>848.0</ele><time>2026-05-25T00:30:04Z</time></trkpt><trkpt lat="34.735907" lon="-119.872998"><ele>849.0</ele><time>2026-05-25T00:30:09Z</time></trkpt><trkpt lat="34.73593" lon="-119.872911"><ele>847.0</ele><time>2026-05-25T00:30:19Z</time></trkpt><trkpt lat="34.73601" lon="-119.872804"><ele>848.0</ele><time>2026-05-25T00:30:53Z</time></trkpt><trkpt lat="34.735988" lon="-119.872753"><ele>850.0</ele><time>2026-05-25T00:31:16Z</time></trkpt><trkpt lat="34.736045" lon="-119.872753"><ele>852.0</ele><time>2026-05-25T00:31:22Z</time></trkpt><trkpt lat="34.736059" lon="-119.872658"><ele>850.0</ele><time>2026-05-25T00:31:28Z</time></trkpt><trkpt lat="34.736033" lon="-119.872563"><ele>852.0</ele><time>2026-05-25T00:31:36Z</time></trkpt><trkpt lat="34.736062" lon="-119.872469"><ele>852.0</ele><time>2026-05-25T00:31:42Z</time></trkpt><trkpt lat="34.736085" lon="-119.872434"><ele>852.0</ele><time>2026-05-25T00:31:45Z</time></trkpt><trkpt lat="34.736148" lon="-119.872394"><ele>854.0</ele><time>2026-05-25T00:31:51Z</time></trkpt><trkpt lat="34.736195" lon="-119.872344"><ele>854.0</ele><time>2026-05-25T00:31:57Z</time></trkpt><trkpt lat="34.736215" lon="-119.872301"><ele>853.0</ele><time>2026-05-25T00:32:00Z</time></trkpt><trkpt lat="34.736213" lon="-119.872194"><ele>850.0</ele><time>2026-05-25T00:32:09Z</time></trkpt><trkpt lat="34.736227" lon="-119.872107"><ele>853.0</ele><time>2026-05-25T00:32:25Z</time></trkpt><trkpt lat="34.736276" lon="-119.872058"><ele>855.6</ele><time>2026-05-25T00:32:33Z</time></trkpt><trkpt lat="34.736308" lon="-119.872046"><ele>852.0</ele><time>2026-05-25T00:32:36Z</time></trkpt><trkpt lat="34.736337" lon="-119.871979"><ele>853.0</ele><time>2026-05-25T00:32:41Z</time></trkpt><trkpt lat="34.736411" lon="-119.871902"><ele>856.0</ele><time>2026-05-25T00:32:51Z</time></trkpt><trkpt lat="34.736429" lon="-119.871855"><ele>854.0</ele><time>2026-05-25T00:32:59Z</time></trkpt><trkpt lat="34.73638" lon="-119.871854"><ele>855.0</ele><time>2026-05-25T00:33:19Z</time></trkpt><trkpt lat="34.736411" lon="-119.871877"><ele>858.0</ele><time>2026-05-25T00:33:25Z</time></trkpt><trkpt lat="34.736446" lon="-119.871936"><ele>858.0</ele><time>2026-05-25T00:33:30Z</time></trkpt><trkpt lat="34.736446" lon="-119.871979"><ele>856.0</ele><time>2026-05-25T00:33:35Z</time></trkpt><trkpt lat="34.736519" lon="-119.871929"><ele>858.0</ele><time>2026-05-25T00:33:42Z</time></trkpt><trkpt lat="34.736535" lon="-119.871857"><ele>858.0</ele><time>2026-05-25T00:33:45Z</time></trkpt><trkpt lat="34.736531" lon="-119.871786"><ele>858.0</ele><time>2026-05-25T00:33:53Z</time></trkpt><trkpt lat="34.73657" lon="-119.871707"><ele>858.0</ele><time>2026-05-25T00:34:00Z</time></trkpt><trkpt lat="34.736635" lon="-119.871634"><ele>860.0</ele><time>2026-05-25T00:34:08Z</time></trkpt><trkpt lat="34.736613" lon="-119.871562"><ele>856.0</ele><time>2026-05-25T00:34:15Z</time></trkpt><trkpt lat="34.736608" lon="-119.871458"><ele>860.0</ele><time>2026-05-25T00:34:32Z</time></trkpt><trkpt lat="34.7367" lon="-119.871418"><ele>863.0</ele><time>2026-05-25T00:34:45Z</time></trkpt><trkpt lat="34.73674" lon="-119.871419"><ele>863.0</ele><time>2026-05-25T00:34:47Z</time></trkpt><trkpt lat="34.736805" lon="-119.871439"><ele>862.0</ele><time>2026-05-25T00:34:51Z</time></trkpt><trkpt lat="34.736982" lon="-119.871365"><ele>860.0</ele><time>2026-05-25T00:35:06Z</time></trkpt><trkpt lat="34.737022" lon="-119.87136"><ele>861.0</ele><time>2026-05-25T00:35:10Z</time></trkpt><trkpt lat="34.7371" lon="-119.871371"><ele>848.0</ele><time>2026-05-25T00:35:21Z</time></trkpt><trkpt lat="34.737109" lon="-119.871433"><ele>859.0</ele><time>2026-05-25T00:37:48Z</time></trkpt><trkpt lat="34.737146" lon="-119.871413"><ele>853.0</ele><time>2026-05-25T00:38:01Z</time></trkpt><trkpt lat="34.737185" lon="-119.871458"><ele>862.0</ele><time>2026-05-25T00:38:13Z</time></trkpt><trkpt lat="34.737243" lon="-119.871462"><ele>864.0</ele><time>2026-05-25T00:38:18Z</time></trkpt><trkpt lat="34.737277" lon="-119.87144"><ele>865.1</ele><time>2026-05-25T00:38:22Z</time></trkpt><trkpt lat="34.73731" lon="-119.871381"><ele>860.0</ele><time>2026-05-25T00:38:34Z</time></trkpt><trkpt lat="34.737277" lon="-119.871391"><ele>864.0</ele><time>2026-05-25T00:39:12Z</time></trkpt><trkpt lat="34.737273" lon="-119.871351"><ele>859.0</ele><time>2026-05-25T00:39:27Z</time></trkpt><trkpt lat="34.737351" lon="-119.871362"><ele>861.0</ele><time>2026-05-25T00:39:41Z</time></trkpt><trkpt lat="34.737381" lon="-119.871354"><ele>861.0</ele><time>2026-05-25T00:39:48Z</time></trkpt><trkpt lat="34.737412" lon="-119.871292"><ele>864.0</ele><time>2026-05-25T00:39:56Z</time></trkpt><trkpt lat="34.737498" lon="-119.871204"><ele>864.0</ele><time>2026-05-25T00:40:07Z</time></trkpt><trkpt lat="34.73756" lon="-119.871161"><ele>866.0</ele><time>2026-05-25T00:40:24Z</time></trkpt><trkpt lat="34.737509" lon="-119.871155"><ele>867.0</ele><time>2026-05-25T00:41:03Z</time></trkpt><trkpt lat="34.737533" lon="-119.871124"><ele>862.0</ele><time>2026-05-25T00:41:10Z</time></trkpt><trkpt lat="34.737505" lon="-119.871113"><ele>864.0</ele><time>2026-05-25T00:41:23Z</time></trkpt><trkpt lat="34.737474" lon="-119.871139"><ele>864.0</ele><time>2026-05-25T00:41:37Z</time></trkpt><trkpt lat="34.737588" lon="-119.871053"><ele>866.0</ele><time>2026-05-25T00:42:53Z</time></trkpt><trkpt lat="34.73762" lon="-119.87101"><ele>868.0</ele><time>2026-05-25T00:43:49Z</time></trkpt><trkpt lat="34.737611" lon="-119.871025"><ele>867.0</ele><time>2026-05-25T00:44:11Z</time></trkpt><trkpt lat="34.73767" lon="-119.87103"><ele>870.0</ele><time>2026-05-25T00:44:42Z</time></trkpt><trkpt lat="34.737713" lon="-119.870915"><ele>875.0</ele><time>2026-05-25T00:45:36Z</time></trkpt><trkpt lat="34.73769" lon="-119.870852"><ele>868.0</ele><time>2026-05-25T00:46:06Z</time></trkpt><trkpt lat="34.737656" lon="-119.870826"><ele>876.0</ele><time>2026-05-25T00:46:25Z</time></trkpt><trkpt lat="34.737636" lon="-119.870873"><ele>876.0</ele><time>2026-05-25T00:46:33Z</time></trkpt><trkpt lat="34.737644" lon="-119.870839"><ele>876.0</ele><time>2026-05-25T00:46:36Z</time></trkpt><trkpt lat="34.737635" lon="-119.870738"><ele>876.0</ele><time>2026-05-25T00:46:47Z</time></trkpt><trkpt lat="34.737602" lon="-119.870627"><ele>880.0</ele><time>2026-05-25T00:47:01Z</time></trkpt><trkpt lat="34.737539" lon="-119.870546"><ele>880.0</ele><time>2026-05-25T00:47:14Z</time></trkpt><trkpt lat="34.737507" lon="-119.870462"><ele>880.0</ele><time>2026-05-25T00:47:21Z</time></trkpt><trkpt lat="34.73741" lon="-119.87035"><ele>882.0</ele><time>2026-05-25T00:47:33Z</time></trkpt><trkpt lat="34.737383" lon="-119.870208"><ele>881.0</ele><time>2026-05-25T00:47:44Z</time></trkpt><trkpt lat="34.737378" lon="-119.870136"><ele>881.0</ele><time>2026-05-25T00:47:49Z</time></trkpt><trkpt lat="34.737388" lon="-119.870106"><ele>873.0</ele><time>2026-05-25T00:47:55Z</time></trkpt><trkpt lat="34.73737" lon="-119.870044"><ele>879.0</ele><time>2026-05-25T00:48:04Z</time></trkpt><trkpt lat="34.737401" lon="-119.869942"><ele>881.0</ele><time>2026-05-25T00:48:12Z</time></trkpt><trkpt lat="34.737474" lon="-119.869862"><ele>883.0</ele><time>2026-05-25T00:48:18Z</time></trkpt><trkpt lat="34.737543" lon="-119.869834"><ele>882.0</ele><time>2026-05-25T00:48:25Z</time></trkpt><trkpt lat="34.737546" lon="-119.869757"><ele>880.0</ele><time>2026-05-25T00:48:34Z</time></trkpt><trkpt lat="34.737521" lon="-119.869715"><ele>884.0</ele><time>2026-05-25T00:48:53Z</time></trkpt><trkpt lat="34.737559" lon="-119.869716"><ele>885.0</ele><time>2026-05-25T00:49:02Z</time></trkpt><trkpt lat="34.737592" lon="-119.86977"><ele>882.0</ele><time>2026-05-25T00:49:21Z</time></trkpt><trkpt lat="34.737603" lon="-119.869831"><ele>884.0</ele><time>2026-05-25T00:49:46Z</time></trkpt><trkpt lat="34.737647" lon="-119.869777"><ele>888.6</ele><time>2026-05-25T00:50:01Z</time></trkpt><trkpt lat="34.737697" lon="-119.869737"><ele>888.0</ele><time>2026-05-25T00:50:07Z</time></trkpt><trkpt lat="34.73772" lon="-119.869681"><ele>882.0</ele><time>2026-05-25T00:50:19Z</time></trkpt><trkpt lat="34.737707" lon="-119.869505"><ele>888.0</ele><time>2026-05-25T00:50:37Z</time></trkpt><trkpt lat="34.737644" lon="-119.869462"><ele>888.0</ele><time>2026-05-25T00:50:44Z</time></trkpt><trkpt lat="34.737622" lon="-119.869425"><ele>882.0</ele><time>2026-05-25T00:50:56Z</time></trkpt><trkpt lat="34.737552" lon="-119.869397"><ele>882.0</ele><time>2026-05-25T00:51:15Z</time></trkpt><trkpt lat="34.73752" lon="-119.869426"><ele>885.0</ele><time>2026-05-25T00:51:22Z</time></trkpt><trkpt lat="34.737445" lon="-119.869394"><ele>885.0</ele><time>2026-05-25T00:51:29Z</time></trkpt><trkpt lat="34.737434" lon="-119.869362"><ele>884.0</ele><time>2026-05-25T00:51:32Z</time></trkpt><trkpt lat="34.737379" lon="-119.869321"><ele>888.0</ele><time>2026-05-25T00:51:43Z</time></trkpt><trkpt lat="34.737354" lon="-119.869257"><ele>886.0</ele><time>2026-05-25T00:51:55Z</time></trkpt><trkpt lat="34.737379" lon="-119.869284"><ele>888.0</ele><time>2026-05-25T00:52:12Z</time></trkpt><trkpt lat="34.737416" lon="-119.869279"><ele>886.0</ele><time>2026-05-25T00:52:23Z</time></trkpt><trkpt lat="34.737361" lon="-119.869247"><ele>884.0</ele><time>2026-05-25T00:52:39Z</time></trkpt><trkpt lat="34.737372" lon="-119.869208"><ele>879.0</ele><time>2026-05-25T00:53:34Z</time></trkpt><trkpt lat="34.737486" lon="-119.86923"><ele>887.0</ele><time>2026-05-25T00:54:18Z</time></trkpt><trkpt lat="34.737426" lon="-119.869217"><ele>883.0</ele><time>2026-05-25T00:54:29Z</time></trkpt><trkpt lat="34.73745" lon="-119.86914"><ele>885.0</ele><time>2026-05-25T00:54:40Z</time></trkpt><trkpt lat="34.737443" lon="-119.86908"><ele>885.0</ele><time>2026-05-25T00:54:46Z</time></trkpt><trkpt lat="34.737449" lon="-119.869029"><ele>888.0</ele><time>2026-05-25T00:54:51Z</time></trkpt><trkpt lat="34.737473" lon="-119.868958"><ele>888.0</ele><time>2026-05-25T00:54:57Z</time></trkpt><trkpt lat="34.737438" lon="-119.868904"><ele>888.0</ele><time>2026-05-25T00:55:02Z</time></trkpt><trkpt lat="34.737476" lon="-119.868755"><ele>890.0</ele><time>2026-05-25T00:55:17Z</time></trkpt><trkpt lat="34.737452" lon="-119.86872"><ele>890.0</ele><time>2026-05-25T00:55:20Z</time></trkpt><trkpt lat="34.737393" lon="-119.868675"><ele>890.0</ele><time>2026-05-25T00:55:26Z</time></trkpt><trkpt lat="34.737383" lon="-119.868631"><ele>891.0</ele><time>2026-05-25T00:55:29Z</time></trkpt><trkpt lat="34.737431" lon="-119.868519"><ele>892.0</ele><time>2026-05-25T00:55:41Z</time></trkpt><trkpt lat="34.737502" lon="-119.868455"><ele>894.0</ele><time>2026-05-25T00:55:50Z</time></trkpt><trkpt lat="34.737548" lon="-119.868368"><ele>896.0</ele><time>2026-05-25T00:55:59Z</time></trkpt><trkpt lat="34.737511" lon="-119.868308"><ele>897.0</ele><time>2026-05-25T00:56:04Z</time></trkpt><trkpt lat="34.737505" lon="-119.868175"><ele>901.0</ele><time>2026-05-25T00:56:23Z</time></trkpt><trkpt lat="34.737476" lon="-119.868163"><ele>901.0</ele><time>2026-05-25T00:56:26Z</time></trkpt><trkpt lat="34.737458" lon="-119.868059"><ele>901.0</ele><time>2026-05-25T00:56:38Z</time></trkpt><trkpt lat="34.737528" lon="-119.867962"><ele>904.0</ele><time>2026-05-25T00:56:49Z</time></trkpt><trkpt lat="34.737556" lon="-119.867855"><ele>900.0</ele><time>2026-05-25T00:57:02Z</time></trkpt><trkpt lat="34.737575" lon="-119.867823"><ele>903.0</ele><time>2026-05-25T00:57:09Z</time></trkpt><trkpt lat="34.737772" lon="-119.867645"><ele>903.0</ele><time>2026-05-25T00:57:35Z</time></trkpt><trkpt lat="34.737783" lon="-119.867612"><ele>903.0</ele><time>2026-05-25T00:57:37Z</time></trkpt><trkpt lat="34.737851" lon="-119.867515"><ele>902.0</ele><time>2026-05-25T00:57:45Z</time></trkpt><trkpt lat="34.737858" lon="-119.86747"><ele>903.0</ele><time>2026-05-25T00:57:47Z</time></trkpt><trkpt lat="34.737888" lon="-119.867436"><ele>903.8</ele><time>2026-05-25T00:57:49Z</time></trkpt><trkpt lat="34.737882" lon="-119.867387"><ele>904.0</ele><time>2026-05-25T00:57:50Z</time></trkpt><trkpt lat="34.737901" lon="-119.86732"><ele>906.0</ele><time>2026-05-25T00:57:55Z</time></trkpt><trkpt lat="34.737967" lon="-119.867238"><ele>907.0</ele><time>2026-05-25T00:58:01Z</time></trkpt><trkpt lat="34.738024" lon="-119.867084"><ele>910.0</ele><time>2026-05-25T00:58:12Z</time></trkpt><trkpt lat="34.738" lon="-119.866951"><ele>912.0</ele><time>2026-05-25T00:58:19Z</time></trkpt><trkpt lat="34.737959" lon="-119.866877"><ele>912.0</ele><time>2026-05-25T00:58:26Z</time></trkpt><trkpt lat="34.737929" lon="-119.866859"><ele>912.0</ele><time>2026-05-25T00:58:29Z</time></trkpt><trkpt lat="34.737948" lon="-119.866825"><ele>912.0</ele><time>2026-05-25T00:58:33Z</time></trkpt><trkpt lat="34.73799" lon="-119.866821"><ele>912.0</ele><time>2026-05-25T00:58:37Z</time></trkpt><trkpt lat="34.738008" lon="-119.866767"><ele>912.0</ele><time>2026-05-25T00:58:40Z</time></trkpt><trkpt lat="34.738035" lon="-119.866724"><ele>911.0</ele><time>2026-05-25T00:58:44Z</time></trkpt><trkpt lat="34.738046" lon="-119.866648"><ele>910.0</ele><time>2026-05-25T00:58:50Z</time></trkpt><trkpt lat="34.738068" lon="-119.866622"><ele>909.0</ele><time>2026-05-25T00:58:53Z</time></trkpt><trkpt lat="34.738075" lon="-119.866587"><ele>910.0</ele><time>2026-05-25T00:58:57Z</time></trkpt><trkpt lat="34.738209" lon="-119.866518"><ele>911.0</ele><time>2026-05-25T00:59:09Z</time></trkpt><trkpt lat="34.738246" lon="-119.866516"><ele>910.0</ele><time>2026-05-25T00:59:12Z</time></trkpt><trkpt lat="34.73829" lon="-119.866491"><ele>912.0</ele><time>2026-05-25T00:59:16Z</time></trkpt><trkpt lat="34.738334" lon="-119.866481"><ele>912.0</ele><time>2026-05-25T00:59:18Z</time></trkpt><trkpt lat="34.738381" lon="-119.866506"><ele>912.0</ele><time>2026-05-25T00:59:21Z</time></trkpt><trkpt lat="34.73842" lon="-119.866504"><ele>912.0</ele><time>2026-05-25T00:59:24Z</time></trkpt><trkpt lat="34.738483" lon="-119.866526"><ele>913.0</ele><time>2026-05-25T00:59:30Z</time></trkpt><trkpt lat="34.738536" lon="-119.866517"><ele>914.0</ele><time>2026-05-25T00:59:32Z</time></trkpt><trkpt lat="34.73858" lon="-119.866455"><ele>915.0</ele><time>2026-05-25T00:59:41Z</time></trkpt><trkpt lat="34.738648" lon="-119.866451"><ele>920.0</ele><time>2026-05-25T00:59:51Z</time></trkpt><trkpt lat="34.738711" lon="-119.866401"><ele>919.0</ele><time>2026-05-25T00:59:58Z</time></trkpt><trkpt lat="34.738802" lon="-119.866389"><ele>921.0</ele><time>2026-05-25T01:00:08Z</time></trkpt><trkpt lat="34.738847" lon="-119.866363"><ele>922.0</ele><time>2026-05-25T01:00:13Z</time></trkpt><trkpt lat="34.738868" lon="-119.866339"><ele>923.0</ele><time>2026-05-25T01:00:16Z</time></trkpt><trkpt lat="34.738809" lon="-119.866346"><ele>924.5</ele><time>2026-05-25T01:00:21Z</time></trkpt><trkpt lat="34.738761" lon="-119.866327"><ele>924.0</ele><time>2026-05-25T01:00:24Z</time></trkpt><trkpt lat="34.738793" lon="-119.866301"><ele>924.0</ele><time>2026-05-25T01:00:29Z</time></trkpt><trkpt lat="34.738848" lon="-119.866323"><ele>920.0</ele><time>2026-05-25T01:00:35Z</time></trkpt><trkpt lat="34.738864" lon="-119.866297"><ele>924.0</ele><time>2026-05-25T01:00:41Z</time></trkpt><trkpt lat="34.738903" lon="-119.866282"><ele>924.0</ele><time>2026-05-25T01:00:43Z</time></trkpt><trkpt lat="34.738932" lon="-119.866302"><ele>925.7</ele><time>2026-05-25T01:00:45Z</time></trkpt><trkpt lat="34.739004" lon="-119.866302"><ele>924.0</ele><time>2026-05-25T01:00:57Z</time></trkpt><trkpt lat="34.738929" lon="-119.866186"><ele>920.0</ele><time>2026-05-25T01:01:15Z</time></trkpt><trkpt lat="34.738948" lon="-119.866166"><ele>920.0</ele><time>2026-05-25T01:01:30Z</time></trkpt><trkpt lat="34.738952" lon="-119.866121"><ele>920.0</ele><time>2026-05-25T01:01:33Z</time></trkpt><trkpt lat="34.73904" lon="-119.866064"><ele>918.0</ele><time>2026-05-25T01:01:44Z</time></trkpt><trkpt lat="34.739061" lon="-119.866023"><ele>920.0</ele><time>2026-05-25T01:01:46Z</time></trkpt><trkpt lat="34.739107" lon="-119.865977"><ele>920.0</ele><time>2026-05-25T01:01:50Z</time></trkpt><trkpt lat="34.739166" lon="-119.865842"><ele>920.0</ele><time>2026-05-25T01:02:00Z</time></trkpt><trkpt lat="34.739142" lon="-119.865739"><ele>923.0</ele><time>2026-05-25T01:02:08Z</time></trkpt><trkpt lat="34.739147" lon="-119.865623"><ele>924.0</ele><time>2026-05-25T01:02:15Z</time></trkpt><trkpt lat="34.739163" lon="-119.865544"><ele>924.0</ele><time>2026-05-25T01:02:21Z</time></trkpt><trkpt lat="34.739126" lon="-119.865319"><ele>927.0</ele><time>2026-05-25T01:02:36Z</time></trkpt><trkpt lat="34.739079" lon="-119.865221"><ele>929.0</ele><time>2026-05-25T01:02:42Z</time></trkpt><trkpt lat="34.739087" lon="-119.86518"><ele>930.0</ele><time>2026-05-25T01:02:46Z</time></trkpt><trkpt lat="34.739171" lon="-119.865186"><ele>925.0</ele><time>2026-05-25T01:02:57Z</time></trkpt><trkpt lat="34.739206" lon="-119.865218"><ele>925.0</ele><time>2026-05-25T01:03:12Z</time></trkpt><trkpt lat="34.73917" lon="-119.865202"><ele>915.0</ele><time>2026-05-25T01:03:32Z</time></trkpt><trkpt lat="34.73917" lon="-119.865224"><ele>926.0</ele><time>2026-05-25T01:03:40Z</time></trkpt><trkpt lat="34.739138" lon="-119.865248"><ele>920.0</ele><time>2026-05-25T01:03:54Z</time></trkpt><trkpt lat="34.739168" lon="-119.865254"><ele>928.0</ele><time>2026-05-25T01:04:04Z</time></trkpt><trkpt lat="34.739203" lon="-119.865238"><ele>924.0</ele><time>2026-05-25T01:04:14Z</time></trkpt><trkpt lat="34.739166" lon="-119.865226"><ele>928.0</ele><time>2026-05-25T01:04:32Z</time></trkpt><trkpt lat="34.739166" lon="-119.865257"><ele>915.0</ele><time>2026-05-25T01:04:44Z</time></trkpt><trkpt lat="34.739133" lon="-119.865274"><ele>928.0</ele><time>2026-05-25T01:04:53Z</time></trkpt><trkpt lat="34.739164" lon="-119.865295"><ele>925.0</ele><time>2026-05-25T01:04:58Z</time></trkpt><trkpt lat="34.739129" lon="-119.865301"><ele>920.0</ele><time>2026-05-25T01:05:05Z</time></trkpt><trkpt lat="34.739179" lon="-119.865267"><ele>928.0</ele><time>2026-05-25T01:05:22Z</time></trkpt><trkpt lat="34.739155" lon="-119.865231"><ele>929.5</ele><time>2026-05-25T01:05:33Z</time></trkpt><trkpt lat="34.739175" lon="-119.865208"><ele>928.6</ele><time>2026-05-25T01:05:34Z</time></trkpt><trkpt lat="34.739203" lon="-119.865232"><ele>924.0</ele><time>2026-05-25T01:06:25Z</time></trkpt><trkpt lat="34.739253" lon="-119.865237"><ele>928.0</ele><time>2026-05-25T01:07:19Z</time></trkpt><trkpt lat="34.739183" lon="-119.865179"><ele>918.0</ele><time>2026-05-25T01:07:31Z</time></trkpt><trkpt lat="34.739215" lon="-119.865224"><ele>928.0</ele><time>2026-05-25T01:07:41Z</time></trkpt><trkpt lat="34.739184" lon="-119.865234"><ele>929.6</ele><time>2026-05-25T01:07:47Z</time></trkpt></trkseg></trk></gpx>