<?xml version="1.0" encoding="UTF-8"?><gpx xmlns="http://www.topografix.com/GPX/1/1" creator="garrettgcraig.com" version="1.1"><trk><name>Day 3 — return to Nira</name><extensions><line xmlns="http://www.topografix.com/GPX/gpx_style/0/2"><color>00C853</color></line></extensions><trkseg><trkpt lat="34.704928" lon="-119.794296"><ele>1787.3</ele><time>2026-05-26T13:21:11Z</time></trkpt><trkpt lat="34.704949" lon="-119.794269"><ele>1787.5</ele><time>2026-05-26T13:21:13Z</time></trkpt><trkpt lat="34.704999" lon="-119.794252"><ele>1786.1</ele><time>2026-05-26T13:21:18Z</time></trkpt><trkpt lat="34.705018" lon="-119.794198"><ele>1785.0</ele><time>2026-05-26T13:21:23Z</time></trkpt><trkpt lat="34.705083" lon="-119.79412"><ele>1782.0</ele><time>2026-05-26T13:21:34Z</time></trkpt><trkpt lat="34.705113" lon="-119.794124"><ele>1780.0</ele><time>2026-05-26T13:21:37Z</time></trkpt><trkpt lat="34.705173" lon="-119.794095"><ele>1780.0</ele><time>2026-05-26T13:21:45Z</time></trkpt><trkpt lat="34.705199" lon="-119.794065"><ele>1779.0</ele><time>2026-05-26T13:21:49Z</time></trkpt><trkpt lat="34.705213" lon="-119.794001"><ele>1777.0</ele><time>2026-05-26T13:21:54Z</time></trkpt><trkpt lat="34.705284" lon="-119.793934"><ele>1776.0</ele><time>2026-05-26T13:22:03Z</time></trkpt><trkpt lat="34.705308" lon="-119.793899"><ele>1777.1</ele><time>2026-05-26T13:22:07Z</time></trkpt><trkpt lat="34.705288" lon="-119.793831"><ele>1776.0</ele><time>2026-05-26T13:22:12Z</time></trkpt><trkpt lat="34.705289" lon="-119.793763"><ele>1775.0</ele><time>2026-05-26T13:22:18Z</time></trkpt><trkpt lat="34.705304" lon="-119.793731"><ele>1776.0</ele><time>2026-05-26T13:22:20Z</time></trkpt><trkpt lat="34.705336" lon="-119.793705"><ele>1776.0</ele><time>2026-05-26T13:22:25Z</time></trkpt><trkpt lat="34.705379" lon="-119.793703"><ele>1777.0</ele><time>2026-05-26T13:22:33Z</time></trkpt><trkpt lat="34.705455" lon="-119.79357"><ele>1777.0</ele><time>2026-05-26T13:22:52Z</time></trkpt><trkpt lat="34.7055" lon="-119.793561"><ele>1781.0</ele><time>2026-05-26T13:22:56Z</time></trkpt><trkpt lat="34.705516" lon="-119.79359"><ele>1779.0</ele><time>2026-05-26T13:22:59Z</time></trkpt><trkpt lat="34.705544" lon="-119.793571"><ele>1784.0</ele><time>2026-05-26T13:23:04Z</time></trkpt><trkpt lat="34.705567" lon="-119.793464"><ele>1783.0</ele><time>2026-05-26T13:23:19Z</time></trkpt><trkpt lat="34.705567" lon="-119.793395"><ele>1782.0</ele><time>2026-05-26T13:23:27Z</time></trkpt><trkpt lat="34.70561" lon="-119.793352"><ele>1782.0</ele><time>2026-05-26T13:23:35Z</time></trkpt><trkpt lat="34.705824" lon="-119.793251"><ele>1783.0</ele><time>2026-05-26T13:23:57Z</time></trkpt><trkpt lat="34.7059" lon="-119.793305"><ele>1783.0</ele><time>2026-05-26T13:24:16Z</time></trkpt><trkpt lat="34.705949" lon="-119.793299"><ele>1784.0</ele><time>2026-05-26T13:24:22Z</time></trkpt><trkpt lat="34.706025" lon="-119.793243"><ele>1787.3</ele><time>2026-05-26T13:24:33Z</time></trkpt><trkpt lat="34.70603" lon="-119.793219"><ele>1786.0</ele><time>2026-05-26T13:24:36Z</time></trkpt><trkpt lat="34.706062" lon="-119.793201"><ele>1788.0</ele><time>2026-05-26T13:24:45Z</time></trkpt><trkpt lat="34.706022" lon="-119.79322"><ele>1788.0</ele><time>2026-05-26T13:24:59Z</time></trkpt><trkpt lat="34.706053" lon="-119.793184"><ele>1785.0</ele><time>2026-05-26T13:25:08Z</time></trkpt><trkpt lat="34.706094" lon="-119.793186"><ele>1786.0</ele><time>2026-05-26T13:25:14Z</time></trkpt><trkpt lat="34.706132" lon="-119.793203"><ele>1786.0</ele><time>2026-05-26T13:25:19Z</time></trkpt><trkpt lat="34.706181" lon="-119.793205"><ele>1792.0</ele><time>2026-05-26T13:25:24Z</time></trkpt><trkpt lat="34.706197" lon="-119.793244"><ele>1792.0</ele><time>2026-05-26T13:25:30Z</time></trkpt><trkpt lat="34.706233" lon="-119.793216"><ele>1788.0</ele><time>2026-05-26T13:25:40Z</time></trkpt><trkpt lat="34.706254" lon="-119.793317"><ele>1789.0</ele><time>2026-05-26T13:25:53Z</time></trkpt><trkpt lat="34.706235" lon="-119.793425"><ele>1785.0</ele><time>2026-05-26T13:26:06Z</time></trkpt><trkpt lat="34.706256" lon="-119.793483"><ele>1792.0</ele><time>2026-05-26T13:26:11Z</time></trkpt><trkpt lat="34.706382" lon="-119.793418"><ele>1792.0</ele><time>2026-05-26T13:26:22Z</time></trkpt><trkpt lat="34.706491" lon="-119.793397"><ele>1791.0</ele><time>2026-05-26T13:26:35Z</time></trkpt><trkpt lat="34.706515" lon="-119.793381"><ele>1792.0</ele><time>2026-05-26T13:26:39Z</time></trkpt><trkpt lat="34.706494" lon="-119.793443"><ele>1796.0</ele><time>2026-05-26T13:26:47Z</time></trkpt><trkpt lat="34.706509" lon="-119.793475"><ele>1793.0</ele><time>2026-05-26T13:26:49Z</time></trkpt><trkpt lat="34.706491" lon="-119.793599"><ele>1799.0</ele><time>2026-05-26T13:26:59Z</time></trkpt><trkpt lat="34.706515" lon="-119.79368"><ele>1798.0</ele><time>2026-05-26T13:27:07Z</time></trkpt><trkpt lat="34.706535" lon="-119.793812"><ele>1797.0</ele><time>2026-05-26T13:27:20Z</time></trkpt><trkpt lat="34.706591" lon="-119.793891"><ele>1798.0</ele><time>2026-05-26T13:27:27Z</time></trkpt><trkpt lat="34.706665" lon="-119.793926"><ele>1798.0</ele><time>2026-05-26T13:27:35Z</time></trkpt><trkpt lat="34.706767" lon="-119.793868"><ele>1805.0</ele><time>2026-05-26T13:27:47Z</time></trkpt><trkpt lat="34.706777" lon="-119.793838"><ele>1804.0</ele><time>2026-05-26T13:27:50Z</time></trkpt><trkpt lat="34.706855" lon="-119.793745"><ele>1805.0</ele><time>2026-05-26T13:27:59Z</time></trkpt><trkpt lat="34.706858" lon="-119.79371"><ele>1806.0</ele><time>2026-05-26T13:28:01Z</time></trkpt><trkpt lat="34.706878" lon="-119.793666"><ele>1805.0</ele><time>2026-05-26T13:28:05Z</time></trkpt><trkpt lat="34.706997" lon="-119.793558"><ele>1807.0</ele><time>2026-05-26T13:28:20Z</time></trkpt><trkpt lat="34.707026" lon="-119.793562"><ele>1808.0</ele><time>2026-05-26T13:28:25Z</time></trkpt><trkpt lat="34.707072" lon="-119.793538"><ele>1809.0</ele><time>2026-05-26T13:28:31Z</time></trkpt><trkpt lat="34.707182" lon="-119.793547"><ele>1810.0</ele><time>2026-05-26T13:28:40Z</time></trkpt><trkpt lat="34.70721" lon="-119.793558"><ele>1810.0</ele><time>2026-05-26T13:28:45Z</time></trkpt><trkpt lat="34.707239" lon="-119.793585"><ele>1812.0</ele><time>2026-05-26T13:28:49Z</time></trkpt><trkpt lat="34.707309" lon="-119.7936"><ele>1813.0</ele><time>2026-05-26T13:28:56Z</time></trkpt><trkpt lat="34.707375" lon="-119.793648"><ele>1813.0</ele><time>2026-05-26T13:29:04Z</time></trkpt><trkpt lat="34.707421" lon="-119.793647"><ele>1815.0</ele><time>2026-05-26T13:29:08Z</time></trkpt><trkpt lat="34.707476" lon="-119.793664"><ele>1812.0</ele><time>2026-05-26T13:29:14Z</time></trkpt><trkpt lat="34.707528" lon="-119.793699"><ele>1813.0</ele><time>2026-05-26T13:29:19Z</time></trkpt><trkpt lat="34.70757" lon="-119.793713"><ele>1812.0</ele><time>2026-05-26T13:29:22Z</time></trkpt><trkpt lat="34.707662" lon="-119.79378"><ele>1814.0</ele><time>2026-05-26T13:29:31Z</time></trkpt><trkpt lat="34.707752" lon="-119.79382"><ele>1815.0</ele><time>2026-05-26T13:29:37Z</time></trkpt><trkpt lat="34.707782" lon="-119.793824"><ele>1815.0</ele><time>2026-05-26T13:29:39Z</time></trkpt><trkpt lat="34.707822" lon="-119.793813"><ele>1815.0</ele><time>2026-05-26T13:29:42Z</time></trkpt><trkpt lat="34.707861" lon="-119.793831"><ele>1814.0</ele><time>2026-05-26T13:29:45Z</time></trkpt><trkpt lat="34.707982" lon="-119.793923"><ele>1812.0</ele><time>2026-05-26T13:29:56Z</time></trkpt><trkpt lat="34.70802" lon="-119.793984"><ele>1810.0</ele><time>2026-05-26T13:30:05Z</time></trkpt><trkpt lat="34.708094" lon="-119.794002"><ele>1812.0</ele><time>2026-05-26T13:30:15Z</time></trkpt><trkpt lat="34.708131" lon="-119.793971"><ele>1815.0</ele><time>2026-05-26T13:30:18Z</time></trkpt><trkpt lat="34.708197" lon="-119.793973"><ele>1812.0</ele><time>2026-05-26T13:30:23Z</time></trkpt><trkpt lat="34.708231" lon="-119.793993"><ele>1813.0</ele><time>2026-05-26T13:30:26Z</time></trkpt><trkpt lat="34.708281" lon="-119.794055"><ele>1814.0</ele><time>2026-05-26T13:30:30Z</time></trkpt><trkpt lat="34.708381" lon="-119.794098"><ele>1813.0</ele><time>2026-05-26T13:30:38Z</time></trkpt><trkpt lat="34.708411" lon="-119.794197"><ele>1815.0</ele><time>2026-05-26T13:30:46Z</time></trkpt><trkpt lat="34.708495" lon="-119.794214"><ele>1815.0</ele><time>2026-05-26T13:30:52Z</time></trkpt><trkpt lat="34.708539" lon="-119.79414"><ele>1811.0</ele><time>2026-05-26T13:31:00Z</time></trkpt><trkpt lat="34.708584" lon="-119.794138"><ele>1812.0</ele><time>2026-05-26T13:31:04Z</time></trkpt><trkpt lat="34.708708" lon="-119.794199"><ele>1815.0</ele><time>2026-05-26T13:31:15Z</time></trkpt><trkpt lat="34.708771" lon="-119.794209"><ele>1812.0</ele><time>2026-05-26T13:31:20Z</time></trkpt><trkpt lat="34.708816" lon="-119.794228"><ele>1812.0</ele><time>2026-05-26T13:31:24Z</time></trkpt><trkpt lat="34.708869" lon="-119.79419"><ele>1813.0</ele><time>2026-05-26T13:31:29Z</time></trkpt><trkpt lat="34.708953" lon="-119.794225"><ele>1814.0</ele><time>2026-05-26T13:31:37Z</time></trkpt><trkpt lat="34.709012" lon="-119.794273"><ele>1812.0</ele><time>2026-05-26T13:31:42Z</time></trkpt><trkpt lat="34.709027" lon="-119.794301"><ele>1814.0</ele><time>2026-05-26T13:31:45Z</time></trkpt><trkpt lat="34.709112" lon="-119.794322"><ele>1812.0</ele><time>2026-05-26T13:31:50Z</time></trkpt><trkpt lat="34.709139" lon="-119.794344"><ele>1812.0</ele><time>2026-05-26T13:31:53Z</time></trkpt><trkpt lat="34.70915" lon="-119.794374"><ele>1813.0</ele><time>2026-05-26T13:31:57Z</time></trkpt><trkpt lat="34.709137" lon="-119.794403"><ele>1809.0</ele><time>2026-05-26T13:32:02Z</time></trkpt><trkpt lat="34.709156" lon="-119.794434"><ele>1812.0</ele><time>2026-05-26T13:32:06Z</time></trkpt><trkpt lat="34.709233" lon="-119.794447"><ele>1814.0</ele><time>2026-05-26T13:32:12Z</time></trkpt><trkpt lat="34.709275" lon="-119.794417"><ele>1814.0</ele><time>2026-05-26T13:32:14Z</time></trkpt><trkpt lat="34.709307" lon="-119.794421"><ele>1815.0</ele><time>2026-05-26T13:32:17Z</time></trkpt><trkpt lat="34.70942" lon="-119.794548"><ele>1817.0</ele><time>2026-05-26T13:32:31Z</time></trkpt><trkpt lat="34.709466" lon="-119.794548"><ele>1817.0</ele><time>2026-05-26T13:32:34Z</time></trkpt><trkpt lat="34.709579" lon="-119.79466"><ele>1819.0</ele><time>2026-05-26T13:32:46Z</time></trkpt><trkpt lat="34.709605" lon="-119.794777"><ele>1818.0</ele><time>2026-05-26T13:32:55Z</time></trkpt><trkpt lat="34.7096" lon="-119.794822"><ele>1818.0</ele><time>2026-05-26T13:32:57Z</time></trkpt><trkpt lat="34.709609" lon="-119.79487"><ele>1818.0</ele><time>2026-05-26T13:33:00Z</time></trkpt><trkpt lat="34.709712" lon="-119.795187"><ele>1823.0</ele><time>2026-05-26T13:33:18Z</time></trkpt><trkpt lat="34.709686" lon="-119.795267"><ele>1819.0</ele><time>2026-05-26T13:33:40Z</time></trkpt><trkpt lat="34.709725" lon="-119.79554"><ele>1822.0</ele><time>2026-05-26T13:34:05Z</time></trkpt><trkpt lat="34.709691" lon="-119.795599"><ele>1825.0</ele><time>2026-05-26T13:34:12Z</time></trkpt><trkpt lat="34.709676" lon="-119.795689"><ele>1824.0</ele><time>2026-05-26T13:34:20Z</time></trkpt><trkpt lat="34.709601" lon="-119.795923"><ele>1826.0</ele><time>2026-05-26T13:34:40Z</time></trkpt><trkpt lat="34.7096" lon="-119.79607"><ele>1827.0</ele><time>2026-05-26T13:34:49Z</time></trkpt><trkpt lat="34.709614" lon="-119.796152"><ele>1828.0</ele><time>2026-05-26T13:34:53Z</time></trkpt><trkpt lat="34.709589" lon="-119.79622"><ele>1830.0</ele><time>2026-05-26T13:34:57Z</time></trkpt><trkpt lat="34.709595" lon="-119.796335"><ele>1829.0</ele><time>2026-05-26T13:35:08Z</time></trkpt><trkpt lat="34.70958" lon="-119.796437"><ele>1830.0</ele><time>2026-05-26T13:35:24Z</time></trkpt><trkpt lat="34.70951" lon="-119.796572"><ele>1830.0</ele><time>2026-05-26T13:35:38Z</time></trkpt><trkpt lat="34.709504" lon="-119.79661"><ele>1831.0</ele><time>2026-05-26T13:35:44Z</time></trkpt><trkpt lat="34.709477" lon="-119.796619"><ele>1836.0</ele><time>2026-05-26T13:35:48Z</time></trkpt><trkpt lat="34.709495" lon="-119.796662"><ele>1834.0</ele><time>2026-05-26T13:35:50Z</time></trkpt><trkpt lat="34.70951" lon="-119.796791"><ele>1832.0</ele><time>2026-05-26T13:35:58Z</time></trkpt><trkpt lat="34.709454" lon="-119.796942"><ele>1832.0</ele><time>2026-05-26T13:36:11Z</time></trkpt><trkpt lat="34.709384" lon="-119.79708"><ele>1835.0</ele><time>2026-05-26T13:36:23Z</time></trkpt><trkpt lat="34.709395" lon="-119.797118"><ele>1834.3</ele><time>2026-05-26T13:36:25Z</time></trkpt><trkpt lat="34.709366" lon="-119.797265"><ele>1834.0</ele><time>2026-05-26T13:36:33Z</time></trkpt><trkpt lat="34.709361" lon="-119.797392"><ele>1832.0</ele><time>2026-05-26T13:36:42Z</time></trkpt><trkpt lat="34.709325" lon="-119.797546"><ele>1832.0</ele><time>2026-05-26T13:36:51Z</time></trkpt><trkpt lat="34.709297" lon="-119.797616"><ele>1832.0</ele><time>2026-05-26T13:36:59Z</time></trkpt><trkpt lat="34.709313" lon="-119.797695"><ele>1836.0</ele><time>2026-05-26T13:37:04Z</time></trkpt><trkpt lat="34.709288" lon="-119.797859"><ele>1836.0</ele><time>2026-05-26T13:37:12Z</time></trkpt><trkpt lat="34.709247" lon="-119.797956"><ele>1836.0</ele><time>2026-05-26T13:37:21Z</time></trkpt><trkpt lat="34.709188" lon="-119.798017"><ele>1837.0</ele><time>2026-05-26T13:37:28Z</time></trkpt><trkpt lat="34.709137" lon="-119.798043"><ele>1838.0</ele><time>2026-05-26T13:37:33Z</time></trkpt><trkpt lat="34.709103" lon="-119.7981"><ele>1837.0</ele><time>2026-05-26T13:37:39Z</time></trkpt><trkpt lat="34.709049" lon="-119.798154"><ele>1837.0</ele><time>2026-05-26T13:37:46Z</time></trkpt><trkpt lat="34.70899" lon="-119.798188"><ele>1836.0</ele><time>2026-05-26T13:37:53Z</time></trkpt><trkpt lat="34.708964" lon="-119.798217"><ele>1836.0</ele><time>2026-05-26T13:37:57Z</time></trkpt><trkpt lat="34.708948" lon="-119.798263"><ele>1837.0</ele><time>2026-05-26T13:38:01Z</time></trkpt><trkpt lat="34.708882" lon="-119.798358"><ele>1838.0</ele><time>2026-05-26T13:38:08Z</time></trkpt><trkpt lat="34.708803" lon="-119.798439"><ele>1840.0</ele><time>2026-05-26T13:38:17Z</time></trkpt><trkpt lat="34.708776" lon="-119.798451"><ele>1841.0</ele><time>2026-05-26T13:38:20Z</time></trkpt><trkpt lat="34.708766" lon="-119.79853"><ele>1836.0</ele><time>2026-05-26T13:38:25Z</time></trkpt><trkpt lat="34.708777" lon="-119.798572"><ele>1839.0</ele><time>2026-05-26T13:38:27Z</time></trkpt><trkpt lat="34.708821" lon="-119.79863"><ele>1840.0</ele><time>2026-05-26T13:38:31Z</time></trkpt><trkpt lat="34.708857" lon="-119.798739"><ele>1839.0</ele><time>2026-05-26T13:38:38Z</time></trkpt><trkpt lat="34.708882" lon="-119.798778"><ele>1841.0</ele><time>2026-05-26T13:38:41Z</time></trkpt><trkpt lat="34.708876" lon="-119.79885"><ele>1845.1</ele><time>2026-05-26T13:38:48Z</time></trkpt><trkpt lat="34.708839" lon="-119.798901"><ele>1847.0</ele><time>2026-05-26T13:38:55Z</time></trkpt><trkpt lat="34.708843" lon="-119.798949"><ele>1847.0</ele><time>2026-05-26T13:38:59Z</time></trkpt><trkpt lat="34.708878" lon="-119.798988"><ele>1846.0</ele><time>2026-05-26T13:39:02Z</time></trkpt><trkpt lat="34.708894" lon="-119.799061"><ele>1844.0</ele><time>2026-05-26T13:39:08Z</time></trkpt><trkpt lat="34.708893" lon="-119.799109"><ele>1845.3</ele><time>2026-05-26T13:39:11Z</time></trkpt><trkpt lat="34.708928" lon="-119.799161"><ele>1843.0</ele><time>2026-05-26T13:39:17Z</time></trkpt><trkpt lat="34.708945" lon="-119.799225"><ele>1845.0</ele><time>2026-05-26T13:39:23Z</time></trkpt><trkpt lat="34.708966" lon="-119.799257"><ele>1842.0</ele><time>2026-05-26T13:39:28Z</time></trkpt><trkpt lat="34.708955" lon="-119.79929"><ele>1842.0</ele><time>2026-05-26T13:39:34Z</time></trkpt><trkpt lat="34.708931" lon="-119.799311"><ele>1842.0</ele><time>2026-05-26T13:39:40Z</time></trkpt><trkpt lat="34.708928" lon="-119.799361"><ele>1843.0</ele><time>2026-05-26T13:39:44Z</time></trkpt><trkpt lat="34.708897" lon="-119.799423"><ele>1840.0</ele><time>2026-05-26T13:39:50Z</time></trkpt><trkpt lat="34.708909" lon="-119.799505"><ele>1842.0</ele><time>2026-05-26T13:39:57Z</time></trkpt><trkpt lat="34.708966" lon="-119.799542"><ele>1839.0</ele><time>2026-05-26T13:40:03Z</time></trkpt><trkpt lat="34.708973" lon="-119.799575"><ele>1840.0</ele><time>2026-05-26T13:40:06Z</time></trkpt><trkpt lat="34.708953" lon="-119.799642"><ele>1839.0</ele><time>2026-05-26T13:40:13Z</time></trkpt><trkpt lat="34.708996" lon="-119.799677"><ele>1838.0</ele><time>2026-05-26T13:40:17Z</time></trkpt><trkpt lat="34.708991" lon="-119.799763"><ele>1838.8</ele><time>2026-05-26T13:40:23Z</time></trkpt><trkpt lat="34.708961" lon="-119.799818"><ele>1837.0</ele><time>2026-05-26T13:40:28Z</time></trkpt><trkpt lat="34.708961" lon="-119.799858"><ele>1836.0</ele><time>2026-05-26T13:40:31Z</time></trkpt><trkpt lat="34.709012" lon="-119.799946"><ele>1837.0</ele><time>2026-05-26T13:40:40Z</time></trkpt><trkpt lat="34.70899" lon="-119.800067"><ele>1840.0</ele><time>2026-05-26T13:40:49Z</time></trkpt><trkpt lat="34.709009" lon="-119.800105"><ele>1840.0</ele><time>2026-05-26T13:40:52Z</time></trkpt><trkpt lat="34.709047" lon="-119.800298"><ele>1836.0</ele><time>2026-05-26T13:41:06Z</time></trkpt><trkpt lat="34.709069" lon="-119.80034"><ele>1838.0</ele><time>2026-05-26T13:41:09Z</time></trkpt><trkpt lat="34.709155" lon="-119.800428"><ele>1839.0</ele><time>2026-05-26T13:41:21Z</time></trkpt><trkpt lat="34.709214" lon="-119.800519"><ele>1845.0</ele><time>2026-05-26T13:41:30Z</time></trkpt><trkpt lat="34.709308" lon="-119.800566"><ele>1847.0</ele><time>2026-05-26T13:41:38Z</time></trkpt><trkpt lat="34.709409" lon="-119.800765"><ele>1845.0</ele><time>2026-05-26T13:41:54Z</time></trkpt><trkpt lat="34.709479" lon="-119.800834"><ele>1843.0</ele><time>2026-05-26T13:42:00Z</time></trkpt><trkpt lat="34.709513" lon="-119.800952"><ele>1844.0</ele><time>2026-05-26T13:42:08Z</time></trkpt><trkpt lat="34.709491" lon="-119.801134"><ele>1846.0</ele><time>2026-05-26T13:42:37Z</time></trkpt><trkpt lat="34.709508" lon="-119.80118"><ele>1844.0</ele><time>2026-05-26T13:42:40Z</time></trkpt><trkpt lat="34.709514" lon="-119.801281"><ele>1851.0</ele><time>2026-05-26T13:42:47Z</time></trkpt><trkpt lat="34.709468" lon="-119.801353"><ele>1853.0</ele><time>2026-05-26T13:42:52Z</time></trkpt><trkpt lat="34.709465" lon="-119.801389"><ele>1852.0</ele><time>2026-05-26T13:42:54Z</time></trkpt><trkpt lat="34.709486" lon="-119.801414"><ele>1852.0</ele><time>2026-05-26T13:42:56Z</time></trkpt><trkpt lat="34.709475" lon="-119.801526"><ele>1852.0</ele><time>2026-05-26T13:43:04Z</time></trkpt><trkpt lat="34.709519" lon="-119.801666"><ele>1857.0</ele><time>2026-05-26T13:43:18Z</time></trkpt><trkpt lat="34.709575" lon="-119.801737"><ele>1856.0</ele><time>2026-05-26T13:43:24Z</time></trkpt><trkpt lat="34.709592" lon="-119.801705"><ele>1856.0</ele><time>2026-05-26T13:43:26Z</time></trkpt><trkpt lat="34.709617" lon="-119.80169"><ele>1853.0</ele><time>2026-05-26T13:43:34Z</time></trkpt><trkpt lat="34.709629" lon="-119.801772"><ele>1853.0</ele><time>2026-05-26T13:43:45Z</time></trkpt><trkpt lat="34.70957" lon="-119.801826"><ele>1855.0</ele><time>2026-05-26T13:43:50Z</time></trkpt><trkpt lat="34.709565" lon="-119.801879"><ele>1858.0</ele><time>2026-05-26T13:43:53Z</time></trkpt><trkpt lat="34.709598" lon="-119.801897"><ele>1859.0</ele><time>2026-05-26T13:43:55Z</time></trkpt><trkpt lat="34.709611" lon="-119.80193"><ele>1858.0</ele><time>2026-05-26T13:43:57Z</time></trkpt><trkpt lat="34.709623" lon="-119.802018"><ele>1857.0</ele><time>2026-05-26T13:44:02Z</time></trkpt><trkpt lat="34.709665" lon="-119.802089"><ele>1855.8</ele><time>2026-05-26T13:44:08Z</time></trkpt><trkpt lat="34.709686" lon="-119.802101"><ele>1855.0</ele><time>2026-05-26T13:44:09Z</time></trkpt><trkpt lat="34.709744" lon="-119.802235"><ele>1856.0</ele><time>2026-05-26T13:44:28Z</time></trkpt><trkpt lat="34.709787" lon="-119.802286"><ele>1854.0</ele><time>2026-05-26T13:44:35Z</time></trkpt><trkpt lat="34.709797" lon="-119.802326"><ele>1854.0</ele><time>2026-05-26T13:44:38Z</time></trkpt><trkpt lat="34.70979" lon="-119.802358"><ele>1855.0</ele><time>2026-05-26T13:44:42Z</time></trkpt><trkpt lat="34.709828" lon="-119.80243"><ele>1855.0</ele><time>2026-05-26T13:44:50Z</time></trkpt><trkpt lat="34.709841" lon="-119.80255"><ele>1856.0</ele><time>2026-05-26T13:45:01Z</time></trkpt><trkpt lat="34.709809" lon="-119.802621"><ele>1854.0</ele><time>2026-05-26T13:45:17Z</time></trkpt><trkpt lat="34.709829" lon="-119.802646"><ele>1854.0</ele><time>2026-05-26T13:45:22Z</time></trkpt><trkpt lat="34.709814" lon="-119.802688"><ele>1843.0</ele><time>2026-05-26T13:45:33Z</time></trkpt><trkpt lat="34.709764" lon="-119.802679"><ele>1858.0</ele><time>2026-05-26T13:45:44Z</time></trkpt><trkpt lat="34.709786" lon="-119.802798"><ele>1864.0</ele><time>2026-05-26T13:45:54Z</time></trkpt><trkpt lat="34.709832" lon="-119.802926"><ele>1864.0</ele><time>2026-05-26T13:46:00Z</time></trkpt><trkpt lat="34.70983" lon="-119.802985"><ele>1863.0</ele><time>2026-05-26T13:46:04Z</time></trkpt><trkpt lat="34.709912" lon="-119.803133"><ele>1862.0</ele><time>2026-05-26T13:46:16Z</time></trkpt><trkpt lat="34.710047" lon="-119.80315"><ele>1863.0</ele><time>2026-05-26T13:46:27Z</time></trkpt><trkpt lat="34.710073" lon="-119.803132"><ele>1863.0</ele><time>2026-05-26T13:46:30Z</time></trkpt><trkpt lat="34.710123" lon="-119.80312"><ele>1860.0</ele><time>2026-05-26T13:46:34Z</time></trkpt><trkpt lat="34.710192" lon="-119.803127"><ele>1861.0</ele><time>2026-05-26T13:46:40Z</time></trkpt><trkpt lat="34.710283" lon="-119.803233"><ele>1866.0</ele><time>2026-05-26T13:46:50Z</time></trkpt><trkpt lat="34.710366" lon="-119.803261"><ele>1864.0</ele><time>2026-05-26T13:46:58Z</time></trkpt><trkpt lat="34.710406" lon="-119.803287"><ele>1861.0</ele><time>2026-05-26T13:47:02Z</time></trkpt><trkpt lat="34.710418" lon="-119.803364"><ele>1865.0</ele><time>2026-05-26T13:47:15Z</time></trkpt><trkpt lat="34.710461" lon="-119.803406"><ele>1865.8</ele><time>2026-05-26T13:47:17Z</time></trkpt><trkpt lat="34.710465" lon="-119.803472"><ele>1865.0</ele><time>2026-05-26T13:47:19Z</time></trkpt><trkpt lat="34.710502" lon="-119.803506"><ele>1866.0</ele><time>2026-05-26T13:47:21Z</time></trkpt><trkpt lat="34.710561" lon="-119.803624"><ele>1866.0</ele><time>2026-05-26T13:47:34Z</time></trkpt><trkpt lat="34.710593" lon="-119.803648"><ele>1866.0</ele><time>2026-05-26T13:47:37Z</time></trkpt><trkpt lat="34.710637" lon="-119.803714"><ele>1865.0</ele><time>2026-05-26T13:47:44Z</time></trkpt><trkpt lat="34.710673" lon="-119.80374"><ele>1864.0</ele><time>2026-05-26T13:47:52Z</time></trkpt><trkpt lat="34.710711" lon="-119.803806"><ele>1868.0</ele><time>2026-05-26T13:48:06Z</time></trkpt><trkpt lat="34.710669" lon="-119.803865"><ele>1866.0</ele><time>2026-05-26T13:48:13Z</time></trkpt><trkpt lat="34.710655" lon="-119.803949"><ele>1866.0</ele><time>2026-05-26T13:48:19Z</time></trkpt><trkpt lat="34.71069" lon="-119.804086"><ele>1866.0</ele><time>2026-05-26T13:48:31Z</time></trkpt><trkpt lat="34.71072" lon="-119.804137"><ele>1866.0</ele><time>2026-05-26T13:48:36Z</time></trkpt><trkpt lat="34.710728" lon="-119.80417"><ele>1867.0</ele><time>2026-05-26T13:48:41Z</time></trkpt><trkpt lat="34.710692" lon="-119.804201"><ele>1866.0</ele><time>2026-05-26T13:48:49Z</time></trkpt><trkpt lat="34.710654" lon="-119.804278"><ele>1868.0</ele><time>2026-05-26T13:48:57Z</time></trkpt><trkpt lat="34.710734" lon="-119.80445"><ele>1877.0</ele><time>2026-05-26T13:49:13Z</time></trkpt><trkpt lat="34.710731" lon="-119.80454"><ele>1883.0</ele><time>2026-05-26T13:49:20Z</time></trkpt><trkpt lat="34.710786" lon="-119.804613"><ele>1885.0</ele><time>2026-05-26T13:49:26Z</time></trkpt><trkpt lat="34.710791" lon="-119.804649"><ele>1884.2</ele><time>2026-05-26T13:49:27Z</time></trkpt><trkpt lat="34.710875" lon="-119.804784"><ele>1879.0</ele><time>2026-05-26T13:49:42Z</time></trkpt><trkpt lat="34.710913" lon="-119.804881"><ele>1884.0</ele><time>2026-05-26T13:49:56Z</time></trkpt><trkpt lat="34.710918" lon="-119.804921"><ele>1885.0</ele><time>2026-05-26T13:50:00Z</time></trkpt><trkpt lat="34.710958" lon="-119.804889"><ele>1884.0</ele><time>2026-05-26T13:50:02Z</time></trkpt><trkpt lat="34.711097" lon="-119.804853"><ele>1883.0</ele><time>2026-05-26T13:50:14Z</time></trkpt><trkpt lat="34.711111" lon="-119.804826"><ele>1880.0</ele><time>2026-05-26T13:50:18Z</time></trkpt><trkpt lat="34.711115" lon="-119.804852"><ele>1877.0</ele><time>2026-05-26T13:50:23Z</time></trkpt><trkpt lat="34.711148" lon="-119.804897"><ele>1884.0</ele><time>2026-05-26T13:50:29Z</time></trkpt><trkpt lat="34.711159" lon="-119.804933"><ele>1884.0</ele><time>2026-05-26T13:50:33Z</time></trkpt><trkpt lat="34.711189" lon="-119.804931"><ele>1883.0</ele><time>2026-05-26T13:50:36Z</time></trkpt><trkpt lat="34.711225" lon="-119.804952"><ele>1884.0</ele><time>2026-05-26T13:50:39Z</time></trkpt><trkpt lat="34.711258" lon="-119.805"><ele>1883.0</ele><time>2026-05-26T13:50:46Z</time></trkpt><trkpt lat="34.711296" lon="-119.805031"><ele>1883.0</ele><time>2026-05-26T13:50:50Z</time></trkpt><trkpt lat="34.711413" lon="-119.805023"><ele>1893.0</ele><time>2026-05-26T13:51:06Z</time></trkpt><trkpt lat="34.711511" lon="-119.805046"><ele>1896.0</ele><time>2026-05-26T13:51:14Z</time></trkpt><trkpt lat="34.711576" lon="-119.805095"><ele>1894.0</ele><time>2026-05-26T13:51:20Z</time></trkpt><trkpt lat="34.711676" lon="-119.805111"><ele>1892.0</ele><time>2026-05-26T13:51:29Z</time></trkpt><trkpt lat="34.71177" lon="-119.805074"><ele>1892.0</ele><time>2026-05-26T13:51:38Z</time></trkpt><trkpt lat="34.711866" lon="-119.805069"><ele>1896.0</ele><time>2026-05-26T13:51:49Z</time></trkpt><trkpt lat="34.711934" lon="-119.805037"><ele>1900.0</ele><time>2026-05-26T13:51:56Z</time></trkpt><trkpt lat="34.71196" lon="-119.805048"><ele>1902.8</ele><time>2026-05-26T13:51:59Z</time></trkpt><trkpt lat="34.712036" lon="-119.805017"><ele>1901.0</ele><time>2026-05-26T13:52:05Z</time></trkpt><trkpt lat="34.712071" lon="-119.804988"><ele>1896.0</ele><time>2026-05-26T13:52:09Z</time></trkpt><trkpt lat="34.712108" lon="-119.80499"><ele>1892.0</ele><time>2026-05-26T13:52:15Z</time></trkpt><trkpt lat="34.712156" lon="-119.805016"><ele>1896.1</ele><time>2026-05-26T13:52:19Z</time></trkpt><trkpt lat="34.712197" lon="-119.805059"><ele>1897.0</ele><time>2026-05-26T13:52:23Z</time></trkpt><trkpt lat="34.712223" lon="-119.80514"><ele>1898.0</ele><time>2026-05-26T13:52:33Z</time></trkpt><trkpt lat="34.712227" lon="-119.8052"><ele>1899.0</ele><time>2026-05-26T13:52:43Z</time></trkpt><trkpt lat="34.712142" lon="-119.805358"><ele>1901.0</ele><time>2026-05-26T13:53:00Z</time></trkpt><trkpt lat="34.712179" lon="-119.805445"><ele>1904.0</ele><time>2026-05-26T13:53:08Z</time></trkpt><trkpt lat="34.712185" lon="-119.805489"><ele>1903.0</ele><time>2026-05-26T13:53:10Z</time></trkpt><trkpt lat="34.712217" lon="-119.805527"><ele>1900.0</ele><time>2026-05-26T13:53:13Z</time></trkpt><trkpt lat="34.712274" lon="-119.805501"><ele>1897.0</ele><time>2026-05-26T13:53:24Z</time></trkpt><trkpt lat="34.712306" lon="-119.805423"><ele>1898.0</ele><time>2026-05-26T13:53:35Z</time></trkpt><trkpt lat="34.712271" lon="-119.80542"><ele>1900.0</ele><time>2026-05-26T13:53:43Z</time></trkpt><trkpt lat="34.712279" lon="-119.805432"><ele>1897.0</ele><time>2026-05-26T13:53:51Z</time></trkpt><trkpt lat="34.712328" lon="-119.805378"><ele>1896.0</ele><time>2026-05-26T13:54:08Z</time></trkpt><trkpt lat="34.712304" lon="-119.805351"><ele>1893.0</ele><time>2026-05-26T13:54:17Z</time></trkpt><trkpt lat="34.712288" lon="-119.805345"><ele>1894.0</ele><time>2026-05-26T13:54:31Z</time></trkpt><trkpt lat="34.712277" lon="-119.805392"><ele>1895.0</ele><time>2026-05-26T13:54:38Z</time></trkpt><trkpt lat="34.712319" lon="-119.805428"><ele>1896.0</ele><time>2026-05-26T13:54:44Z</time></trkpt><trkpt lat="34.712385" lon="-119.805455"><ele>1902.0</ele><time>2026-05-26T13:54:56Z</time></trkpt><trkpt lat="34.712384" lon="-119.805489"><ele>1902.0</ele><time>2026-05-26T13:55:12Z</time></trkpt><trkpt lat="34.712444" lon="-119.805545"><ele>1903.0</ele><time>2026-05-26T13:55:19Z</time></trkpt><trkpt lat="34.712525" lon="-119.805709"><ele>1908.0</ele><time>2026-05-26T13:55:34Z</time></trkpt><trkpt lat="34.712579" lon="-119.805763"><ele>1908.0</ele><time>2026-05-26T13:55:40Z</time></trkpt><trkpt lat="34.712637" lon="-119.805796"><ele>1911.0</ele><time>2026-05-26T13:55:47Z</time></trkpt><trkpt lat="34.71269" lon="-119.805806"><ele>1912.0</ele><time>2026-05-26T13:55:52Z</time></trkpt><trkpt lat="34.712724" lon="-119.805793"><ele>1914.0</ele><time>2026-05-26T13:55:55Z</time></trkpt><trkpt lat="34.712768" lon="-119.805825"><ele>1916.0</ele><time>2026-05-26T13:56:02Z</time></trkpt><trkpt lat="34.712886" lon="-119.805861"><ele>1917.0</ele><time>2026-05-26T13:56:15Z</time></trkpt><trkpt lat="34.71294" lon="-119.80592"><ele>1916.0</ele><time>2026-05-26T13:56:23Z</time></trkpt><trkpt lat="34.712997" lon="-119.805895"><ele>1916.0</ele><time>2026-05-26T13:56:29Z</time></trkpt><trkpt lat="34.713083" lon="-119.805918"><ele>1917.0</ele><time>2026-05-26T13:56:40Z</time></trkpt><trkpt lat="34.713219" lon="-119.806041"><ele>1917.0</ele><time>2026-05-26T13:56:56Z</time></trkpt><trkpt lat="34.713254" lon="-119.806138"><ele>1918.0</ele><time>2026-05-26T13:57:06Z</time></trkpt><trkpt lat="34.713292" lon="-119.806157"><ele>1918.0</ele><time>2026-05-26T13:57:09Z</time></trkpt><trkpt lat="34.713308" lon="-119.806183"><ele>1919.0</ele><time>2026-05-26T13:57:13Z</time></trkpt><trkpt lat="34.713315" lon="-119.806222"><ele>1920.0</ele><time>2026-05-26T13:57:15Z</time></trkpt><trkpt lat="34.713435" lon="-119.806326"><ele>1922.0</ele><time>2026-05-26T13:57:29Z</time></trkpt><trkpt lat="34.713477" lon="-119.806321"><ele>1920.0</ele><time>2026-05-26T13:57:32Z</time></trkpt><trkpt lat="34.713508" lon="-119.806339"><ele>1922.0</ele><time>2026-05-26T13:57:35Z</time></trkpt><trkpt lat="34.713501" lon="-119.806396"><ele>1923.0</ele><time>2026-05-26T13:57:42Z</time></trkpt><trkpt lat="34.713551" lon="-119.8065"><ele>1920.0</ele><time>2026-05-26T13:57:53Z</time></trkpt><trkpt lat="34.713544" lon="-119.806625"><ele>1922.0</ele><time>2026-05-26T13:58:02Z</time></trkpt><trkpt lat="34.713538" lon="-119.806659"><ele>1922.0</ele><time>2026-05-26T13:58:05Z</time></trkpt><trkpt lat="34.713515" lon="-119.806691"><ele>1920.0</ele><time>2026-05-26T13:58:08Z</time></trkpt><trkpt lat="34.713466" lon="-119.80681"><ele>1920.0</ele><time>2026-05-26T13:58:17Z</time></trkpt><trkpt lat="34.713414" lon="-119.806864"><ele>1920.0</ele><time>2026-05-26T13:58:22Z</time></trkpt><trkpt lat="34.713404" lon="-119.80697"><ele>1924.0</ele><time>2026-05-26T13:58:31Z</time></trkpt><trkpt lat="34.713412" lon="-119.807004"><ele>1926.0</ele><time>2026-05-26T13:58:35Z</time></trkpt><trkpt lat="34.713477" lon="-119.807075"><ele>1925.0</ele><time>2026-05-26T13:58:43Z</time></trkpt><trkpt lat="34.713511" lon="-119.807194"><ele>1926.0</ele><time>2026-05-26T13:58:54Z</time></trkpt><trkpt lat="34.71351" lon="-119.807228"><ele>1928.0</ele><time>2026-05-26T13:58:56Z</time></trkpt><trkpt lat="34.713559" lon="-119.807289"><ele>1928.0</ele><time>2026-05-26T13:59:02Z</time></trkpt><trkpt lat="34.713567" lon="-119.807357"><ele>1929.0</ele><time>2026-05-26T13:59:06Z</time></trkpt><trkpt lat="34.713597" lon="-119.807448"><ele>1927.0</ele><time>2026-05-26T13:59:15Z</time></trkpt><trkpt lat="34.713667" lon="-119.807497"><ele>1930.0</ele><time>2026-05-26T13:59:21Z</time></trkpt><trkpt lat="34.713691" lon="-119.807544"><ele>1930.0</ele><time>2026-05-26T13:59:25Z</time></trkpt><trkpt lat="34.713743" lon="-119.807597"><ele>1928.0</ele><time>2026-05-26T13:59:31Z</time></trkpt><trkpt lat="34.713789" lon="-119.807597"><ele>1929.0</ele><time>2026-05-26T13:59:35Z</time></trkpt><trkpt lat="34.713839" lon="-119.807643"><ele>1927.0</ele><time>2026-05-26T13:59:40Z</time></trkpt><trkpt lat="34.713893" lon="-119.807835"><ele>1928.0</ele><time>2026-05-26T13:59:55Z</time></trkpt><trkpt lat="34.713927" lon="-119.807866"><ele>1928.0</ele><time>2026-05-26T13:59:58Z</time></trkpt><trkpt lat="34.713962" lon="-119.807869"><ele>1929.0</ele><time>2026-05-26T14:00:00Z</time></trkpt><trkpt lat="34.714027" lon="-119.807894"><ele>1930.0</ele><time>2026-05-26T14:00:08Z</time></trkpt><trkpt lat="34.714059" lon="-119.807958"><ele>1932.0</ele><time>2026-05-26T14:00:14Z</time></trkpt><trkpt lat="34.714111" lon="-119.808019"><ele>1933.0</ele><time>2026-05-26T14:00:24Z</time></trkpt><trkpt lat="34.714166" lon="-119.80805"><ele>1932.0</ele><time>2026-05-26T14:00:31Z</time></trkpt><trkpt lat="34.714227" lon="-119.808068"><ele>1935.0</ele><time>2026-05-26T14:00:39Z</time></trkpt><trkpt lat="34.714257" lon="-119.808092"><ele>1935.0</ele><time>2026-05-26T14:00:46Z</time></trkpt><trkpt lat="34.714277" lon="-119.808155"><ele>1933.0</ele><time>2026-05-26T14:00:57Z</time></trkpt><trkpt lat="34.714254" lon="-119.808227"><ele>1938.0</ele><time>2026-05-26T14:01:05Z</time></trkpt><trkpt lat="34.714262" lon="-119.808293"><ele>1939.0</ele><time>2026-05-26T14:01:15Z</time></trkpt><trkpt lat="34.71428" lon="-119.808323"><ele>1941.0</ele><time>2026-05-26T14:01:20Z</time></trkpt><trkpt lat="34.714352" lon="-119.808367"><ele>1939.0</ele><time>2026-05-26T14:01:29Z</time></trkpt><trkpt lat="34.714385" lon="-119.808365"><ele>1940.0</ele><time>2026-05-26T14:01:34Z</time></trkpt><trkpt lat="34.714425" lon="-119.808382"><ele>1940.0</ele><time>2026-05-26T14:01:39Z</time></trkpt><trkpt lat="34.714426" lon="-119.808424"><ele>1942.0</ele><time>2026-05-26T14:01:44Z</time></trkpt><trkpt lat="34.714445" lon="-119.808451"><ele>1945.0</ele><time>2026-05-26T14:01:49Z</time></trkpt><trkpt lat="34.714471" lon="-119.808468"><ele>1947.0</ele><time>2026-05-26T14:01:54Z</time></trkpt><trkpt lat="34.714516" lon="-119.808448"><ele>1947.0</ele><time>2026-05-26T14:02:00Z</time></trkpt><trkpt lat="34.714548" lon="-119.808504"><ele>1945.0</ele><time>2026-05-26T14:02:07Z</time></trkpt><trkpt lat="34.714552" lon="-119.808575"><ele>1948.0</ele><time>2026-05-26T14:02:18Z</time></trkpt><trkpt lat="34.714514" lon="-119.808679"><ele>1953.0</ele><time>2026-05-26T14:02:32Z</time></trkpt><trkpt lat="34.714527" lon="-119.808749"><ele>1952.0</ele><time>2026-05-26T14:02:37Z</time></trkpt><trkpt lat="34.714592" lon="-119.808807"><ele>1954.0</ele><time>2026-05-26T14:02:44Z</time></trkpt><trkpt lat="34.714601" lon="-119.80897"><ele>1954.0</ele><time>2026-05-26T14:02:59Z</time></trkpt><trkpt lat="34.714638" lon="-119.809035"><ele>1956.0</ele><time>2026-05-26T14:03:03Z</time></trkpt><trkpt lat="34.714664" lon="-119.809061"><ele>1956.0</ele><time>2026-05-26T14:03:06Z</time></trkpt><trkpt lat="34.714701" lon="-119.809076"><ele>1955.0</ele><time>2026-05-26T14:03:08Z</time></trkpt><trkpt lat="34.714724" lon="-119.809119"><ele>1956.0</ele><time>2026-05-26T14:03:11Z</time></trkpt><trkpt lat="34.714756" lon="-119.809138"><ele>1958.0</ele><time>2026-05-26T14:03:13Z</time></trkpt><trkpt lat="34.714776" lon="-119.809167"><ele>1959.0</ele><time>2026-05-26T14:03:15Z</time></trkpt><trkpt lat="34.714806" lon="-119.809168"><ele>1960.0</ele><time>2026-05-26T14:03:17Z</time></trkpt><trkpt lat="34.714871" lon="-119.80919"><ele>1960.0</ele><time>2026-05-26T14:03:24Z</time></trkpt><trkpt lat="34.714923" lon="-119.809237"><ele>1961.0</ele><time>2026-05-26T14:03:31Z</time></trkpt><trkpt lat="34.714939" lon="-119.809317"><ele>1960.0</ele><time>2026-05-26T14:03:41Z</time></trkpt><trkpt lat="34.715018" lon="-119.809462"><ele>1960.0</ele><time>2026-05-26T14:03:53Z</time></trkpt><trkpt lat="34.715049" lon="-119.8095"><ele>1956.0</ele><time>2026-05-26T14:03:57Z</time></trkpt><trkpt lat="34.715064" lon="-119.809682"><ele>1958.8</ele><time>2026-05-26T14:04:14Z</time></trkpt><trkpt lat="34.71509" lon="-119.809748"><ele>1960.0</ele><time>2026-05-26T14:04:21Z</time></trkpt><trkpt lat="34.715089" lon="-119.809798"><ele>1961.0</ele><time>2026-05-26T14:04:26Z</time></trkpt><trkpt lat="34.715122" lon="-119.809862"><ele>1962.0</ele><time>2026-05-26T14:04:32Z</time></trkpt><trkpt lat="34.715133" lon="-119.809928"><ele>1961.0</ele><time>2026-05-26T14:04:41Z</time></trkpt><trkpt lat="34.715128" lon="-119.810019"><ele>1965.0</ele><time>2026-05-26T14:04:51Z</time></trkpt><trkpt lat="34.715162" lon="-119.810084"><ele>1964.0</ele><time>2026-05-26T14:04:54Z</time></trkpt><trkpt lat="34.715166" lon="-119.810125"><ele>1964.0</ele><time>2026-05-26T14:04:57Z</time></trkpt><trkpt lat="34.715144" lon="-119.810207"><ele>1962.0</ele><time>2026-05-26T14:05:06Z</time></trkpt><trkpt lat="34.715083" lon="-119.81023"><ele>1968.0</ele><time>2026-05-26T14:05:22Z</time></trkpt><trkpt lat="34.71506" lon="-119.8103"><ele>1971.0</ele><time>2026-05-26T14:05:33Z</time></trkpt><trkpt lat="34.715023" lon="-119.810339"><ele>1970.0</ele><time>2026-05-26T14:05:40Z</time></trkpt><trkpt lat="34.715006" lon="-119.810376"><ele>1974.0</ele><time>2026-05-26T14:05:43Z</time></trkpt><trkpt lat="34.714985" lon="-119.810545"><ele>1974.0</ele><time>2026-05-26T14:05:57Z</time></trkpt><trkpt lat="34.714897" lon="-119.810544"><ele>1976.0</ele><time>2026-05-26T14:06:10Z</time></trkpt><trkpt lat="34.714864" lon="-119.810512"><ele>1977.0</ele><time>2026-05-26T14:06:14Z</time></trkpt><trkpt lat="34.71483" lon="-119.810514"><ele>1981.0</ele><time>2026-05-26T14:06:20Z</time></trkpt><trkpt lat="34.714797" lon="-119.810581"><ele>1980.0</ele><time>2026-05-26T14:06:26Z</time></trkpt><trkpt lat="34.714795" lon="-119.81065"><ele>1980.0</ele><time>2026-05-26T14:06:30Z</time></trkpt><trkpt lat="34.71478" lon="-119.810722"><ele>1980.0</ele><time>2026-05-26T14:06:35Z</time></trkpt><trkpt lat="34.714734" lon="-119.810792"><ele>1980.0</ele><time>2026-05-26T14:06:41Z</time></trkpt><trkpt lat="34.714703" lon="-119.810816"><ele>1980.0</ele><time>2026-05-26T14:06:45Z</time></trkpt><trkpt lat="34.71468" lon="-119.810869"><ele>1980.0</ele><time>2026-05-26T14:06:51Z</time></trkpt><trkpt lat="34.714575" lon="-119.810989"><ele>1983.0</ele><time>2026-05-26T14:07:07Z</time></trkpt><trkpt lat="34.714562" lon="-119.811025"><ele>1983.0</ele><time>2026-05-26T14:07:10Z</time></trkpt><trkpt lat="34.714524" lon="-119.811043"><ele>1985.0</ele><time>2026-05-26T14:07:16Z</time></trkpt><trkpt lat="34.714468" lon="-119.811103"><ele>1986.0</ele><time>2026-05-26T14:07:24Z</time></trkpt><trkpt lat="34.714408" lon="-119.811136"><ele>1986.0</ele><time>2026-05-26T14:07:31Z</time></trkpt><trkpt lat="34.714333" lon="-119.811152"><ele>1986.0</ele><time>2026-05-26T14:07:39Z</time></trkpt><trkpt lat="34.714303" lon="-119.811149"><ele>1988.0</ele><time>2026-05-26T14:07:43Z</time></trkpt><trkpt lat="34.714242" lon="-119.811183"><ele>1989.0</ele><time>2026-05-26T14:07:50Z</time></trkpt><trkpt lat="34.714136" lon="-119.811341"><ele>1972.0</ele><time>2026-05-26T14:08:11Z</time></trkpt><trkpt lat="34.714141" lon="-119.811428"><ele>1983.0</ele><time>2026-05-26T14:08:24Z</time></trkpt><trkpt lat="34.714169" lon="-119.811457"><ele>1983.0</ele><time>2026-05-26T14:08:35Z</time></trkpt><trkpt lat="34.71416" lon="-119.81143"><ele>1984.0</ele><time>2026-05-26T14:08:46Z</time></trkpt><trkpt lat="34.71404" lon="-119.811329"><ele>1983.0</ele><time>2026-05-26T14:09:02Z</time></trkpt><trkpt lat="34.714006" lon="-119.811353"><ele>1986.0</ele><time>2026-05-26T14:09:05Z</time></trkpt><trkpt lat="34.713987" lon="-119.811391"><ele>1986.0</ele><time>2026-05-26T14:09:08Z</time></trkpt><trkpt lat="34.713957" lon="-119.81139"><ele>1985.0</ele><time>2026-05-26T14:09:12Z</time></trkpt><trkpt lat="34.713925" lon="-119.81137"><ele>1986.0</ele><time>2026-05-26T14:09:16Z</time></trkpt><trkpt lat="34.713863" lon="-119.811368"><ele>1988.0</ele><time>2026-05-26T14:09:21Z</time></trkpt><trkpt lat="34.713781" lon="-119.811383"><ele>1989.0</ele><time>2026-05-26T14:09:28Z</time></trkpt><trkpt lat="34.713702" lon="-119.811378"><ele>1988.0</ele><time>2026-05-26T14:09:35Z</time></trkpt><trkpt lat="34.713658" lon="-119.811387"><ele>1990.0</ele><time>2026-05-26T14:09:37Z</time></trkpt><trkpt lat="34.713446" lon="-119.811353"><ele>1991.0</ele><time>2026-05-26T14:09:53Z</time></trkpt><trkpt lat="34.71338" lon="-119.811371"><ele>1991.0</ele><time>2026-05-26T14:09:57Z</time></trkpt><trkpt lat="34.71335" lon="-119.811389"><ele>1991.0</ele><time>2026-05-26T14:09:59Z</time></trkpt><trkpt lat="34.713317" lon="-119.811372"><ele>1990.0</ele><time>2026-05-26T14:10:02Z</time></trkpt><trkpt lat="34.713295" lon="-119.811401"><ele>1992.0</ele><time>2026-05-26T14:10:05Z</time></trkpt><trkpt lat="34.713249" lon="-119.81141"><ele>1992.0</ele><time>2026-05-26T14:10:11Z</time></trkpt><trkpt lat="34.713167" lon="-119.81138"><ele>1990.0</ele><time>2026-05-26T14:10:18Z</time></trkpt><trkpt lat="34.713134" lon="-119.811379"><ele>1991.0</ele><time>2026-05-26T14:10:20Z</time></trkpt><trkpt lat="34.71307" lon="-119.811397"><ele>1991.0</ele><time>2026-05-26T14:10:26Z</time></trkpt><trkpt lat="34.713021" lon="-119.811437"><ele>1988.0</ele><time>2026-05-26T14:10:36Z</time></trkpt><trkpt lat="34.712986" lon="-119.811441"><ele>1988.0</ele><time>2026-05-26T14:10:39Z</time></trkpt><trkpt lat="34.712924" lon="-119.811498"><ele>1988.0</ele><time>2026-05-26T14:10:46Z</time></trkpt><trkpt lat="34.712814" lon="-119.811499"><ele>1987.0</ele><time>2026-05-26T14:10:55Z</time></trkpt><trkpt lat="34.712727" lon="-119.811596"><ele>1993.0</ele><time>2026-05-26T14:11:05Z</time></trkpt><trkpt lat="34.712693" lon="-119.811585"><ele>1994.0</ele><time>2026-05-26T14:11:08Z</time></trkpt><trkpt lat="34.712584" lon="-119.811648"><ele>1996.0</ele><time>2026-05-26T14:11:24Z</time></trkpt><trkpt lat="34.712561" lon="-119.811618"><ele>1998.0</ele><time>2026-05-26T14:11:28Z</time></trkpt><trkpt lat="34.712517" lon="-119.811633"><ele>1999.0</ele><time>2026-05-26T14:11:33Z</time></trkpt><trkpt lat="34.712494" lon="-119.811668"><ele>1998.0</ele><time>2026-05-26T14:11:35Z</time></trkpt><trkpt lat="34.71235" lon="-119.811742"><ele>2000.0</ele><time>2026-05-26T14:11:49Z</time></trkpt><trkpt lat="34.712307" lon="-119.811816"><ele>2001.0</ele><time>2026-05-26T14:11:55Z</time></trkpt><trkpt lat="34.712301" lon="-119.811857"><ele>2001.0</ele><time>2026-05-26T14:11:58Z</time></trkpt><trkpt lat="34.712241" lon="-119.811954"><ele>2001.0</ele><time>2026-05-26T14:12:07Z</time></trkpt><trkpt lat="34.712215" lon="-119.811978"><ele>2002.0</ele><time>2026-05-26T14:12:10Z</time></trkpt><trkpt lat="34.712148" lon="-119.811994"><ele>2001.0</ele><time>2026-05-26T14:12:16Z</time></trkpt><trkpt lat="34.712126" lon="-119.812023"><ele>2002.0</ele><time>2026-05-26T14:12:18Z</time></trkpt><trkpt lat="34.712094" lon="-119.812093"><ele>2000.0</ele><time>2026-05-26T14:12:23Z</time></trkpt><trkpt lat="34.712085" lon="-119.812216"><ele>1998.0</ele><time>2026-05-26T14:12:29Z</time></trkpt><trkpt lat="34.712064" lon="-119.81229"><ele>1999.0</ele><time>2026-05-26T14:12:33Z</time></trkpt><trkpt lat="34.712034" lon="-119.812323"><ele>1999.1</ele><time>2026-05-26T14:12:36Z</time></trkpt><trkpt lat="34.711982" lon="-119.812415"><ele>1998.0</ele><time>2026-05-26T14:12:43Z</time></trkpt><trkpt lat="34.711935" lon="-119.812584"><ele>2000.0</ele><time>2026-05-26T14:12:58Z</time></trkpt><trkpt lat="34.711855" lon="-119.812613"><ele>2001.0</ele><time>2026-05-26T14:13:06Z</time></trkpt><trkpt lat="34.711829" lon="-119.812634"><ele>2001.0</ele><time>2026-05-26T14:13:09Z</time></trkpt><trkpt lat="34.711729" lon="-119.812795"><ele>2004.0</ele><time>2026-05-26T14:13:23Z</time></trkpt><trkpt lat="34.711691" lon="-119.812971"><ele>2004.0</ele><time>2026-05-26T14:13:35Z</time></trkpt><trkpt lat="34.711698" lon="-119.813028"><ele>2004.0</ele><time>2026-05-26T14:13:41Z</time></trkpt><trkpt lat="34.711638" lon="-119.813139"><ele>2004.0</ele><time>2026-05-26T14:13:57Z</time></trkpt><trkpt lat="34.711579" lon="-119.813171"><ele>2004.0</ele><time>2026-05-26T14:14:02Z</time></trkpt><trkpt lat="34.711477" lon="-119.813334"><ele>2002.0</ele><time>2026-05-26T14:14:17Z</time></trkpt><trkpt lat="34.711421" lon="-119.813371"><ele>2001.0</ele><time>2026-05-26T14:14:23Z</time></trkpt><trkpt lat="34.711369" lon="-119.813352"><ele>1999.0</ele><time>2026-05-26T14:15:01Z</time></trkpt><trkpt lat="34.711475" lon="-119.813382"><ele>2004.0</ele><time>2026-05-26T14:15:57Z</time></trkpt><trkpt lat="34.711491" lon="-119.813415"><ele>2004.0</ele><time>2026-05-26T14:15:59Z</time></trkpt><trkpt lat="34.711513" lon="-119.813536"><ele>2004.0</ele><time>2026-05-26T14:16:11Z</time></trkpt><trkpt lat="34.711493" lon="-119.813644"><ele>2004.0</ele><time>2026-05-26T14:16:19Z</time></trkpt><trkpt lat="34.711402" lon="-119.813745"><ele>2006.0</ele><time>2026-05-26T14:16:30Z</time></trkpt><trkpt lat="34.711358" lon="-119.813765"><ele>2006.0</ele><time>2026-05-26T14:16:49Z</time></trkpt><trkpt lat="34.711345" lon="-119.813791"><ele>2004.0</ele><time>2026-05-26T14:16:56Z</time></trkpt><trkpt lat="34.711278" lon="-119.813846"><ele>2005.0</ele><time>2026-05-26T14:17:05Z</time></trkpt><trkpt lat="34.711261" lon="-119.81389"><ele>2005.0</ele><time>2026-05-26T14:17:14Z</time></trkpt><trkpt lat="34.711222" lon="-119.813913"><ele>2006.0</ele><time>2026-05-26T14:17:18Z</time></trkpt><trkpt lat="34.711111" lon="-119.814086"><ele>2004.0</ele><time>2026-05-26T14:18:08Z</time></trkpt><trkpt lat="34.711054" lon="-119.814282"><ele>2000.0</ele><time>2026-05-26T14:19:07Z</time></trkpt><trkpt lat="34.711017" lon="-119.814336"><ele>2000.0</ele><time>2026-05-26T14:20:10Z</time></trkpt><trkpt lat="34.711004" lon="-119.814386"><ele>1999.0</ele><time>2026-05-26T14:20:14Z</time></trkpt><trkpt lat="34.710978" lon="-119.81443"><ele>1999.0</ele><time>2026-05-26T14:20:17Z</time></trkpt><trkpt lat="34.710985" lon="-119.814483"><ele>1993.0</ele><time>2026-05-26T14:20:29Z</time></trkpt><trkpt lat="34.710946" lon="-119.814619"><ele>1992.0</ele><time>2026-05-26T14:20:43Z</time></trkpt><trkpt lat="34.710908" lon="-119.814679"><ele>1993.0</ele><time>2026-05-26T14:20:48Z</time></trkpt><trkpt lat="34.710853" lon="-119.814728"><ele>1992.0</ele><time>2026-05-26T14:20:53Z</time></trkpt><trkpt lat="34.710785" lon="-119.814842"><ele>1990.0</ele><time>2026-05-26T14:21:06Z</time></trkpt><trkpt lat="34.710651" lon="-119.815002"><ele>1984.0</ele><time>2026-05-26T14:21:21Z</time></trkpt><trkpt lat="34.710641" lon="-119.815041"><ele>1983.0</ele><time>2026-05-26T14:21:24Z</time></trkpt><trkpt lat="34.710644" lon="-119.815086"><ele>1979.0</ele><time>2026-05-26T14:21:27Z</time></trkpt><trkpt lat="34.710597" lon="-119.815251"><ele>1978.0</ele><time>2026-05-26T14:21:36Z</time></trkpt><trkpt lat="34.71055" lon="-119.815308"><ele>1979.0</ele><time>2026-05-26T14:21:40Z</time></trkpt><trkpt lat="34.710506" lon="-119.815411"><ele>1974.0</ele><time>2026-05-26T14:21:48Z</time></trkpt><trkpt lat="34.710471" lon="-119.81544"><ele>1974.0</ele><time>2026-05-26T14:21:51Z</time></trkpt><trkpt lat="34.710434" lon="-119.815491"><ele>1973.0</ele><time>2026-05-26T14:21:55Z</time></trkpt><trkpt lat="34.710326" lon="-119.815571"><ele>1969.0</ele><time>2026-05-26T14:22:03Z</time></trkpt><trkpt lat="34.71028" lon="-119.815622"><ele>1970.0</ele><time>2026-05-26T14:22:07Z</time></trkpt><trkpt lat="34.710214" lon="-119.815791"><ele>1967.0</ele><time>2026-05-26T14:22:21Z</time></trkpt><trkpt lat="34.71016" lon="-119.815832"><ele>1963.0</ele><time>2026-05-26T14:22:27Z</time></trkpt><trkpt lat="34.710142" lon="-119.815869"><ele>1965.0</ele><time>2026-05-26T14:22:29Z</time></trkpt><trkpt lat="34.71014" lon="-119.815937"><ele>1965.0</ele><time>2026-05-26T14:22:34Z</time></trkpt><trkpt lat="34.710108" lon="-119.816003"><ele>1964.0</ele><time>2026-05-26T14:22:52Z</time></trkpt><trkpt lat="34.710058" lon="-119.816037"><ele>1966.0</ele><time>2026-05-26T14:23:12Z</time></trkpt><trkpt lat="34.71003" lon="-119.816094"><ele>1968.0</ele><time>2026-05-26T14:23:20Z</time></trkpt><trkpt lat="34.70996" lon="-119.81611"><ele>1970.0</ele><time>2026-05-26T14:23:28Z</time></trkpt><trkpt lat="34.709871" lon="-119.816164"><ele>1971.0</ele><time>2026-05-26T14:23:37Z</time></trkpt><trkpt lat="34.709821" lon="-119.816206"><ele>1974.0</ele><time>2026-05-26T14:23:42Z</time></trkpt><trkpt lat="34.709728" lon="-119.816251"><ele>1974.0</ele><time>2026-05-26T14:23:50Z</time></trkpt><trkpt lat="34.70969" lon="-119.81632"><ele>1974.0</ele><time>2026-05-26T14:23:56Z</time></trkpt><trkpt lat="34.709624" lon="-119.816352"><ele>1976.0</ele><time>2026-05-26T14:24:15Z</time></trkpt><trkpt lat="34.709577" lon="-119.816425"><ele>1974.0</ele><time>2026-05-26T14:24:21Z</time></trkpt><trkpt lat="34.70956" lon="-119.816497"><ele>1974.0</ele><time>2026-05-26T14:24:26Z</time></trkpt><trkpt lat="34.709525" lon="-119.816577"><ele>1976.0</ele><time>2026-05-26T14:24:32Z</time></trkpt><trkpt lat="34.709555" lon="-119.816571"><ele>1970.0</ele><time>2026-05-26T14:24:56Z</time></trkpt><trkpt lat="34.70956" lon="-119.816679"><ele>1974.0</ele><time>2026-05-26T14:25:16Z</time></trkpt><trkpt lat="34.709591" lon="-119.816709"><ele>1968.0</ele><time>2026-05-26T14:25:31Z</time></trkpt><trkpt lat="34.70955" lon="-119.8167"><ele>1976.7</ele><time>2026-05-26T14:25:37Z</time></trkpt><trkpt lat="34.70953" lon="-119.816728"><ele>1974.0</ele><time>2026-05-26T14:25:39Z</time></trkpt><trkpt lat="34.709442" lon="-119.816798"><ele>1971.0</ele><time>2026-05-26T14:25:49Z</time></trkpt><trkpt lat="34.709384" lon="-119.816827"><ele>1970.0</ele><time>2026-05-26T14:25:54Z</time></trkpt><trkpt lat="34.709326" lon="-119.816883"><ele>1970.0</ele><time>2026-05-26T14:25:58Z</time></trkpt><trkpt lat="34.709352" lon="-119.817033"><ele>1970.0</ele><time>2026-05-26T14:26:06Z</time></trkpt><trkpt lat="34.709337" lon="-119.817109"><ele>1970.0</ele><time>2026-05-26T14:26:11Z</time></trkpt><trkpt lat="34.709354" lon="-119.817155"><ele>1970.0</ele><time>2026-05-26T14:26:26Z</time></trkpt><trkpt lat="34.709352" lon="-119.817083"><ele>1964.0</ele><time>2026-05-26T14:26:32Z</time></trkpt><trkpt lat="34.709327" lon="-119.817115"><ele>1965.0</ele><time>2026-05-26T14:26:36Z</time></trkpt><trkpt lat="34.709312" lon="-119.817181"><ele>1964.0</ele><time>2026-05-26T14:26:41Z</time></trkpt><trkpt lat="34.709283" lon="-119.817251"><ele>1964.0</ele><time>2026-05-26T14:26:45Z</time></trkpt><trkpt lat="34.709282" lon="-119.817361"><ele>1962.0</ele><time>2026-05-26T14:26:51Z</time></trkpt><trkpt lat="34.709246" lon="-119.817503"><ele>1965.0</ele><time>2026-05-26T14:27:00Z</time></trkpt><trkpt lat="34.709259" lon="-119.817539"><ele>1966.0</ele><time>2026-05-26T14:27:03Z</time></trkpt><trkpt lat="34.709269" lon="-119.817505"><ele>1963.0</ele><time>2026-05-26T14:27:07Z</time></trkpt><trkpt lat="34.709254" lon="-119.817747"><ele>1959.0</ele><time>2026-05-26T14:27:24Z</time></trkpt><trkpt lat="34.709314" lon="-119.817939"><ele>1954.0</ele><time>2026-05-26T14:27:37Z</time></trkpt><trkpt lat="34.709319" lon="-119.818014"><ele>1954.0</ele><time>2026-05-26T14:27:41Z</time></trkpt><trkpt lat="34.709346" lon="-119.818079"><ele>1954.0</ele><time>2026-05-26T14:27:45Z</time></trkpt><trkpt lat="34.709364" lon="-119.818188"><ele>1954.0</ele><time>2026-05-26T14:27:52Z</time></trkpt><trkpt lat="34.709402" lon="-119.818288"><ele>1954.0</ele><time>2026-05-26T14:27:58Z</time></trkpt><trkpt lat="34.709413" lon="-119.818426"><ele>1954.0</ele><time>2026-05-26T14:28:06Z</time></trkpt><trkpt lat="34.709447" lon="-119.818516"><ele>1952.0</ele><time>2026-05-26T14:28:12Z</time></trkpt><trkpt lat="34.709465" lon="-119.818839"><ele>1950.0</ele><time>2026-05-26T14:28:30Z</time></trkpt><trkpt lat="34.709511" lon="-119.818941"><ele>1950.0</ele><time>2026-05-26T14:28:38Z</time></trkpt><trkpt lat="34.709576" lon="-119.818989"><ele>1947.0</ele><time>2026-05-26T14:28:50Z</time></trkpt><trkpt lat="34.709606" lon="-119.81907"><ele>1950.0</ele><time>2026-05-26T14:29:00Z</time></trkpt><trkpt lat="34.709677" lon="-119.819181"><ele>1948.0</ele><time>2026-05-26T14:29:09Z</time></trkpt><trkpt lat="34.70978" lon="-119.819373"><ele>1947.0</ele><time>2026-05-26T14:29:24Z</time></trkpt><trkpt lat="34.709818" lon="-119.819516"><ele>1950.0</ele><time>2026-05-26T14:29:33Z</time></trkpt><trkpt lat="34.709815" lon="-119.819621"><ele>1949.0</ele><time>2026-05-26T14:29:40Z</time></trkpt><trkpt lat="34.709798" lon="-119.819672"><ele>1949.5</ele><time>2026-05-26T14:29:44Z</time></trkpt><trkpt lat="34.709774" lon="-119.819669"><ele>1950.0</ele><time>2026-05-26T14:29:45Z</time></trkpt><trkpt lat="34.709697" lon="-119.819846"><ele>1950.0</ele><time>2026-05-26T14:29:57Z</time></trkpt><trkpt lat="34.709668" lon="-119.81988"><ele>1949.0</ele><time>2026-05-26T14:30:00Z</time></trkpt><trkpt lat="34.709614" lon="-119.820011"><ele>1952.0</ele><time>2026-05-26T14:30:25Z</time></trkpt><trkpt lat="34.709587" lon="-119.820045"><ele>1953.0</ele><time>2026-05-26T14:30:30Z</time></trkpt><trkpt lat="34.709584" lon="-119.820066"><ele>1952.0</ele><time>2026-05-26T14:30:31Z</time></trkpt><trkpt lat="34.709534" lon="-119.820164"><ele>1953.0</ele><time>2026-05-26T14:30:38Z</time></trkpt><trkpt lat="34.709501" lon="-119.820272"><ele>1954.0</ele><time>2026-05-26T14:30:47Z</time></trkpt><trkpt lat="34.709478" lon="-119.820293"><ele>1951.0</ele><time>2026-05-26T14:30:49Z</time></trkpt><trkpt lat="34.709472" lon="-119.820334"><ele>1954.0</ele><time>2026-05-26T14:30:51Z</time></trkpt><trkpt lat="34.70949" lon="-119.820372"><ele>1954.0</ele><time>2026-05-26T14:30:53Z</time></trkpt><trkpt lat="34.709503" lon="-119.820481"><ele>1954.0</ele><time>2026-05-26T14:31:00Z</time></trkpt><trkpt lat="34.709524" lon="-119.820543"><ele>1953.0</ele><time>2026-05-26T14:31:05Z</time></trkpt><trkpt lat="34.709541" lon="-119.820657"><ele>1955.0</ele><time>2026-05-26T14:31:13Z</time></trkpt><trkpt lat="34.709589" lon="-119.820749"><ele>1956.0</ele><time>2026-05-26T14:31:20Z</time></trkpt><trkpt lat="34.709612" lon="-119.820856"><ele>1956.0</ele><time>2026-05-26T14:31:29Z</time></trkpt><trkpt lat="34.709637" lon="-119.820895"><ele>1956.0</ele><time>2026-05-26T14:31:32Z</time></trkpt><trkpt lat="34.709656" lon="-119.821093"><ele>1957.0</ele><time>2026-05-26T14:31:45Z</time></trkpt><trkpt lat="34.70968" lon="-119.821174"><ele>1955.0</ele><time>2026-05-26T14:31:50Z</time></trkpt><trkpt lat="34.709659" lon="-119.821286"><ele>1954.0</ele><time>2026-05-26T14:31:57Z</time></trkpt><trkpt lat="34.709664" lon="-119.821352"><ele>1954.0</ele><time>2026-05-26T14:32:01Z</time></trkpt><trkpt lat="34.709562" lon="-119.821508"><ele>1950.7</ele><time>2026-05-26T14:32:13Z</time></trkpt><trkpt lat="34.709494" lon="-119.821542"><ele>1947.0</ele><time>2026-05-26T14:32:19Z</time></trkpt><trkpt lat="34.709445" lon="-119.821605"><ele>1948.0</ele><time>2026-05-26T14:32:24Z</time></trkpt><trkpt lat="34.70932" lon="-119.821618"><ele>1947.0</ele><time>2026-05-26T14:32:33Z</time></trkpt><trkpt lat="34.709224" lon="-119.821518"><ele>1950.0</ele><time>2026-05-26T14:32:40Z</time></trkpt><trkpt lat="34.709242" lon="-119.82149"><ele>1950.0</ele><time>2026-05-26T14:32:42Z</time></trkpt><trkpt lat="34.70925" lon="-119.821576"><ele>1950.0</ele><time>2026-05-26T14:32:49Z</time></trkpt><trkpt lat="34.709218" lon="-119.821635"><ele>1952.0</ele><time>2026-05-26T14:32:53Z</time></trkpt><trkpt lat="34.70919" lon="-119.821759"><ele>1952.0</ele><time>2026-05-26T14:33:00Z</time></trkpt><trkpt lat="34.709001" lon="-119.822002"><ele>1950.0</ele><time>2026-05-26T14:33:20Z</time></trkpt><trkpt lat="34.708799" lon="-119.82211"><ele>1947.0</ele><time>2026-05-26T14:33:37Z</time></trkpt><trkpt lat="34.708648" lon="-119.822147"><ele>1947.0</ele><time>2026-05-26T14:33:49Z</time></trkpt><trkpt lat="34.708686" lon="-119.822178"><ele>1940.0</ele><time>2026-05-26T14:34:29Z</time></trkpt><trkpt lat="34.708651" lon="-119.82228"><ele>1944.0</ele><time>2026-05-26T14:35:06Z</time></trkpt><trkpt lat="34.708529" lon="-119.822425"><ele>1948.0</ele><time>2026-05-26T14:35:18Z</time></trkpt><trkpt lat="34.708533" lon="-119.822487"><ele>1950.0</ele><time>2026-05-26T14:35:22Z</time></trkpt><trkpt lat="34.708518" lon="-119.822523"><ele>1950.0</ele><time>2026-05-26T14:35:25Z</time></trkpt><trkpt lat="34.708495" lon="-119.822548"><ele>1950.0</ele><time>2026-05-26T14:35:27Z</time></trkpt><trkpt lat="34.708489" lon="-119.822587"><ele>1948.0</ele><time>2026-05-26T14:35:30Z</time></trkpt><trkpt lat="34.708469" lon="-119.822621"><ele>1948.0</ele><time>2026-05-26T14:35:33Z</time></trkpt><trkpt lat="34.70847" lon="-119.822683"><ele>1948.0</ele><time>2026-05-26T14:35:38Z</time></trkpt><trkpt lat="34.708448" lon="-119.822798"><ele>1951.0</ele><time>2026-05-26T14:35:47Z</time></trkpt><trkpt lat="34.70845" lon="-119.822897"><ele>1950.0</ele><time>2026-05-26T14:35:55Z</time></trkpt><trkpt lat="34.708485" lon="-119.822993"><ele>1948.0</ele><time>2026-05-26T14:36:03Z</time></trkpt><trkpt lat="34.7085" lon="-119.823152"><ele>1946.0</ele><time>2026-05-26T14:36:15Z</time></trkpt><trkpt lat="34.708471" lon="-119.823312"><ele>1948.0</ele><time>2026-05-26T14:36:29Z</time></trkpt><trkpt lat="34.708468" lon="-119.823392"><ele>1950.0</ele><time>2026-05-26T14:36:35Z</time></trkpt><trkpt lat="34.708514" lon="-119.82358"><ele>1951.0</ele><time>2026-05-26T14:36:48Z</time></trkpt><trkpt lat="34.708557" lon="-119.823635"><ele>1950.0</ele><time>2026-05-26T14:36:53Z</time></trkpt><trkpt lat="34.708575" lon="-119.823676"><ele>1951.0</ele><time>2026-05-26T14:36:55Z</time></trkpt><trkpt lat="34.708568" lon="-119.823744"><ele>1950.0</ele><time>2026-05-26T14:37:00Z</time></trkpt><trkpt lat="34.708541" lon="-119.823808"><ele>1948.0</ele><time>2026-05-26T14:37:05Z</time></trkpt><trkpt lat="34.708543" lon="-119.823875"><ele>1950.0</ele><time>2026-05-26T14:37:10Z</time></trkpt><trkpt lat="34.708499" lon="-119.824076"><ele>1948.0</ele><time>2026-05-26T14:37:27Z</time></trkpt><trkpt lat="34.708545" lon="-119.824256"><ele>1947.0</ele><time>2026-05-26T14:37:38Z</time></trkpt><trkpt lat="34.708425" lon="-119.824474"><ele>1944.0</ele><time>2026-05-26T14:37:55Z</time></trkpt><trkpt lat="34.708399" lon="-119.824579"><ele>1942.0</ele><time>2026-05-26T14:38:01Z</time></trkpt><trkpt lat="34.708387" lon="-119.824702"><ele>1940.0</ele><time>2026-05-26T14:38:07Z</time></trkpt><trkpt lat="34.708396" lon="-119.824744"><ele>1940.0</ele><time>2026-05-26T14:38:09Z</time></trkpt><trkpt lat="34.708374" lon="-119.824818"><ele>1941.0</ele><time>2026-05-26T14:38:14Z</time></trkpt><trkpt lat="34.70832" lon="-119.824882"><ele>1938.0</ele><time>2026-05-26T14:38:19Z</time></trkpt><trkpt lat="34.708172" lon="-119.824925"><ele>1932.0</ele><time>2026-05-26T14:38:28Z</time></trkpt><trkpt lat="34.708072" lon="-119.824985"><ele>1931.0</ele><time>2026-05-26T14:38:36Z</time></trkpt><trkpt lat="34.708007" lon="-119.824985"><ele>1930.0</ele><time>2026-05-26T14:38:40Z</time></trkpt><trkpt lat="34.70793" lon="-119.82496"><ele>1929.0</ele><time>2026-05-26T14:38:46Z</time></trkpt><trkpt lat="34.707894" lon="-119.824966"><ele>1929.0</ele><time>2026-05-26T14:38:49Z</time></trkpt><trkpt lat="34.707869" lon="-119.824998"><ele>1928.0</ele><time>2026-05-26T14:38:51Z</time></trkpt><trkpt lat="34.707886" lon="-119.825039"><ele>1927.7</ele><time>2026-05-26T14:38:53Z</time></trkpt><trkpt lat="34.708061" lon="-119.825197"><ele>1924.0</ele><time>2026-05-26T14:39:06Z</time></trkpt><trkpt lat="34.708159" lon="-119.825246"><ele>1923.0</ele><time>2026-05-26T14:39:14Z</time></trkpt><trkpt lat="34.70827" lon="-119.825326"><ele>1924.0</ele><time>2026-05-26T14:39:22Z</time></trkpt><trkpt lat="34.708365" lon="-119.825323"><ele>1922.0</ele><time>2026-05-26T14:39:29Z</time></trkpt><trkpt lat="34.708404" lon="-119.82531"><ele>1921.0</ele><time>2026-05-26T14:39:32Z</time></trkpt><trkpt lat="34.708401" lon="-119.825376"><ele>1917.0</ele><time>2026-05-26T14:39:36Z</time></trkpt><trkpt lat="34.708357" lon="-119.825436"><ele>1915.0</ele><time>2026-05-26T14:39:41Z</time></trkpt><trkpt lat="34.708312" lon="-119.825453"><ele>1916.0</ele><time>2026-05-26T14:39:44Z</time></trkpt><trkpt lat="34.708156" lon="-119.825433"><ele>1914.0</ele><time>2026-05-26T14:39:53Z</time></trkpt><trkpt lat="34.707992" lon="-119.825471"><ele>1914.0</ele><time>2026-05-26T14:40:03Z</time></trkpt><trkpt lat="34.707959" lon="-119.825462"><ele>1912.0</ele><time>2026-05-26T14:40:06Z</time></trkpt><trkpt lat="34.70789" lon="-119.82542"><ele>1913.0</ele><time>2026-05-26T14:40:11Z</time></trkpt><trkpt lat="34.707757" lon="-119.825411"><ele>1910.0</ele><time>2026-05-26T14:40:20Z</time></trkpt><trkpt lat="34.707686" lon="-119.825365"><ele>1908.0</ele><time>2026-05-26T14:40:26Z</time></trkpt><trkpt lat="34.707648" lon="-119.825372"><ele>1907.0</ele><time>2026-05-26T14:40:29Z</time></trkpt><trkpt lat="34.707611" lon="-119.825363"><ele>1905.0</ele><time>2026-05-26T14:40:32Z</time></trkpt><trkpt lat="34.707573" lon="-119.82534"><ele>1905.0</ele><time>2026-05-26T14:40:35Z</time></trkpt><trkpt lat="34.70753" lon="-119.825337"><ele>1905.0</ele><time>2026-05-26T14:40:38Z</time></trkpt><trkpt lat="34.70743" lon="-119.825292"><ele>1903.0</ele><time>2026-05-26T14:40:47Z</time></trkpt><trkpt lat="34.707377" lon="-119.825216"><ele>1902.0</ele><time>2026-05-26T14:40:55Z</time></trkpt><trkpt lat="34.707405" lon="-119.825219"><ele>1905.0</ele><time>2026-05-26T14:41:05Z</time></trkpt><trkpt lat="34.707362" lon="-119.825152"><ele>1903.0</ele><time>2026-05-26T14:41:16Z</time></trkpt><trkpt lat="34.707354" lon="-119.825114"><ele>1904.0</ele><time>2026-05-26T14:41:19Z</time></trkpt><trkpt lat="34.707267" lon="-119.824984"><ele>1904.0</ele><time>2026-05-26T14:41:31Z</time></trkpt><trkpt lat="34.707253" lon="-119.825039"><ele>1904.0</ele><time>2026-05-26T14:41:56Z</time></trkpt><trkpt lat="34.707228" lon="-119.824922"><ele>1905.0</ele><time>2026-05-26T14:42:21Z</time></trkpt><trkpt lat="34.707216" lon="-119.824892"><ele>1902.0</ele><time>2026-05-26T14:42:25Z</time></trkpt><trkpt lat="34.707186" lon="-119.824866"><ele>1902.0</ele><time>2026-05-26T14:42:29Z</time></trkpt><trkpt lat="34.707119" lon="-119.824904"><ele>1904.0</ele><time>2026-05-26T14:42:34Z</time></trkpt><trkpt lat="34.707067" lon="-119.825094"><ele>1900.0</ele><time>2026-05-26T14:42:46Z</time></trkpt><trkpt lat="34.706986" lon="-119.825189"><ele>1897.0</ele><time>2026-05-26T14:42:58Z</time></trkpt><trkpt lat="34.706956" lon="-119.825264"><ele>1896.0</ele><time>2026-05-26T14:43:03Z</time></trkpt><trkpt lat="34.706857" lon="-119.825348"><ele>1894.0</ele><time>2026-05-26T14:43:12Z</time></trkpt><trkpt lat="34.70671" lon="-119.825409"><ele>1894.0</ele><time>2026-05-26T14:43:24Z</time></trkpt><trkpt lat="34.706595" lon="-119.825495"><ele>1891.0</ele><time>2026-05-26T14:43:35Z</time></trkpt><trkpt lat="34.706549" lon="-119.825517"><ele>1896.0</ele><time>2026-05-26T14:43:42Z</time></trkpt><trkpt lat="34.706562" lon="-119.82566"><ele>1894.0</ele><time>2026-05-26T14:43:48Z</time></trkpt><trkpt lat="34.706516" lon="-119.825797"><ele>1894.0</ele><time>2026-05-26T14:43:54Z</time></trkpt><trkpt lat="34.706525" lon="-119.825842"><ele>1892.0</ele><time>2026-05-26T14:43:57Z</time></trkpt><trkpt lat="34.706516" lon="-119.825885"><ele>1885.0</ele><time>2026-05-26T14:44:06Z</time></trkpt><trkpt lat="34.706532" lon="-119.825924"><ele>1883.0</ele><time>2026-05-26T14:44:31Z</time></trkpt><trkpt lat="34.706573" lon="-119.825927"><ele>1869.0</ele><time>2026-05-26T14:45:01Z</time></trkpt><trkpt lat="34.706482" lon="-119.825914"><ele>1887.6</ele><time>2026-05-26T14:45:15Z</time></trkpt><trkpt lat="34.706393" lon="-119.825885"><ele>1888.0</ele><time>2026-05-26T14:45:23Z</time></trkpt><trkpt lat="34.706365" lon="-119.825934"><ele>1890.0</ele><time>2026-05-26T14:45:27Z</time></trkpt><trkpt lat="34.706338" lon="-119.825958"><ele>1890.0</ele><time>2026-05-26T14:45:29Z</time></trkpt><trkpt lat="34.706321" lon="-119.826082"><ele>1889.0</ele><time>2026-05-26T14:45:35Z</time></trkpt><trkpt lat="34.706328" lon="-119.826137"><ele>1888.0</ele><time>2026-05-26T14:45:37Z</time></trkpt><trkpt lat="34.706368" lon="-119.826215"><ele>1885.0</ele><time>2026-05-26T14:45:41Z</time></trkpt><trkpt lat="34.7064" lon="-119.826362"><ele>1883.0</ele><time>2026-05-26T14:45:50Z</time></trkpt><trkpt lat="34.706419" lon="-119.826388"><ele>1884.0</ele><time>2026-05-26T14:45:52Z</time></trkpt><trkpt lat="34.706427" lon="-119.826425"><ele>1883.0</ele><time>2026-05-26T14:45:55Z</time></trkpt><trkpt lat="34.70646" lon="-119.826451"><ele>1882.0</ele><time>2026-05-26T14:45:57Z</time></trkpt><trkpt lat="34.70647" lon="-119.826488"><ele>1880.0</ele><time>2026-05-26T14:46:00Z</time></trkpt><trkpt lat="34.70646" lon="-119.826533"><ele>1880.0</ele><time>2026-05-26T14:46:04Z</time></trkpt><trkpt lat="34.706472" lon="-119.826592"><ele>1878.0</ele><time>2026-05-26T14:46:10Z</time></trkpt><trkpt lat="34.706469" lon="-119.826628"><ele>1878.0</ele><time>2026-05-26T14:46:13Z</time></trkpt><trkpt lat="34.706445" lon="-119.826724"><ele>1878.0</ele><time>2026-05-26T14:46:19Z</time></trkpt><trkpt lat="34.706416" lon="-119.826754"><ele>1880.0</ele><time>2026-05-26T14:46:21Z</time></trkpt><trkpt lat="34.706345" lon="-119.826782"><ele>1878.0</ele><time>2026-05-26T14:46:26Z</time></trkpt><trkpt lat="34.706271" lon="-119.826764"><ele>1878.0</ele><time>2026-05-26T14:46:30Z</time></trkpt><trkpt lat="34.706203" lon="-119.826763"><ele>1878.0</ele><time>2026-05-26T14:46:35Z</time></trkpt><trkpt lat="34.706147" lon="-119.826817"><ele>1878.0</ele><time>2026-05-26T14:46:40Z</time></trkpt><trkpt lat="34.706138" lon="-119.826854"><ele>1879.0</ele><time>2026-05-26T14:46:42Z</time></trkpt><trkpt lat="34.706173" lon="-119.827058"><ele>1878.0</ele><time>2026-05-26T14:46:53Z</time></trkpt><trkpt lat="34.706154" lon="-119.827197"><ele>1876.7</ele><time>2026-05-26T14:47:01Z</time></trkpt><trkpt lat="34.706158" lon="-119.827297"><ele>1872.0</ele><time>2026-05-26T14:47:06Z</time></trkpt><trkpt lat="34.70614" lon="-119.82736"><ele>1872.0</ele><time>2026-05-26T14:47:10Z</time></trkpt><trkpt lat="34.706123" lon="-119.827392"><ele>1872.0</ele><time>2026-05-26T14:47:13Z</time></trkpt><trkpt lat="34.706048" lon="-119.827389"><ele>1870.0</ele><time>2026-05-26T14:47:17Z</time></trkpt><trkpt lat="34.705951" lon="-119.827354"><ele>1869.0</ele><time>2026-05-26T14:47:24Z</time></trkpt><trkpt lat="34.705918" lon="-119.827377"><ele>1869.0</ele><time>2026-05-26T14:47:27Z</time></trkpt><trkpt lat="34.705893" lon="-119.827448"><ele>1872.0</ele><time>2026-05-26T14:47:33Z</time></trkpt><trkpt lat="34.705911" lon="-119.827553"><ele>1872.0</ele><time>2026-05-26T14:47:39Z</time></trkpt><trkpt lat="34.705883" lon="-119.827645"><ele>1870.0</ele><time>2026-05-26T14:48:08Z</time></trkpt><trkpt lat="34.705832" lon="-119.827727"><ele>1868.0</ele><time>2026-05-26T14:48:33Z</time></trkpt><trkpt lat="34.705761" lon="-119.82778"><ele>1866.0</ele><time>2026-05-26T14:48:41Z</time></trkpt><trkpt lat="34.705697" lon="-119.827863"><ele>1868.0</ele><time>2026-05-26T14:48:50Z</time></trkpt><trkpt lat="34.705699" lon="-119.827948"><ele>1867.0</ele><time>2026-05-26T14:48:53Z</time></trkpt><trkpt lat="34.705681" lon="-119.828015"><ele>1866.0</ele><time>2026-05-26T14:48:57Z</time></trkpt><trkpt lat="34.705695" lon="-119.828145"><ele>1857.0</ele><time>2026-05-26T14:49:05Z</time></trkpt><trkpt lat="34.705674" lon="-119.828114"><ele>1860.3</ele><time>2026-05-26T14:49:26Z</time></trkpt><trkpt lat="34.705751" lon="-119.828202"><ele>1859.0</ele><time>2026-05-26T14:49:31Z</time></trkpt><trkpt lat="34.705746" lon="-119.828268"><ele>1856.0</ele><time>2026-05-26T14:49:36Z</time></trkpt><trkpt lat="34.705657" lon="-119.828386"><ele>1854.0</ele><time>2026-05-26T14:50:59Z</time></trkpt><trkpt lat="34.705599" lon="-119.828504"><ele>1854.0</ele><time>2026-05-26T14:51:09Z</time></trkpt><trkpt lat="34.705536" lon="-119.82857"><ele>1854.0</ele><time>2026-05-26T14:51:15Z</time></trkpt><trkpt lat="34.705503" lon="-119.828582"><ele>1854.0</ele><time>2026-05-26T14:51:17Z</time></trkpt><trkpt lat="34.705452" lon="-119.828724"><ele>1852.0</ele><time>2026-05-26T14:51:28Z</time></trkpt><trkpt lat="34.705451" lon="-119.828766"><ele>1851.0</ele><time>2026-05-26T14:51:30Z</time></trkpt><trkpt lat="34.705356" lon="-119.828968"><ele>1846.0</ele><time>2026-05-26T14:51:42Z</time></trkpt><trkpt lat="34.705315" lon="-119.829029"><ele>1844.0</ele><time>2026-05-26T14:51:47Z</time></trkpt><trkpt lat="34.705237" lon="-119.8291"><ele>1842.0</ele><time>2026-05-26T14:51:53Z</time></trkpt><trkpt lat="34.705221" lon="-119.829267"><ele>1839.0</ele><time>2026-05-26T14:52:01Z</time></trkpt><trkpt lat="34.705154" lon="-119.829365"><ele>1834.0</ele><time>2026-05-26T14:52:09Z</time></trkpt><trkpt lat="34.705149" lon="-119.829423"><ele>1836.3</ele><time>2026-05-26T14:52:12Z</time></trkpt><trkpt lat="34.705094" lon="-119.829589"><ele>1833.0</ele><time>2026-05-26T14:53:01Z</time></trkpt><trkpt lat="34.705149" lon="-119.829699"><ele>1831.0</ele><time>2026-05-26T14:53:15Z</time></trkpt><trkpt lat="34.705204" lon="-119.82987"><ele>1832.0</ele><time>2026-05-26T14:53:25Z</time></trkpt><trkpt lat="34.705217" lon="-119.82998"><ele>1831.0</ele><time>2026-05-26T14:53:32Z</time></trkpt><trkpt lat="34.705238" lon="-119.830054"><ele>1830.0</ele><time>2026-05-26T14:53:37Z</time></trkpt><trkpt lat="34.705226" lon="-119.830128"><ele>1830.0</ele><time>2026-05-26T14:53:41Z</time></trkpt><trkpt lat="34.705136" lon="-119.830387"><ele>1830.0</ele><time>2026-05-26T14:53:59Z</time></trkpt><trkpt lat="34.705135" lon="-119.830418"><ele>1830.0</ele><time>2026-05-26T14:54:01Z</time></trkpt><trkpt lat="34.705153" lon="-119.830451"><ele>1829.0</ele><time>2026-05-26T14:54:03Z</time></trkpt><trkpt lat="34.705178" lon="-119.830558"><ele>1826.0</ele><time>2026-05-26T14:54:10Z</time></trkpt><trkpt lat="34.705159" lon="-119.830755"><ele>1822.0</ele><time>2026-05-26T14:54:23Z</time></trkpt><trkpt lat="34.705115" lon="-119.830929"><ele>1819.0</ele><time>2026-05-26T14:54:42Z</time></trkpt><trkpt lat="34.705115" lon="-119.831106"><ele>1821.0</ele><time>2026-05-26T14:54:57Z</time></trkpt><trkpt lat="34.705161" lon="-119.831343"><ele>1818.0</ele><time>2026-05-26T14:55:11Z</time></trkpt><trkpt lat="34.705167" lon="-119.831415"><ele>1818.0</ele><time>2026-05-26T14:55:15Z</time></trkpt><trkpt lat="34.70518" lon="-119.831446"><ele>1816.0</ele><time>2026-05-26T14:55:17Z</time></trkpt><trkpt lat="34.705188" lon="-119.831548"><ele>1812.0</ele><time>2026-05-26T14:55:25Z</time></trkpt><trkpt lat="34.705228" lon="-119.831656"><ele>1812.0</ele><time>2026-05-26T14:55:32Z</time></trkpt><trkpt lat="34.705269" lon="-119.83173"><ele>1812.0</ele><time>2026-05-26T14:55:37Z</time></trkpt><trkpt lat="34.705245" lon="-119.831901"><ele>1809.0</ele><time>2026-05-26T14:55:49Z</time></trkpt><trkpt lat="34.70522" lon="-119.831991"><ele>1807.0</ele><time>2026-05-26T14:55:55Z</time></trkpt><trkpt lat="34.705215" lon="-119.832064"><ele>1805.0</ele><time>2026-05-26T14:55:59Z</time></trkpt><trkpt lat="34.70524" lon="-119.832233"><ele>1806.0</ele><time>2026-05-26T14:56:09Z</time></trkpt><trkpt lat="34.705229" lon="-119.832361"><ele>1806.0</ele><time>2026-05-26T14:56:17Z</time></trkpt><trkpt lat="34.705238" lon="-119.832431"><ele>1806.0</ele><time>2026-05-26T14:56:21Z</time></trkpt><trkpt lat="34.705223" lon="-119.832492"><ele>1806.0</ele><time>2026-05-26T14:56:25Z</time></trkpt><trkpt lat="34.705232" lon="-119.832568"><ele>1806.0</ele><time>2026-05-26T14:56:30Z</time></trkpt><trkpt lat="34.705206" lon="-119.832769"><ele>1802.0</ele><time>2026-05-26T14:56:43Z</time></trkpt><trkpt lat="34.705152" lon="-119.832887"><ele>1798.0</ele><time>2026-05-26T14:56:51Z</time></trkpt><trkpt lat="34.705165" lon="-119.832959"><ele>1798.0</ele><time>2026-05-26T14:56:55Z</time></trkpt><trkpt lat="34.705096" lon="-119.833201"><ele>1796.0</ele><time>2026-05-26T14:57:11Z</time></trkpt><trkpt lat="34.705087" lon="-119.833262"><ele>1795.6</ele><time>2026-05-26T14:57:15Z</time></trkpt><trkpt lat="34.705035" lon="-119.833309"><ele>1793.0</ele><time>2026-05-26T14:57:19Z</time></trkpt><trkpt lat="34.704991" lon="-119.833369"><ele>1794.0</ele><time>2026-05-26T14:57:24Z</time></trkpt><trkpt lat="34.704938" lon="-119.833497"><ele>1792.0</ele><time>2026-05-26T14:57:36Z</time></trkpt><trkpt lat="34.704931" lon="-119.833565"><ele>1792.0</ele><time>2026-05-26T14:57:40Z</time></trkpt><trkpt lat="34.704947" lon="-119.833628"><ele>1791.0</ele><time>2026-05-26T14:57:45Z</time></trkpt><trkpt lat="34.704942" lon="-119.833672"><ele>1788.0</ele><time>2026-05-26T14:57:48Z</time></trkpt><trkpt lat="34.704911" lon="-119.833743"><ele>1787.0</ele><time>2026-05-26T14:57:53Z</time></trkpt><trkpt lat="34.704913" lon="-119.833814"><ele>1786.0</ele><time>2026-05-26T14:57:57Z</time></trkpt><trkpt lat="34.704883" lon="-119.833881"><ele>1785.0</ele><time>2026-05-26T14:58:01Z</time></trkpt><trkpt lat="34.704871" lon="-119.834022"><ele>1779.0</ele><time>2026-05-26T14:58:10Z</time></trkpt><trkpt lat="34.704788" lon="-119.834145"><ele>1780.0</ele><time>2026-05-26T14:58:19Z</time></trkpt><trkpt lat="34.704706" lon="-119.834243"><ele>1779.0</ele><time>2026-05-26T14:58:28Z</time></trkpt><trkpt lat="34.704693" lon="-119.834321"><ele>1779.0</ele><time>2026-05-26T14:58:34Z</time></trkpt><trkpt lat="34.704609" lon="-119.834408"><ele>1780.0</ele><time>2026-05-26T14:58:42Z</time></trkpt><trkpt lat="34.70459" lon="-119.83444"><ele>1779.0</ele><time>2026-05-26T14:58:45Z</time></trkpt><trkpt lat="34.704572" lon="-119.834476"><ele>1779.0</ele><time>2026-05-26T14:58:47Z</time></trkpt><trkpt lat="34.704569" lon="-119.834543"><ele>1778.0</ele><time>2026-05-26T14:58:51Z</time></trkpt><trkpt lat="34.70452" lon="-119.834657"><ele>1776.0</ele><time>2026-05-26T14:59:00Z</time></trkpt><trkpt lat="34.704493" lon="-119.834775"><ele>1775.0</ele><time>2026-05-26T14:59:08Z</time></trkpt><trkpt lat="34.704412" lon="-119.834919"><ele>1772.0</ele><time>2026-05-26T14:59:18Z</time></trkpt><trkpt lat="34.704401" lon="-119.835049"><ele>1770.0</ele><time>2026-05-26T14:59:26Z</time></trkpt><trkpt lat="34.70441" lon="-119.835159"><ele>1769.0</ele><time>2026-05-26T14:59:33Z</time></trkpt><trkpt lat="34.704397" lon="-119.835271"><ele>1766.0</ele><time>2026-05-26T14:59:41Z</time></trkpt><trkpt lat="34.704341" lon="-119.835367"><ele>1765.0</ele><time>2026-05-26T14:59:49Z</time></trkpt><trkpt lat="34.704323" lon="-119.835443"><ele>1764.0</ele><time>2026-05-26T14:59:53Z</time></trkpt><trkpt lat="34.704275" lon="-119.835488"><ele>1764.0</ele><time>2026-05-26T14:59:57Z</time></trkpt><trkpt lat="34.704255" lon="-119.835549"><ele>1764.0</ele><time>2026-05-26T15:00:01Z</time></trkpt><trkpt lat="34.704207" lon="-119.835595"><ele>1765.0</ele><time>2026-05-26T15:00:06Z</time></trkpt><trkpt lat="34.704199" lon="-119.835625"><ele>1765.0</ele><time>2026-05-26T15:00:08Z</time></trkpt><trkpt lat="34.704208" lon="-119.835665"><ele>1764.0</ele><time>2026-05-26T15:00:10Z</time></trkpt><trkpt lat="34.704171" lon="-119.835731"><ele>1762.0</ele><time>2026-05-26T15:00:15Z</time></trkpt><trkpt lat="34.704075" lon="-119.835839"><ele>1761.0</ele><time>2026-05-26T15:00:26Z</time></trkpt><trkpt lat="34.704012" lon="-119.835879"><ele>1762.0</ele><time>2026-05-26T15:00:31Z</time></trkpt><trkpt lat="34.703988" lon="-119.835915"><ele>1759.0</ele><time>2026-05-26T15:02:15Z</time></trkpt><trkpt lat="34.703942" lon="-119.835913"><ele>1760.0</ele><time>2026-05-26T15:03:54Z</time></trkpt><trkpt lat="34.70388" lon="-119.835947"><ele>1761.0</ele><time>2026-05-26T15:04:02Z</time></trkpt><trkpt lat="34.703739" lon="-119.836002"><ele>1757.0</ele><time>2026-05-26T15:04:17Z</time></trkpt><trkpt lat="34.703713" lon="-119.836032"><ele>1760.0</ele><time>2026-05-26T15:04:23Z</time></trkpt><trkpt lat="34.703685" lon="-119.836043"><ele>1760.0</ele><time>2026-05-26T15:04:28Z</time></trkpt><trkpt lat="34.703646" lon="-119.836087"><ele>1760.0</ele><time>2026-05-26T15:04:41Z</time></trkpt><trkpt lat="34.703571" lon="-119.836129"><ele>1762.0</ele><time>2026-05-26T15:04:57Z</time></trkpt><trkpt lat="34.703605" lon="-119.836237"><ele>1760.0</ele><time>2026-05-26T15:06:36Z</time></trkpt><trkpt lat="34.703601" lon="-119.836306"><ele>1760.0</ele><time>2026-05-26T15:06:58Z</time></trkpt><trkpt lat="34.703616" lon="-119.836343"><ele>1758.0</ele><time>2026-05-26T15:07:02Z</time></trkpt><trkpt lat="34.703651" lon="-119.836309"><ele>1761.9</ele><time>2026-05-26T15:07:04Z</time></trkpt><trkpt lat="34.703643" lon="-119.836335"><ele>1760.0</ele><time>2026-05-26T15:07:59Z</time></trkpt><trkpt lat="34.703802" lon="-119.836421"><ele>1755.0</ele><time>2026-05-26T15:08:45Z</time></trkpt><trkpt lat="34.703866" lon="-119.836472"><ele>1755.0</ele><time>2026-05-26T15:08:51Z</time></trkpt><trkpt lat="34.703887" lon="-119.836504"><ele>1755.0</ele><time>2026-05-26T15:08:54Z</time></trkpt><trkpt lat="34.703978" lon="-119.836555"><ele>1755.0</ele><time>2026-05-26T15:09:01Z</time></trkpt><trkpt lat="34.704062" lon="-119.836626"><ele>1756.0</ele><time>2026-05-26T15:09:09Z</time></trkpt><trkpt lat="34.704086" lon="-119.836659"><ele>1756.0</ele><time>2026-05-26T15:09:12Z</time></trkpt><trkpt lat="34.704144" lon="-119.836699"><ele>1755.0</ele><time>2026-05-26T15:09:17Z</time></trkpt><trkpt lat="34.704206" lon="-119.836764"><ele>1755.0</ele><time>2026-05-26T15:09:23Z</time></trkpt><trkpt lat="34.70427" lon="-119.836802"><ele>1755.0</ele><time>2026-05-26T15:09:28Z</time></trkpt><trkpt lat="34.704363" lon="-119.83688"><ele>1754.0</ele><time>2026-05-26T15:09:37Z</time></trkpt><trkpt lat="34.704454" lon="-119.837014"><ele>1751.0</ele><time>2026-05-26T15:09:48Z</time></trkpt><trkpt lat="34.704486" lon="-119.837042"><ele>1751.0</ele><time>2026-05-26T15:09:51Z</time></trkpt><trkpt lat="34.704551" lon="-119.837176"><ele>1754.0</ele><time>2026-05-26T15:09:59Z</time></trkpt><trkpt lat="34.704596" lon="-119.837281"><ele>1752.0</ele><time>2026-05-26T15:10:07Z</time></trkpt><trkpt lat="34.704654" lon="-119.837674"><ele>1750.0</ele><time>2026-05-26T15:10:34Z</time></trkpt><trkpt lat="34.704695" lon="-119.837792"><ele>1749.0</ele><time>2026-05-26T15:10:42Z</time></trkpt><trkpt lat="34.704724" lon="-119.837827"><ele>1749.0</ele><time>2026-05-26T15:10:45Z</time></trkpt><trkpt lat="34.704834" lon="-119.838016"><ele>1748.0</ele><time>2026-05-26T15:11:03Z</time></trkpt><trkpt lat="34.704896" lon="-119.838095"><ele>1743.0</ele><time>2026-05-26T15:11:12Z</time></trkpt><trkpt lat="34.704954" lon="-119.838222"><ele>1744.0</ele><time>2026-05-26T15:11:21Z</time></trkpt><trkpt lat="34.704948" lon="-119.838264"><ele>1743.0</ele><time>2026-05-26T15:11:24Z</time></trkpt><trkpt lat="34.704985" lon="-119.838375"><ele>1744.0</ele><time>2026-05-26T15:11:30Z</time></trkpt><trkpt lat="34.705019" lon="-119.838432"><ele>1744.0</ele><time>2026-05-26T15:11:34Z</time></trkpt><trkpt lat="34.705025" lon="-119.838531"><ele>1742.0</ele><time>2026-05-26T15:11:40Z</time></trkpt><trkpt lat="34.705179" lon="-119.838729"><ele>1740.0</ele><time>2026-05-26T15:11:57Z</time></trkpt><trkpt lat="34.705234" lon="-119.838819"><ele>1740.0</ele><time>2026-05-26T15:12:04Z</time></trkpt><trkpt lat="34.705279" lon="-119.838982"><ele>1740.0</ele><time>2026-05-26T15:12:15Z</time></trkpt><trkpt lat="34.705257" lon="-119.839042"><ele>1734.0</ele><time>2026-05-26T15:12:21Z</time></trkpt><trkpt lat="34.705239" lon="-119.839005"><ele>1731.0</ele><time>2026-05-26T15:12:30Z</time></trkpt><trkpt lat="34.705259" lon="-119.839032"><ele>1732.0</ele><time>2026-05-26T15:12:36Z</time></trkpt><trkpt lat="34.705253" lon="-119.839103"><ele>1734.0</ele><time>2026-05-26T15:12:41Z</time></trkpt><trkpt lat="34.705201" lon="-119.839208"><ele>1734.0</ele><time>2026-05-26T15:12:47Z</time></trkpt><trkpt lat="34.705163" lon="-119.839262"><ele>1734.0</ele><time>2026-05-26T15:12:53Z</time></trkpt><trkpt lat="34.705131" lon="-119.839367"><ele>1734.0</ele><time>2026-05-26T15:13:02Z</time></trkpt><trkpt lat="34.705133" lon="-119.8395"><ele>1734.0</ele><time>2026-05-26T15:13:09Z</time></trkpt><trkpt lat="34.705171" lon="-119.839555"><ele>1736.0</ele><time>2026-05-26T15:13:14Z</time></trkpt><trkpt lat="34.70519" lon="-119.839657"><ele>1734.0</ele><time>2026-05-26T15:13:20Z</time></trkpt><trkpt lat="34.705242" lon="-119.839714"><ele>1734.0</ele><time>2026-05-26T15:13:25Z</time></trkpt><trkpt lat="34.705285" lon="-119.839803"><ele>1735.0</ele><time>2026-05-26T15:13:32Z</time></trkpt><trkpt lat="34.70523" lon="-119.840028"><ele>1736.0</ele><time>2026-05-26T15:13:45Z</time></trkpt><trkpt lat="34.705228" lon="-119.840069"><ele>1736.0</ele><time>2026-05-26T15:13:49Z</time></trkpt><trkpt lat="34.705248" lon="-119.840155"><ele>1736.0</ele><time>2026-05-26T15:13:53Z</time></trkpt><trkpt lat="34.705306" lon="-119.840209"><ele>1738.0</ele><time>2026-05-26T15:13:57Z</time></trkpt><trkpt lat="34.705435" lon="-119.840248"><ele>1740.0</ele><time>2026-05-26T15:14:05Z</time></trkpt><trkpt lat="34.705463" lon="-119.840228"><ele>1740.0</ele><time>2026-05-26T15:14:08Z</time></trkpt><trkpt lat="34.705499" lon="-119.840242"><ele>1739.0</ele><time>2026-05-26T15:14:11Z</time></trkpt><trkpt lat="34.705538" lon="-119.840244"><ele>1738.0</ele><time>2026-05-26T15:14:14Z</time></trkpt><trkpt lat="34.705625" lon="-119.840293"><ele>1737.0</ele><time>2026-05-26T15:14:23Z</time></trkpt><trkpt lat="34.705686" lon="-119.840413"><ele>1737.0</ele><time>2026-05-26T15:14:32Z</time></trkpt><trkpt lat="34.705756" lon="-119.8406"><ele>1740.0</ele><time>2026-05-26T15:14:45Z</time></trkpt><trkpt lat="34.705814" lon="-119.84065"><ele>1742.0</ele><time>2026-05-26T15:14:49Z</time></trkpt><trkpt lat="34.705833" lon="-119.840681"><ele>1742.0</ele><time>2026-05-26T15:14:51Z</time></trkpt><trkpt lat="34.705839" lon="-119.840721"><ele>1741.0</ele><time>2026-05-26T15:14:54Z</time></trkpt><trkpt lat="34.70588" lon="-119.840733"><ele>1740.0</ele><time>2026-05-26T15:14:57Z</time></trkpt><trkpt lat="34.705915" lon="-119.840758"><ele>1740.0</ele><time>2026-05-26T15:15:00Z</time></trkpt><trkpt lat="34.705988" lon="-119.840991"><ele>1742.0</ele><time>2026-05-26T15:15:15Z</time></trkpt><trkpt lat="34.705989" lon="-119.841111"><ele>1742.0</ele><time>2026-05-26T15:15:23Z</time></trkpt><trkpt lat="34.706027" lon="-119.841271"><ele>1742.0</ele><time>2026-05-26T15:15:32Z</time></trkpt><trkpt lat="34.706031" lon="-119.841345"><ele>1743.0</ele><time>2026-05-26T15:15:36Z</time></trkpt><trkpt lat="34.706094" lon="-119.841484"><ele>1742.0</ele><time>2026-05-26T15:15:44Z</time></trkpt><trkpt lat="34.706128" lon="-119.84152"><ele>1740.0</ele><time>2026-05-26T15:15:47Z</time></trkpt><trkpt lat="34.70616" lon="-119.841681"><ele>1741.0</ele><time>2026-05-26T15:15:56Z</time></trkpt><trkpt lat="34.706203" lon="-119.841755"><ele>1742.0</ele><time>2026-05-26T15:16:01Z</time></trkpt><trkpt lat="34.706192" lon="-119.841853"><ele>1742.0</ele><time>2026-05-26T15:16:07Z</time></trkpt><trkpt lat="34.706198" lon="-119.841895"><ele>1742.0</ele><time>2026-05-26T15:16:10Z</time></trkpt><trkpt lat="34.706227" lon="-119.841967"><ele>1744.0</ele><time>2026-05-26T15:16:16Z</time></trkpt><trkpt lat="34.706285" lon="-119.842078"><ele>1746.0</ele><time>2026-05-26T15:16:24Z</time></trkpt><trkpt lat="34.706386" lon="-119.842209"><ele>1745.0</ele><time>2026-05-26T15:16:35Z</time></trkpt><trkpt lat="34.706431" lon="-119.842289"><ele>1743.0</ele><time>2026-05-26T15:16:41Z</time></trkpt><trkpt lat="34.706438" lon="-119.842329"><ele>1742.0</ele><time>2026-05-26T15:16:43Z</time></trkpt><trkpt lat="34.706625" lon="-119.842497"><ele>1742.0</ele><time>2026-05-26T15:16:58Z</time></trkpt><trkpt lat="34.706642" lon="-119.842558"><ele>1741.0</ele><time>2026-05-26T15:17:03Z</time></trkpt><trkpt lat="34.706692" lon="-119.842648"><ele>1742.0</ele><time>2026-05-26T15:17:09Z</time></trkpt><trkpt lat="34.706698" lon="-119.842681"><ele>1742.0</ele><time>2026-05-26T15:17:11Z</time></trkpt><trkpt lat="34.706727" lon="-119.842736"><ele>1742.0</ele><time>2026-05-26T15:17:15Z</time></trkpt><trkpt lat="34.706737" lon="-119.842802"><ele>1741.0</ele><time>2026-05-26T15:17:20Z</time></trkpt><trkpt lat="34.706759" lon="-119.84284"><ele>1743.0</ele><time>2026-05-26T15:17:23Z</time></trkpt><trkpt lat="34.706789" lon="-119.84296"><ele>1740.0</ele><time>2026-05-26T15:17:31Z</time></trkpt><trkpt lat="34.706844" lon="-119.842991"><ele>1740.0</ele><time>2026-05-26T15:17:35Z</time></trkpt><trkpt lat="34.706915" lon="-119.843113"><ele>1737.0</ele><time>2026-05-26T15:17:45Z</time></trkpt><trkpt lat="34.706917" lon="-119.843156"><ele>1735.0</ele><time>2026-05-26T15:17:49Z</time></trkpt><trkpt lat="34.706934" lon="-119.843226"><ele>1733.0</ele><time>2026-05-26T15:17:53Z</time></trkpt><trkpt lat="34.706952" lon="-119.843255"><ele>1732.0</ele><time>2026-05-26T15:17:55Z</time></trkpt><trkpt lat="34.706978" lon="-119.843394"><ele>1731.0</ele><time>2026-05-26T15:18:03Z</time></trkpt><trkpt lat="34.707032" lon="-119.843546"><ele>1732.0</ele><time>2026-05-26T15:18:13Z</time></trkpt><trkpt lat="34.70704" lon="-119.843661"><ele>1731.0</ele><time>2026-05-26T15:18:20Z</time></trkpt><trkpt lat="34.706988" lon="-119.843867"><ele>1726.0</ele><time>2026-05-26T15:18:34Z</time></trkpt><trkpt lat="34.70698" lon="-119.843979"><ele>1723.0</ele><time>2026-05-26T15:18:42Z</time></trkpt><trkpt lat="34.706964" lon="-119.844009"><ele>1722.0</ele><time>2026-05-26T15:18:44Z</time></trkpt><trkpt lat="34.70694" lon="-119.844105"><ele>1720.0</ele><time>2026-05-26T15:18:51Z</time></trkpt><trkpt lat="34.706884" lon="-119.844184"><ele>1718.0</ele><time>2026-05-26T15:18:57Z</time></trkpt><trkpt lat="34.706852" lon="-119.844289"><ele>1719.0</ele><time>2026-05-26T15:19:03Z</time></trkpt><trkpt lat="34.706836" lon="-119.844359"><ele>1718.0</ele><time>2026-05-26T15:19:07Z</time></trkpt><trkpt lat="34.70684" lon="-119.844501"><ele>1718.0</ele><time>2026-05-26T15:19:15Z</time></trkpt><trkpt lat="34.70682" lon="-119.844563"><ele>1718.0</ele><time>2026-05-26T15:19:19Z</time></trkpt><trkpt lat="34.706827" lon="-119.844599"><ele>1719.0</ele><time>2026-05-26T15:19:21Z</time></trkpt><trkpt lat="34.706945" lon="-119.844873"><ele>1720.0</ele><time>2026-05-26T15:19:43Z</time></trkpt><trkpt lat="34.706916" lon="-119.844926"><ele>1723.0</ele><time>2026-05-26T15:19:51Z</time></trkpt><trkpt lat="34.706877" lon="-119.844956"><ele>1723.0</ele><time>2026-05-26T15:19:55Z</time></trkpt><trkpt lat="34.706815" lon="-119.845073"><ele>1724.0</ele><time>2026-05-26T15:20:06Z</time></trkpt><trkpt lat="34.706767" lon="-119.845199"><ele>1722.0</ele><time>2026-05-26T15:20:14Z</time></trkpt><trkpt lat="34.70674" lon="-119.845217"><ele>1722.0</ele><time>2026-05-26T15:20:17Z</time></trkpt><trkpt lat="34.706728" lon="-119.84526"><ele>1723.0</ele><time>2026-05-26T15:20:19Z</time></trkpt><trkpt lat="34.706648" lon="-119.845332"><ele>1723.0</ele><time>2026-05-26T15:20:27Z</time></trkpt><trkpt lat="34.706546" lon="-119.845454"><ele>1722.0</ele><time>2026-05-26T15:20:37Z</time></trkpt><trkpt lat="34.706531" lon="-119.845487"><ele>1722.0</ele><time>2026-05-26T15:20:39Z</time></trkpt><trkpt lat="34.706518" lon="-119.845608"><ele>1719.0</ele><time>2026-05-26T15:20:48Z</time></trkpt><trkpt lat="34.706524" lon="-119.845662"><ele>1719.0</ele><time>2026-05-26T15:20:51Z</time></trkpt><trkpt lat="34.70656" lon="-119.845688"><ele>1719.0</ele><time>2026-05-26T15:20:57Z</time></trkpt><trkpt lat="34.706525" lon="-119.845723"><ele>1715.0</ele><time>2026-05-26T15:21:05Z</time></trkpt><trkpt lat="34.706564" lon="-119.845766"><ele>1718.0</ele><time>2026-05-26T15:21:09Z</time></trkpt><trkpt lat="34.706539" lon="-119.84578"><ele>1716.0</ele><time>2026-05-26T15:21:17Z</time></trkpt><trkpt lat="34.706538" lon="-119.845733"><ele>1718.4</ele><time>2026-05-26T15:21:45Z</time></trkpt><trkpt lat="34.706576" lon="-119.845786"><ele>1716.0</ele><time>2026-05-26T15:23:00Z</time></trkpt><trkpt lat="34.706656" lon="-119.845845"><ele>1720.0</ele><time>2026-05-26T15:23:17Z</time></trkpt><trkpt lat="34.706593" lon="-119.845823"><ele>1715.0</ele><time>2026-05-26T15:23:27Z</time></trkpt><trkpt lat="34.706558" lon="-119.845787"><ele>1716.0</ele><time>2026-05-26T15:24:03Z</time></trkpt><trkpt lat="34.706496" lon="-119.845779"><ele>1718.2</ele><time>2026-05-26T15:24:33Z</time></trkpt><trkpt lat="34.706491" lon="-119.845737"><ele>1718.0</ele><time>2026-05-26T15:24:46Z</time></trkpt><trkpt lat="34.706501" lon="-119.845723"><ele>1717.0</ele><time>2026-05-26T15:24:49Z</time></trkpt><trkpt lat="34.706544" lon="-119.845762"><ele>1717.0</ele><time>2026-05-26T15:24:53Z</time></trkpt><trkpt lat="34.706576" lon="-119.845777"><ele>1716.0</ele><time>2026-05-26T15:25:02Z</time></trkpt><trkpt lat="34.706554" lon="-119.84575"><ele>1715.0</ele><time>2026-05-26T15:25:12Z</time></trkpt><trkpt lat="34.706584" lon="-119.845817"><ele>1712.0</ele><time>2026-05-26T15:25:41Z</time></trkpt><trkpt lat="34.70647" lon="-119.845875"><ele>1716.0</ele><time>2026-05-26T15:25:55Z</time></trkpt><trkpt lat="34.706426" lon="-119.846058"><ele>1723.2</ele><time>2026-05-26T15:26:18Z</time></trkpt><trkpt lat="34.706462" lon="-119.846059"><ele>1722.0</ele><time>2026-05-26T15:26:20Z</time></trkpt><trkpt lat="34.706518" lon="-119.846115"><ele>1721.0</ele><time>2026-05-26T15:26:23Z</time></trkpt><trkpt lat="34.70653" lon="-119.846163"><ele>1722.0</ele><time>2026-05-26T15:26:26Z</time></trkpt><trkpt lat="34.706556" lon="-119.846194"><ele>1723.0</ele><time>2026-05-26T15:26:28Z</time></trkpt><trkpt lat="34.706603" lon="-119.846206"><ele>1724.5</ele><time>2026-05-26T15:26:31Z</time></trkpt><trkpt lat="34.706676" lon="-119.846302"><ele>1722.0</ele><time>2026-05-26T15:26:40Z</time></trkpt><trkpt lat="34.706727" lon="-119.846314"><ele>1722.0</ele><time>2026-05-26T15:26:42Z</time></trkpt><trkpt lat="34.706737" lon="-119.846378"><ele>1715.0</ele><time>2026-05-26T15:26:49Z</time></trkpt><trkpt lat="34.706786" lon="-119.846442"><ele>1716.0</ele><time>2026-05-26T15:26:55Z</time></trkpt><trkpt lat="34.70688" lon="-119.846664"><ele>1715.0</ele><time>2026-05-26T15:27:13Z</time></trkpt><trkpt lat="34.706936" lon="-119.846737"><ele>1716.0</ele><time>2026-05-26T15:27:18Z</time></trkpt><trkpt lat="34.707042" lon="-119.846818"><ele>1716.0</ele><time>2026-05-26T15:27:25Z</time></trkpt><trkpt lat="34.70711" lon="-119.84691"><ele>1716.0</ele><time>2026-05-26T15:27:33Z</time></trkpt><trkpt lat="34.70714" lon="-119.846931"><ele>1716.0</ele><time>2026-05-26T15:27:35Z</time></trkpt><trkpt lat="34.707178" lon="-119.847019"><ele>1716.0</ele><time>2026-05-26T15:27:41Z</time></trkpt><trkpt lat="34.707207" lon="-119.847037"><ele>1716.0</ele><time>2026-05-26T15:27:44Z</time></trkpt><trkpt lat="34.707259" lon="-119.847181"><ele>1714.0</ele><time>2026-05-26T15:27:55Z</time></trkpt><trkpt lat="34.707322" lon="-119.847281"><ele>1714.0</ele><time>2026-05-26T15:28:01Z</time></trkpt><trkpt lat="34.707348" lon="-119.847301"><ele>1714.0</ele><time>2026-05-26T15:28:03Z</time></trkpt><trkpt lat="34.707349" lon="-119.847343"><ele>1714.0</ele><time>2026-05-26T15:28:08Z</time></trkpt><trkpt lat="34.707313" lon="-119.847319"><ele>1712.0</ele><time>2026-05-26T15:28:14Z</time></trkpt><trkpt lat="34.707301" lon="-119.847242"><ele>1712.0</ele><time>2026-05-26T15:28:24Z</time></trkpt><trkpt lat="34.70737" lon="-119.847256"><ele>1712.2</ele><time>2026-05-26T15:28:27Z</time></trkpt><trkpt lat="34.70738" lon="-119.84729"><ele>1711.9</ele><time>2026-05-26T15:28:28Z</time></trkpt><trkpt lat="34.70743" lon="-119.847332"><ele>1711.0</ele><time>2026-05-26T15:28:31Z</time></trkpt><trkpt lat="34.707441" lon="-119.847373"><ele>1711.0</ele><time>2026-05-26T15:28:33Z</time></trkpt><trkpt lat="34.707499" lon="-119.847416"><ele>1710.0</ele><time>2026-05-26T15:28:38Z</time></trkpt><trkpt lat="34.707511" lon="-119.847449"><ele>1710.0</ele><time>2026-05-26T15:28:40Z</time></trkpt><trkpt lat="34.707539" lon="-119.847467"><ele>1708.0</ele><time>2026-05-26T15:28:42Z</time></trkpt><trkpt lat="34.707599" lon="-119.847479"><ele>1710.0</ele><time>2026-05-26T15:28:46Z</time></trkpt><trkpt lat="34.707625" lon="-119.847494"><ele>1710.0</ele><time>2026-05-26T15:28:48Z</time></trkpt><trkpt lat="34.707655" lon="-119.847486"><ele>1710.0</ele><time>2026-05-26T15:28:50Z</time></trkpt><trkpt lat="34.707705" lon="-119.847538"><ele>1708.0</ele><time>2026-05-26T15:28:54Z</time></trkpt><trkpt lat="34.707808" lon="-119.847568"><ele>1710.3</ele><time>2026-05-26T15:29:02Z</time></trkpt><trkpt lat="34.707851" lon="-119.847606"><ele>1710.0</ele><time>2026-05-26T15:29:05Z</time></trkpt><trkpt lat="34.707923" lon="-119.847626"><ele>1709.0</ele><time>2026-05-26T15:29:11Z</time></trkpt><trkpt lat="34.707989" lon="-119.847659"><ele>1710.0</ele><time>2026-05-26T15:29:16Z</time></trkpt><trkpt lat="34.708029" lon="-119.847654"><ele>1710.0</ele><time>2026-05-26T15:29:18Z</time></trkpt><trkpt lat="34.708072" lon="-119.847695"><ele>1710.0</ele><time>2026-05-26T15:29:22Z</time></trkpt><trkpt lat="34.708106" lon="-119.847708"><ele>1710.0</ele><time>2026-05-26T15:29:25Z</time></trkpt><trkpt lat="34.708146" lon="-119.847701"><ele>1708.0</ele><time>2026-05-26T15:29:27Z</time></trkpt><trkpt lat="34.70821" lon="-119.847752"><ele>1707.0</ele><time>2026-05-26T15:29:33Z</time></trkpt><trkpt lat="34.708245" lon="-119.84776"><ele>1708.0</ele><time>2026-05-26T15:29:35Z</time></trkpt><trkpt lat="34.708323" lon="-119.847865"><ele>1704.0</ele><time>2026-05-26T15:29:44Z</time></trkpt><trkpt lat="34.708422" lon="-119.848066"><ele>1701.0</ele><time>2026-05-26T15:29:59Z</time></trkpt><trkpt lat="34.708423" lon="-119.848106"><ele>1700.0</ele><time>2026-05-26T15:30:01Z</time></trkpt><trkpt lat="34.70845" lon="-119.848164"><ele>1700.0</ele><time>2026-05-26T15:30:05Z</time></trkpt><trkpt lat="34.708446" lon="-119.848196"><ele>1700.0</ele><time>2026-05-26T15:30:07Z</time></trkpt><trkpt lat="34.708456" lon="-119.848226"><ele>1698.0</ele><time>2026-05-26T15:30:09Z</time></trkpt><trkpt lat="34.708438" lon="-119.84829"><ele>1698.0</ele><time>2026-05-26T15:30:13Z</time></trkpt><trkpt lat="34.70839" lon="-119.848338"><ele>1697.0</ele><time>2026-05-26T15:30:17Z</time></trkpt><trkpt lat="34.708377" lon="-119.848372"><ele>1696.0</ele><time>2026-05-26T15:30:19Z</time></trkpt><trkpt lat="34.70831" lon="-119.848442"><ele>1696.0</ele><time>2026-05-26T15:30:25Z</time></trkpt><trkpt lat="34.708236" lon="-119.848495"><ele>1694.0</ele><time>2026-05-26T15:30:31Z</time></trkpt><trkpt lat="34.708219" lon="-119.848536"><ele>1694.0</ele><time>2026-05-26T15:30:34Z</time></trkpt><trkpt lat="34.708281" lon="-119.848602"><ele>1694.0</ele><time>2026-05-26T15:30:38Z</time></trkpt><trkpt lat="34.708356" lon="-119.848643"><ele>1694.0</ele><time>2026-05-26T15:30:43Z</time></trkpt><trkpt lat="34.708388" lon="-119.848641"><ele>1694.0</ele><time>2026-05-26T15:30:45Z</time></trkpt><trkpt lat="34.708493" lon="-119.848582"><ele>1692.0</ele><time>2026-05-26T15:30:51Z</time></trkpt><trkpt lat="34.708581" lon="-119.848501"><ele>1692.0</ele><time>2026-05-26T15:30:57Z</time></trkpt><trkpt lat="34.708733" lon="-119.848469"><ele>1694.0</ele><time>2026-05-26T15:31:07Z</time></trkpt><trkpt lat="34.708763" lon="-119.848453"><ele>1694.0</ele><time>2026-05-26T15:31:09Z</time></trkpt><trkpt lat="34.708817" lon="-119.848415"><ele>1694.0</ele><time>2026-05-26T15:31:13Z</time></trkpt><trkpt lat="34.708861" lon="-119.848335"><ele>1694.0</ele><time>2026-05-26T15:31:17Z</time></trkpt><trkpt lat="34.708942" lon="-119.848263"><ele>1692.0</ele><time>2026-05-26T15:31:24Z</time></trkpt><trkpt lat="34.709004" lon="-119.84823"><ele>1692.0</ele><time>2026-05-26T15:31:29Z</time></trkpt><trkpt lat="34.709101" lon="-119.84814"><ele>1686.0</ele><time>2026-05-26T15:31:43Z</time></trkpt><trkpt lat="34.70932" lon="-119.848127"><ele>1688.0</ele><time>2026-05-26T15:31:57Z</time></trkpt><trkpt lat="34.70945" lon="-119.848053"><ele>1686.0</ele><time>2026-05-26T15:32:07Z</time></trkpt><trkpt lat="34.709526" lon="-119.848033"><ele>1685.0</ele><time>2026-05-26T15:32:13Z</time></trkpt><trkpt lat="34.709594" lon="-119.847977"><ele>1684.0</ele><time>2026-05-26T15:32:18Z</time></trkpt><trkpt lat="34.70968" lon="-119.847936"><ele>1682.0</ele><time>2026-05-26T15:32:25Z</time></trkpt><trkpt lat="34.709784" lon="-119.847922"><ele>1677.0</ele><time>2026-05-26T15:32:33Z</time></trkpt><trkpt lat="34.709821" lon="-119.847948"><ele>1678.0</ele><time>2026-05-26T15:32:35Z</time></trkpt><trkpt lat="34.709911" lon="-119.847888"><ele>1677.0</ele><time>2026-05-26T15:32:42Z</time></trkpt><trkpt lat="34.709938" lon="-119.847859"><ele>1676.0</ele><time>2026-05-26T15:32:44Z</time></trkpt><trkpt lat="34.710006" lon="-119.847846"><ele>1674.0</ele><time>2026-05-26T15:32:49Z</time></trkpt><trkpt lat="34.710075" lon="-119.847857"><ele>1674.0</ele><time>2026-05-26T15:32:54Z</time></trkpt><trkpt lat="34.710107" lon="-119.847879"><ele>1673.0</ele><time>2026-05-26T15:32:56Z</time></trkpt><trkpt lat="34.710145" lon="-119.847956"><ele>1672.0</ele><time>2026-05-26T15:33:01Z</time></trkpt><trkpt lat="34.710209" lon="-119.848138"><ele>1667.0</ele><time>2026-05-26T15:33:14Z</time></trkpt><trkpt lat="34.710277" lon="-119.848173"><ele>1668.0</ele><time>2026-05-26T15:33:19Z</time></trkpt><trkpt lat="34.710339" lon="-119.848257"><ele>1667.0</ele><time>2026-05-26T15:33:25Z</time></trkpt><trkpt lat="34.710372" lon="-119.848269"><ele>1668.0</ele><time>2026-05-26T15:33:27Z</time></trkpt><trkpt lat="34.710451" lon="-119.848323"><ele>1667.0</ele><time>2026-05-26T15:33:33Z</time></trkpt><trkpt lat="34.710474" lon="-119.84835"><ele>1667.0</ele><time>2026-05-26T15:33:35Z</time></trkpt><trkpt lat="34.710505" lon="-119.848363"><ele>1668.0</ele><time>2026-05-26T15:33:37Z</time></trkpt><trkpt lat="34.710687" lon="-119.848341"><ele>1662.0</ele><time>2026-05-26T15:33:48Z</time></trkpt><trkpt lat="34.710737" lon="-119.848397"><ele>1662.0</ele><time>2026-05-26T15:33:54Z</time></trkpt><trkpt lat="34.710753" lon="-119.848436"><ele>1664.0</ele><time>2026-05-26T15:33:56Z</time></trkpt><trkpt lat="34.710751" lon="-119.848476"><ele>1665.0</ele><time>2026-05-26T15:33:58Z</time></trkpt><trkpt lat="34.710805" lon="-119.848607"><ele>1660.0</ele><time>2026-05-26T15:34:06Z</time></trkpt><trkpt lat="34.710855" lon="-119.848645"><ele>1658.0</ele><time>2026-05-26T15:34:10Z</time></trkpt><trkpt lat="34.710887" lon="-119.848657"><ele>1659.0</ele><time>2026-05-26T15:34:12Z</time></trkpt><trkpt lat="34.711033" lon="-119.848639"><ele>1656.0</ele><time>2026-05-26T15:34:21Z</time></trkpt><trkpt lat="34.711129" lon="-119.848671"><ele>1656.0</ele><time>2026-05-26T15:34:28Z</time></trkpt><trkpt lat="34.711167" lon="-119.848669"><ele>1656.0</ele><time>2026-05-26T15:34:31Z</time></trkpt><trkpt lat="34.711204" lon="-119.848657"><ele>1657.0</ele><time>2026-05-26T15:34:34Z</time></trkpt><trkpt lat="34.7113" lon="-119.848569"><ele>1653.0</ele><time>2026-05-26T15:34:46Z</time></trkpt><trkpt lat="34.711334" lon="-119.848563"><ele>1652.0</ele><time>2026-05-26T15:34:48Z</time></trkpt><trkpt lat="34.711405" lon="-119.848579"><ele>1650.0</ele><time>2026-05-26T15:34:53Z</time></trkpt><trkpt lat="34.711496" lon="-119.848542"><ele>1652.0</ele><time>2026-05-26T15:34:59Z</time></trkpt><trkpt lat="34.711641" lon="-119.848543"><ele>1650.0</ele><time>2026-05-26T15:35:09Z</time></trkpt><trkpt lat="34.711716" lon="-119.848574"><ele>1650.0</ele><time>2026-05-26T15:35:15Z</time></trkpt><trkpt lat="34.71181" lon="-119.848665"><ele>1650.0</ele><time>2026-05-26T15:35:23Z</time></trkpt><trkpt lat="34.711898" lon="-119.848867"><ele>1649.0</ele><time>2026-05-26T15:35:36Z</time></trkpt><trkpt lat="34.711969" lon="-119.848932"><ele>1649.0</ele><time>2026-05-26T15:35:42Z</time></trkpt><trkpt lat="34.712" lon="-119.849003"><ele>1648.0</ele><time>2026-05-26T15:35:46Z</time></trkpt><trkpt lat="34.712034" lon="-119.849029"><ele>1650.0</ele><time>2026-05-26T15:35:49Z</time></trkpt><trkpt lat="34.712161" lon="-119.849075"><ele>1649.0</ele><time>2026-05-26T15:36:00Z</time></trkpt><trkpt lat="34.712221" lon="-119.849068"><ele>1644.0</ele><time>2026-05-26T15:36:06Z</time></trkpt><trkpt lat="34.712264" lon="-119.849079"><ele>1644.0</ele><time>2026-05-26T15:36:10Z</time></trkpt><trkpt lat="34.712542" lon="-119.849011"><ele>1644.0</ele><time>2026-05-26T15:36:27Z</time></trkpt><trkpt lat="34.712701" lon="-119.849031"><ele>1643.0</ele><time>2026-05-26T15:36:37Z</time></trkpt><trkpt lat="34.712731" lon="-119.849019"><ele>1641.0</ele><time>2026-05-26T15:36:39Z</time></trkpt><trkpt lat="34.712791" lon="-119.849034"><ele>1638.0</ele><time>2026-05-26T15:36:44Z</time></trkpt><trkpt lat="34.712832" lon="-119.849027"><ele>1638.0</ele><time>2026-05-26T15:36:46Z</time></trkpt><trkpt lat="34.712902" lon="-119.849064"><ele>1638.0</ele><time>2026-05-26T15:36:51Z</time></trkpt><trkpt lat="34.712928" lon="-119.849091"><ele>1638.0</ele><time>2026-05-26T15:36:54Z</time></trkpt><trkpt lat="34.712991" lon="-119.849106"><ele>1635.0</ele><time>2026-05-26T15:37:01Z</time></trkpt><trkpt lat="34.71302" lon="-119.849139"><ele>1634.0</ele><time>2026-05-26T15:37:04Z</time></trkpt><trkpt lat="34.71305" lon="-119.849215"><ele>1633.0</ele><time>2026-05-26T15:37:10Z</time></trkpt><trkpt lat="34.713107" lon="-119.849279"><ele>1633.0</ele><time>2026-05-26T15:37:14Z</time></trkpt><trkpt lat="34.713154" lon="-119.849396"><ele>1634.6</ele><time>2026-05-26T15:37:21Z</time></trkpt><trkpt lat="34.713182" lon="-119.849518"><ele>1634.0</ele><time>2026-05-26T15:37:27Z</time></trkpt><trkpt lat="34.713182" lon="-119.849556"><ele>1632.0</ele><time>2026-05-26T15:37:29Z</time></trkpt><trkpt lat="34.713216" lon="-119.849668"><ele>1634.0</ele><time>2026-05-26T15:37:35Z</time></trkpt><trkpt lat="34.713221" lon="-119.849779"><ele>1632.0</ele><time>2026-05-26T15:37:44Z</time></trkpt><trkpt lat="34.713262" lon="-119.849837"><ele>1635.0</ele><time>2026-05-26T15:37:51Z</time></trkpt><trkpt lat="34.713287" lon="-119.849919"><ele>1633.0</ele><time>2026-05-26T15:37:55Z</time></trkpt><trkpt lat="34.713352" lon="-119.85001"><ele>1632.0</ele><time>2026-05-26T15:38:03Z</time></trkpt><trkpt lat="34.713384" lon="-119.850082"><ele>1634.6</ele><time>2026-05-26T15:38:08Z</time></trkpt><trkpt lat="34.713388" lon="-119.850173"><ele>1632.0</ele><time>2026-05-26T15:38:14Z</time></trkpt><trkpt lat="34.713426" lon="-119.850259"><ele>1632.0</ele><time>2026-05-26T15:38:18Z</time></trkpt><trkpt lat="34.713445" lon="-119.850332"><ele>1632.0</ele><time>2026-05-26T15:38:22Z</time></trkpt><trkpt lat="34.71344" lon="-119.85044"><ele>1632.0</ele><time>2026-05-26T15:38:28Z</time></trkpt><trkpt lat="34.713458" lon="-119.850473"><ele>1634.0</ele><time>2026-05-26T15:38:31Z</time></trkpt><trkpt lat="34.713488" lon="-119.850484"><ele>1636.0</ele><time>2026-05-26T15:38:33Z</time></trkpt><trkpt lat="34.713518" lon="-119.85044"><ele>1634.0</ele><time>2026-05-26T15:38:35Z</time></trkpt><trkpt lat="34.713526" lon="-119.850391"><ele>1633.0</ele><time>2026-05-26T15:38:40Z</time></trkpt><trkpt lat="34.713569" lon="-119.850361"><ele>1632.0</ele><time>2026-05-26T15:38:47Z</time></trkpt><trkpt lat="34.713627" lon="-119.850384"><ele>1629.0</ele><time>2026-05-26T15:38:53Z</time></trkpt><trkpt lat="34.713681" lon="-119.850377"><ele>1628.0</ele><time>2026-05-26T15:38:58Z</time></trkpt><trkpt lat="34.713732" lon="-119.850412"><ele>1627.0</ele><time>2026-05-26T15:39:03Z</time></trkpt><trkpt lat="34.713839" lon="-119.850381"><ele>1625.0</ele><time>2026-05-26T15:39:15Z</time></trkpt><trkpt lat="34.713956" lon="-119.850315"><ele>1624.0</ele><time>2026-05-26T15:39:30Z</time></trkpt><trkpt lat="34.714022" lon="-119.850315"><ele>1622.0</ele><time>2026-05-26T15:39:36Z</time></trkpt><trkpt lat="34.714051" lon="-119.850297"><ele>1622.0</ele><time>2026-05-26T15:39:39Z</time></trkpt><trkpt lat="34.714066" lon="-119.850268"><ele>1620.0</ele><time>2026-05-26T15:39:42Z</time></trkpt><trkpt lat="34.714126" lon="-119.850236"><ele>1619.0</ele><time>2026-05-26T15:39:48Z</time></trkpt><trkpt lat="34.714176" lon="-119.850273"><ele>1620.3</ele><time>2026-05-26T15:39:53Z</time></trkpt><trkpt lat="34.714221" lon="-119.850218"><ele>1618.0</ele><time>2026-05-26T15:39:56Z</time></trkpt><trkpt lat="34.714291" lon="-119.850189"><ele>1616.0</ele><time>2026-05-26T15:40:07Z</time></trkpt><trkpt lat="34.714326" lon="-119.8502"><ele>1616.0</ele><time>2026-05-26T15:40:10Z</time></trkpt><trkpt lat="34.714365" lon="-119.85015"><ele>1614.0</ele><time>2026-05-26T15:40:16Z</time></trkpt><trkpt lat="34.714449" lon="-119.850133"><ele>1614.0</ele><time>2026-05-26T15:40:22Z</time></trkpt><trkpt lat="34.714555" lon="-119.850089"><ele>1612.0</ele><time>2026-05-26T15:40:30Z</time></trkpt><trkpt lat="34.714569" lon="-119.850051"><ele>1612.0</ele><time>2026-05-26T15:40:32Z</time></trkpt><trkpt lat="34.714562" lon="-119.850015"><ele>1612.0</ele><time>2026-05-26T15:40:35Z</time></trkpt><trkpt lat="34.714595" lon="-119.85"><ele>1612.0</ele><time>2026-05-26T15:40:38Z</time></trkpt><trkpt lat="34.714645" lon="-119.849958"><ele>1612.0</ele><time>2026-05-26T15:40:42Z</time></trkpt><trkpt lat="34.714651" lon="-119.849881"><ele>1610.0</ele><time>2026-05-26T15:40:46Z</time></trkpt><trkpt lat="34.714667" lon="-119.84984"><ele>1608.0</ele><time>2026-05-26T15:40:49Z</time></trkpt><trkpt lat="34.714705" lon="-119.849826"><ele>1608.0</ele><time>2026-05-26T15:40:51Z</time></trkpt><trkpt lat="34.714809" lon="-119.849815"><ele>1603.0</ele><time>2026-05-26T15:41:00Z</time></trkpt><trkpt lat="34.714847" lon="-119.849826"><ele>1602.0</ele><time>2026-05-26T15:41:03Z</time></trkpt><trkpt lat="34.714917" lon="-119.849797"><ele>1602.0</ele><time>2026-05-26T15:41:09Z</time></trkpt><trkpt lat="34.715071" lon="-119.849865"><ele>1596.0</ele><time>2026-05-26T15:41:23Z</time></trkpt><trkpt lat="34.715132" lon="-119.849851"><ele>1596.0</ele><time>2026-05-26T15:41:28Z</time></trkpt><trkpt lat="34.715164" lon="-119.849821"><ele>1595.7</ele><time>2026-05-26T15:41:31Z</time></trkpt><trkpt lat="34.715365" lon="-119.849729"><ele>1590.0</ele><time>2026-05-26T15:42:03Z</time></trkpt><trkpt lat="34.715482" lon="-119.849723"><ele>1590.0</ele><time>2026-05-26T15:42:11Z</time></trkpt><trkpt lat="34.71551" lon="-119.849688"><ele>1589.0</ele><time>2026-05-26T15:42:14Z</time></trkpt><trkpt lat="34.71557" lon="-119.849669"><ele>1587.0</ele><time>2026-05-26T15:42:18Z</time></trkpt><trkpt lat="34.715628" lon="-119.849635"><ele>1588.0</ele><time>2026-05-26T15:42:23Z</time></trkpt><trkpt lat="34.715651" lon="-119.8496"><ele>1587.0</ele><time>2026-05-26T15:42:27Z</time></trkpt><trkpt lat="34.715692" lon="-119.8496"><ele>1587.0</ele><time>2026-05-26T15:42:30Z</time></trkpt><trkpt lat="34.71584" lon="-119.849568"><ele>1581.0</ele><time>2026-05-26T15:42:41Z</time></trkpt><trkpt lat="34.715899" lon="-119.849539"><ele>1577.0</ele><time>2026-05-26T15:42:48Z</time></trkpt><trkpt lat="34.715936" lon="-119.849534"><ele>1576.0</ele><time>2026-05-26T15:42:52Z</time></trkpt><trkpt lat="34.715967" lon="-119.849548"><ele>1575.0</ele><time>2026-05-26T15:42:56Z</time></trkpt><trkpt lat="34.715979" lon="-119.849583"><ele>1574.0</ele><time>2026-05-26T15:42:59Z</time></trkpt><trkpt lat="34.716037" lon="-119.849668"><ele>1572.0</ele><time>2026-05-26T15:43:08Z</time></trkpt><trkpt lat="34.716108" lon="-119.849713"><ele>1567.0</ele><time>2026-05-26T15:43:24Z</time></trkpt><trkpt lat="34.716248" lon="-119.849763"><ele>1564.0</ele><time>2026-05-26T15:43:48Z</time></trkpt><trkpt lat="34.716325" lon="-119.849719"><ele>1564.0</ele><time>2026-05-26T15:44:03Z</time></trkpt><trkpt lat="34.716403" lon="-119.849635"><ele>1560.0</ele><time>2026-05-26T15:44:18Z</time></trkpt><trkpt lat="34.716492" lon="-119.849581"><ele>1556.0</ele><time>2026-05-26T15:44:27Z</time></trkpt><trkpt lat="34.71657" lon="-119.849602"><ele>1554.0</ele><time>2026-05-26T15:44:35Z</time></trkpt><trkpt lat="34.71661" lon="-119.849598"><ele>1552.0</ele><time>2026-05-26T15:44:38Z</time></trkpt><trkpt lat="34.716696" lon="-119.849556"><ele>1549.3</ele><time>2026-05-26T15:44:48Z</time></trkpt><trkpt lat="34.716759" lon="-119.84962"><ele>1546.0</ele><time>2026-05-26T15:44:55Z</time></trkpt><trkpt lat="34.716773" lon="-119.849649"><ele>1544.0</ele><time>2026-05-26T15:44:58Z</time></trkpt><trkpt lat="34.716826" lon="-119.849691"><ele>1542.0</ele><time>2026-05-26T15:45:05Z</time></trkpt><trkpt lat="34.716871" lon="-119.849745"><ele>1539.0</ele><time>2026-05-26T15:45:11Z</time></trkpt><trkpt lat="34.716967" lon="-119.849758"><ele>1536.0</ele><time>2026-05-26T15:45:18Z</time></trkpt><trkpt lat="34.717033" lon="-119.849814"><ele>1530.0</ele><time>2026-05-26T15:45:25Z</time></trkpt><trkpt lat="34.717072" lon="-119.849816"><ele>1532.0</ele><time>2026-05-26T15:45:28Z</time></trkpt><trkpt lat="34.717131" lon="-119.849799"><ele>1528.0</ele><time>2026-05-26T15:45:33Z</time></trkpt><trkpt lat="34.717195" lon="-119.849805"><ele>1527.0</ele><time>2026-05-26T15:45:38Z</time></trkpt><trkpt lat="34.717217" lon="-119.849834"><ele>1527.6</ele><time>2026-05-26T15:45:42Z</time></trkpt><trkpt lat="34.71728" lon="-119.849848"><ele>1526.0</ele><time>2026-05-26T15:45:48Z</time></trkpt><trkpt lat="34.717312" lon="-119.84984"><ele>1523.0</ele><time>2026-05-26T15:45:51Z</time></trkpt><trkpt lat="34.71734" lon="-119.849806"><ele>1520.0</ele><time>2026-05-26T15:45:58Z</time></trkpt><trkpt lat="34.717397" lon="-119.849771"><ele>1520.0</ele><time>2026-05-26T15:46:07Z</time></trkpt><trkpt lat="34.717542" lon="-119.849739"><ele>1515.0</ele><time>2026-05-26T15:46:18Z</time></trkpt><trkpt lat="34.717582" lon="-119.849749"><ele>1512.0</ele><time>2026-05-26T15:46:21Z</time></trkpt><trkpt lat="34.717641" lon="-119.849721"><ele>1510.0</ele><time>2026-05-26T15:46:26Z</time></trkpt><trkpt lat="34.717672" lon="-119.84966"><ele>1509.5</ele><time>2026-05-26T15:46:31Z</time></trkpt><trkpt lat="34.717752" lon="-119.849667"><ele>1507.0</ele><time>2026-05-26T15:46:36Z</time></trkpt><trkpt lat="34.717805" lon="-119.84961"><ele>1503.0</ele><time>2026-05-26T15:46:42Z</time></trkpt><trkpt lat="34.717846" lon="-119.849603"><ele>1502.0</ele><time>2026-05-26T15:46:44Z</time></trkpt><trkpt lat="34.717935" lon="-119.849707"><ele>1500.0</ele><time>2026-05-26T15:46:52Z</time></trkpt><trkpt lat="34.717966" lon="-119.849731"><ele>1499.0</ele><time>2026-05-26T15:46:55Z</time></trkpt><trkpt lat="34.717976" lon="-119.849769"><ele>1498.0</ele><time>2026-05-26T15:46:57Z</time></trkpt><trkpt lat="34.718026" lon="-119.849816"><ele>1496.0</ele><time>2026-05-26T15:47:02Z</time></trkpt><trkpt lat="34.718065" lon="-119.849832"><ele>1494.0</ele><time>2026-05-26T15:47:05Z</time></trkpt><trkpt lat="34.718115" lon="-119.849878"><ele>1490.0</ele><time>2026-05-26T15:47:10Z</time></trkpt><trkpt lat="34.71815" lon="-119.849878"><ele>1488.0</ele><time>2026-05-26T15:47:13Z</time></trkpt><trkpt lat="34.718185" lon="-119.849938"><ele>1490.0</ele><time>2026-05-26T15:47:18Z</time></trkpt><trkpt lat="34.718224" lon="-119.84989"><ele>1489.7</ele><time>2026-05-26T15:47:22Z</time></trkpt><trkpt lat="34.718257" lon="-119.849928"><ele>1488.0</ele><time>2026-05-26T15:47:24Z</time></trkpt><trkpt lat="34.718326" lon="-119.849932"><ele>1484.0</ele><time>2026-05-26T15:47:29Z</time></trkpt><trkpt lat="34.718355" lon="-119.849951"><ele>1484.0</ele><time>2026-05-26T15:47:32Z</time></trkpt><trkpt lat="34.718423" lon="-119.849956"><ele>1484.0</ele><time>2026-05-26T15:47:38Z</time></trkpt><trkpt lat="34.718486" lon="-119.84991"><ele>1479.0</ele><time>2026-05-26T15:47:44Z</time></trkpt><trkpt lat="34.71853" lon="-119.849892"><ele>1473.0</ele><time>2026-05-26T15:47:49Z</time></trkpt><trkpt lat="34.718555" lon="-119.849923"><ele>1474.0</ele><time>2026-05-26T15:47:54Z</time></trkpt><trkpt lat="34.718585" lon="-119.849938"><ele>1472.0</ele><time>2026-05-26T15:47:58Z</time></trkpt><trkpt lat="34.718618" lon="-119.849937"><ele>1473.0</ele><time>2026-05-26T15:48:02Z</time></trkpt><trkpt lat="34.718659" lon="-119.849904"><ele>1474.5</ele><time>2026-05-26T15:48:08Z</time></trkpt><trkpt lat="34.718686" lon="-119.849896"><ele>1474.0</ele><time>2026-05-26T15:48:10Z</time></trkpt><trkpt lat="34.718732" lon="-119.849905"><ele>1472.0</ele><time>2026-05-26T15:48:15Z</time></trkpt><trkpt lat="34.71876" lon="-119.849938"><ele>1471.0</ele><time>2026-05-26T15:48:17Z</time></trkpt><trkpt lat="34.718793" lon="-119.849947"><ele>1469.0</ele><time>2026-05-26T15:48:21Z</time></trkpt><trkpt lat="34.718822" lon="-119.849969"><ele>1464.0</ele><time>2026-05-26T15:48:26Z</time></trkpt><trkpt lat="34.718899" lon="-119.849991"><ele>1465.0</ele><time>2026-05-26T15:48:34Z</time></trkpt><trkpt lat="34.718925" lon="-119.85003"><ele>1463.0</ele><time>2026-05-26T15:48:37Z</time></trkpt><trkpt lat="34.718962" lon="-119.850042"><ele>1462.0</ele><time>2026-05-26T15:48:41Z</time></trkpt><trkpt lat="34.71924" lon="-119.850037"><ele>1454.0</ele><time>2026-05-26T15:49:08Z</time></trkpt><trkpt lat="34.719305" lon="-119.850052"><ele>1453.0</ele><time>2026-05-26T15:49:13Z</time></trkpt><trkpt lat="34.719373" lon="-119.850041"><ele>1452.0</ele><time>2026-05-26T15:49:22Z</time></trkpt><trkpt lat="34.719413" lon="-119.849985"><ele>1449.0</ele><time>2026-05-26T15:49:26Z</time></trkpt><trkpt lat="34.719475" lon="-119.849961"><ele>1449.0</ele><time>2026-05-26T15:49:31Z</time></trkpt><trkpt lat="34.719512" lon="-119.849958"><ele>1451.0</ele><time>2026-05-26T15:49:33Z</time></trkpt><trkpt lat="34.719608" lon="-119.849917"><ele>1446.0</ele><time>2026-05-26T15:49:41Z</time></trkpt><trkpt lat="34.71965" lon="-119.84986"><ele>1445.0</ele><time>2026-05-26T15:49:46Z</time></trkpt><trkpt lat="34.719681" lon="-119.849862"><ele>1442.0</ele><time>2026-05-26T15:49:49Z</time></trkpt><trkpt lat="34.719714" lon="-119.849841"><ele>1439.7</ele><time>2026-05-26T15:49:52Z</time></trkpt><trkpt lat="34.719678" lon="-119.849867"><ele>1436.0</ele><time>2026-05-26T15:50:06Z</time></trkpt><trkpt lat="34.719719" lon="-119.849867"><ele>1440.0</ele><time>2026-05-26T15:50:11Z</time></trkpt><trkpt lat="34.719748" lon="-119.849886"><ele>1440.0</ele><time>2026-05-26T15:50:14Z</time></trkpt><trkpt lat="34.719817" lon="-119.849892"><ele>1436.0</ele><time>2026-05-26T15:50:21Z</time></trkpt><trkpt lat="34.719846" lon="-119.849851"><ele>1435.0</ele><time>2026-05-26T15:50:26Z</time></trkpt><trkpt lat="34.719876" lon="-119.849844"><ele>1433.0</ele><time>2026-05-26T15:50:30Z</time></trkpt><trkpt lat="34.719885" lon="-119.84988"><ele>1432.0</ele><time>2026-05-26T15:50:35Z</time></trkpt><trkpt lat="34.719924" lon="-119.849858"><ele>1432.0</ele><time>2026-05-26T15:50:39Z</time></trkpt><trkpt lat="34.719992" lon="-119.849846"><ele>1428.0</ele><time>2026-05-26T15:50:47Z</time></trkpt><trkpt lat="34.720035" lon="-119.849854"><ele>1428.0</ele><time>2026-05-26T15:50:51Z</time></trkpt><trkpt lat="34.720136" lon="-119.849792"><ele>1419.0</ele><time>2026-05-26T15:51:02Z</time></trkpt><trkpt lat="34.720113" lon="-119.84982"><ele>1422.0</ele><time>2026-05-26T15:51:41Z</time></trkpt><trkpt lat="34.720114" lon="-119.849778"><ele>1423.0</ele><time>2026-05-26T15:52:07Z</time></trkpt><trkpt lat="34.720139" lon="-119.849751"><ele>1422.0</ele><time>2026-05-26T15:52:10Z</time></trkpt><trkpt lat="34.7202" lon="-119.84977"><ele>1420.0</ele><time>2026-05-26T15:52:16Z</time></trkpt><trkpt lat="34.720206" lon="-119.849739"><ele>1421.0</ele><time>2026-05-26T15:52:20Z</time></trkpt><trkpt lat="34.720197" lon="-119.849707"><ele>1422.0</ele><time>2026-05-26T15:52:22Z</time></trkpt><trkpt lat="34.720164" lon="-119.84966"><ele>1422.0</ele><time>2026-05-26T15:52:27Z</time></trkpt><trkpt lat="34.720172" lon="-119.849616"><ele>1420.0</ele><time>2026-05-26T15:52:30Z</time></trkpt><trkpt lat="34.720215" lon="-119.84955"><ele>1419.0</ele><time>2026-05-26T15:52:36Z</time></trkpt><trkpt lat="34.720313" lon="-119.849503"><ele>1418.0</ele><time>2026-05-26T15:52:43Z</time></trkpt><trkpt lat="34.720347" lon="-119.849509"><ele>1416.0</ele><time>2026-05-26T15:52:46Z</time></trkpt><trkpt lat="34.720434" lon="-119.849492"><ele>1412.0</ele><time>2026-05-26T15:52:53Z</time></trkpt><trkpt lat="34.720445" lon="-119.849455"><ele>1410.0</ele><time>2026-05-26T15:52:56Z</time></trkpt><trkpt lat="34.720469" lon="-119.849422"><ele>1408.0</ele><time>2026-05-26T15:52:59Z</time></trkpt><trkpt lat="34.720578" lon="-119.849386"><ele>1404.0</ele><time>2026-05-26T15:53:12Z</time></trkpt><trkpt lat="34.72059" lon="-119.849446"><ele>1406.0</ele><time>2026-05-26T15:53:18Z</time></trkpt><trkpt lat="34.720587" lon="-119.84948"><ele>1405.0</ele><time>2026-05-26T15:53:24Z</time></trkpt><trkpt lat="34.720622" lon="-119.849504"><ele>1402.0</ele><time>2026-05-26T15:53:27Z</time></trkpt><trkpt lat="34.720691" lon="-119.849516"><ele>1399.0</ele><time>2026-05-26T15:53:33Z</time></trkpt><trkpt lat="34.72072" lon="-119.849547"><ele>1398.0</ele><time>2026-05-26T15:53:35Z</time></trkpt><trkpt lat="34.720749" lon="-119.849562"><ele>1396.0</ele><time>2026-05-26T15:53:38Z</time></trkpt><trkpt lat="34.720788" lon="-119.84955"><ele>1397.0</ele><time>2026-05-26T15:53:42Z</time></trkpt><trkpt lat="34.720826" lon="-119.849557"><ele>1396.0</ele><time>2026-05-26T15:53:45Z</time></trkpt><trkpt lat="34.720866" lon="-119.849549"><ele>1394.0</ele><time>2026-05-26T15:53:48Z</time></trkpt><trkpt lat="34.720933" lon="-119.849562"><ele>1392.0</ele><time>2026-05-26T15:53:52Z</time></trkpt><trkpt lat="34.720999" lon="-119.849521"><ele>1389.0</ele><time>2026-05-26T15:53:56Z</time></trkpt><trkpt lat="34.721052" lon="-119.849436"><ele>1386.0</ele><time>2026-05-26T15:54:03Z</time></trkpt><trkpt lat="34.721087" lon="-119.849399"><ele>1383.0</ele><time>2026-05-26T15:54:06Z</time></trkpt><trkpt lat="34.721102" lon="-119.849369"><ele>1383.0</ele><time>2026-05-26T15:54:08Z</time></trkpt><trkpt lat="34.7211" lon="-119.849295"><ele>1382.0</ele><time>2026-05-26T15:54:13Z</time></trkpt><trkpt lat="34.721113" lon="-119.849262"><ele>1379.0</ele><time>2026-05-26T15:54:16Z</time></trkpt><trkpt lat="34.721175" lon="-119.849216"><ele>1375.0</ele><time>2026-05-26T15:54:21Z</time></trkpt><trkpt lat="34.721285" lon="-119.84919"><ele>1365.0</ele><time>2026-05-26T15:54:35Z</time></trkpt><trkpt lat="34.721247" lon="-119.849187"><ele>1374.0</ele><time>2026-05-26T15:54:42Z</time></trkpt><trkpt lat="34.721287" lon="-119.849143"><ele>1374.0</ele><time>2026-05-26T15:54:48Z</time></trkpt><trkpt lat="34.721279" lon="-119.848966"><ele>1368.0</ele><time>2026-05-26T15:54:58Z</time></trkpt><trkpt lat="34.721257" lon="-119.848918"><ele>1367.0</ele><time>2026-05-26T15:55:01Z</time></trkpt><trkpt lat="34.721308" lon="-119.848877"><ele>1364.0</ele><time>2026-05-26T15:55:08Z</time></trkpt><trkpt lat="34.721316" lon="-119.848807"><ele>1364.0</ele><time>2026-05-26T15:55:14Z</time></trkpt><trkpt lat="34.721369" lon="-119.848826"><ele>1366.0</ele><time>2026-05-26T15:55:17Z</time></trkpt><trkpt lat="34.721396" lon="-119.848799"><ele>1365.0</ele><time>2026-05-26T15:55:19Z</time></trkpt><trkpt lat="34.721426" lon="-119.848729"><ele>1359.0</ele><time>2026-05-26T15:55:27Z</time></trkpt><trkpt lat="34.721473" lon="-119.848699"><ele>1356.0</ele><time>2026-05-26T15:55:34Z</time></trkpt><trkpt lat="34.721483" lon="-119.848667"><ele>1354.0</ele><time>2026-05-26T15:55:37Z</time></trkpt><trkpt lat="34.721525" lon="-119.848667"><ele>1352.8</ele><time>2026-05-26T15:55:42Z</time></trkpt><trkpt lat="34.721539" lon="-119.84868"><ele>1352.0</ele><time>2026-05-26T15:55:44Z</time></trkpt><trkpt lat="34.721576" lon="-119.848563"><ele>1347.0</ele><time>2026-05-26T15:55:55Z</time></trkpt><trkpt lat="34.721659" lon="-119.848445"><ele>1343.0</ele><time>2026-05-26T15:56:08Z</time></trkpt><trkpt lat="34.721705" lon="-119.848434"><ele>1339.0</ele><time>2026-05-26T15:56:14Z</time></trkpt><trkpt lat="34.721726" lon="-119.848396"><ele>1335.0</ele><time>2026-05-26T15:56:20Z</time></trkpt><trkpt lat="34.721729" lon="-119.848356"><ele>1335.0</ele><time>2026-05-26T15:56:24Z</time></trkpt><trkpt lat="34.721758" lon="-119.848347"><ele>1332.0</ele><time>2026-05-26T15:56:27Z</time></trkpt><trkpt lat="34.721778" lon="-119.848324"><ele>1334.0</ele><time>2026-05-26T15:56:30Z</time></trkpt><trkpt lat="34.721784" lon="-119.848294"><ele>1334.0</ele><time>2026-05-26T15:56:32Z</time></trkpt><trkpt lat="34.721895" lon="-119.848251"><ele>1328.0</ele><time>2026-05-26T15:56:48Z</time></trkpt><trkpt lat="34.721917" lon="-119.848224"><ele>1326.0</ele><time>2026-05-26T15:56:51Z</time></trkpt><trkpt lat="34.721928" lon="-119.848188"><ele>1326.0</ele><time>2026-05-26T15:56:54Z</time></trkpt><trkpt lat="34.721929" lon="-119.848111"><ele>1324.0</ele><time>2026-05-26T15:57:04Z</time></trkpt><trkpt lat="34.721974" lon="-119.848053"><ele>1323.0</ele><time>2026-05-26T15:57:10Z</time></trkpt><trkpt lat="34.722045" lon="-119.848019"><ele>1320.0</ele><time>2026-05-26T15:57:17Z</time></trkpt><trkpt lat="34.722073" lon="-119.847994"><ele>1320.0</ele><time>2026-05-26T15:57:20Z</time></trkpt><trkpt lat="34.722085" lon="-119.847956"><ele>1320.0</ele><time>2026-05-26T15:57:22Z</time></trkpt><trkpt lat="34.72209" lon="-119.847864"><ele>1314.0</ele><time>2026-05-26T15:57:29Z</time></trkpt><trkpt lat="34.722137" lon="-119.847825"><ele>1309.0</ele><time>2026-05-26T15:57:37Z</time></trkpt><trkpt lat="34.722172" lon="-119.84777"><ele>1308.0</ele><time>2026-05-26T15:57:47Z</time></trkpt><trkpt lat="34.722212" lon="-119.847764"><ele>1308.0</ele><time>2026-05-26T15:57:52Z</time></trkpt><trkpt lat="34.722221" lon="-119.847735"><ele>1308.0</ele><time>2026-05-26T15:57:54Z</time></trkpt><trkpt lat="34.722266" lon="-119.84768"><ele>1303.0</ele><time>2026-05-26T15:58:00Z</time></trkpt><trkpt lat="34.722308" lon="-119.847693"><ele>1300.0</ele><time>2026-05-26T15:58:09Z</time></trkpt><trkpt lat="34.722323" lon="-119.847665"><ele>1300.0</ele><time>2026-05-26T15:58:15Z</time></trkpt><trkpt lat="34.722394" lon="-119.847643"><ele>1300.0</ele><time>2026-05-26T15:58:20Z</time></trkpt><trkpt lat="34.722473" lon="-119.847681"><ele>1291.0</ele><time>2026-05-26T15:58:28Z</time></trkpt><trkpt lat="34.722498" lon="-119.847711"><ele>1293.0</ele><time>2026-05-26T15:58:34Z</time></trkpt><trkpt lat="34.722556" lon="-119.847665"><ele>1292.0</ele><time>2026-05-26T15:58:41Z</time></trkpt><trkpt lat="34.722599" lon="-119.847656"><ele>1291.0</ele><time>2026-05-26T15:58:45Z</time></trkpt><trkpt lat="34.72266" lon="-119.847627"><ele>1290.0</ele><time>2026-05-26T15:58:50Z</time></trkpt><trkpt lat="34.722692" lon="-119.847622"><ele>1289.0</ele><time>2026-05-26T15:58:53Z</time></trkpt><trkpt lat="34.722762" lon="-119.847673"><ele>1286.0</ele><time>2026-05-26T15:58:58Z</time></trkpt><trkpt lat="34.722801" lon="-119.84766"><ele>1286.0</ele><time>2026-05-26T15:59:00Z</time></trkpt><trkpt lat="34.72283" lon="-119.847636"><ele>1286.0</ele><time>2026-05-26T15:59:02Z</time></trkpt><trkpt lat="34.722902" lon="-119.847603"><ele>1285.0</ele><time>2026-05-26T15:59:09Z</time></trkpt><trkpt lat="34.722922" lon="-119.84757"><ele>1284.0</ele><time>2026-05-26T15:59:12Z</time></trkpt><trkpt lat="34.722959" lon="-119.847537"><ele>1280.0</ele><time>2026-05-26T15:59:17Z</time></trkpt><trkpt lat="34.722999" lon="-119.847555"><ele>1281.0</ele><time>2026-05-26T15:59:21Z</time></trkpt><trkpt lat="34.723076" lon="-119.847457"><ele>1278.0</ele><time>2026-05-26T15:59:30Z</time></trkpt><trkpt lat="34.723082" lon="-119.84738"><ele>1274.0</ele><time>2026-05-26T15:59:35Z</time></trkpt><trkpt lat="34.723066" lon="-119.847305"><ele>1270.0</ele><time>2026-05-26T15:59:41Z</time></trkpt><trkpt lat="34.723105" lon="-119.847248"><ele>1268.0</ele><time>2026-05-26T15:59:45Z</time></trkpt><trkpt lat="34.723081" lon="-119.847149"><ele>1265.0</ele><time>2026-05-26T15:59:52Z</time></trkpt><trkpt lat="34.722964" lon="-119.84708"><ele>1269.0</ele><time>2026-05-26T16:00:15Z</time></trkpt><trkpt lat="34.722905" lon="-119.846987"><ele>1269.0</ele><time>2026-05-26T16:00:23Z</time></trkpt><trkpt lat="34.722854" lon="-119.84698"><ele>1271.0</ele><time>2026-05-26T16:00:41Z</time></trkpt><trkpt lat="34.722791" lon="-119.846892"><ele>1272.0</ele><time>2026-05-26T16:01:01Z</time></trkpt><trkpt lat="34.722738" lon="-119.846841"><ele>1272.0</ele><time>2026-05-26T16:01:06Z</time></trkpt><trkpt lat="34.722718" lon="-119.846781"><ele>1270.0</ele><time>2026-05-26T16:01:12Z</time></trkpt><trkpt lat="34.722717" lon="-119.846708"><ele>1272.0</ele><time>2026-05-26T16:01:16Z</time></trkpt><trkpt lat="34.722735" lon="-119.846663"><ele>1272.0</ele><time>2026-05-26T16:01:18Z</time></trkpt><trkpt lat="34.722777" lon="-119.846657"><ele>1270.0</ele><time>2026-05-26T16:01:21Z</time></trkpt><trkpt lat="34.722829" lon="-119.846614"><ele>1274.2</ele><time>2026-05-26T16:01:27Z</time></trkpt><trkpt lat="34.722864" lon="-119.846548"><ele>1269.0</ele><time>2026-05-26T16:01:31Z</time></trkpt><trkpt lat="34.722913" lon="-119.846539"><ele>1268.0</ele><time>2026-05-26T16:01:38Z</time></trkpt><trkpt lat="34.722951" lon="-119.846547"><ele>1267.0</ele><time>2026-05-26T16:01:41Z</time></trkpt><trkpt lat="34.723045" lon="-119.84654"><ele>1268.0</ele><time>2026-05-26T16:01:46Z</time></trkpt><trkpt lat="34.723151" lon="-119.846502"><ele>1264.0</ele><time>2026-05-26T16:01:54Z</time></trkpt><trkpt lat="34.723165" lon="-119.846462"><ele>1263.0</ele><time>2026-05-26T16:01:57Z</time></trkpt><trkpt lat="34.723159" lon="-119.846396"><ele>1258.0</ele><time>2026-05-26T16:02:06Z</time></trkpt><trkpt lat="34.723219" lon="-119.846268"><ele>1251.0</ele><time>2026-05-26T16:02:18Z</time></trkpt><trkpt lat="34.723402" lon="-119.846124"><ele>1247.0</ele><time>2026-05-26T16:02:41Z</time></trkpt><trkpt lat="34.723422" lon="-119.846085"><ele>1245.0</ele><time>2026-05-26T16:02:44Z</time></trkpt><trkpt lat="34.72345" lon="-119.846072"><ele>1242.0</ele><time>2026-05-26T16:02:47Z</time></trkpt><trkpt lat="34.723515" lon="-119.845979"><ele>1238.0</ele><time>2026-05-26T16:02:57Z</time></trkpt><trkpt lat="34.723585" lon="-119.845923"><ele>1237.0</ele><time>2026-05-26T16:03:07Z</time></trkpt><trkpt lat="34.723598" lon="-119.845881"><ele>1234.0</ele><time>2026-05-26T16:03:11Z</time></trkpt><trkpt lat="34.72366" lon="-119.845826"><ele>1233.0</ele><time>2026-05-26T16:03:17Z</time></trkpt><trkpt lat="34.723726" lon="-119.845795"><ele>1230.0</ele><time>2026-05-26T16:03:25Z</time></trkpt><trkpt lat="34.723756" lon="-119.845732"><ele>1230.0</ele><time>2026-05-26T16:03:33Z</time></trkpt><trkpt lat="34.723819" lon="-119.845734"><ele>1225.0</ele><time>2026-05-26T16:03:41Z</time></trkpt><trkpt lat="34.723881" lon="-119.845757"><ele>1224.0</ele><time>2026-05-26T16:03:49Z</time></trkpt><trkpt lat="34.723961" lon="-119.845767"><ele>1224.0</ele><time>2026-05-26T16:03:56Z</time></trkpt><trkpt lat="34.723978" lon="-119.845801"><ele>1223.0</ele><time>2026-05-26T16:04:00Z</time></trkpt><trkpt lat="34.723978" lon="-119.845844"><ele>1222.0</ele><time>2026-05-26T16:04:05Z</time></trkpt><trkpt lat="34.724002" lon="-119.845938"><ele>1220.0</ele><time>2026-05-26T16:04:16Z</time></trkpt><trkpt lat="34.724069" lon="-119.846026"><ele>1216.0</ele><time>2026-05-26T16:04:27Z</time></trkpt><trkpt lat="34.724083" lon="-119.846064"><ele>1217.0</ele><time>2026-05-26T16:04:32Z</time></trkpt><trkpt lat="34.72416" lon="-119.846123"><ele>1217.0</ele><time>2026-05-26T16:04:48Z</time></trkpt><trkpt lat="34.724225" lon="-119.846145"><ele>1216.0</ele><time>2026-05-26T16:04:56Z</time></trkpt><trkpt lat="34.724283" lon="-119.846179"><ele>1215.0</ele><time>2026-05-26T16:05:03Z</time></trkpt><trkpt lat="34.724318" lon="-119.846238"><ele>1222.0</ele><time>2026-05-26T16:05:08Z</time></trkpt><trkpt lat="34.724379" lon="-119.846226"><ele>1215.0</ele><time>2026-05-26T16:05:23Z</time></trkpt><trkpt lat="34.72437" lon="-119.846212"><ele>1218.0</ele><time>2026-05-26T16:05:40Z</time></trkpt><trkpt lat="34.724395" lon="-119.846191"><ele>1218.0</ele><time>2026-05-26T16:05:48Z</time></trkpt><trkpt lat="34.724509" lon="-119.846179"><ele>1214.0</ele><time>2026-05-26T16:05:58Z</time></trkpt><trkpt lat="34.724561" lon="-119.846186"><ele>1213.0</ele><time>2026-05-26T16:06:07Z</time></trkpt><trkpt lat="34.724592" lon="-119.846163"><ele>1212.0</ele><time>2026-05-26T16:06:10Z</time></trkpt><trkpt lat="34.72463" lon="-119.846158"><ele>1210.0</ele><time>2026-05-26T16:06:16Z</time></trkpt><trkpt lat="34.724708" lon="-119.846032"><ele>1212.0</ele><time>2026-05-26T16:06:42Z</time></trkpt><trkpt lat="34.724768" lon="-119.845981"><ele>1207.0</ele><time>2026-05-26T16:06:48Z</time></trkpt><trkpt lat="34.724738" lon="-119.84598"><ele>1212.0</ele><time>2026-05-26T16:06:54Z</time></trkpt><trkpt lat="34.724719" lon="-119.846004"><ele>1210.0</ele><time>2026-05-26T16:07:01Z</time></trkpt><trkpt lat="34.724712" lon="-119.846052"><ele>1208.0</ele><time>2026-05-26T16:07:09Z</time></trkpt><trkpt lat="34.724764" lon="-119.846105"><ele>1208.0</ele><time>2026-05-26T16:07:19Z</time></trkpt><trkpt lat="34.724894" lon="-119.846112"><ele>1211.0</ele><time>2026-05-26T16:07:36Z</time></trkpt><trkpt lat="34.724927" lon="-119.846132"><ele>1206.0</ele><time>2026-05-26T16:07:42Z</time></trkpt><trkpt lat="34.724947" lon="-119.846162"><ele>1208.0</ele><time>2026-05-26T16:07:48Z</time></trkpt><trkpt lat="34.724981" lon="-119.846176"><ele>1210.0</ele><time>2026-05-26T16:07:53Z</time></trkpt><trkpt lat="34.725008" lon="-119.846202"><ele>1210.0</ele><time>2026-05-26T16:07:57Z</time></trkpt><trkpt lat="34.725089" lon="-119.846141"><ele>1212.0</ele><time>2026-05-26T16:08:07Z</time></trkpt><trkpt lat="34.725069" lon="-119.846159"><ele>1211.9</ele><time>2026-05-26T16:08:10Z</time></trkpt><trkpt lat="34.72516" lon="-119.8462"><ele>1200.0</ele><time>2026-05-26T16:08:30Z</time></trkpt><trkpt lat="34.72516" lon="-119.846129"><ele>1212.0</ele><time>2026-05-26T16:08:48Z</time></trkpt><trkpt lat="34.725129" lon="-119.846025"><ele>1210.0</ele><time>2026-05-26T16:09:36Z</time></trkpt><trkpt lat="34.725139" lon="-119.846058"><ele>1210.0</ele><time>2026-05-26T16:09:40Z</time></trkpt><trkpt lat="34.725081" lon="-119.84608"><ele>1209.0</ele><time>2026-05-26T16:09:49Z</time></trkpt><trkpt lat="34.725144" lon="-119.846069"><ele>1208.0</ele><time>2026-05-26T16:10:08Z</time></trkpt><trkpt lat="34.725129" lon="-119.846035"><ele>1201.0</ele><time>2026-05-26T16:10:25Z</time></trkpt><trkpt lat="34.725238" lon="-119.845983"><ele>1206.0</ele><time>2026-05-26T16:10:46Z</time></trkpt><trkpt lat="34.725186" lon="-119.845988"><ele>1204.5</ele><time>2026-05-26T16:10:48Z</time></trkpt><trkpt lat="34.725218" lon="-119.846063"><ele>1213.0</ele><time>2026-05-26T16:10:53Z</time></trkpt><trkpt lat="34.725291" lon="-119.846061"><ele>1213.0</ele><time>2026-05-26T16:10:59Z</time></trkpt><trkpt lat="34.725316" lon="-119.846027"><ele>1216.9</ele><time>2026-05-26T16:11:03Z</time></trkpt><trkpt lat="34.725346" lon="-119.845957"><ele>1204.0</ele><time>2026-05-26T16:11:14Z</time></trkpt><trkpt lat="34.725331" lon="-119.845939"><ele>1205.0</ele><time>2026-05-26T16:11:22Z</time></trkpt><trkpt lat="34.725344" lon="-119.845927"><ele>1208.0</ele><time>2026-05-26T16:11:34Z</time></trkpt><trkpt lat="34.725387" lon="-119.845955"><ele>1206.0</ele><time>2026-05-26T16:11:44Z</time></trkpt><trkpt lat="34.725377" lon="-119.846038"><ele>1205.0</ele><time>2026-05-26T16:11:50Z</time></trkpt><trkpt lat="34.725438" lon="-119.846042"><ele>1213.0</ele><time>2026-05-26T16:11:56Z</time></trkpt><trkpt lat="34.725453" lon="-119.846"><ele>1210.0</ele><time>2026-05-26T16:12:00Z</time></trkpt><trkpt lat="34.725445" lon="-119.84603"><ele>1213.5</ele><time>2026-05-26T16:12:03Z</time></trkpt><trkpt lat="34.725469" lon="-119.846052"><ele>1214.0</ele><time>2026-05-26T16:12:04Z</time></trkpt><trkpt lat="34.725491" lon="-119.846011"><ele>1208.0</ele><time>2026-05-26T16:12:07Z</time></trkpt><trkpt lat="34.725554" lon="-119.845966"><ele>1206.0</ele><time>2026-05-26T16:12:13Z</time></trkpt><trkpt lat="34.725581" lon="-119.845902"><ele>1206.0</ele><time>2026-05-26T16:12:18Z</time></trkpt><trkpt lat="34.725611" lon="-119.845889"><ele>1206.0</ele><time>2026-05-26T16:12:22Z</time></trkpt><trkpt lat="34.725633" lon="-119.845827"><ele>1205.0</ele><time>2026-05-26T16:12:35Z</time></trkpt><trkpt lat="34.7256" lon="-119.845837"><ele>1211.0</ele><time>2026-05-26T16:12:40Z</time></trkpt><trkpt lat="34.725567" lon="-119.845809"><ele>1211.0</ele><time>2026-05-26T16:12:43Z</time></trkpt><trkpt lat="34.725646" lon="-119.845778"><ele>1203.0</ele><time>2026-05-26T16:12:52Z</time></trkpt><trkpt lat="34.725701" lon="-119.845792"><ele>1201.0</ele><time>2026-05-26T16:12:59Z</time></trkpt><trkpt lat="34.725742" lon="-119.845786"><ele>1201.0</ele><time>2026-05-26T16:13:06Z</time></trkpt><trkpt lat="34.725765" lon="-119.845751"><ele>1202.0</ele><time>2026-05-26T16:13:09Z</time></trkpt><trkpt lat="34.72576" lon="-119.845714"><ele>1205.0</ele><time>2026-05-26T16:13:11Z</time></trkpt><trkpt lat="34.725771" lon="-119.845648"><ele>1208.0</ele><time>2026-05-26T16:13:17Z</time></trkpt><trkpt lat="34.725802" lon="-119.845622"><ele>1209.0</ele><time>2026-05-26T16:13:19Z</time></trkpt><trkpt lat="34.725838" lon="-119.845569"><ele>1208.0</ele><time>2026-05-26T16:13:24Z</time></trkpt><trkpt lat="34.725915" lon="-119.845556"><ele>1209.0</ele><time>2026-05-26T16:13:31Z</time></trkpt><trkpt lat="34.725907" lon="-119.845586"><ele>1206.0</ele><time>2026-05-26T16:13:34Z</time></trkpt><trkpt lat="34.725933" lon="-119.845536"><ele>1198.0</ele><time>2026-05-26T16:13:46Z</time></trkpt><trkpt lat="34.725918" lon="-119.845504"><ele>1200.0</ele><time>2026-05-26T16:13:51Z</time></trkpt><trkpt lat="34.725885" lon="-119.845468"><ele>1200.0</ele><time>2026-05-26T16:13:58Z</time></trkpt><trkpt lat="34.72588" lon="-119.845429"><ele>1200.0</ele><time>2026-05-26T16:14:10Z</time></trkpt><trkpt lat="34.725916" lon="-119.845407"><ele>1200.0</ele><time>2026-05-26T16:14:28Z</time></trkpt><trkpt lat="34.725876" lon="-119.845476"><ele>1196.0</ele><time>2026-05-26T16:14:56Z</time></trkpt><trkpt lat="34.725931" lon="-119.845501"><ele>1199.0</ele><time>2026-05-26T16:15:21Z</time></trkpt><trkpt lat="34.725958" lon="-119.845491"><ele>1200.0</ele><time>2026-05-26T16:15:28Z</time></trkpt><trkpt lat="34.725879" lon="-119.845496"><ele>1204.0</ele><time>2026-05-26T16:16:29Z</time></trkpt><trkpt lat="34.725951" lon="-119.845548"><ele>1203.0</ele><time>2026-05-26T16:17:09Z</time></trkpt><trkpt lat="34.725988" lon="-119.845548"><ele>1196.0</ele><time>2026-05-26T16:17:27Z</time></trkpt><trkpt lat="34.725964" lon="-119.845525"><ele>1201.0</ele><time>2026-05-26T16:17:41Z</time></trkpt><trkpt lat="34.725885" lon="-119.845517"><ele>1196.0</ele><time>2026-05-26T16:17:54Z</time></trkpt><trkpt lat="34.725919" lon="-119.845486"><ele>1204.1</ele><time>2026-05-26T16:18:03Z</time></trkpt><trkpt lat="34.725919" lon="-119.845448"><ele>1200.0</ele><time>2026-05-26T16:18:07Z</time></trkpt><trkpt lat="34.725855" lon="-119.84549"><ele>1197.0</ele><time>2026-05-26T16:18:53Z</time></trkpt><trkpt lat="34.725862" lon="-119.845546"><ele>1203.0</ele><time>2026-05-26T16:19:44Z</time></trkpt><trkpt lat="34.725908" lon="-119.845542"><ele>1203.0</ele><time>2026-05-26T16:19:49Z</time></trkpt><trkpt lat="34.725933" lon="-119.845506"><ele>1197.0</ele><time>2026-05-26T16:20:01Z</time></trkpt><trkpt lat="34.725881" lon="-119.84553"><ele>1197.0</ele><time>2026-05-26T16:20:19Z</time></trkpt><trkpt lat="34.725893" lon="-119.845523"><ele>1203.0</ele><time>2026-05-26T16:20:40Z</time></trkpt><trkpt lat="34.725935" lon="-119.845556"><ele>1197.0</ele><time>2026-05-26T16:20:54Z</time></trkpt><trkpt lat="34.725905" lon="-119.845503"><ele>1200.0</ele><time>2026-05-26T16:21:09Z</time></trkpt><trkpt lat="34.725937" lon="-119.845451"><ele>1197.0</ele><time>2026-05-26T16:21:27Z</time></trkpt><trkpt lat="34.725955" lon="-119.845527"><ele>1200.0</ele><time>2026-05-26T16:21:59Z</time></trkpt><trkpt lat="34.725989" lon="-119.845554"><ele>1203.2</ele><time>2026-05-26T16:22:11Z</time></trkpt><trkpt lat="34.725944" lon="-119.845473"><ele>1200.0</ele><time>2026-05-26T16:22:28Z</time></trkpt><trkpt lat="34.725948" lon="-119.845542"><ele>1197.0</ele><time>2026-05-26T16:22:39Z</time></trkpt><trkpt lat="34.725969" lon="-119.845512"><ele>1200.0</ele><time>2026-05-26T16:22:49Z</time></trkpt><trkpt lat="34.725923" lon="-119.845524"><ele>1203.0</ele><time>2026-05-26T16:22:56Z</time></trkpt><trkpt lat="34.725893" lon="-119.84557"><ele>1204.0</ele><time>2026-05-26T16:23:01Z</time></trkpt><trkpt lat="34.725868" lon="-119.845548"><ele>1203.0</ele><time>2026-05-26T16:23:07Z</time></trkpt><trkpt lat="34.725859" lon="-119.845508"><ele>1204.0</ele><time>2026-05-26T16:23:09Z</time></trkpt><trkpt lat="34.725873" lon="-119.845474"><ele>1203.0</ele><time>2026-05-26T16:23:24Z</time></trkpt><trkpt lat="34.72593" lon="-119.845468"><ele>1200.0</ele><time>2026-05-26T16:23:37Z</time></trkpt><trkpt lat="34.725919" lon="-119.84541"><ele>1202.0</ele><time>2026-05-26T16:23:58Z</time></trkpt><trkpt lat="34.725854" lon="-119.845427"><ele>1189.0</ele><time>2026-05-26T16:24:11Z</time></trkpt><trkpt lat="34.725841" lon="-119.845394"><ele>1209.0</ele><time>2026-05-26T16:24:21Z</time></trkpt><trkpt lat="34.725793" lon="-119.845375"><ele>1210.0</ele><time>2026-05-26T16:24:29Z</time></trkpt><trkpt lat="34.725738" lon="-119.845387"><ele>1219.8</ele><time>2026-05-26T16:24:38Z</time></trkpt><trkpt lat="34.72568" lon="-119.845441"><ele>1218.0</ele><time>2026-05-26T16:24:43Z</time></trkpt><trkpt lat="34.725672" lon="-119.845628"><ele>1220.9</ele><time>2026-05-26T16:24:51Z</time></trkpt><trkpt lat="34.725654" lon="-119.84568"><ele>1217.0</ele><time>2026-05-26T16:24:58Z</time></trkpt><trkpt lat="34.725676" lon="-119.845784"><ele>1213.0</ele><time>2026-05-26T16:25:03Z</time></trkpt><trkpt lat="34.725706" lon="-119.845855"><ele>1208.0</ele><time>2026-05-26T16:25:08Z</time></trkpt><trkpt lat="34.725741" lon="-119.845818"><ele>1205.0</ele><time>2026-05-26T16:25:12Z</time></trkpt><trkpt lat="34.725758" lon="-119.845874"><ele>1204.0</ele><time>2026-05-26T16:25:16Z</time></trkpt><trkpt lat="34.725761" lon="-119.84595"><ele>1200.0</ele><time>2026-05-26T16:25:24Z</time></trkpt><trkpt lat="34.725789" lon="-119.845932"><ele>1201.0</ele><time>2026-05-26T16:25:29Z</time></trkpt><trkpt lat="34.725816" lon="-119.845958"><ele>1202.0</ele><time>2026-05-26T16:25:38Z</time></trkpt><trkpt lat="34.725817" lon="-119.84599"><ele>1203.8</ele><time>2026-05-26T16:25:46Z</time></trkpt><trkpt lat="34.725849" lon="-119.845965"><ele>1202.0</ele><time>2026-05-26T16:25:51Z</time></trkpt><trkpt lat="34.725792" lon="-119.845983"><ele>1204.0</ele><time>2026-05-26T16:25:58Z</time></trkpt><trkpt lat="34.7258" lon="-119.846006"><ele>1202.0</ele><time>2026-05-26T16:26:02Z</time></trkpt><trkpt lat="34.725867" lon="-119.845943"><ele>1200.0</ele><time>2026-05-26T16:26:32Z</time></trkpt><trkpt lat="34.725818" lon="-119.845896"><ele>1200.0</ele><time>2026-05-26T16:26:51Z</time></trkpt><trkpt lat="34.725814" lon="-119.845855"><ele>1200.0</ele><time>2026-05-26T16:26:54Z</time></trkpt><trkpt lat="34.72585" lon="-119.845822"><ele>1200.0</ele><time>2026-05-26T16:27:10Z</time></trkpt><trkpt lat="34.725849" lon="-119.84587"><ele>1200.0</ele><time>2026-05-26T16:27:17Z</time></trkpt><trkpt lat="34.725725" lon="-119.845786"><ele>1202.7</ele><time>2026-05-26T16:27:26Z</time></trkpt><trkpt lat="34.725846" lon="-119.845943"><ele>1200.0</ele><time>2026-05-26T16:27:31Z</time></trkpt><trkpt lat="34.725927" lon="-119.845927"><ele>1202.0</ele><time>2026-05-26T16:27:41Z</time></trkpt><trkpt lat="34.725971" lon="-119.845928"><ele>1200.0</ele><time>2026-05-26T16:27:44Z</time></trkpt><trkpt lat="34.726004" lon="-119.845959"><ele>1201.0</ele><time>2026-05-26T16:27:52Z</time></trkpt><trkpt lat="34.726004" lon="-119.8459"><ele>1195.0</ele><time>2026-05-26T16:28:05Z</time></trkpt><trkpt lat="34.72598" lon="-119.84592"><ele>1196.0</ele><time>2026-05-26T16:28:16Z</time></trkpt><trkpt lat="34.72596" lon="-119.845957"><ele>1196.0</ele><time>2026-05-26T16:28:19Z</time></trkpt><trkpt lat="34.725978" lon="-119.845985"><ele>1195.0</ele><time>2026-05-26T16:28:23Z</time></trkpt><trkpt lat="34.726138" lon="-119.846106"><ele>1193.7</ele><time>2026-05-26T16:28:38Z</time></trkpt><trkpt lat="34.726167" lon="-119.846148"><ele>1193.0</ele><time>2026-05-26T16:28:42Z</time></trkpt><trkpt lat="34.726197" lon="-119.846118"><ele>1190.0</ele><time>2026-05-26T16:28:45Z</time></trkpt><trkpt lat="34.726306" lon="-119.846304"><ele>1185.0</ele><time>2026-05-26T16:29:06Z</time></trkpt><trkpt lat="34.726293" lon="-119.846429"><ele>1186.0</ele><time>2026-05-26T16:29:16Z</time></trkpt><trkpt lat="34.726329" lon="-119.846493"><ele>1183.0</ele><time>2026-05-26T16:29:21Z</time></trkpt><trkpt lat="34.726356" lon="-119.846521"><ele>1178.0</ele><time>2026-05-26T16:29:24Z</time></trkpt><trkpt lat="34.726384" lon="-119.846637"><ele>1173.0</ele><time>2026-05-26T16:29:32Z</time></trkpt><trkpt lat="34.726377" lon="-119.846713"><ele>1173.0</ele><time>2026-05-26T16:29:38Z</time></trkpt><trkpt lat="34.726389" lon="-119.846754"><ele>1173.0</ele><time>2026-05-26T16:29:41Z</time></trkpt><trkpt lat="34.72641" lon="-119.846776"><ele>1172.0</ele><time>2026-05-26T16:29:44Z</time></trkpt><trkpt lat="34.726428" lon="-119.846863"><ele>1182.0</ele><time>2026-05-26T16:29:50Z</time></trkpt><trkpt lat="34.726493" lon="-119.846965"><ele>1179.0</ele><time>2026-05-26T16:29:57Z</time></trkpt><trkpt lat="34.726503" lon="-119.846996"><ele>1179.0</ele><time>2026-05-26T16:30:00Z</time></trkpt><trkpt lat="34.726566" lon="-119.847035"><ele>1176.0</ele><time>2026-05-26T16:30:25Z</time></trkpt><trkpt lat="34.726578" lon="-119.846961"><ele>1176.0</ele><time>2026-05-26T16:30:45Z</time></trkpt><trkpt lat="34.726606" lon="-119.846952"><ele>1176.0</ele><time>2026-05-26T16:31:24Z</time></trkpt><trkpt lat="34.72657" lon="-119.846906"><ele>1176.0</ele><time>2026-05-26T16:31:47Z</time></trkpt><trkpt lat="34.72653" lon="-119.846921"><ele>1178.0</ele><time>2026-05-26T16:31:52Z</time></trkpt><trkpt lat="34.726522" lon="-119.847019"><ele>1177.0</ele><time>2026-05-26T16:32:01Z</time></trkpt><trkpt lat="34.726532" lon="-119.847053"><ele>1176.0</ele><time>2026-05-26T16:32:07Z</time></trkpt><trkpt lat="34.72659" lon="-119.847022"><ele>1177.0</ele><time>2026-05-26T16:32:18Z</time></trkpt><trkpt lat="34.726577" lon="-119.847064"><ele>1177.0</ele><time>2026-05-26T16:32:30Z</time></trkpt><trkpt lat="34.726592" lon="-119.84709"><ele>1177.0</ele><time>2026-05-26T16:32:34Z</time></trkpt><trkpt lat="34.726586" lon="-119.847167"><ele>1175.0</ele><time>2026-05-26T16:32:41Z</time></trkpt><trkpt lat="34.726536" lon="-119.84724"><ele>1178.0</ele><time>2026-05-26T16:32:52Z</time></trkpt><trkpt lat="34.726589" lon="-119.847426"><ele>1170.0</ele><time>2026-05-26T16:33:14Z</time></trkpt><trkpt lat="34.72663" lon="-119.847447"><ele>1170.0</ele><time>2026-05-26T16:33:19Z</time></trkpt><trkpt lat="34.726684" lon="-119.847505"><ele>1170.0</ele><time>2026-05-26T16:33:25Z</time></trkpt><trkpt lat="34.726726" lon="-119.847516"><ele>1169.0</ele><time>2026-05-26T16:33:29Z</time></trkpt><trkpt lat="34.72685" lon="-119.847585"><ele>1172.0</ele><time>2026-05-26T16:33:42Z</time></trkpt><trkpt lat="34.726884" lon="-119.84755"><ele>1171.0</ele><time>2026-05-26T16:33:46Z</time></trkpt><trkpt lat="34.72692" lon="-119.847626"><ele>1177.0</ele><time>2026-05-26T16:33:52Z</time></trkpt><trkpt lat="34.726968" lon="-119.847673"><ele>1176.0</ele><time>2026-05-26T16:33:59Z</time></trkpt><trkpt lat="34.727" lon="-119.847664"><ele>1173.0</ele><time>2026-05-26T16:34:02Z</time></trkpt><trkpt lat="34.727119" lon="-119.847728"><ele>1170.0</ele><time>2026-05-26T16:34:16Z</time></trkpt><trkpt lat="34.727194" lon="-119.847726"><ele>1168.0</ele><time>2026-05-26T16:35:01Z</time></trkpt><trkpt lat="34.727199" lon="-119.847758"><ele>1168.0</ele><time>2026-05-26T16:35:07Z</time></trkpt><trkpt lat="34.727157" lon="-119.847781"><ele>1164.0</ele><time>2026-05-26T16:35:20Z</time></trkpt><trkpt lat="34.727177" lon="-119.847759"><ele>1167.0</ele><time>2026-05-26T16:35:31Z</time></trkpt><trkpt lat="34.727222" lon="-119.847754"><ele>1170.0</ele><time>2026-05-26T16:35:34Z</time></trkpt><trkpt lat="34.727378" lon="-119.847811"><ele>1164.0</ele><time>2026-05-26T16:35:52Z</time></trkpt><trkpt lat="34.727383" lon="-119.847846"><ele>1164.0</ele><time>2026-05-26T16:35:57Z</time></trkpt><trkpt lat="34.72741" lon="-119.847896"><ele>1165.0</ele><time>2026-05-26T16:36:04Z</time></trkpt><trkpt lat="34.727489" lon="-119.847969"><ele>1162.0</ele><time>2026-05-26T16:36:54Z</time></trkpt><trkpt lat="34.727514" lon="-119.847981"><ele>1166.0</ele><time>2026-05-26T16:37:02Z</time></trkpt><trkpt lat="34.727547" lon="-119.847977"><ele>1160.0</ele><time>2026-05-26T16:37:10Z</time></trkpt><trkpt lat="34.727639" lon="-119.847993"><ele>1164.0</ele><time>2026-05-26T16:37:42Z</time></trkpt><trkpt lat="34.727695" lon="-119.847981"><ele>1165.0</ele><time>2026-05-26T16:37:52Z</time></trkpt><trkpt lat="34.727657" lon="-119.848012"><ele>1161.0</ele><time>2026-05-26T16:38:08Z</time></trkpt><trkpt lat="34.727674" lon="-119.847994"><ele>1164.0</ele><time>2026-05-26T16:38:23Z</time></trkpt><trkpt lat="34.727719" lon="-119.848027"><ele>1165.0</ele><time>2026-05-26T16:39:15Z</time></trkpt><trkpt lat="34.727774" lon="-119.848012"><ele>1152.0</ele><time>2026-05-26T16:39:31Z</time></trkpt><trkpt lat="34.727867" lon="-119.848012"><ele>1162.0</ele><time>2026-05-26T16:40:01Z</time></trkpt><trkpt lat="34.727895" lon="-119.847989"><ele>1162.0</ele><time>2026-05-26T16:40:07Z</time></trkpt><trkpt lat="34.72804" lon="-119.847999"><ele>1160.0</ele><time>2026-05-26T16:40:30Z</time></trkpt><trkpt lat="34.728089" lon="-119.847984"><ele>1159.0</ele><time>2026-05-26T16:40:34Z</time></trkpt><trkpt lat="34.728169" lon="-119.848002"><ele>1158.0</ele><time>2026-05-26T16:40:44Z</time></trkpt><trkpt lat="34.728221" lon="-119.847989"><ele>1163.6</ele><time>2026-05-26T16:40:51Z</time></trkpt><trkpt lat="34.72824" lon="-119.84801"><ele>1160.0</ele><time>2026-05-26T16:40:52Z</time></trkpt><trkpt lat="34.728305" lon="-119.848026"><ele>1159.0</ele><time>2026-05-26T16:40:58Z</time></trkpt><trkpt lat="34.728348" lon="-119.848013"><ele>1158.0</ele><time>2026-05-26T16:41:02Z</time></trkpt><trkpt lat="34.728377" lon="-119.848034"><ele>1159.0</ele><time>2026-05-26T16:41:06Z</time></trkpt><trkpt lat="34.728429" lon="-119.848024"><ele>1161.0</ele><time>2026-05-26T16:41:10Z</time></trkpt><trkpt lat="34.728467" lon="-119.848033"><ele>1161.0</ele><time>2026-05-26T16:41:13Z</time></trkpt><trkpt lat="34.728499" lon="-119.84801"><ele>1159.0</ele><time>2026-05-26T16:41:16Z</time></trkpt><trkpt lat="34.728518" lon="-119.847976"><ele>1160.0</ele><time>2026-05-26T16:41:22Z</time></trkpt><trkpt lat="34.72856" lon="-119.84801"><ele>1164.0</ele><time>2026-05-26T16:41:29Z</time></trkpt><trkpt lat="34.728573" lon="-119.847976"><ele>1165.0</ele><time>2026-05-26T16:41:36Z</time></trkpt><trkpt lat="34.72862" lon="-119.848003"><ele>1161.7</ele><time>2026-05-26T16:41:41Z</time></trkpt><trkpt lat="34.728737" lon="-119.848045"><ele>1161.0</ele><time>2026-05-26T16:41:49Z</time></trkpt><trkpt lat="34.72878" lon="-119.84802"><ele>1154.0</ele><time>2026-05-26T16:42:05Z</time></trkpt><trkpt lat="34.728814" lon="-119.84805"><ele>1156.0</ele><time>2026-05-26T16:42:24Z</time></trkpt><trkpt lat="34.728884" lon="-119.848069"><ele>1157.0</ele><time>2026-05-26T16:42:31Z</time></trkpt><trkpt lat="34.728956" lon="-119.848103"><ele>1161.0</ele><time>2026-05-26T16:42:37Z</time></trkpt><trkpt lat="34.729004" lon="-119.848082"><ele>1164.0</ele><time>2026-05-26T16:42:39Z</time></trkpt><trkpt lat="34.729047" lon="-119.848081"><ele>1161.0</ele><time>2026-05-26T16:42:45Z</time></trkpt><trkpt lat="34.729052" lon="-119.84812"><ele>1158.0</ele><time>2026-05-26T16:42:56Z</time></trkpt><trkpt lat="34.729097" lon="-119.848086"><ele>1152.0</ele><time>2026-05-26T16:43:03Z</time></trkpt><trkpt lat="34.729094" lon="-119.848059"><ele>1153.0</ele><time>2026-05-26T16:43:14Z</time></trkpt><trkpt lat="34.72918" lon="-119.848048"><ele>1154.0</ele><time>2026-05-26T16:43:24Z</time></trkpt><trkpt lat="34.729196" lon="-119.84801"><ele>1150.0</ele><time>2026-05-26T16:43:34Z</time></trkpt><trkpt lat="34.729239" lon="-119.848024"><ele>1149.0</ele><time>2026-05-26T16:43:46Z</time></trkpt><trkpt lat="34.72926" lon="-119.848103"><ele>1153.0</ele><time>2026-05-26T16:43:57Z</time></trkpt><trkpt lat="34.72936" lon="-119.848172"><ele>1160.0</ele><time>2026-05-26T16:44:11Z</time></trkpt><trkpt lat="34.729422" lon="-119.848161"><ele>1134.0</ele><time>2026-05-26T16:44:34Z</time></trkpt><trkpt lat="34.729434" lon="-119.848273"><ele>1151.0</ele><time>2026-05-26T16:45:07Z</time></trkpt><trkpt lat="34.729471" lon="-119.848353"><ele>1148.0</ele><time>2026-05-26T16:45:19Z</time></trkpt><trkpt lat="34.72943" lon="-119.848415"><ele>1149.0</ele><time>2026-05-26T16:45:24Z</time></trkpt><trkpt lat="34.729472" lon="-119.848418"><ele>1149.0</ele><time>2026-05-26T16:45:27Z</time></trkpt><trkpt lat="34.729489" lon="-119.848452"><ele>1148.0</ele><time>2026-05-26T16:45:29Z</time></trkpt><trkpt lat="34.729499" lon="-119.848518"><ele>1150.0</ele><time>2026-05-26T16:45:35Z</time></trkpt><trkpt lat="34.72953" lon="-119.848586"><ele>1149.0</ele><time>2026-05-26T16:45:41Z</time></trkpt><trkpt lat="34.729676" lon="-119.848648"><ele>1146.0</ele><time>2026-05-26T16:45:53Z</time></trkpt><trkpt lat="34.729737" lon="-119.848718"><ele>1146.0</ele><time>2026-05-26T16:45:58Z</time></trkpt><trkpt lat="34.729777" lon="-119.84874"><ele>1148.0</ele><time>2026-05-26T16:46:02Z</time></trkpt><trkpt lat="34.729834" lon="-119.848711"><ele>1145.0</ele><time>2026-05-26T16:46:10Z</time></trkpt><trkpt lat="34.729953" lon="-119.84869"><ele>1143.0</ele><time>2026-05-26T16:46:19Z</time></trkpt><trkpt lat="34.729986" lon="-119.848708"><ele>1143.0</ele><time>2026-05-26T16:46:22Z</time></trkpt><trkpt lat="34.730009" lon="-119.848738"><ele>1141.0</ele><time>2026-05-26T16:46:25Z</time></trkpt><trkpt lat="34.730035" lon="-119.848815"><ele>1146.0</ele><time>2026-05-26T16:46:32Z</time></trkpt><trkpt lat="34.73003" lon="-119.848866"><ele>1144.0</ele><time>2026-05-26T16:46:37Z</time></trkpt><trkpt lat="34.730078" lon="-119.848847"><ele>1145.0</ele><time>2026-05-26T16:46:42Z</time></trkpt><trkpt lat="34.730182" lon="-119.848839"><ele>1144.0</ele><time>2026-05-26T16:46:47Z</time></trkpt><trkpt lat="34.730288" lon="-119.848786"><ele>1135.0</ele><time>2026-05-26T16:46:57Z</time></trkpt><trkpt lat="34.730318" lon="-119.848787"><ele>1140.0</ele><time>2026-05-26T16:47:02Z</time></trkpt><trkpt lat="34.730372" lon="-119.848745"><ele>1135.0</ele><time>2026-05-26T16:47:10Z</time></trkpt><trkpt lat="34.730412" lon="-119.848743"><ele>1138.0</ele><time>2026-05-26T16:47:15Z</time></trkpt><trkpt lat="34.730438" lon="-119.848769"><ele>1138.0</ele><time>2026-05-26T16:47:17Z</time></trkpt><trkpt lat="34.730452" lon="-119.848802"><ele>1138.0</ele><time>2026-05-26T16:47:20Z</time></trkpt><trkpt lat="34.730486" lon="-119.848824"><ele>1138.0</ele><time>2026-05-26T16:47:22Z</time></trkpt><trkpt lat="34.730555" lon="-119.848834"><ele>1134.0</ele><time>2026-05-26T16:47:34Z</time></trkpt><trkpt lat="34.730528" lon="-119.848842"><ele>1138.0</ele><time>2026-05-26T16:47:41Z</time></trkpt><trkpt lat="34.730572" lon="-119.848823"><ele>1137.0</ele><time>2026-05-26T16:47:48Z</time></trkpt><trkpt lat="34.730637" lon="-119.848832"><ele>1134.0</ele><time>2026-05-26T16:47:57Z</time></trkpt><trkpt lat="34.730685" lon="-119.848875"><ele>1137.0</ele><time>2026-05-26T16:48:02Z</time></trkpt><trkpt lat="34.730734" lon="-119.84886"><ele>1135.0</ele><time>2026-05-26T16:48:06Z</time></trkpt><trkpt lat="34.730766" lon="-119.848824"><ele>1135.0</ele><time>2026-05-26T16:48:09Z</time></trkpt><trkpt lat="34.73079" lon="-119.848734"><ele>1134.0</ele><time>2026-05-26T16:48:14Z</time></trkpt><trkpt lat="34.730817" lon="-119.848784"><ele>1134.4</ele><time>2026-05-26T16:48:22Z</time></trkpt><trkpt lat="34.730867" lon="-119.848741"><ele>1134.0</ele><time>2026-05-26T16:48:25Z</time></trkpt><trkpt lat="34.730877" lon="-119.848706"><ele>1133.0</ele><time>2026-05-26T16:48:27Z</time></trkpt><trkpt lat="34.730913" lon="-119.848657"><ele>1133.0</ele><time>2026-05-26T16:48:32Z</time></trkpt><trkpt lat="34.730929" lon="-119.848614"><ele>1134.0</ele><time>2026-05-26T16:48:36Z</time></trkpt><trkpt lat="34.730915" lon="-119.848573"><ele>1134.0</ele><time>2026-05-26T16:48:38Z</time></trkpt><trkpt lat="34.73092" lon="-119.848538"><ele>1134.0</ele><time>2026-05-26T16:48:41Z</time></trkpt><trkpt lat="34.730868" lon="-119.848497"><ele>1135.0</ele><time>2026-05-26T16:48:46Z</time></trkpt><trkpt lat="34.730876" lon="-119.84844"><ele>1134.0</ele><time>2026-05-26T16:49:02Z</time></trkpt><trkpt lat="34.730905" lon="-119.848431"><ele>1134.0</ele><time>2026-05-26T16:49:06Z</time></trkpt><trkpt lat="34.730885" lon="-119.848399"><ele>1134.0</ele><time>2026-05-26T16:49:09Z</time></trkpt><trkpt lat="34.73091" lon="-119.848417"><ele>1136.0</ele><time>2026-05-26T16:49:17Z</time></trkpt><trkpt lat="34.73094" lon="-119.848404"><ele>1134.0</ele><time>2026-05-26T16:49:24Z</time></trkpt><trkpt lat="34.730902" lon="-119.84839"><ele>1133.0</ele><time>2026-05-26T16:49:35Z</time></trkpt><trkpt lat="34.730875" lon="-119.848404"><ele>1135.0</ele><time>2026-05-26T16:49:50Z</time></trkpt><trkpt lat="34.73087" lon="-119.848432"><ele>1134.0</ele><time>2026-05-26T16:50:02Z</time></trkpt><trkpt lat="34.730867" lon="-119.848399"><ele>1135.0</ele><time>2026-05-26T16:50:06Z</time></trkpt><trkpt lat="34.73089" lon="-119.848365"><ele>1136.0</ele><time>2026-05-26T16:50:11Z</time></trkpt><trkpt lat="34.730851" lon="-119.848352"><ele>1137.3</ele><time>2026-05-26T16:50:14Z</time></trkpt><trkpt lat="34.730828" lon="-119.848382"><ele>1136.0</ele><time>2026-05-26T16:50:15Z</time></trkpt><trkpt lat="34.730783" lon="-119.848366"><ele>1137.0</ele><time>2026-05-26T16:50:17Z</time></trkpt><trkpt lat="34.730778" lon="-119.848332"><ele>1138.0</ele><time>2026-05-26T16:50:26Z</time></trkpt><trkpt lat="34.730796" lon="-119.848377"><ele>1138.0</ele><time>2026-05-26T16:50:28Z</time></trkpt><trkpt lat="34.730759" lon="-119.848424"><ele>1136.0</ele><time>2026-05-26T16:50:31Z</time></trkpt><trkpt lat="34.730777" lon="-119.848389"><ele>1138.7</ele><time>2026-05-26T16:50:34Z</time></trkpt><trkpt lat="34.730823" lon="-119.848369"><ele>1138.0</ele><time>2026-05-26T16:50:35Z</time></trkpt><trkpt lat="34.730844" lon="-119.84834"><ele>1137.0</ele><time>2026-05-26T16:50:38Z</time></trkpt><trkpt lat="34.730876" lon="-119.848356"><ele>1138.0</ele><time>2026-05-26T16:50:40Z</time></trkpt><trkpt lat="34.730899" lon="-119.848334"><ele>1134.0</ele><time>2026-05-26T16:50:43Z</time></trkpt><trkpt lat="34.730927" lon="-119.848345"><ele>1136.0</ele><time>2026-05-26T16:50:47Z</time></trkpt><trkpt lat="34.730998" lon="-119.848304"><ele>1134.0</ele><time>2026-05-26T16:50:52Z</time></trkpt><trkpt lat="34.731056" lon="-119.848226"><ele>1134.0</ele><time>2026-05-26T16:50:59Z</time></trkpt><trkpt lat="34.731054" lon="-119.848177"><ele>1128.0</ele><time>2026-05-26T16:51:03Z</time></trkpt><trkpt lat="34.731108" lon="-119.848144"><ele>1131.8</ele><time>2026-05-26T16:51:10Z</time></trkpt><trkpt lat="34.73118" lon="-119.848256"><ele>1131.0</ele><time>2026-05-26T16:51:22Z</time></trkpt><trkpt lat="34.73118" lon="-119.848351"><ele>1128.0</ele><time>2026-05-26T16:51:32Z</time></trkpt><trkpt lat="34.731396" lon="-119.848242"><ele>1126.0</ele><time>2026-05-26T16:51:53Z</time></trkpt><trkpt lat="34.731433" lon="-119.848209"><ele>1126.0</ele><time>2026-05-26T16:51:56Z</time></trkpt><trkpt lat="34.731467" lon="-119.848213"><ele>1125.0</ele><time>2026-05-26T16:52:21Z</time></trkpt><trkpt lat="34.731473" lon="-119.848139"><ele>1124.0</ele><time>2026-05-26T16:52:48Z</time></trkpt><trkpt lat="34.731459" lon="-119.848196"><ele>1123.0</ele><time>2026-05-26T16:53:48Z</time></trkpt><trkpt lat="34.731426" lon="-119.848222"><ele>1124.0</ele><time>2026-05-26T16:54:11Z</time></trkpt><trkpt lat="34.731481" lon="-119.848224"><ele>1125.0</ele><time>2026-05-26T16:54:17Z</time></trkpt><trkpt lat="34.731535" lon="-119.84821"><ele>1121.0</ele><time>2026-05-26T16:54:35Z</time></trkpt><trkpt lat="34.731618" lon="-119.848243"><ele>1122.0</ele><time>2026-05-26T16:54:49Z</time></trkpt><trkpt lat="34.731649" lon="-119.848206"><ele>1123.0</ele><time>2026-05-26T16:54:52Z</time></trkpt><trkpt lat="34.73168" lon="-119.848198"><ele>1122.0</ele><time>2026-05-26T16:54:55Z</time></trkpt><trkpt lat="34.731751" lon="-119.848157"><ele>1122.0</ele><time>2026-05-26T16:54:59Z</time></trkpt><trkpt lat="34.731803" lon="-119.848183"><ele>1116.0</ele><time>2026-05-26T16:55:06Z</time></trkpt><trkpt lat="34.731861" lon="-119.848136"><ele>1118.0</ele><time>2026-05-26T16:55:17Z</time></trkpt><trkpt lat="34.731902" lon="-119.848144"><ele>1116.0</ele><time>2026-05-26T16:55:21Z</time></trkpt><trkpt lat="34.731938" lon="-119.848175"><ele>1117.0</ele><time>2026-05-26T16:55:24Z</time></trkpt><trkpt lat="34.732014" lon="-119.848162"><ele>1117.0</ele><time>2026-05-26T16:55:29Z</time></trkpt><trkpt lat="34.732057" lon="-119.84813"><ele>1116.0</ele><time>2026-05-26T16:55:33Z</time></trkpt><trkpt lat="34.732126" lon="-119.848132"><ele>1117.0</ele><time>2026-05-26T16:55:41Z</time></trkpt><trkpt lat="34.732171" lon="-119.848121"><ele>1118.0</ele><time>2026-05-26T16:55:44Z</time></trkpt><trkpt lat="34.732204" lon="-119.848098"><ele>1118.0</ele><time>2026-05-26T16:55:46Z</time></trkpt><trkpt lat="34.732238" lon="-119.848032"><ele>1116.0</ele><time>2026-05-26T16:55:51Z</time></trkpt><trkpt lat="34.732285" lon="-119.847975"><ele>1114.0</ele><time>2026-05-26T16:55:58Z</time></trkpt><trkpt lat="34.732325" lon="-119.847961"><ele>1112.0</ele><time>2026-05-26T16:56:21Z</time></trkpt><trkpt lat="34.732312" lon="-119.847951"><ele>1109.0</ele><time>2026-05-26T16:56:41Z</time></trkpt><trkpt lat="34.732397" lon="-119.847877"><ele>1109.0</ele><time>2026-05-26T16:57:02Z</time></trkpt><trkpt lat="34.732462" lon="-119.847877"><ele>1110.0</ele><time>2026-05-26T16:57:09Z</time></trkpt><trkpt lat="34.732521" lon="-119.847952"><ele>1107.0</ele><time>2026-05-26T16:57:19Z</time></trkpt><trkpt lat="34.732553" lon="-119.84795"><ele>1107.0</ele><time>2026-05-26T16:57:23Z</time></trkpt><trkpt lat="34.732586" lon="-119.847923"><ele>1107.0</ele><time>2026-05-26T16:57:26Z</time></trkpt><trkpt lat="34.732626" lon="-119.847866"><ele>1109.0</ele><time>2026-05-26T16:57:30Z</time></trkpt><trkpt lat="34.732684" lon="-119.847841"><ele>1107.0</ele><time>2026-05-26T16:57:38Z</time></trkpt><trkpt lat="34.732757" lon="-119.847837"><ele>1105.0</ele><time>2026-05-26T16:57:46Z</time></trkpt><trkpt lat="34.732809" lon="-119.847882"><ele>1107.0</ele><time>2026-05-26T16:57:58Z</time></trkpt><trkpt lat="34.732847" lon="-119.84787"><ele>1109.2</ele><time>2026-05-26T16:58:02Z</time></trkpt><trkpt lat="34.732886" lon="-119.847815"><ele>1107.0</ele><time>2026-05-26T16:58:07Z</time></trkpt><trkpt lat="34.733006" lon="-119.847781"><ele>1113.0</ele><time>2026-05-26T16:58:31Z</time></trkpt><trkpt lat="34.733077" lon="-119.847708"><ele>1106.0</ele><time>2026-05-26T16:58:53Z</time></trkpt><trkpt lat="34.733198" lon="-119.847731"><ele>1107.0</ele><time>2026-05-26T16:59:16Z</time></trkpt><trkpt lat="34.733223" lon="-119.847753"><ele>1107.0</ele><time>2026-05-26T16:59:19Z</time></trkpt><trkpt lat="34.733305" lon="-119.847897"><ele>1103.0</ele><time>2026-05-26T16:59:33Z</time></trkpt><trkpt lat="34.733371" lon="-119.847888"><ele>1102.0</ele><time>2026-05-26T16:59:40Z</time></trkpt><trkpt lat="34.733405" lon="-119.847897"><ele>1104.0</ele><time>2026-05-26T16:59:43Z</time></trkpt><trkpt lat="34.733506" lon="-119.847859"><ele>1104.0</ele><time>2026-05-26T17:00:00Z</time></trkpt><trkpt lat="34.733546" lon="-119.847883"><ele>1104.0</ele><time>2026-05-26T17:00:05Z</time></trkpt><trkpt lat="34.733566" lon="-119.847932"><ele>1101.0</ele><time>2026-05-26T17:00:11Z</time></trkpt><trkpt lat="34.733619" lon="-119.847978"><ele>1099.0</ele><time>2026-05-26T17:00:20Z</time></trkpt><trkpt lat="34.733654" lon="-119.847994"><ele>1098.0</ele><time>2026-05-26T17:00:23Z</time></trkpt><trkpt lat="34.733684" lon="-119.848027"><ele>1098.0</ele><time>2026-05-26T17:00:27Z</time></trkpt><trkpt lat="34.733703" lon="-119.848078"><ele>1100.0</ele><time>2026-05-26T17:00:51Z</time></trkpt><trkpt lat="34.733738" lon="-119.848119"><ele>1099.0</ele><time>2026-05-26T17:01:08Z</time></trkpt><trkpt lat="34.733785" lon="-119.848112"><ele>1096.0</ele><time>2026-05-26T17:01:13Z</time></trkpt><trkpt lat="34.733824" lon="-119.848125"><ele>1095.0</ele><time>2026-05-26T17:01:18Z</time></trkpt><trkpt lat="34.733891" lon="-119.848127"><ele>1097.0</ele><time>2026-05-26T17:01:25Z</time></trkpt><trkpt lat="34.733931" lon="-119.848225"><ele>1096.0</ele><time>2026-05-26T17:01:32Z</time></trkpt><trkpt lat="34.733956" lon="-119.848242"><ele>1095.0</ele><time>2026-05-26T17:01:34Z</time></trkpt><trkpt lat="34.73396" lon="-119.848416"><ele>1088.0</ele><time>2026-05-26T17:02:11Z</time></trkpt><trkpt lat="34.733979" lon="-119.848461"><ele>1093.0</ele><time>2026-05-26T17:02:25Z</time></trkpt><trkpt lat="34.733972" lon="-119.848518"><ele>1092.0</ele><time>2026-05-26T17:02:53Z</time></trkpt><trkpt lat="34.733981" lon="-119.848558"><ele>1092.0</ele><time>2026-05-26T17:03:03Z</time></trkpt><trkpt lat="34.734018" lon="-119.848426"><ele>1088.0</ele><time>2026-05-26T17:03:17Z</time></trkpt><trkpt lat="34.734063" lon="-119.848394"><ele>1087.0</ele><time>2026-05-26T17:03:33Z</time></trkpt><trkpt lat="34.734136" lon="-119.848489"><ele>1093.0</ele><time>2026-05-26T17:03:48Z</time></trkpt><trkpt lat="34.734167" lon="-119.848561"><ele>1095.0</ele><time>2026-05-26T17:03:54Z</time></trkpt><trkpt lat="34.734208" lon="-119.848577"><ele>1097.0</ele><time>2026-05-26T17:03:56Z</time></trkpt><trkpt lat="34.734237" lon="-119.848615"><ele>1093.0</ele><time>2026-05-26T17:03:59Z</time></trkpt><trkpt lat="34.734382" lon="-119.848628"><ele>1090.0</ele><time>2026-05-26T17:04:18Z</time></trkpt><trkpt lat="34.734473" lon="-119.848687"><ele>1094.0</ele><time>2026-05-26T17:04:39Z</time></trkpt><trkpt lat="34.734522" lon="-119.848707"><ele>1093.0</ele><time>2026-05-26T17:04:44Z</time></trkpt><trkpt lat="34.734556" lon="-119.84877"><ele>1091.0</ele><time>2026-05-26T17:04:56Z</time></trkpt><trkpt lat="34.734593" lon="-119.84878"><ele>1092.0</ele><time>2026-05-26T17:05:01Z</time></trkpt><trkpt lat="34.734627" lon="-119.848777"><ele>1092.0</ele><time>2026-05-26T17:05:06Z</time></trkpt><trkpt lat="34.734707" lon="-119.84884"><ele>1086.0</ele><time>2026-05-26T17:05:30Z</time></trkpt><trkpt lat="34.734678" lon="-119.848908"><ele>1085.0</ele><time>2026-05-26T17:05:49Z</time></trkpt><trkpt lat="34.734693" lon="-119.848984"><ele>1084.0</ele><time>2026-05-26T17:05:55Z</time></trkpt><trkpt lat="34.734725" lon="-119.849049"><ele>1086.0</ele><time>2026-05-26T17:06:01Z</time></trkpt><trkpt lat="34.734843" lon="-119.8492"><ele>1088.0</ele><time>2026-05-26T17:06:26Z</time></trkpt><trkpt lat="34.734864" lon="-119.849259"><ele>1088.0</ele><time>2026-05-26T17:06:30Z</time></trkpt><trkpt lat="34.734885" lon="-119.84939"><ele>1088.0</ele><time>2026-05-26T17:06:37Z</time></trkpt><trkpt lat="34.734856" lon="-119.849519"><ele>1079.0</ele><time>2026-05-26T17:07:02Z</time></trkpt><trkpt lat="34.734846" lon="-119.849474"><ele>1086.7</ele><time>2026-05-26T17:07:09Z</time></trkpt><trkpt lat="34.734878" lon="-119.849507"><ele>1083.0</ele><time>2026-05-26T17:07:11Z</time></trkpt><trkpt lat="34.73486" lon="-119.849489"><ele>1079.0</ele><time>2026-05-26T17:07:17Z</time></trkpt><trkpt lat="34.734819" lon="-119.849499"><ele>1080.0</ele><time>2026-05-26T17:07:26Z</time></trkpt><trkpt lat="34.734788" lon="-119.849478"><ele>1081.0</ele><time>2026-05-26T17:07:42Z</time></trkpt><trkpt lat="34.73476" lon="-119.849519"><ele>1080.0</ele><time>2026-05-26T17:07:59Z</time></trkpt><trkpt lat="34.734779" lon="-119.849699"><ele>1080.0</ele><time>2026-05-26T17:08:34Z</time></trkpt><trkpt lat="34.73477" lon="-119.849737"><ele>1083.3</ele><time>2026-05-26T17:08:49Z</time></trkpt><trkpt lat="34.7348" lon="-119.84977"><ele>1083.1</ele><time>2026-05-26T17:08:50Z</time></trkpt><trkpt lat="34.734757" lon="-119.849731"><ele>1082.0</ele><time>2026-05-26T17:08:51Z</time></trkpt><trkpt lat="34.734784" lon="-119.849763"><ele>1083.3</ele><time>2026-05-26T17:08:53Z</time></trkpt><trkpt lat="34.734791" lon="-119.849793"><ele>1080.0</ele><time>2026-05-26T17:08:56Z</time></trkpt><trkpt lat="34.734756" lon="-119.849892"><ele>1086.0</ele><time>2026-05-26T17:09:14Z</time></trkpt><trkpt lat="34.73487" lon="-119.849924"><ele>1083.0</ele><time>2026-05-26T17:09:44Z</time></trkpt><trkpt lat="34.734874" lon="-119.849958"><ele>1084.0</ele><time>2026-05-26T17:09:46Z</time></trkpt><trkpt lat="34.734848" lon="-119.850002"><ele>1083.0</ele><time>2026-05-26T17:09:49Z</time></trkpt><trkpt lat="34.734838" lon="-119.850057"><ele>1080.0</ele><time>2026-05-26T17:09:54Z</time></trkpt><trkpt lat="34.734809" lon="-119.850072"><ele>1083.0</ele><time>2026-05-26T17:09:59Z</time></trkpt><trkpt lat="34.734778" lon="-119.85011"><ele>1084.0</ele><time>2026-05-26T17:10:01Z</time></trkpt><trkpt lat="34.734748" lon="-119.850088"><ele>1080.0</ele><time>2026-05-26T17:10:04Z</time></trkpt><trkpt lat="34.734719" lon="-119.850122"><ele>1081.0</ele><time>2026-05-26T17:10:08Z</time></trkpt><trkpt lat="34.734625" lon="-119.850089"><ele>1077.0</ele><time>2026-05-26T17:10:19Z</time></trkpt><trkpt lat="34.734549" lon="-119.850172"><ele>1076.0</ele><time>2026-05-26T17:10:25Z</time></trkpt><trkpt lat="34.734515" lon="-119.850166"><ele>1078.0</ele><time>2026-05-26T17:10:27Z</time></trkpt><trkpt lat="34.734453" lon="-119.850264"><ele>1073.0</ele><time>2026-05-26T17:10:36Z</time></trkpt><trkpt lat="34.734397" lon="-119.85031"><ele>1072.0</ele><time>2026-05-26T17:10:42Z</time></trkpt><trkpt lat="34.734364" lon="-119.8503"><ele>1071.0</ele><time>2026-05-26T17:10:45Z</time></trkpt><trkpt lat="34.734286" lon="-119.850322"><ele>1069.0</ele><time>2026-05-26T17:10:51Z</time></trkpt><trkpt lat="34.734245" lon="-119.850318"><ele>1069.0</ele><time>2026-05-26T17:10:54Z</time></trkpt><trkpt lat="34.734241" lon="-119.850379"><ele>1066.0</ele><time>2026-05-26T17:10:58Z</time></trkpt><trkpt lat="34.73422" lon="-119.850453"><ele>1067.0</ele><time>2026-05-26T17:11:02Z</time></trkpt><trkpt lat="34.734233" lon="-119.850547"><ele>1069.0</ele><time>2026-05-26T17:11:09Z</time></trkpt><trkpt lat="34.7342" lon="-119.850605"><ele>1067.0</ele><time>2026-05-26T17:11:14Z</time></trkpt><trkpt lat="34.734196" lon="-119.850677"><ele>1069.0</ele><time>2026-05-26T17:11:18Z</time></trkpt><trkpt lat="34.73413" lon="-119.850752"><ele>1070.0</ele><time>2026-05-26T17:11:25Z</time></trkpt><trkpt lat="34.734095" lon="-119.850914"><ele>1067.0</ele><time>2026-05-26T17:11:35Z</time></trkpt><trkpt lat="34.734116" lon="-119.851046"><ele>1069.0</ele><time>2026-05-26T17:11:43Z</time></trkpt><trkpt lat="34.734179" lon="-119.851184"><ele>1065.0</ele><time>2026-05-26T17:11:52Z</time></trkpt><trkpt lat="34.734178" lon="-119.851218"><ele>1066.0</ele><time>2026-05-26T17:11:54Z</time></trkpt><trkpt lat="34.734124" lon="-119.851307"><ele>1064.0</ele><time>2026-05-26T17:12:00Z</time></trkpt><trkpt lat="34.734122" lon="-119.851446"><ele>1061.0</ele><time>2026-05-26T17:12:09Z</time></trkpt><trkpt lat="34.734244" lon="-119.851459"><ele>1058.0</ele><time>2026-05-26T17:12:15Z</time></trkpt><trkpt lat="34.734271" lon="-119.851481"><ele>1057.0</ele><time>2026-05-26T17:12:17Z</time></trkpt><trkpt lat="34.734306" lon="-119.851487"><ele>1059.0</ele><time>2026-05-26T17:12:19Z</time></trkpt><trkpt lat="34.734336" lon="-119.851457"><ele>1057.7</ele><time>2026-05-26T17:12:21Z</time></trkpt><trkpt lat="34.734352" lon="-119.85142"><ele>1060.0</ele><time>2026-05-26T17:12:22Z</time></trkpt><trkpt lat="34.734376" lon="-119.851401"><ele>1061.0</ele><time>2026-05-26T17:12:24Z</time></trkpt><trkpt lat="34.734419" lon="-119.851395"><ele>1057.0</ele><time>2026-05-26T17:12:32Z</time></trkpt><trkpt lat="34.734477" lon="-119.851595"><ele>1057.0</ele><time>2026-05-26T17:12:46Z</time></trkpt><trkpt lat="34.734528" lon="-119.851573"><ele>1056.0</ele><time>2026-05-26T17:12:52Z</time></trkpt><trkpt lat="34.734569" lon="-119.851582"><ele>1057.0</ele><time>2026-05-26T17:12:55Z</time></trkpt><trkpt lat="34.734582" lon="-119.851612"><ele>1056.0</ele><time>2026-05-26T17:12:58Z</time></trkpt><trkpt lat="34.734577" lon="-119.851663"><ele>1055.0</ele><time>2026-05-26T17:13:02Z</time></trkpt><trkpt lat="34.734595" lon="-119.851703"><ele>1053.0</ele><time>2026-05-26T17:13:05Z</time></trkpt><trkpt lat="34.73462" lon="-119.851869"><ele>1053.0</ele><time>2026-05-26T17:13:15Z</time></trkpt><trkpt lat="34.73464" lon="-119.851919"><ele>1055.8</ele><time>2026-05-26T17:13:19Z</time></trkpt></trkseg><trkseg><trkpt lat="34.752628" lon="-119.890893"><ele>666.6</ele><time>2026-05-26T19:45:56Z</time></trkpt><trkpt lat="34.752666" lon="-119.890896"><ele>666.3</ele><time>2026-05-26T19:45:59Z</time></trkpt><trkpt lat="34.75276" lon="-119.890958"><ele>666.0</ele><time>2026-05-26T19:46:07Z</time></trkpt><trkpt lat="34.752788" lon="-119.890982"><ele>666.0</ele><time>2026-05-26T19:46:10Z</time></trkpt><trkpt lat="34.752819" lon="-119.891049"><ele>666.0</ele><time>2026-05-26T19:46:14Z</time></trkpt><trkpt lat="34.752847" lon="-119.891074"><ele>666.0</ele><time>2026-05-26T19:46:17Z</time></trkpt><trkpt lat="34.753049" lon="-119.891177"><ele>666.0</ele><time>2026-05-26T19:46:34Z</time></trkpt><trkpt lat="34.753078" lon="-119.891177"><ele>666.0</ele><time>2026-05-26T19:46:36Z</time></trkpt><trkpt lat="34.75311" lon="-119.891193"><ele>666.0</ele><time>2026-05-26T19:46:40Z</time></trkpt><trkpt lat="34.753163" lon="-119.891242"><ele>668.0</ele><time>2026-05-26T19:46:45Z</time></trkpt><trkpt lat="34.75321" lon="-119.891344"><ele>669.0</ele><time>2026-05-26T19:46:52Z</time></trkpt><trkpt lat="34.753243" lon="-119.891367"><ele>669.0</ele><time>2026-05-26T19:46:55Z</time></trkpt><trkpt lat="34.753375" lon="-119.891425"><ele>669.0</ele><time>2026-05-26T19:47:05Z</time></trkpt><trkpt lat="34.753487" lon="-119.891428"><ele>669.0</ele><time>2026-05-26T19:47:13Z</time></trkpt><trkpt lat="34.75354" lon="-119.891474"><ele>669.0</ele><time>2026-05-26T19:47:18Z</time></trkpt><trkpt lat="34.753639" lon="-119.89152"><ele>672.0</ele><time>2026-05-26T19:47:26Z</time></trkpt><trkpt lat="34.75377" lon="-119.891542"><ele>672.0</ele><time>2026-05-26T19:47:37Z</time></trkpt><trkpt lat="34.753794" lon="-119.89158"><ele>672.0</ele><time>2026-05-26T19:47:39Z</time></trkpt><trkpt lat="34.753865" lon="-119.891589"><ele>672.0</ele><time>2026-05-26T19:47:45Z</time></trkpt><trkpt lat="34.753947" lon="-119.891672"><ele>672.0</ele><time>2026-05-26T19:47:58Z</time></trkpt><trkpt lat="34.754009" lon="-119.891705"><ele>672.0</ele><time>2026-05-26T19:48:02Z</time></trkpt><trkpt lat="34.754074" lon="-119.89171"><ele>672.0</ele><time>2026-05-26T19:48:07Z</time></trkpt><trkpt lat="34.754118" lon="-119.891764"><ele>672.0</ele><time>2026-05-26T19:48:12Z</time></trkpt><trkpt lat="34.754153" lon="-119.89185"><ele>672.0</ele><time>2026-05-26T19:48:17Z</time></trkpt><trkpt lat="34.754252" lon="-119.891924"><ele>669.0</ele><time>2026-05-26T19:48:26Z</time></trkpt><trkpt lat="34.754281" lon="-119.891972"><ele>670.0</ele><time>2026-05-26T19:48:29Z</time></trkpt><trkpt lat="34.754321" lon="-119.891995"><ele>670.0</ele><time>2026-05-26T19:48:32Z</time></trkpt><trkpt lat="34.75436" lon="-119.89206"><ele>669.0</ele><time>2026-05-26T19:48:37Z</time></trkpt><trkpt lat="34.754395" lon="-119.892077"><ele>670.0</ele><time>2026-05-26T19:48:39Z</time></trkpt><trkpt lat="34.754457" lon="-119.892081"><ele>668.0</ele><time>2026-05-26T19:48:43Z</time></trkpt><trkpt lat="34.754498" lon="-119.89213"><ele>668.0</ele><time>2026-05-26T19:48:47Z</time></trkpt><trkpt lat="34.75457" lon="-119.892151"><ele>666.0</ele><time>2026-05-26T19:48:53Z</time></trkpt><trkpt lat="34.754733" lon="-119.89223"><ele>664.7</ele><time>2026-05-26T19:49:06Z</time></trkpt><trkpt lat="34.75475" lon="-119.892248"><ele>664.0</ele><time>2026-05-26T19:49:07Z</time></trkpt><trkpt lat="34.754824" lon="-119.892261"><ele>662.0</ele><time>2026-05-26T19:49:12Z</time></trkpt><trkpt lat="34.754929" lon="-119.892316"><ele>660.0</ele><time>2026-05-26T19:49:21Z</time></trkpt><trkpt lat="34.754994" lon="-119.892389"><ele>660.0</ele><time>2026-05-26T19:49:29Z</time></trkpt><trkpt lat="34.755046" lon="-119.892421"><ele>660.0</ele><time>2026-05-26T19:49:36Z</time></trkpt><trkpt lat="34.755095" lon="-119.892483"><ele>660.0</ele><time>2026-05-26T19:49:41Z</time></trkpt><trkpt lat="34.755181" lon="-119.892552"><ele>659.0</ele><time>2026-05-26T19:49:51Z</time></trkpt><trkpt lat="34.755242" lon="-119.892581"><ele>658.0</ele><time>2026-05-26T19:49:56Z</time></trkpt><trkpt lat="34.755352" lon="-119.892688"><ele>658.0</ele><time>2026-05-26T19:50:06Z</time></trkpt><trkpt lat="34.755462" lon="-119.892758"><ele>657.0</ele><time>2026-05-26T19:50:16Z</time></trkpt><trkpt lat="34.755513" lon="-119.892807"><ele>657.0</ele><time>2026-05-26T19:50:21Z</time></trkpt><trkpt lat="34.755552" lon="-119.892828"><ele>657.0</ele><time>2026-05-26T19:50:24Z</time></trkpt><trkpt lat="34.755659" lon="-119.892856"><ele>657.0</ele><time>2026-05-26T19:50:32Z</time></trkpt><trkpt lat="34.755773" lon="-119.892869"><ele>655.0</ele><time>2026-05-26T19:50:40Z</time></trkpt><trkpt lat="34.755811" lon="-119.892888"><ele>654.0</ele><time>2026-05-26T19:50:43Z</time></trkpt><trkpt lat="34.755894" lon="-119.892893"><ele>655.0</ele><time>2026-05-26T19:50:49Z</time></trkpt><trkpt lat="34.755996" lon="-119.892923"><ele>656.7</ele><time>2026-05-26T19:50:56Z</time></trkpt><trkpt lat="34.756102" lon="-119.892936"><ele>657.0</ele><time>2026-05-26T19:51:03Z</time></trkpt><trkpt lat="34.756229" lon="-119.893009"><ele>657.0</ele><time>2026-05-26T19:51:15Z</time></trkpt><trkpt lat="34.756268" lon="-119.893013"><ele>657.0</ele><time>2026-05-26T19:51:18Z</time></trkpt><trkpt lat="34.756354" lon="-119.893059"><ele>660.0</ele><time>2026-05-26T19:51:27Z</time></trkpt><trkpt lat="34.756399" lon="-119.89306"><ele>660.0</ele><time>2026-05-26T19:51:31Z</time></trkpt><trkpt lat="34.756446" lon="-119.893104"><ele>660.0</ele><time>2026-05-26T19:51:36Z</time></trkpt><trkpt lat="34.756458" lon="-119.893149"><ele>660.0</ele><time>2026-05-26T19:51:39Z</time></trkpt><trkpt lat="34.756444" lon="-119.893185"><ele>660.0</ele><time>2026-05-26T19:51:42Z</time></trkpt><trkpt lat="34.756444" lon="-119.893264"><ele>658.0</ele><time>2026-05-26T19:51:46Z</time></trkpt><trkpt lat="34.756461" lon="-119.893338"><ele>656.0</ele><time>2026-05-26T19:51:50Z</time></trkpt><trkpt lat="34.75655" lon="-119.893435"><ele>654.0</ele><time>2026-05-26T19:51:58Z</time></trkpt><trkpt lat="34.756577" lon="-119.893451"><ele>654.0</ele><time>2026-05-26T19:52:00Z</time></trkpt><trkpt lat="34.756712" lon="-119.893456"><ele>654.0</ele><time>2026-05-26T19:52:10Z</time></trkpt><trkpt lat="34.756844" lon="-119.893552"><ele>654.0</ele><time>2026-05-26T19:52:22Z</time></trkpt><trkpt lat="34.756942" lon="-119.893556"><ele>654.0</ele><time>2026-05-26T19:52:31Z</time></trkpt><trkpt lat="34.757019" lon="-119.893613"><ele>654.0</ele><time>2026-05-26T19:52:40Z</time></trkpt><trkpt lat="34.757195" lon="-119.893651"><ele>652.0</ele><time>2026-05-26T19:52:53Z</time></trkpt><trkpt lat="34.757223" lon="-119.893668"><ele>652.0</ele><time>2026-05-26T19:52:55Z</time></trkpt><trkpt lat="34.75724" lon="-119.893694"><ele>651.0</ele><time>2026-05-26T19:52:57Z</time></trkpt><trkpt lat="34.757305" lon="-119.893734"><ele>652.0</ele><time>2026-05-26T19:53:02Z</time></trkpt><trkpt lat="34.757325" lon="-119.893763"><ele>651.0</ele><time>2026-05-26T19:53:04Z</time></trkpt><trkpt lat="34.757391" lon="-119.89379"><ele>652.0</ele><time>2026-05-26T19:53:09Z</time></trkpt><trkpt lat="34.757497" lon="-119.893812"><ele>651.0</ele><time>2026-05-26T19:53:19Z</time></trkpt><trkpt lat="34.757533" lon="-119.893805"><ele>652.0</ele><time>2026-05-26T19:53:21Z</time></trkpt><trkpt lat="34.757614" lon="-119.893811"><ele>652.0</ele><time>2026-05-26T19:53:28Z</time></trkpt><trkpt lat="34.757665" lon="-119.893839"><ele>653.0</ele><time>2026-05-26T19:53:32Z</time></trkpt><trkpt lat="34.757826" lon="-119.894012"><ele>654.0</ele><time>2026-05-26T19:53:49Z</time></trkpt><trkpt lat="34.757927" lon="-119.894229"><ele>654.0</ele><time>2026-05-26T19:54:05Z</time></trkpt><trkpt lat="34.757974" lon="-119.894297"><ele>654.0</ele><time>2026-05-26T19:54:11Z</time></trkpt><trkpt lat="34.758016" lon="-119.894441"><ele>651.0</ele><time>2026-05-26T19:54:22Z</time></trkpt><trkpt lat="34.758052" lon="-119.894498"><ele>652.0</ele><time>2026-05-26T19:54:26Z</time></trkpt><trkpt lat="34.758077" lon="-119.894561"><ele>649.0</ele><time>2026-05-26T19:54:31Z</time></trkpt><trkpt lat="34.758119" lon="-119.894614"><ele>649.0</ele><time>2026-05-26T19:54:35Z</time></trkpt><trkpt lat="34.758193" lon="-119.894649"><ele>645.0</ele><time>2026-05-26T19:54:41Z</time></trkpt><trkpt lat="34.758262" lon="-119.894628"><ele>643.0</ele><time>2026-05-26T19:54:46Z</time></trkpt><trkpt lat="34.75843" lon="-119.894651"><ele>640.0</ele><time>2026-05-26T19:54:58Z</time></trkpt><trkpt lat="34.758465" lon="-119.894666"><ele>639.0</ele><time>2026-05-26T19:55:01Z</time></trkpt><trkpt lat="34.758627" lon="-119.894822"><ele>639.0</ele><time>2026-05-26T19:55:16Z</time></trkpt><trkpt lat="34.758656" lon="-119.89489"><ele>642.0</ele><time>2026-05-26T19:55:20Z</time></trkpt><trkpt lat="34.758652" lon="-119.894922"><ele>640.0</ele><time>2026-05-26T19:55:22Z</time></trkpt><trkpt lat="34.758639" lon="-119.894954"><ele>642.0</ele><time>2026-05-26T19:55:25Z</time></trkpt><trkpt lat="34.758571" lon="-119.895027"><ele>640.0</ele><time>2026-05-26T19:55:33Z</time></trkpt><trkpt lat="34.758489" lon="-119.895173"><ele>640.0</ele><time>2026-05-26T19:55:43Z</time></trkpt><trkpt lat="34.758475" lon="-119.895205"><ele>640.0</ele><time>2026-05-26T19:55:45Z</time></trkpt><trkpt lat="34.758464" lon="-119.895306"><ele>639.0</ele><time>2026-05-26T19:55:51Z</time></trkpt><trkpt lat="34.758415" lon="-119.895414"><ele>638.7</ele><time>2026-05-26T19:55:59Z</time></trkpt><trkpt lat="34.758374" lon="-119.89546"><ele>638.0</ele><time>2026-05-26T19:56:03Z</time></trkpt><trkpt lat="34.758377" lon="-119.895497"><ele>638.0</ele><time>2026-05-26T19:56:05Z</time></trkpt><trkpt lat="34.7584" lon="-119.89556"><ele>638.0</ele><time>2026-05-26T19:56:09Z</time></trkpt><trkpt lat="34.758394" lon="-119.895593"><ele>638.0</ele><time>2026-05-26T19:56:11Z</time></trkpt><trkpt lat="34.758413" lon="-119.895722"><ele>637.0</ele><time>2026-05-26T19:56:19Z</time></trkpt><trkpt lat="34.758443" lon="-119.895753"><ele>636.0</ele><time>2026-05-26T19:56:22Z</time></trkpt><trkpt lat="34.75847" lon="-119.895816"><ele>638.0</ele><time>2026-05-26T19:56:26Z</time></trkpt><trkpt lat="34.758453" lon="-119.895882"><ele>638.0</ele><time>2026-05-26T19:56:30Z</time></trkpt><trkpt lat="34.758462" lon="-119.895915"><ele>638.0</ele><time>2026-05-26T19:56:32Z</time></trkpt><trkpt lat="34.758503" lon="-119.895989"><ele>638.0</ele><time>2026-05-26T19:56:38Z</time></trkpt><trkpt lat="34.758561" lon="-119.896046"><ele>637.0</ele><time>2026-05-26T19:56:44Z</time></trkpt><trkpt lat="34.758538" lon="-119.896226"><ele>637.0</ele><time>2026-05-26T19:56:55Z</time></trkpt><trkpt lat="34.758514" lon="-119.896286"><ele>636.0</ele><time>2026-05-26T19:57:01Z</time></trkpt><trkpt lat="34.758494" lon="-119.896311"><ele>636.0</ele><time>2026-05-26T19:57:05Z</time></trkpt><trkpt lat="34.758493" lon="-119.896342"><ele>632.0</ele><time>2026-05-26T19:57:14Z</time></trkpt><trkpt lat="34.758513" lon="-119.896366"><ele>633.0</ele><time>2026-05-26T19:57:25Z</time></trkpt><trkpt lat="34.758522" lon="-119.896432"><ele>638.0</ele><time>2026-05-26T19:57:36Z</time></trkpt><trkpt lat="34.758549" lon="-119.896464"><ele>639.2</ele><time>2026-05-26T19:57:40Z</time></trkpt><trkpt lat="34.758558" lon="-119.896561"><ele>639.0</ele><time>2026-05-26T19:57:47Z</time></trkpt><trkpt lat="34.758557" lon="-119.8966"><ele>640.0</ele><time>2026-05-26T19:57:49Z</time></trkpt><trkpt lat="34.758539" lon="-119.89664"><ele>638.0</ele><time>2026-05-26T19:57:52Z</time></trkpt><trkpt lat="34.758502" lon="-119.896823"><ele>638.0</ele><time>2026-05-26T19:58:05Z</time></trkpt><trkpt lat="34.758512" lon="-119.896954"><ele>636.0</ele><time>2026-05-26T19:58:14Z</time></trkpt><trkpt lat="34.758493" lon="-119.896985"><ele>636.0</ele><time>2026-05-26T19:58:16Z</time></trkpt><trkpt lat="34.758486" lon="-119.897019"><ele>636.0</ele><time>2026-05-26T19:58:18Z</time></trkpt><trkpt lat="34.758524" lon="-119.897214"><ele>637.5</ele><time>2026-05-26T19:58:30Z</time></trkpt><trkpt lat="34.758522" lon="-119.897349"><ele>636.0</ele><time>2026-05-26T19:58:37Z</time></trkpt><trkpt lat="34.758552" lon="-119.897621"><ele>637.0</ele><time>2026-05-26T19:59:10Z</time></trkpt><trkpt lat="34.758593" lon="-119.897714"><ele>636.0</ele><time>2026-05-26T19:59:16Z</time></trkpt><trkpt lat="34.758693" lon="-119.897818"><ele>636.0</ele><time>2026-05-26T19:59:26Z</time></trkpt><trkpt lat="34.758778" lon="-119.897935"><ele>636.0</ele><time>2026-05-26T19:59:35Z</time></trkpt><trkpt lat="34.758798" lon="-119.897967"><ele>638.0</ele><time>2026-05-26T19:59:37Z</time></trkpt><trkpt lat="34.758813" lon="-119.898036"><ele>639.0</ele><time>2026-05-26T19:59:42Z</time></trkpt><trkpt lat="34.75887" lon="-119.898094"><ele>638.0</ele><time>2026-05-26T19:59:47Z</time></trkpt><trkpt lat="34.758883" lon="-119.898125"><ele>638.0</ele><time>2026-05-26T19:59:49Z</time></trkpt><trkpt lat="34.758965" lon="-119.898205"><ele>636.0</ele><time>2026-05-26T19:59:57Z</time></trkpt><trkpt lat="34.759054" lon="-119.89839"><ele>636.7</ele><time>2026-05-26T20:00:10Z</time></trkpt><trkpt lat="34.759072" lon="-119.898563"><ele>634.0</ele><time>2026-05-26T20:00:20Z</time></trkpt><trkpt lat="34.759061" lon="-119.89863"><ele>633.0</ele><time>2026-05-26T20:00:25Z</time></trkpt><trkpt lat="34.759013" lon="-119.898722"><ele>635.0</ele><time>2026-05-26T20:00:31Z</time></trkpt><trkpt lat="34.759018" lon="-119.898822"><ele>634.0</ele><time>2026-05-26T20:00:37Z</time></trkpt><trkpt lat="34.759101" lon="-119.898896"><ele>632.0</ele><time>2026-05-26T20:00:44Z</time></trkpt><trkpt lat="34.75916" lon="-119.898918"><ele>632.0</ele><time>2026-05-26T20:00:48Z</time></trkpt><trkpt lat="34.759193" lon="-119.898978"><ele>632.0</ele><time>2026-05-26T20:00:52Z</time></trkpt><trkpt lat="34.759195" lon="-119.899111"><ele>633.6</ele><time>2026-05-26T20:01:00Z</time></trkpt><trkpt lat="34.759211" lon="-119.89917"><ele>634.0</ele><time>2026-05-26T20:01:03Z</time></trkpt><trkpt lat="34.759186" lon="-119.899233"><ele>632.0</ele><time>2026-05-26T20:01:08Z</time></trkpt><trkpt lat="34.759181" lon="-119.899411"><ele>630.0</ele><time>2026-05-26T20:01:18Z</time></trkpt><trkpt lat="34.759236" lon="-119.899537"><ele>632.0</ele><time>2026-05-26T20:01:26Z</time></trkpt><trkpt lat="34.75924" lon="-119.899568"><ele>633.0</ele><time>2026-05-26T20:01:28Z</time></trkpt><trkpt lat="34.759225" lon="-119.899632"><ele>632.0</ele><time>2026-05-26T20:01:32Z</time></trkpt><trkpt lat="34.759233" lon="-119.899667"><ele>632.0</ele><time>2026-05-26T20:01:34Z</time></trkpt><trkpt lat="34.759269" lon="-119.899722"><ele>632.0</ele><time>2026-05-26T20:01:38Z</time></trkpt><trkpt lat="34.75932" lon="-119.899766"><ele>633.0</ele><time>2026-05-26T20:01:42Z</time></trkpt><trkpt lat="34.759348" lon="-119.899817"><ele>634.3</ele><time>2026-05-26T20:01:46Z</time></trkpt><trkpt lat="34.759367" lon="-119.899833"><ele>634.0</ele><time>2026-05-26T20:01:47Z</time></trkpt><trkpt lat="34.759389" lon="-119.899899"><ele>634.0</ele><time>2026-05-26T20:01:51Z</time></trkpt><trkpt lat="34.7594" lon="-119.900003"><ele>634.0</ele><time>2026-05-26T20:01:57Z</time></trkpt><trkpt lat="34.759416" lon="-119.900029"><ele>634.0</ele><time>2026-05-26T20:01:59Z</time></trkpt><trkpt lat="34.759426" lon="-119.900092"><ele>634.0</ele><time>2026-05-26T20:02:03Z</time></trkpt><trkpt lat="34.759446" lon="-119.900122"><ele>633.0</ele><time>2026-05-26T20:02:06Z</time></trkpt><trkpt lat="34.759481" lon="-119.900223"><ele>631.0</ele><time>2026-05-26T20:02:13Z</time></trkpt><trkpt lat="34.759477" lon="-119.900253"><ele>632.0</ele><time>2026-05-26T20:02:16Z</time></trkpt><trkpt lat="34.759536" lon="-119.900344"><ele>630.0</ele><time>2026-05-26T20:02:26Z</time></trkpt><trkpt lat="34.759659" lon="-119.900725"><ele>631.0</ele><time>2026-05-26T20:02:48Z</time></trkpt><trkpt lat="34.759691" lon="-119.900781"><ele>630.0</ele><time>2026-05-26T20:02:52Z</time></trkpt><trkpt lat="34.759797" lon="-119.900904"><ele>629.0</ele><time>2026-05-26T20:03:02Z</time></trkpt><trkpt lat="34.759828" lon="-119.900975"><ele>630.0</ele><time>2026-05-26T20:03:07Z</time></trkpt><trkpt lat="34.759828" lon="-119.90108"><ele>630.0</ele><time>2026-05-26T20:03:13Z</time></trkpt><trkpt lat="34.759797" lon="-119.901196"><ele>630.0</ele><time>2026-05-26T20:03:20Z</time></trkpt><trkpt lat="34.759793" lon="-119.901266"><ele>628.0</ele><time>2026-05-26T20:03:24Z</time></trkpt><trkpt lat="34.75982" lon="-119.901381"><ele>630.0</ele><time>2026-05-26T20:03:31Z</time></trkpt><trkpt lat="34.759841" lon="-119.901405"><ele>630.0</ele><time>2026-05-26T20:03:33Z</time></trkpt><trkpt lat="34.759872" lon="-119.901416"><ele>627.0</ele><time>2026-05-26T20:03:36Z</time></trkpt><trkpt lat="34.759942" lon="-119.901386"><ele>627.0</ele><time>2026-05-26T20:03:41Z</time></trkpt><trkpt lat="34.760041" lon="-119.90138"><ele>626.0</ele><time>2026-05-26T20:03:47Z</time></trkpt><trkpt lat="34.76007" lon="-119.901395"><ele>626.0</ele><time>2026-05-26T20:03:49Z</time></trkpt><trkpt lat="34.760142" lon="-119.901404"><ele>626.0</ele><time>2026-05-26T20:03:54Z</time></trkpt><trkpt lat="34.760211" lon="-119.901437"><ele>624.0</ele><time>2026-05-26T20:04:00Z</time></trkpt><trkpt lat="34.760268" lon="-119.901481"><ele>622.0</ele><time>2026-05-26T20:04:06Z</time></trkpt><trkpt lat="34.760357" lon="-119.901481"><ele>623.0</ele><time>2026-05-26T20:04:16Z</time></trkpt><trkpt lat="34.760367" lon="-119.901519"><ele>623.5</ele><time>2026-05-26T20:04:20Z</time></trkpt><trkpt lat="34.760421" lon="-119.901513"><ele>620.0</ele><time>2026-05-26T20:04:24Z</time></trkpt><trkpt lat="34.760495" lon="-119.901592"><ele>615.0</ele><time>2026-05-26T20:05:39Z</time></trkpt><trkpt lat="34.760528" lon="-119.901606"><ele>618.0</ele><time>2026-05-26T20:05:47Z</time></trkpt><trkpt lat="34.76058" lon="-119.901609"><ele>619.8</ele><time>2026-05-26T20:05:52Z</time></trkpt><trkpt lat="34.760635" lon="-119.901582"><ele>618.0</ele><time>2026-05-26T20:05:57Z</time></trkpt><trkpt lat="34.760672" lon="-119.901599"><ele>618.0</ele><time>2026-05-26T20:06:00Z</time></trkpt><trkpt lat="34.760726" lon="-119.901674"><ele>616.0</ele><time>2026-05-26T20:06:15Z</time></trkpt><trkpt lat="34.760718" lon="-119.901721"><ele>620.0</ele><time>2026-05-26T20:06:26Z</time></trkpt><trkpt lat="34.760723" lon="-119.90169"><ele>623.0</ele><time>2026-05-26T20:06:39Z</time></trkpt><trkpt lat="34.760712" lon="-119.901654"><ele>620.0</ele><time>2026-05-26T20:06:48Z</time></trkpt><trkpt lat="34.760743" lon="-119.90162"><ele>620.0</ele><time>2026-05-26T20:07:00Z</time></trkpt><trkpt lat="34.760724" lon="-119.901671"><ele>620.0</ele><time>2026-05-26T20:07:21Z</time></trkpt><trkpt lat="34.76068" lon="-119.901574"><ele>618.0</ele><time>2026-05-26T20:07:38Z</time></trkpt><trkpt lat="34.760688" lon="-119.90154"><ele>620.0</ele><time>2026-05-26T20:07:41Z</time></trkpt><trkpt lat="34.760746" lon="-119.901433"><ele>616.0</ele><time>2026-05-26T20:07:57Z</time></trkpt><trkpt lat="34.760781" lon="-119.901421"><ele>622.0</ele><time>2026-05-26T20:08:02Z</time></trkpt><trkpt lat="34.760821" lon="-119.901377"><ele>620.0</ele><time>2026-05-26T20:08:09Z</time></trkpt><trkpt lat="34.760838" lon="-119.901344"><ele>622.0</ele><time>2026-05-26T20:08:13Z</time></trkpt><trkpt lat="34.760845" lon="-119.901363"><ele>615.0</ele><time>2026-05-26T20:08:33Z</time></trkpt><trkpt lat="34.760888" lon="-119.901393"><ele>624.0</ele><time>2026-05-26T20:08:47Z</time></trkpt><trkpt lat="34.760885" lon="-119.901445"><ele>625.0</ele><time>2026-05-26T20:08:54Z</time></trkpt><trkpt lat="34.760864" lon="-119.901473"><ele>628.0</ele><time>2026-05-26T20:08:57Z</time></trkpt><trkpt lat="34.760904" lon="-119.901502"><ele>629.9</ele><time>2026-05-26T20:09:01Z</time></trkpt><trkpt lat="34.76093" lon="-119.901489"><ele>628.0</ele><time>2026-05-26T20:09:05Z</time></trkpt><trkpt lat="34.760879" lon="-119.901541"><ele>630.0</ele><time>2026-05-26T20:09:13Z</time></trkpt><trkpt lat="34.760844" lon="-119.901613"><ele>629.0</ele><time>2026-05-26T20:09:19Z</time></trkpt><trkpt lat="34.760849" lon="-119.901684"><ele>628.0</ele><time>2026-05-26T20:09:24Z</time></trkpt><trkpt lat="34.760898" lon="-119.901746"><ele>628.0</ele><time>2026-05-26T20:09:30Z</time></trkpt><trkpt lat="34.761037" lon="-119.901868"><ele>628.0</ele><time>2026-05-26T20:09:45Z</time></trkpt><trkpt lat="34.761083" lon="-119.901845"><ele>631.0</ele><time>2026-05-26T20:09:50Z</time></trkpt><trkpt lat="34.761125" lon="-119.901613"><ele>636.0</ele><time>2026-05-26T20:10:11Z</time></trkpt><trkpt lat="34.761167" lon="-119.901621"><ele>636.0</ele><time>2026-05-26T20:10:16Z</time></trkpt><trkpt lat="34.761228" lon="-119.901743"><ele>638.0</ele><time>2026-05-26T20:10:28Z</time></trkpt><trkpt lat="34.761328" lon="-119.901844"><ele>642.0</ele><time>2026-05-26T20:10:41Z</time></trkpt><trkpt lat="34.761331" lon="-119.901947"><ele>642.0</ele><time>2026-05-26T20:10:48Z</time></trkpt><trkpt lat="34.76137" lon="-119.902018"><ele>642.0</ele><time>2026-05-26T20:10:54Z</time></trkpt><trkpt lat="34.761378" lon="-119.902057"><ele>642.0</ele><time>2026-05-26T20:10:57Z</time></trkpt><trkpt lat="34.761417" lon="-119.902107"><ele>643.0</ele><time>2026-05-26T20:11:02Z</time></trkpt><trkpt lat="34.76143" lon="-119.902153"><ele>644.0</ele><time>2026-05-26T20:11:05Z</time></trkpt><trkpt lat="34.761485" lon="-119.902224"><ele>644.0</ele><time>2026-05-26T20:11:11Z</time></trkpt><trkpt lat="34.76158" lon="-119.90229"><ele>644.0</ele><time>2026-05-26T20:11:20Z</time></trkpt><trkpt lat="34.761645" lon="-119.902449"><ele>645.0</ele><time>2026-05-26T20:11:32Z</time></trkpt><trkpt lat="34.761713" lon="-119.902417"><ele>645.0</ele><time>2026-05-26T20:11:38Z</time></trkpt><trkpt lat="34.761766" lon="-119.902468"><ele>648.0</ele><time>2026-05-26T20:11:43Z</time></trkpt><trkpt lat="34.761886" lon="-119.902548"><ele>647.0</ele><time>2026-05-26T20:11:54Z</time></trkpt><trkpt lat="34.762129" lon="-119.902799"><ele>651.0</ele><time>2026-05-26T20:12:21Z</time></trkpt><trkpt lat="34.762154" lon="-119.902843"><ele>653.2</ele><time>2026-05-26T20:12:25Z</time></trkpt><trkpt lat="34.762205" lon="-119.90289"><ele>651.0</ele><time>2026-05-26T20:12:30Z</time></trkpt><trkpt lat="34.762296" lon="-119.903032"><ele>652.0</ele><time>2026-05-26T20:12:43Z</time></trkpt><trkpt lat="34.762373" lon="-119.903107"><ele>654.0</ele><time>2026-05-26T20:12:51Z</time></trkpt><trkpt lat="34.762409" lon="-119.903127"><ele>652.0</ele><time>2026-05-26T20:12:54Z</time></trkpt><trkpt lat="34.762453" lon="-119.903192"><ele>651.0</ele><time>2026-05-26T20:13:00Z</time></trkpt><trkpt lat="34.762514" lon="-119.903236"><ele>651.0</ele><time>2026-05-26T20:13:06Z</time></trkpt><trkpt lat="34.762547" lon="-119.903248"><ele>651.0</ele><time>2026-05-26T20:13:09Z</time></trkpt><trkpt lat="34.762665" lon="-119.903218"><ele>652.0</ele><time>2026-05-26T20:13:17Z</time></trkpt><trkpt lat="34.76286" lon="-119.903134"><ele>650.0</ele><time>2026-05-26T20:13:30Z</time></trkpt><trkpt lat="34.762899" lon="-119.903132"><ele>650.0</ele><time>2026-05-26T20:13:32Z</time></trkpt><trkpt lat="34.762964" lon="-119.903149"><ele>651.0</ele><time>2026-05-26T20:13:37Z</time></trkpt><trkpt lat="34.763023" lon="-119.903188"><ele>651.0</ele><time>2026-05-26T20:13:42Z</time></trkpt><trkpt lat="34.763093" lon="-119.903209"><ele>651.0</ele><time>2026-05-26T20:13:47Z</time></trkpt><trkpt lat="34.763111" lon="-119.903244"><ele>652.0</ele><time>2026-05-26T20:13:49Z</time></trkpt><trkpt lat="34.763095" lon="-119.903275"><ele>652.0</ele><time>2026-05-26T20:13:51Z</time></trkpt><trkpt lat="34.763038" lon="-119.903278"><ele>652.0</ele><time>2026-05-26T20:13:53Z</time></trkpt><trkpt lat="34.763004" lon="-119.90329"><ele>652.0</ele><time>2026-05-26T20:13:55Z</time></trkpt><trkpt lat="34.762918" lon="-119.903345"><ele>652.0</ele><time>2026-05-26T20:14:01Z</time></trkpt><trkpt lat="34.762879" lon="-119.9034"><ele>651.0</ele><time>2026-05-26T20:14:05Z</time></trkpt><trkpt lat="34.762842" lon="-119.903539"><ele>650.0</ele><time>2026-05-26T20:14:13Z</time></trkpt><trkpt lat="34.762836" lon="-119.903678"><ele>648.0</ele><time>2026-05-26T20:14:21Z</time></trkpt><trkpt lat="34.762882" lon="-119.903908"><ele>646.0</ele><time>2026-05-26T20:14:35Z</time></trkpt><trkpt lat="34.762881" lon="-119.903973"><ele>647.0</ele><time>2026-05-26T20:14:39Z</time></trkpt><trkpt lat="34.762911" lon="-119.904032"><ele>647.0</ele><time>2026-05-26T20:14:43Z</time></trkpt><trkpt lat="34.762915" lon="-119.904063"><ele>646.0</ele><time>2026-05-26T20:14:45Z</time></trkpt><trkpt lat="34.762956" lon="-119.904109"><ele>644.0</ele><time>2026-05-26T20:14:49Z</time></trkpt><trkpt lat="34.763003" lon="-119.904192"><ele>644.0</ele><time>2026-05-26T20:14:55Z</time></trkpt><trkpt lat="34.763024" lon="-119.904328"><ele>642.0</ele><time>2026-05-26T20:15:03Z</time></trkpt><trkpt lat="34.763038" lon="-119.90436"><ele>642.0</ele><time>2026-05-26T20:15:05Z</time></trkpt><trkpt lat="34.763032" lon="-119.904464"><ele>640.0</ele><time>2026-05-26T20:15:11Z</time></trkpt><trkpt lat="34.763063" lon="-119.904518"><ele>640.0</ele><time>2026-05-26T20:15:15Z</time></trkpt><trkpt lat="34.763096" lon="-119.904521"><ele>640.0</ele><time>2026-05-26T20:15:17Z</time></trkpt><trkpt lat="34.76316" lon="-119.904504"><ele>638.0</ele><time>2026-05-26T20:15:21Z</time></trkpt><trkpt lat="34.763231" lon="-119.904458"><ele>635.0</ele><time>2026-05-26T20:15:26Z</time></trkpt><trkpt lat="34.763284" lon="-119.904412"><ele>634.0</ele><time>2026-05-26T20:15:30Z</time></trkpt><trkpt lat="34.763307" lon="-119.904385"><ele>635.0</ele><time>2026-05-26T20:15:32Z</time></trkpt><trkpt lat="34.763321" lon="-119.904347"><ele>636.0</ele><time>2026-05-26T20:15:34Z</time></trkpt><trkpt lat="34.763346" lon="-119.904327"><ele>635.0</ele><time>2026-05-26T20:15:36Z</time></trkpt><trkpt lat="34.763387" lon="-119.904339"><ele>633.0</ele><time>2026-05-26T20:15:39Z</time></trkpt><trkpt lat="34.763421" lon="-119.904326"><ele>632.0</ele><time>2026-05-26T20:15:41Z</time></trkpt><trkpt lat="34.763491" lon="-119.904328"><ele>633.8</ele><time>2026-05-26T20:15:46Z</time></trkpt><trkpt lat="34.7635" lon="-119.904364"><ele>633.0</ele><time>2026-05-26T20:15:47Z</time></trkpt><trkpt lat="34.763473" lon="-119.904407"><ele>634.0</ele><time>2026-05-26T20:15:49Z</time></trkpt><trkpt lat="34.763446" lon="-119.904481"><ele>634.0</ele><time>2026-05-26T20:15:53Z</time></trkpt><trkpt lat="34.763453" lon="-119.904558"><ele>636.0</ele><time>2026-05-26T20:15:57Z</time></trkpt><trkpt lat="34.763441" lon="-119.904628"><ele>637.0</ele><time>2026-05-26T20:16:01Z</time></trkpt><trkpt lat="34.763425" lon="-119.904663"><ele>637.0</ele><time>2026-05-26T20:16:03Z</time></trkpt><trkpt lat="34.763412" lon="-119.904775"><ele>638.0</ele><time>2026-05-26T20:16:09Z</time></trkpt><trkpt lat="34.763359" lon="-119.904911"><ele>638.0</ele><time>2026-05-26T20:16:18Z</time></trkpt><trkpt lat="34.763376" lon="-119.904977"><ele>636.0</ele><time>2026-05-26T20:16:24Z</time></trkpt><trkpt lat="34.763423" lon="-119.905033"><ele>636.0</ele><time>2026-05-26T20:16:29Z</time></trkpt><trkpt lat="34.763446" lon="-119.905036"><ele>636.0</ele><time>2026-05-26T20:16:31Z</time></trkpt><trkpt lat="34.76356" lon="-119.905093"><ele>633.0</ele><time>2026-05-26T20:16:41Z</time></trkpt><trkpt lat="34.763594" lon="-119.905127"><ele>630.0</ele><time>2026-05-26T20:17:02Z</time></trkpt><trkpt lat="34.763633" lon="-119.905128"><ele>634.0</ele><time>2026-05-26T20:17:28Z</time></trkpt><trkpt lat="34.763636" lon="-119.905187"><ele>630.0</ele><time>2026-05-26T20:17:42Z</time></trkpt><trkpt lat="34.763602" lon="-119.905142"><ele>630.0</ele><time>2026-05-26T20:17:54Z</time></trkpt><trkpt lat="34.76367" lon="-119.905185"><ele>634.0</ele><time>2026-05-26T20:18:02Z</time></trkpt><trkpt lat="34.763742" lon="-119.905203"><ele>636.0</ele><time>2026-05-26T20:18:07Z</time></trkpt><trkpt lat="34.763816" lon="-119.905192"><ele>636.0</ele><time>2026-05-26T20:18:14Z</time></trkpt><trkpt lat="34.763864" lon="-119.905226"><ele>636.0</ele><time>2026-05-26T20:18:18Z</time></trkpt><trkpt lat="34.763894" lon="-119.905325"><ele>636.0</ele><time>2026-05-26T20:18:25Z</time></trkpt><trkpt lat="34.763911" lon="-119.905495"><ele>636.0</ele><time>2026-05-26T20:18:42Z</time></trkpt><trkpt lat="34.763953" lon="-119.905544"><ele>633.0</ele><time>2026-05-26T20:18:48Z</time></trkpt><trkpt lat="34.763971" lon="-119.905592"><ele>633.0</ele><time>2026-05-26T20:18:52Z</time></trkpt><trkpt lat="34.764014" lon="-119.905633"><ele>633.0</ele><time>2026-05-26T20:18:57Z</time></trkpt><trkpt lat="34.76412" lon="-119.905679"><ele>633.0</ele><time>2026-05-26T20:19:06Z</time></trkpt><trkpt lat="34.764256" lon="-119.905711"><ele>633.0</ele><time>2026-05-26T20:19:18Z</time></trkpt><trkpt lat="34.764296" lon="-119.905712"><ele>634.0</ele><time>2026-05-26T20:19:20Z</time></trkpt><trkpt lat="34.764353" lon="-119.90574"><ele>634.0</ele><time>2026-05-26T20:19:24Z</time></trkpt><trkpt lat="34.764458" lon="-119.905753"><ele>632.0</ele><time>2026-05-26T20:19:31Z</time></trkpt><trkpt lat="34.764491" lon="-119.905771"><ele>633.0</ele><time>2026-05-26T20:19:34Z</time></trkpt><trkpt lat="34.764537" lon="-119.905844"><ele>632.0</ele><time>2026-05-26T20:19:39Z</time></trkpt><trkpt lat="34.76456" lon="-119.905944"><ele>630.0</ele><time>2026-05-26T20:19:46Z</time></trkpt><trkpt lat="34.76458" lon="-119.906114"><ele>630.0</ele><time>2026-05-26T20:19:56Z</time></trkpt><trkpt lat="34.764596" lon="-119.906142"><ele>630.0</ele><time>2026-05-26T20:19:58Z</time></trkpt><trkpt lat="34.764599" lon="-119.906181"><ele>632.2</ele><time>2026-05-26T20:20:01Z</time></trkpt><trkpt lat="34.764641" lon="-119.90619"><ele>632.0</ele><time>2026-05-26T20:20:03Z</time></trkpt><trkpt lat="34.764656" lon="-119.906223"><ele>632.0</ele><time>2026-05-26T20:20:06Z</time></trkpt><trkpt lat="34.764621" lon="-119.906238"><ele>633.0</ele><time>2026-05-26T20:20:10Z</time></trkpt><trkpt lat="34.764622" lon="-119.906278"><ele>631.0</ele><time>2026-05-26T20:20:12Z</time></trkpt><trkpt lat="34.764678" lon="-119.906319"><ele>629.0</ele><time>2026-05-26T20:20:17Z</time></trkpt><trkpt lat="34.764717" lon="-119.906312"><ele>628.0</ele><time>2026-05-26T20:20:19Z</time></trkpt><trkpt lat="34.764747" lon="-119.906285"><ele>626.0</ele><time>2026-05-26T20:20:21Z</time></trkpt><trkpt lat="34.764778" lon="-119.906273"><ele>626.0</ele><time>2026-05-26T20:20:23Z</time></trkpt><trkpt lat="34.764839" lon="-119.906268"><ele>622.0</ele><time>2026-05-26T20:20:27Z</time></trkpt><trkpt lat="34.764948" lon="-119.906199"><ele>620.0</ele><time>2026-05-26T20:20:35Z</time></trkpt><trkpt lat="34.764985" lon="-119.906196"><ele>618.0</ele><time>2026-05-26T20:20:38Z</time></trkpt><trkpt lat="34.765016" lon="-119.906211"><ele>618.0</ele><time>2026-05-26T20:20:40Z</time></trkpt><trkpt lat="34.765016" lon="-119.906249"><ele>618.0</ele><time>2026-05-26T20:20:42Z</time></trkpt><trkpt lat="34.764929" lon="-119.906335"><ele>619.0</ele><time>2026-05-26T20:20:48Z</time></trkpt><trkpt lat="34.764886" lon="-119.906351"><ele>619.0</ele><time>2026-05-26T20:20:51Z</time></trkpt><trkpt lat="34.764809" lon="-119.906405"><ele>616.0</ele><time>2026-05-26T20:20:56Z</time></trkpt><trkpt lat="34.764765" lon="-119.906465"><ele>615.0</ele><time>2026-05-26T20:21:01Z</time></trkpt><trkpt lat="34.764778" lon="-119.906501"><ele>616.0</ele><time>2026-05-26T20:21:04Z</time></trkpt><trkpt lat="34.764817" lon="-119.9065"><ele>616.0</ele><time>2026-05-26T20:21:06Z</time></trkpt><trkpt lat="34.764856" lon="-119.906551"><ele>616.0</ele><time>2026-05-26T20:21:10Z</time></trkpt><trkpt lat="34.764993" lon="-119.906577"><ele>615.0</ele><time>2026-05-26T20:21:24Z</time></trkpt><trkpt lat="34.765145" lon="-119.906636"><ele>617.3</ele><time>2026-05-26T20:21:38Z</time></trkpt><trkpt lat="34.765174" lon="-119.906634"><ele>616.0</ele><time>2026-05-26T20:21:40Z</time></trkpt><trkpt lat="34.765196" lon="-119.906704"><ele>614.0</ele><time>2026-05-26T20:21:46Z</time></trkpt><trkpt lat="34.765228" lon="-119.906738"><ele>615.0</ele><time>2026-05-26T20:21:49Z</time></trkpt><trkpt lat="34.765287" lon="-119.906769"><ele>618.0</ele><time>2026-05-26T20:21:53Z</time></trkpt><trkpt lat="34.765346" lon="-119.906852"><ele>618.0</ele><time>2026-05-26T20:22:00Z</time></trkpt><trkpt lat="34.765406" lon="-119.906985"><ele>616.0</ele><time>2026-05-26T20:22:09Z</time></trkpt><trkpt lat="34.765491" lon="-119.907047"><ele>617.0</ele><time>2026-05-26T20:22:16Z</time></trkpt><trkpt lat="34.765555" lon="-119.907137"><ele>616.0</ele><time>2026-05-26T20:22:23Z</time></trkpt><trkpt lat="34.765594" lon="-119.907175"><ele>615.5</ele><time>2026-05-26T20:22:28Z</time></trkpt><trkpt lat="34.765619" lon="-119.907185"><ele>614.0</ele><time>2026-05-26T20:22:30Z</time></trkpt><trkpt lat="34.765711" lon="-119.907383"><ele>610.0</ele><time>2026-05-26T20:22:46Z</time></trkpt><trkpt lat="34.765699" lon="-119.907485"><ele>608.0</ele><time>2026-05-26T20:22:52Z</time></trkpt><trkpt lat="34.765708" lon="-119.90756"><ele>608.0</ele><time>2026-05-26T20:22:56Z</time></trkpt><trkpt lat="34.765753" lon="-119.907665"><ele>610.0</ele><time>2026-05-26T20:23:02Z</time></trkpt><trkpt lat="34.765748" lon="-119.907745"><ele>610.0</ele><time>2026-05-26T20:23:06Z</time></trkpt><trkpt lat="34.765764" lon="-119.907812"><ele>610.0</ele><time>2026-05-26T20:23:12Z</time></trkpt><trkpt lat="34.765765" lon="-119.907898"><ele>608.0</ele><time>2026-05-26T20:23:17Z</time></trkpt><trkpt lat="34.765789" lon="-119.907928"><ele>610.0</ele><time>2026-05-26T20:23:20Z</time></trkpt><trkpt lat="34.765811" lon="-119.907987"><ele>610.0</ele><time>2026-05-26T20:23:25Z</time></trkpt><trkpt lat="34.765865" lon="-119.908055"><ele>606.0</ele><time>2026-05-26T20:23:32Z</time></trkpt><trkpt lat="34.765883" lon="-119.908121"><ele>605.0</ele><time>2026-05-26T20:23:36Z</time></trkpt><trkpt lat="34.765933" lon="-119.908234"><ele>607.0</ele><time>2026-05-26T20:23:43Z</time></trkpt><trkpt lat="34.765932" lon="-119.908272"><ele>607.0</ele><time>2026-05-26T20:23:45Z</time></trkpt><trkpt lat="34.765943" lon="-119.908303"><ele>608.0</ele><time>2026-05-26T20:23:47Z</time></trkpt><trkpt lat="34.765995" lon="-119.90835"><ele>608.0</ele><time>2026-05-26T20:23:51Z</time></trkpt><trkpt lat="34.766055" lon="-119.908425"><ele>609.0</ele><time>2026-05-26T20:23:58Z</time></trkpt><trkpt lat="34.766052" lon="-119.908585"><ele>612.0</ele><time>2026-05-26T20:24:09Z</time></trkpt><trkpt lat="34.76606" lon="-119.908653"><ele>612.0</ele><time>2026-05-26T20:24:14Z</time></trkpt><trkpt lat="34.766092" lon="-119.908713"><ele>612.0</ele><time>2026-05-26T20:24:20Z</time></trkpt><trkpt lat="34.766108" lon="-119.908818"><ele>614.0</ele><time>2026-05-26T20:24:27Z</time></trkpt><trkpt lat="34.76609" lon="-119.908888"><ele>612.0</ele><time>2026-05-26T20:24:32Z</time></trkpt><trkpt lat="34.76609" lon="-119.908962"><ele>614.0</ele><time>2026-05-26T20:24:37Z</time></trkpt><trkpt lat="34.76611" lon="-119.909033"><ele>614.0</ele><time>2026-05-26T20:24:42Z</time></trkpt><trkpt lat="34.766117" lon="-119.909114"><ele>615.0</ele><time>2026-05-26T20:24:48Z</time></trkpt><trkpt lat="34.766083" lon="-119.909285"><ele>615.0</ele><time>2026-05-26T20:25:02Z</time></trkpt><trkpt lat="34.766023" lon="-119.909444"><ele>616.0</ele><time>2026-05-26T20:25:12Z</time></trkpt><trkpt lat="34.766016" lon="-119.909489"><ele>616.6</ele><time>2026-05-26T20:25:15Z</time></trkpt><trkpt lat="34.765919" lon="-119.909694"><ele>612.0</ele><time>2026-05-26T20:25:29Z</time></trkpt><trkpt lat="34.765876" lon="-119.909868"><ele>612.0</ele><time>2026-05-26T20:25:40Z</time></trkpt><trkpt lat="34.765826" lon="-119.909948"><ele>611.0</ele><time>2026-05-26T20:25:46Z</time></trkpt><trkpt lat="34.765818" lon="-119.910084"><ele>610.0</ele><time>2026-05-26T20:25:54Z</time></trkpt><trkpt lat="34.765828" lon="-119.910115"><ele>610.0</ele><time>2026-05-26T20:25:56Z</time></trkpt><trkpt lat="34.765833" lon="-119.910279"><ele>609.2</ele><time>2026-05-26T20:26:06Z</time></trkpt><trkpt lat="34.765818" lon="-119.910336"><ele>608.0</ele><time>2026-05-26T20:26:09Z</time></trkpt><trkpt lat="34.765822" lon="-119.910438"><ele>606.0</ele><time>2026-05-26T20:26:15Z</time></trkpt><trkpt lat="34.765888" lon="-119.910672"><ele>610.0</ele><time>2026-05-26T20:26:29Z</time></trkpt><trkpt lat="34.765878" lon="-119.910742"><ele>612.0</ele><time>2026-05-26T20:26:33Z</time></trkpt><trkpt lat="34.765913" lon="-119.910874"><ele>611.0</ele><time>2026-05-26T20:26:44Z</time></trkpt><trkpt lat="34.765904" lon="-119.910972"><ele>612.0</ele><time>2026-05-26T20:26:52Z</time></trkpt><trkpt lat="34.765892" lon="-119.911003"><ele>610.0</ele><time>2026-05-26T20:26:55Z</time></trkpt><trkpt lat="34.765896" lon="-119.911143"><ele>607.0</ele><time>2026-05-26T20:27:05Z</time></trkpt><trkpt lat="34.765869" lon="-119.911307"><ele>606.0</ele><time>2026-05-26T20:27:16Z</time></trkpt><trkpt lat="34.765852" lon="-119.911502"><ele>604.0</ele><time>2026-05-26T20:27:28Z</time></trkpt><trkpt lat="34.765856" lon="-119.911574"><ele>606.0</ele><time>2026-05-26T20:27:33Z</time></trkpt><trkpt lat="34.765836" lon="-119.911713"><ele>604.0</ele><time>2026-05-26T20:27:42Z</time></trkpt><trkpt lat="34.765839" lon="-119.911976"><ele>602.0</ele><time>2026-05-26T20:27:59Z</time></trkpt><trkpt lat="34.765818" lon="-119.912043"><ele>603.0</ele><time>2026-05-26T20:28:04Z</time></trkpt><trkpt lat="34.765817" lon="-119.912078"><ele>600.0</ele><time>2026-05-26T20:28:07Z</time></trkpt><trkpt lat="34.765826" lon="-119.912144"><ele>600.0</ele><time>2026-05-26T20:28:11Z</time></trkpt><trkpt lat="34.765846" lon="-119.912172"><ele>600.0</ele><time>2026-05-26T20:28:14Z</time></trkpt><trkpt lat="34.765945" lon="-119.912175"><ele>598.0</ele><time>2026-05-26T20:28:20Z</time></trkpt><trkpt lat="34.766012" lon="-119.912126"><ele>598.0</ele><time>2026-05-26T20:28:25Z</time></trkpt><trkpt lat="34.766017" lon="-119.912177"><ele>600.0</ele><time>2026-05-26T20:28:28Z</time></trkpt><trkpt lat="34.765977" lon="-119.912242"><ele>600.0</ele><time>2026-05-26T20:28:32Z</time></trkpt><trkpt lat="34.765921" lon="-119.91237"><ele>600.0</ele><time>2026-05-26T20:28:40Z</time></trkpt><trkpt lat="34.765939" lon="-119.912438"><ele>600.0</ele><time>2026-05-26T20:28:45Z</time></trkpt><trkpt lat="34.76597" lon="-119.912465"><ele>600.0</ele><time>2026-05-26T20:28:48Z</time></trkpt><trkpt lat="34.76597" lon="-119.912585"><ele>599.0</ele><time>2026-05-26T20:28:57Z</time></trkpt><trkpt lat="34.765948" lon="-119.91261"><ele>599.0</ele><time>2026-05-26T20:29:00Z</time></trkpt><trkpt lat="34.76594" lon="-119.91268"><ele>598.0</ele><time>2026-05-26T20:29:04Z</time></trkpt><trkpt lat="34.765876" lon="-119.912713"><ele>597.0</ele><time>2026-05-26T20:29:09Z</time></trkpt><trkpt lat="34.765855" lon="-119.912828"><ele>598.0</ele><time>2026-05-26T20:29:16Z</time></trkpt><trkpt lat="34.765795" lon="-119.912892"><ele>598.0</ele><time>2026-05-26T20:29:22Z</time></trkpt><trkpt lat="34.765706" lon="-119.912953"><ele>596.0</ele><time>2026-05-26T20:29:29Z</time></trkpt><trkpt lat="34.765686" lon="-119.91298"><ele>597.0</ele><time>2026-05-26T20:29:32Z</time></trkpt><trkpt lat="34.765707" lon="-119.913085"><ele>598.0</ele><time>2026-05-26T20:29:38Z</time></trkpt><trkpt lat="34.765673" lon="-119.913137"><ele>600.0</ele><time>2026-05-26T20:29:43Z</time></trkpt><trkpt lat="34.765571" lon="-119.913139"><ele>600.0</ele><time>2026-05-26T20:29:50Z</time></trkpt><trkpt lat="34.765544" lon="-119.913165"><ele>599.0</ele><time>2026-05-26T20:29:52Z</time></trkpt><trkpt lat="34.76554" lon="-119.913207"><ele>600.0</ele><time>2026-05-26T20:29:55Z</time></trkpt><trkpt lat="34.765476" lon="-119.913228"><ele>599.0</ele><time>2026-05-26T20:30:01Z</time></trkpt><trkpt lat="34.765434" lon="-119.913303"><ele>597.0</ele><time>2026-05-26T20:30:07Z</time></trkpt><trkpt lat="34.76539" lon="-119.913472"><ele>597.0</ele><time>2026-05-26T20:30:19Z</time></trkpt><trkpt lat="34.76538" lon="-119.913648"><ele>596.0</ele><time>2026-05-26T20:30:30Z</time></trkpt><trkpt lat="34.765342" lon="-119.913831"><ele>595.0</ele><time>2026-05-26T20:30:42Z</time></trkpt><trkpt lat="34.765337" lon="-119.914329"><ele>592.0</ele><time>2026-05-26T20:31:12Z</time></trkpt><trkpt lat="34.765364" lon="-119.914391"><ele>592.0</ele><time>2026-05-26T20:31:16Z</time></trkpt><trkpt lat="34.765387" lon="-119.914549"><ele>592.0</ele><time>2026-05-26T20:31:25Z</time></trkpt><trkpt lat="34.76538" lon="-119.914728"><ele>591.0</ele><time>2026-05-26T20:31:36Z</time></trkpt><trkpt lat="34.765362" lon="-119.914801"><ele>594.0</ele><time>2026-05-26T20:31:40Z</time></trkpt><trkpt lat="34.765362" lon="-119.914833"><ele>592.0</ele><time>2026-05-26T20:31:42Z</time></trkpt><trkpt lat="34.765377" lon="-119.914868"><ele>592.0</ele><time>2026-05-26T20:31:44Z</time></trkpt><trkpt lat="34.765362" lon="-119.915006"><ele>592.0</ele><time>2026-05-26T20:31:52Z</time></trkpt><trkpt lat="34.765364" lon="-119.915167"><ele>592.0</ele><time>2026-05-26T20:32:01Z</time></trkpt><trkpt lat="34.765414" lon="-119.91531"><ele>592.0</ele><time>2026-05-26T20:32:10Z</time></trkpt><trkpt lat="34.765425" lon="-119.915377"><ele>592.0</ele><time>2026-05-26T20:32:14Z</time></trkpt><trkpt lat="34.765454" lon="-119.915433"><ele>593.0</ele><time>2026-05-26T20:32:18Z</time></trkpt><trkpt lat="34.765459" lon="-119.915499"><ele>595.0</ele><time>2026-05-26T20:32:22Z</time></trkpt><trkpt lat="34.765485" lon="-119.91552"><ele>594.0</ele><time>2026-05-26T20:32:24Z</time></trkpt><trkpt lat="34.765513" lon="-119.915572"><ele>594.0</ele><time>2026-05-26T20:32:28Z</time></trkpt><trkpt lat="34.765538" lon="-119.915806"><ele>593.0</ele><time>2026-05-26T20:32:44Z</time></trkpt><trkpt lat="34.765521" lon="-119.9159"><ele>592.0</ele><time>2026-05-26T20:32:49Z</time></trkpt><trkpt lat="34.765524" lon="-119.915934"><ele>594.0</ele><time>2026-05-26T20:32:51Z</time></trkpt><trkpt lat="34.765555" lon="-119.916051"><ele>593.0</ele><time>2026-05-26T20:32:58Z</time></trkpt><trkpt lat="34.765556" lon="-119.916092"><ele>594.0</ele><time>2026-05-26T20:33:01Z</time></trkpt><trkpt lat="34.765572" lon="-119.916128"><ele>593.0</ele><time>2026-05-26T20:33:04Z</time></trkpt><trkpt lat="34.7656" lon="-119.916157"><ele>592.0</ele><time>2026-05-26T20:33:06Z</time></trkpt><trkpt lat="34.765627" lon="-119.916262"><ele>594.0</ele><time>2026-05-26T20:33:12Z</time></trkpt><trkpt lat="34.765652" lon="-119.916761"><ele>594.0</ele><time>2026-05-26T20:33:47Z</time></trkpt><trkpt lat="34.765637" lon="-119.917096"><ele>588.0</ele><time>2026-05-26T20:34:09Z</time></trkpt><trkpt lat="34.765599" lon="-119.917245"><ele>590.0</ele><time>2026-05-26T20:34:17Z</time></trkpt><trkpt lat="34.765593" lon="-119.917325"><ele>590.0</ele><time>2026-05-26T20:34:22Z</time></trkpt><trkpt lat="34.765599" lon="-119.917513"><ele>588.0</ele><time>2026-05-26T20:34:34Z</time></trkpt><trkpt lat="34.765589" lon="-119.917581"><ele>588.0</ele><time>2026-05-26T20:34:39Z</time></trkpt><trkpt lat="34.76564" lon="-119.917791"><ele>588.0</ele><time>2026-05-26T20:34:54Z</time></trkpt><trkpt lat="34.76564" lon="-119.917827"><ele>588.0</ele><time>2026-05-26T20:34:56Z</time></trkpt><trkpt lat="34.765746" lon="-119.918065"><ele>586.0</ele><time>2026-05-26T20:35:11Z</time></trkpt><trkpt lat="34.765751" lon="-119.918145"><ele>587.0</ele><time>2026-05-26T20:35:15Z</time></trkpt><trkpt lat="34.765742" lon="-119.918449"><ele>591.0</ele><time>2026-05-26T20:35:31Z</time></trkpt><trkpt lat="34.765697" lon="-119.918687"><ele>592.0</ele><time>2026-05-26T20:35:48Z</time></trkpt><trkpt lat="34.76569" lon="-119.918807"><ele>591.0</ele><time>2026-05-26T20:35:55Z</time></trkpt><trkpt lat="34.76572" lon="-119.919055"><ele>592.0</ele><time>2026-05-26T20:36:07Z</time></trkpt><trkpt lat="34.765721" lon="-119.919093"><ele>592.0</ele><time>2026-05-26T20:36:09Z</time></trkpt><trkpt lat="34.765703" lon="-119.91916"><ele>593.0</ele><time>2026-05-26T20:36:13Z</time></trkpt><trkpt lat="34.765711" lon="-119.919229"><ele>592.0</ele><time>2026-05-26T20:36:17Z</time></trkpt><trkpt lat="34.765741" lon="-119.919289"><ele>592.0</ele><time>2026-05-26T20:36:21Z</time></trkpt><trkpt lat="34.765734" lon="-119.919362"><ele>592.0</ele><time>2026-05-26T20:36:25Z</time></trkpt><trkpt lat="34.765753" lon="-119.919428"><ele>592.0</ele><time>2026-05-26T20:36:29Z</time></trkpt><trkpt lat="34.765751" lon="-119.919579"><ele>594.0</ele><time>2026-05-26T20:36:38Z</time></trkpt><trkpt lat="34.765712" lon="-119.919713"><ele>594.0</ele><time>2026-05-26T20:36:48Z</time></trkpt><trkpt lat="34.765617" lon="-119.919776"><ele>591.0</ele><time>2026-05-26T20:36:58Z</time></trkpt><trkpt lat="34.765531" lon="-119.919881"><ele>588.0</ele><time>2026-05-26T20:37:10Z</time></trkpt><trkpt lat="34.765486" lon="-119.920017"><ele>586.0</ele><time>2026-05-26T20:37:20Z</time></trkpt><trkpt lat="34.765492" lon="-119.920069"><ele>586.0</ele><time>2026-05-26T20:37:22Z</time></trkpt><trkpt lat="34.76553" lon="-119.920147"><ele>587.0</ele><time>2026-05-26T20:37:26Z</time></trkpt><trkpt lat="34.765517" lon="-119.920292"><ele>588.0</ele><time>2026-05-26T20:37:33Z</time></trkpt><trkpt lat="34.765531" lon="-119.920325"><ele>588.0</ele><time>2026-05-26T20:37:35Z</time></trkpt><trkpt lat="34.76552" lon="-119.920364"><ele>589.0</ele><time>2026-05-26T20:37:37Z</time></trkpt><trkpt lat="34.765525" lon="-119.920431"><ele>588.0</ele><time>2026-05-26T20:37:42Z</time></trkpt><trkpt lat="34.765489" lon="-119.920499"><ele>590.0</ele><time>2026-05-26T20:37:47Z</time></trkpt><trkpt lat="34.765468" lon="-119.920565"><ele>588.0</ele><time>2026-05-26T20:37:51Z</time></trkpt><trkpt lat="34.765505" lon="-119.920725"><ele>588.0</ele><time>2026-05-26T20:38:02Z</time></trkpt><trkpt lat="34.765514" lon="-119.920967"><ele>590.5</ele><time>2026-05-26T20:38:18Z</time></trkpt><trkpt lat="34.765571" lon="-119.921113"><ele>587.6</ele><time>2026-05-26T20:38:51Z</time></trkpt><trkpt lat="34.765605" lon="-119.921141"><ele>586.0</ele><time>2026-05-26T20:38:52Z</time></trkpt><trkpt lat="34.76563" lon="-119.92121"><ele>586.0</ele><time>2026-05-26T20:38:57Z</time></trkpt><trkpt lat="34.765648" lon="-119.921286"><ele>586.0</ele><time>2026-05-26T20:39:02Z</time></trkpt><trkpt lat="34.765648" lon="-119.921436"><ele>587.0</ele><time>2026-05-26T20:39:13Z</time></trkpt><trkpt lat="34.765686" lon="-119.921497"><ele>586.0</ele><time>2026-05-26T20:39:17Z</time></trkpt><trkpt lat="34.765772" lon="-119.921686"><ele>585.0</ele><time>2026-05-26T20:39:30Z</time></trkpt><trkpt lat="34.76588" lon="-119.921869"><ele>586.0</ele><time>2026-05-26T20:39:43Z</time></trkpt><trkpt lat="34.765893" lon="-119.921911"><ele>585.0</ele><time>2026-05-26T20:39:46Z</time></trkpt><trkpt lat="34.765996" lon="-119.922046"><ele>584.0</ele><time>2026-05-26T20:39:58Z</time></trkpt><trkpt lat="34.76602" lon="-119.922105"><ele>584.0</ele><time>2026-05-26T20:40:02Z</time></trkpt><trkpt lat="34.766063" lon="-119.92216"><ele>583.0</ele><time>2026-05-26T20:40:07Z</time></trkpt><trkpt lat="34.766079" lon="-119.922231"><ele>582.0</ele><time>2026-05-26T20:40:12Z</time></trkpt><trkpt lat="34.766067" lon="-119.922274"><ele>583.0</ele><time>2026-05-26T20:40:14Z</time></trkpt><trkpt lat="34.766075" lon="-119.922348"><ele>584.0</ele><time>2026-05-26T20:40:18Z</time></trkpt><trkpt lat="34.76613" lon="-119.922469"><ele>584.0</ele><time>2026-05-26T20:40:26Z</time></trkpt><trkpt lat="34.766134" lon="-119.922508"><ele>584.0</ele><time>2026-05-26T20:40:28Z</time></trkpt><trkpt lat="34.766167" lon="-119.922568"><ele>585.0</ele><time>2026-05-26T20:40:33Z</time></trkpt><trkpt lat="34.766188" lon="-119.922853"><ele>585.0</ele><time>2026-05-26T20:40:51Z</time></trkpt><trkpt lat="34.766239" lon="-119.922907"><ele>584.0</ele><time>2026-05-26T20:40:55Z</time></trkpt><trkpt lat="34.766241" lon="-119.922946"><ele>583.0</ele><time>2026-05-26T20:40:57Z</time></trkpt><trkpt lat="34.766303" lon="-119.92308"><ele>582.0</ele><time>2026-05-26T20:41:07Z</time></trkpt><trkpt lat="34.766312" lon="-119.923147"><ele>582.0</ele><time>2026-05-26T20:41:11Z</time></trkpt><trkpt lat="34.766352" lon="-119.923204"><ele>582.0</ele><time>2026-05-26T20:41:15Z</time></trkpt><trkpt lat="34.766372" lon="-119.923275"><ele>582.0</ele><time>2026-05-26T20:41:20Z</time></trkpt><trkpt lat="34.766402" lon="-119.923301"><ele>582.0</ele><time>2026-05-26T20:41:22Z</time></trkpt><trkpt lat="34.766434" lon="-119.923303"><ele>582.0</ele><time>2026-05-26T20:41:24Z</time></trkpt><trkpt lat="34.76646" lon="-119.923318"><ele>581.0</ele><time>2026-05-26T20:41:26Z</time></trkpt><trkpt lat="34.766478" lon="-119.923358"><ele>580.0</ele><time>2026-05-26T20:41:30Z</time></trkpt><trkpt lat="34.766434" lon="-119.92331"><ele>581.0</ele><time>2026-05-26T20:41:37Z</time></trkpt><trkpt lat="34.766529" lon="-119.923389"><ele>576.0</ele><time>2026-05-26T20:41:54Z</time></trkpt><trkpt lat="34.766594" lon="-119.923405"><ele>576.0</ele><time>2026-05-26T20:42:00Z</time></trkpt><trkpt lat="34.766643" lon="-119.923478"><ele>574.0</ele><time>2026-05-26T20:42:08Z</time></trkpt><trkpt lat="34.766649" lon="-119.92344"><ele>574.0</ele><time>2026-05-26T20:42:20Z</time></trkpt><trkpt lat="34.76668" lon="-119.92345"><ele>576.7</ele><time>2026-05-26T20:42:28Z</time></trkpt><trkpt lat="34.766648" lon="-119.923403"><ele>576.0</ele><time>2026-05-26T20:42:31Z</time></trkpt><trkpt lat="34.766679" lon="-119.923399"><ele>572.0</ele><time>2026-05-26T20:42:45Z</time></trkpt><trkpt lat="34.766675" lon="-119.923512"><ele>578.0</ele><time>2026-05-26T20:43:04Z</time></trkpt><trkpt lat="34.766723" lon="-119.923581"><ele>579.0</ele><time>2026-05-26T20:43:09Z</time></trkpt><trkpt lat="34.766734" lon="-119.923662"><ele>579.0</ele><time>2026-05-26T20:43:14Z</time></trkpt><trkpt lat="34.76677" lon="-119.923733"><ele>577.0</ele><time>2026-05-26T20:43:20Z</time></trkpt><trkpt lat="34.766768" lon="-119.92377"><ele>578.0</ele><time>2026-05-26T20:43:22Z</time></trkpt><trkpt lat="34.766804" lon="-119.923872"><ele>578.0</ele><time>2026-05-26T20:43:29Z</time></trkpt><trkpt lat="34.766797" lon="-119.924023"><ele>577.0</ele><time>2026-05-26T20:43:40Z</time></trkpt><trkpt lat="34.766742" lon="-119.924028"><ele>580.7</ele><time>2026-05-26T20:43:42Z</time></trkpt><trkpt lat="34.766715" lon="-119.924099"><ele>577.0</ele><time>2026-05-26T20:43:46Z</time></trkpt><trkpt lat="34.766592" lon="-119.924269"><ele>578.0</ele><time>2026-05-26T20:44:00Z</time></trkpt><trkpt lat="34.766584" lon="-119.924303"><ele>577.0</ele><time>2026-05-26T20:44:02Z</time></trkpt><trkpt lat="34.766652" lon="-119.924503"><ele>576.0</ele><time>2026-05-26T20:44:18Z</time></trkpt><trkpt lat="34.766696" lon="-119.924558"><ele>578.0</ele><time>2026-05-26T20:44:22Z</time></trkpt><trkpt lat="34.766701" lon="-119.924598"><ele>577.0</ele><time>2026-05-26T20:44:24Z</time></trkpt><trkpt lat="34.766644" lon="-119.924701"><ele>579.0</ele><time>2026-05-26T20:44:32Z</time></trkpt><trkpt lat="34.766546" lon="-119.924819"><ele>579.0</ele><time>2026-05-26T20:44:43Z</time></trkpt><trkpt lat="34.76651" lon="-119.924844"><ele>580.9</ele><time>2026-05-26T20:44:46Z</time></trkpt><trkpt lat="34.766483" lon="-119.9249"><ele>582.0</ele><time>2026-05-26T20:44:51Z</time></trkpt><trkpt lat="34.766407" lon="-119.924981"><ele>583.0</ele><time>2026-05-26T20:44:59Z</time></trkpt><trkpt lat="34.766377" lon="-119.924983"><ele>577.0</ele><time>2026-05-26T20:45:04Z</time></trkpt><trkpt lat="34.766311" lon="-119.925149"><ele>582.0</ele><time>2026-05-26T20:45:21Z</time></trkpt><trkpt lat="34.766288" lon="-119.925179"><ele>583.0</ele><time>2026-05-26T20:45:23Z</time></trkpt><trkpt lat="34.766269" lon="-119.925241"><ele>582.0</ele><time>2026-05-26T20:45:28Z</time></trkpt><trkpt lat="34.766172" lon="-119.925246"><ele>582.0</ele><time>2026-05-26T20:45:55Z</time></trkpt><trkpt lat="34.766094" lon="-119.925294"><ele>585.0</ele><time>2026-05-26T20:46:07Z</time></trkpt><trkpt lat="34.766048" lon="-119.925363"><ele>584.0</ele><time>2026-05-26T20:46:13Z</time></trkpt><trkpt lat="34.765994" lon="-119.925406"><ele>584.0</ele><time>2026-05-26T20:46:17Z</time></trkpt><trkpt lat="34.765892" lon="-119.925549"><ele>580.0</ele><time>2026-05-26T20:46:31Z</time></trkpt><trkpt lat="34.765871" lon="-119.925617"><ele>580.0</ele><time>2026-05-26T20:46:35Z</time></trkpt><trkpt lat="34.765876" lon="-119.925649"><ele>579.0</ele><time>2026-05-26T20:46:38Z</time></trkpt><trkpt lat="34.765859" lon="-119.925728"><ele>574.0</ele><time>2026-05-26T20:46:55Z</time></trkpt><trkpt lat="34.765859" lon="-119.925852"><ele>575.0</ele><time>2026-05-26T20:47:02Z</time></trkpt><trkpt lat="34.765885" lon="-119.926041"><ele>577.0</ele><time>2026-05-26T20:47:12Z</time></trkpt><trkpt lat="34.765883" lon="-119.92613"><ele>578.0</ele><time>2026-05-26T20:47:17Z</time></trkpt><trkpt lat="34.765909" lon="-119.926238"><ele>578.0</ele><time>2026-05-26T20:47:25Z</time></trkpt><trkpt lat="34.765921" lon="-119.926352"><ele>578.0</ele><time>2026-05-26T20:47:32Z</time></trkpt><trkpt lat="34.765916" lon="-119.926512"><ele>577.0</ele><time>2026-05-26T20:47:43Z</time></trkpt><trkpt lat="34.76593" lon="-119.926587"><ele>576.0</ele><time>2026-05-26T20:47:48Z</time></trkpt><trkpt lat="34.76592" lon="-119.926656"><ele>577.0</ele><time>2026-05-26T20:47:52Z</time></trkpt><trkpt lat="34.765921" lon="-119.926795"><ele>574.0</ele><time>2026-05-26T20:48:02Z</time></trkpt><trkpt lat="34.765932" lon="-119.92688"><ele>575.0</ele><time>2026-05-26T20:48:07Z</time></trkpt><trkpt lat="34.765925" lon="-119.926955"><ele>573.0</ele><time>2026-05-26T20:48:12Z</time></trkpt><trkpt lat="34.765947" lon="-119.927066"><ele>574.0</ele><time>2026-05-26T20:48:19Z</time></trkpt><trkpt lat="34.765967" lon="-119.927091"><ele>573.0</ele><time>2026-05-26T20:48:22Z</time></trkpt><trkpt lat="34.765966" lon="-119.927131"><ele>575.0</ele><time>2026-05-26T20:48:24Z</time></trkpt><trkpt lat="34.76598" lon="-119.927167"><ele>574.0</ele><time>2026-05-26T20:48:26Z</time></trkpt><trkpt lat="34.766021" lon="-119.927223"><ele>574.0</ele><time>2026-05-26T20:48:38Z</time></trkpt><trkpt lat="34.766036" lon="-119.92738"><ele>576.0</ele><time>2026-05-26T20:48:49Z</time></trkpt><trkpt lat="34.766138" lon="-119.927646"><ele>578.0</ele><time>2026-05-26T20:49:04Z</time></trkpt><trkpt lat="34.766146" lon="-119.927708"><ele>577.0</ele><time>2026-05-26T20:49:08Z</time></trkpt><trkpt lat="34.766165" lon="-119.927743"><ele>578.0</ele><time>2026-05-26T20:49:10Z</time></trkpt><trkpt lat="34.76617" lon="-119.927785"><ele>577.0</ele><time>2026-05-26T20:49:12Z</time></trkpt><trkpt lat="34.766204" lon="-119.927851"><ele>576.0</ele><time>2026-05-26T20:49:17Z</time></trkpt><trkpt lat="34.766191" lon="-119.927912"><ele>576.0</ele><time>2026-05-26T20:49:23Z</time></trkpt><trkpt lat="34.766197" lon="-119.927993"><ele>575.0</ele><time>2026-05-26T20:49:27Z</time></trkpt><trkpt lat="34.766221" lon="-119.928028"><ele>576.0</ele><time>2026-05-26T20:49:29Z</time></trkpt><trkpt lat="34.766317" lon="-119.928067"><ele>575.0</ele><time>2026-05-26T20:49:37Z</time></trkpt><trkpt lat="34.766436" lon="-119.927954"><ele>576.0</ele><time>2026-05-26T20:49:49Z</time></trkpt><trkpt lat="34.766444" lon="-119.927998"><ele>576.0</ele><time>2026-05-26T20:49:54Z</time></trkpt><trkpt lat="34.766404" lon="-119.928031"><ele>578.0</ele><time>2026-05-26T20:49:59Z</time></trkpt><trkpt lat="34.766376" lon="-119.92807"><ele>579.0</ele><time>2026-05-26T20:50:01Z</time></trkpt><trkpt lat="34.766294" lon="-119.928109"><ele>580.0</ele><time>2026-05-26T20:50:08Z</time></trkpt><trkpt lat="34.766271" lon="-119.928192"><ele>577.0</ele><time>2026-05-26T20:50:14Z</time></trkpt><trkpt lat="34.766311" lon="-119.928357"><ele>576.0</ele><time>2026-05-26T20:50:25Z</time></trkpt><trkpt lat="34.766333" lon="-119.928399"><ele>576.0</ele><time>2026-05-26T20:50:28Z</time></trkpt><trkpt lat="34.766443" lon="-119.928476"><ele>579.7</ele><time>2026-05-26T20:50:38Z</time></trkpt><trkpt lat="34.766504" lon="-119.92849"><ele>579.0</ele><time>2026-05-26T20:50:43Z</time></trkpt><trkpt lat="34.766515" lon="-119.928518"><ele>579.0</ele><time>2026-05-26T20:50:46Z</time></trkpt><trkpt lat="34.766486" lon="-119.928538"><ele>580.0</ele><time>2026-05-26T20:50:49Z</time></trkpt><trkpt lat="34.766405" lon="-119.928555"><ele>579.0</ele><time>2026-05-26T20:50:55Z</time></trkpt><trkpt lat="34.766363" lon="-119.928612"><ele>582.0</ele><time>2026-05-26T20:51:00Z</time></trkpt><trkpt lat="34.766352" lon="-119.928651"><ele>582.0</ele><time>2026-05-26T20:51:03Z</time></trkpt><trkpt lat="34.766352" lon="-119.928735"><ele>582.0</ele><time>2026-05-26T20:51:09Z</time></trkpt><trkpt lat="34.766402" lon="-119.928935"><ele>585.0</ele><time>2026-05-26T20:51:25Z</time></trkpt><trkpt lat="34.766386" lon="-119.929006"><ele>585.0</ele><time>2026-05-26T20:51:28Z</time></trkpt><trkpt lat="34.766407" lon="-119.929042"><ele>584.0</ele><time>2026-05-26T20:51:31Z</time></trkpt><trkpt lat="34.766405" lon="-119.929088"><ele>584.0</ele><time>2026-05-26T20:51:35Z</time></trkpt><trkpt lat="34.766439" lon="-119.929176"><ele>587.0</ele><time>2026-05-26T20:51:42Z</time></trkpt><trkpt lat="34.766442" lon="-119.929359"><ele>588.0</ele><time>2026-05-26T20:51:54Z</time></trkpt><trkpt lat="34.766467" lon="-119.929395"><ele>588.0</ele><time>2026-05-26T20:51:57Z</time></trkpt><trkpt lat="34.766474" lon="-119.929429"><ele>588.0</ele><time>2026-05-26T20:52:01Z</time></trkpt><trkpt lat="34.766453" lon="-119.929512"><ele>585.0</ele><time>2026-05-26T20:52:06Z</time></trkpt><trkpt lat="34.766469" lon="-119.929677"><ele>584.0</ele><time>2026-05-26T20:52:17Z</time></trkpt><trkpt lat="34.766524" lon="-119.929723"><ele>579.0</ele><time>2026-05-26T20:52:23Z</time></trkpt><trkpt lat="34.766519" lon="-119.929837"><ele>580.0</ele><time>2026-05-26T20:52:29Z</time></trkpt><trkpt lat="34.766554" lon="-119.929918"><ele>582.0</ele><time>2026-05-26T20:52:37Z</time></trkpt><trkpt lat="34.766595" lon="-119.929948"><ele>582.0</ele><time>2026-05-26T20:52:40Z</time></trkpt><trkpt lat="34.766734" lon="-119.929978"><ele>582.0</ele><time>2026-05-26T20:52:49Z</time></trkpt><trkpt lat="34.766845" lon="-119.929989"><ele>584.0</ele><time>2026-05-26T20:52:57Z</time></trkpt><trkpt lat="34.766882" lon="-119.929991"><ele>584.0</ele><time>2026-05-26T20:52:59Z</time></trkpt><trkpt lat="34.766939" lon="-119.929971"><ele>584.0</ele><time>2026-05-26T20:53:03Z</time></trkpt><trkpt lat="34.766985" lon="-119.930006"><ele>586.9</ele><time>2026-05-26T20:53:07Z</time></trkpt><trkpt lat="34.767017" lon="-119.930059"><ele>588.0</ele><time>2026-05-26T20:53:11Z</time></trkpt><trkpt lat="34.767053" lon="-119.930082"><ele>588.0</ele><time>2026-05-26T20:53:14Z</time></trkpt><trkpt lat="34.767091" lon="-119.930083"><ele>588.0</ele><time>2026-05-26T20:53:16Z</time></trkpt><trkpt lat="34.767123" lon="-119.93011"><ele>580.0</ele><time>2026-05-26T20:53:32Z</time></trkpt><trkpt lat="34.767025" lon="-119.930006"><ele>582.0</ele><time>2026-05-26T20:53:51Z</time></trkpt><trkpt lat="34.766987" lon="-119.930029"><ele>582.0</ele><time>2026-05-26T20:53:54Z</time></trkpt><trkpt lat="34.766843" lon="-119.929998"><ele>579.0</ele><time>2026-05-26T20:54:06Z</time></trkpt><trkpt lat="34.766732" lon="-119.930057"><ele>576.0</ele><time>2026-05-26T20:54:13Z</time></trkpt><trkpt lat="34.766591" lon="-119.930102"><ele>572.0</ele><time>2026-05-26T20:54:24Z</time></trkpt><trkpt lat="34.766553" lon="-119.930123"><ele>571.0</ele><time>2026-05-26T20:54:27Z</time></trkpt><trkpt lat="34.766444" lon="-119.930147"><ele>570.0</ele><time>2026-05-26T20:54:35Z</time></trkpt><trkpt lat="34.766345" lon="-119.930203"><ele>569.0</ele><time>2026-05-26T20:54:43Z</time></trkpt><trkpt lat="34.766251" lon="-119.93019"><ele>569.0</ele><time>2026-05-26T20:54:53Z</time></trkpt><trkpt lat="34.766353" lon="-119.930199"><ele>567.0</ele><time>2026-05-26T20:55:00Z</time></trkpt><trkpt lat="34.766384" lon="-119.930214"><ele>567.0</ele><time>2026-05-26T20:55:03Z</time></trkpt><trkpt lat="34.766562" lon="-119.930185"><ele>566.0</ele><time>2026-05-26T20:55:14Z</time></trkpt><trkpt lat="34.766759" lon="-119.930204"><ele>566.0</ele><time>2026-05-26T20:55:26Z</time></trkpt><trkpt lat="34.766789" lon="-119.930224"><ele>564.0</ele><time>2026-05-26T20:55:29Z</time></trkpt><trkpt lat="34.7668" lon="-119.930272"><ele>564.0</ele><time>2026-05-26T20:55:31Z</time></trkpt><trkpt lat="34.766824" lon="-119.930298"><ele>564.0</ele><time>2026-05-26T20:55:33Z</time></trkpt><trkpt lat="34.766912" lon="-119.930318"><ele>565.0</ele><time>2026-05-26T20:55:39Z</time></trkpt><trkpt lat="34.766946" lon="-119.93039"><ele>566.0</ele><time>2026-05-26T20:55:43Z</time></trkpt><trkpt lat="34.766992" lon="-119.930445"><ele>568.0</ele><time>2026-05-26T20:55:47Z</time></trkpt><trkpt lat="34.767026" lon="-119.930504"><ele>568.0</ele><time>2026-05-26T20:55:51Z</time></trkpt><trkpt lat="34.767043" lon="-119.930576"><ele>570.0</ele><time>2026-05-26T20:55:55Z</time></trkpt><trkpt lat="34.767064" lon="-119.930608"><ele>568.0</ele><time>2026-05-26T20:55:58Z</time></trkpt><trkpt lat="34.767139" lon="-119.930619"><ele>568.0</ele><time>2026-05-26T20:56:03Z</time></trkpt><trkpt lat="34.767175" lon="-119.930636"><ele>568.0</ele><time>2026-05-26T20:56:06Z</time></trkpt><trkpt lat="34.767213" lon="-119.930634"><ele>568.0</ele><time>2026-05-26T20:56:10Z</time></trkpt><trkpt lat="34.767333" lon="-119.930688"><ele>566.0</ele><time>2026-05-26T20:56:23Z</time></trkpt><trkpt lat="34.767356" lon="-119.930719"><ele>566.0</ele><time>2026-05-26T20:56:26Z</time></trkpt><trkpt lat="34.767371" lon="-119.930774"><ele>564.0</ele><time>2026-05-26T20:56:30Z</time></trkpt><trkpt lat="34.767435" lon="-119.930871"><ele>564.0</ele><time>2026-05-26T20:56:38Z</time></trkpt><trkpt lat="34.767461" lon="-119.930941"><ele>564.0</ele><time>2026-05-26T20:56:43Z</time></trkpt><trkpt lat="34.767514" lon="-119.931"><ele>561.0</ele><time>2026-05-26T20:56:50Z</time></trkpt><trkpt lat="34.767593" lon="-119.931017"><ele>561.0</ele><time>2026-05-26T20:56:55Z</time></trkpt><trkpt lat="34.767659" lon="-119.931047"><ele>562.0</ele><time>2026-05-26T20:57:00Z</time></trkpt><trkpt lat="34.7678" lon="-119.931137"><ele>560.0</ele><time>2026-05-26T20:57:13Z</time></trkpt><trkpt lat="34.767907" lon="-119.931158"><ele>561.0</ele><time>2026-05-26T20:57:22Z</time></trkpt><trkpt lat="34.767961" lon="-119.931184"><ele>562.0</ele><time>2026-05-26T20:57:27Z</time></trkpt><trkpt lat="34.767987" lon="-119.931211"><ele>561.0</ele><time>2026-05-26T20:57:30Z</time></trkpt><trkpt lat="34.768043" lon="-119.93131"><ele>564.0</ele><time>2026-05-26T20:57:38Z</time></trkpt><trkpt lat="34.7681" lon="-119.931484"><ele>563.0</ele><time>2026-05-26T20:57:50Z</time></trkpt><trkpt lat="34.768141" lon="-119.931529"><ele>564.0</ele><time>2026-05-26T20:57:56Z</time></trkpt><trkpt lat="34.768164" lon="-119.931581"><ele>565.0</ele><time>2026-05-26T20:58:02Z</time></trkpt><trkpt lat="34.768153" lon="-119.93169"><ele>565.0</ele><time>2026-05-26T20:58:12Z</time></trkpt><trkpt lat="34.76816" lon="-119.9318"><ele>564.0</ele><time>2026-05-26T20:58:20Z</time></trkpt><trkpt lat="34.768147" lon="-119.931927"><ele>561.0</ele><time>2026-05-26T20:58:29Z</time></trkpt><trkpt lat="34.768099" lon="-119.931986"><ele>560.0</ele><time>2026-05-26T20:58:37Z</time></trkpt><trkpt lat="34.76818" lon="-119.932068"><ele>560.0</ele><time>2026-05-26T20:58:47Z</time></trkpt><trkpt lat="34.76813" lon="-119.932142"><ele>562.0</ele><time>2026-05-26T20:58:58Z</time></trkpt><trkpt lat="34.768124" lon="-119.932301"><ele>562.0</ele><time>2026-05-26T20:59:05Z</time></trkpt><trkpt lat="34.768108" lon="-119.932418"><ele>562.0</ele><time>2026-05-26T20:59:13Z</time></trkpt><trkpt lat="34.768103" lon="-119.932545"><ele>562.0</ele><time>2026-05-26T20:59:21Z</time></trkpt><trkpt lat="34.768127" lon="-119.932739"><ele>564.0</ele><time>2026-05-26T20:59:33Z</time></trkpt><trkpt lat="34.768135" lon="-119.932962"><ele>564.0</ele><time>2026-05-26T20:59:47Z</time></trkpt><trkpt lat="34.768161" lon="-119.933106"><ele>564.0</ele><time>2026-05-26T20:59:55Z</time></trkpt><trkpt lat="34.768196" lon="-119.933176"><ele>564.0</ele><time>2026-05-26T21:00:00Z</time></trkpt><trkpt lat="34.768322" lon="-119.933344"><ele>560.0</ele><time>2026-05-26T21:00:15Z</time></trkpt><trkpt lat="34.768411" lon="-119.93356"><ele>560.0</ele><time>2026-05-26T21:00:30Z</time></trkpt><trkpt lat="34.768454" lon="-119.933725"><ele>558.0</ele><time>2026-05-26T21:00:45Z</time></trkpt><trkpt lat="34.768456" lon="-119.933882"><ele>558.0</ele><time>2026-05-26T21:00:55Z</time></trkpt><trkpt lat="34.768413" lon="-119.934091"><ele>559.5</ele><time>2026-05-26T21:01:10Z</time></trkpt><trkpt lat="34.768377" lon="-119.934164"><ele>558.0</ele><time>2026-05-26T21:01:17Z</time></trkpt><trkpt lat="34.768376" lon="-119.934256"><ele>558.0</ele><time>2026-05-26T21:01:22Z</time></trkpt><trkpt lat="34.768369" lon="-119.934291"><ele>556.0</ele><time>2026-05-26T21:01:25Z</time></trkpt><trkpt lat="34.768349" lon="-119.934325"><ele>556.0</ele><time>2026-05-26T21:01:27Z</time></trkpt><trkpt lat="34.768364" lon="-119.934389"><ele>555.0</ele><time>2026-05-26T21:01:33Z</time></trkpt><trkpt lat="34.768344" lon="-119.934419"><ele>555.0</ele><time>2026-05-26T21:01:36Z</time></trkpt><trkpt lat="34.768353" lon="-119.934454"><ele>555.0</ele><time>2026-05-26T21:01:39Z</time></trkpt><trkpt lat="34.768382" lon="-119.934475"><ele>552.0</ele><time>2026-05-26T21:01:42Z</time></trkpt><trkpt lat="34.768405" lon="-119.934509"><ele>552.0</ele><time>2026-05-26T21:01:45Z</time></trkpt><trkpt lat="34.768394" lon="-119.934578"><ele>554.0</ele><time>2026-05-26T21:01:50Z</time></trkpt><trkpt lat="34.768465" lon="-119.934666"><ele>552.0</ele><time>2026-05-26T21:01:57Z</time></trkpt><trkpt lat="34.768464" lon="-119.934752"><ele>553.0</ele><time>2026-05-26T21:02:02Z</time></trkpt><trkpt lat="34.768489" lon="-119.934787"><ele>552.0</ele><time>2026-05-26T21:02:05Z</time></trkpt><trkpt lat="34.768502" lon="-119.934826"><ele>554.0</ele><time>2026-05-26T21:02:08Z</time></trkpt><trkpt lat="34.768517" lon="-119.934939"><ele>553.0</ele><time>2026-05-26T21:02:17Z</time></trkpt><trkpt lat="34.76862" lon="-119.935221"><ele>552.0</ele><time>2026-05-26T21:02:37Z</time></trkpt><trkpt lat="34.768718" lon="-119.935417"><ele>551.0</ele><time>2026-05-26T21:02:52Z</time></trkpt><trkpt lat="34.768794" lon="-119.935516"><ele>550.0</ele><time>2026-05-26T21:03:00Z</time></trkpt><trkpt lat="34.768969" lon="-119.935608"><ele>550.0</ele><time>2026-05-26T21:03:17Z</time></trkpt><trkpt lat="34.769019" lon="-119.935566"><ele>554.0</ele><time>2026-05-26T21:03:37Z</time></trkpt><trkpt lat="34.769024" lon="-119.935593"><ele>555.0</ele><time>2026-05-26T21:04:14Z</time></trkpt><trkpt lat="34.769066" lon="-119.935626"><ele>555.0</ele><time>2026-05-26T21:04:17Z</time></trkpt><trkpt lat="34.769127" lon="-119.935663"><ele>554.0</ele><time>2026-05-26T21:04:23Z</time></trkpt><trkpt lat="34.769167" lon="-119.935673"><ele>555.0</ele><time>2026-05-26T21:04:26Z</time></trkpt><trkpt lat="34.769246" lon="-119.935746"><ele>556.0</ele><time>2026-05-26T21:04:35Z</time></trkpt><trkpt lat="34.76931" lon="-119.935782"><ele>555.0</ele><time>2026-05-26T21:04:41Z</time></trkpt><trkpt lat="34.769358" lon="-119.935845"><ele>554.0</ele><time>2026-05-26T21:04:45Z</time></trkpt><trkpt lat="34.769437" lon="-119.935913"><ele>556.0</ele><time>2026-05-26T21:04:52Z</time></trkpt><trkpt lat="34.769477" lon="-119.935974"><ele>556.0</ele><time>2026-05-26T21:04:57Z</time></trkpt><trkpt lat="34.769506" lon="-119.935996"><ele>555.0</ele><time>2026-05-26T21:05:00Z</time></trkpt><trkpt lat="34.769612" lon="-119.936156"><ele>554.0</ele><time>2026-05-26T21:05:13Z</time></trkpt><trkpt lat="34.769659" lon="-119.936198"><ele>553.0</ele><time>2026-05-26T21:05:18Z</time></trkpt><trkpt lat="34.76967" lon="-119.936244"><ele>555.3</ele><time>2026-05-26T21:05:21Z</time></trkpt><trkpt lat="34.769718" lon="-119.936262"><ele>553.0</ele><time>2026-05-26T21:05:24Z</time></trkpt><trkpt lat="34.769696" lon="-119.936386"><ele>549.0</ele><time>2026-05-26T21:05:35Z</time></trkpt><trkpt lat="34.769725" lon="-119.936453"><ele>548.0</ele><time>2026-05-26T21:05:43Z</time></trkpt><trkpt lat="34.769752" lon="-119.936475"><ele>549.0</ele><time>2026-05-26T21:05:47Z</time></trkpt><trkpt lat="34.769769" lon="-119.936538"><ele>550.0</ele><time>2026-05-26T21:05:52Z</time></trkpt><trkpt lat="34.769855" lon="-119.936611"><ele>549.0</ele><time>2026-05-26T21:06:02Z</time></trkpt><trkpt lat="34.769918" lon="-119.936743"><ele>552.0</ele><time>2026-05-26T21:06:12Z</time></trkpt><trkpt lat="34.769978" lon="-119.936814"><ele>552.0</ele><time>2026-05-26T21:06:19Z</time></trkpt><trkpt lat="34.769903" lon="-119.93664"><ele>550.0</ele><time>2026-05-26T21:06:33Z</time></trkpt><trkpt lat="34.769852" lon="-119.936583"><ele>550.0</ele><time>2026-05-26T21:07:01Z</time></trkpt><trkpt lat="34.769863" lon="-119.936588"><ele>552.0</ele><time>2026-05-26T21:07:33Z</time></trkpt><trkpt lat="34.769948" lon="-119.936741"><ele>552.0</ele><time>2026-05-26T21:08:00Z</time></trkpt><trkpt lat="34.770086" lon="-119.936949"><ele>549.0</ele><time>2026-05-26T21:08:16Z</time></trkpt><trkpt lat="34.770311" lon="-119.937459"><ele>552.0</ele><time>2026-05-26T21:08:50Z</time></trkpt><trkpt lat="34.77034" lon="-119.937484"><ele>554.9</ele><time>2026-05-26T21:08:53Z</time></trkpt><trkpt lat="34.770435" lon="-119.937657"><ele>552.0</ele><time>2026-05-26T21:09:06Z</time></trkpt><trkpt lat="34.770459" lon="-119.937684"><ele>552.0</ele><time>2026-05-26T21:09:10Z</time></trkpt><trkpt lat="34.770499" lon="-119.937783"><ele>552.0</ele><time>2026-05-26T21:09:17Z</time></trkpt><trkpt lat="34.770584" lon="-119.937889"><ele>552.0</ele><time>2026-05-26T21:09:25Z</time></trkpt><trkpt lat="34.770632" lon="-119.937996"><ele>552.0</ele><time>2026-05-26T21:09:33Z</time></trkpt><trkpt lat="34.770649" lon="-119.938074"><ele>550.0</ele><time>2026-05-26T21:09:38Z</time></trkpt><trkpt lat="34.770637" lon="-119.938154"><ele>551.3</ele><time>2026-05-26T21:09:43Z</time></trkpt><trkpt lat="34.770641" lon="-119.938198"><ele>552.0</ele><time>2026-05-26T21:09:45Z</time></trkpt><trkpt lat="34.770614" lon="-119.938261"><ele>552.0</ele><time>2026-05-26T21:09:49Z</time></trkpt><trkpt lat="34.770584" lon="-119.938494"><ele>552.0</ele><time>2026-05-26T21:10:09Z</time></trkpt><trkpt lat="34.7706" lon="-119.938652"><ele>554.0</ele><time>2026-05-26T21:10:18Z</time></trkpt><trkpt lat="34.770653" lon="-119.938895"><ele>555.0</ele><time>2026-05-26T21:10:37Z</time></trkpt><trkpt lat="34.770682" lon="-119.939133"><ele>555.0</ele><time>2026-05-26T21:10:52Z</time></trkpt><trkpt lat="34.770759" lon="-119.939398"><ele>558.0</ele><time>2026-05-26T21:11:10Z</time></trkpt><trkpt lat="34.77084" lon="-119.93958"><ele>559.0</ele><time>2026-05-26T21:11:23Z</time></trkpt><trkpt lat="34.770949" lon="-119.939711"><ele>559.0</ele><time>2026-05-26T21:11:35Z</time></trkpt><trkpt lat="34.771035" lon="-119.939873"><ele>559.0</ele><time>2026-05-26T21:11:46Z</time></trkpt><trkpt lat="34.771117" lon="-119.939983"><ele>558.0</ele><time>2026-05-26T21:11:56Z</time></trkpt><trkpt lat="34.771214" lon="-119.940153"><ele>559.0</ele><time>2026-05-26T21:12:08Z</time></trkpt><trkpt lat="34.771238" lon="-119.940169"><ele>558.0</ele><time>2026-05-26T21:12:10Z</time></trkpt><trkpt lat="34.771322" lon="-119.940357"><ele>558.0</ele><time>2026-05-26T21:12:23Z</time></trkpt><trkpt lat="34.771406" lon="-119.940497"><ele>556.0</ele><time>2026-05-26T21:12:34Z</time></trkpt><trkpt lat="34.771474" lon="-119.940654"><ele>556.0</ele><time>2026-05-26T21:12:45Z</time></trkpt><trkpt lat="34.771504" lon="-119.940748"><ele>555.0</ele><time>2026-05-26T21:12:52Z</time></trkpt><trkpt lat="34.771519" lon="-119.940936"><ele>557.0</ele><time>2026-05-26T21:13:04Z</time></trkpt><trkpt lat="34.771538" lon="-119.940994"><ele>557.0</ele><time>2026-05-26T21:13:08Z</time></trkpt><trkpt lat="34.771545" lon="-119.941081"><ele>556.0</ele><time>2026-05-26T21:13:13Z</time></trkpt><trkpt lat="34.771573" lon="-119.941143"><ele>558.0</ele><time>2026-05-26T21:13:17Z</time></trkpt><trkpt lat="34.771585" lon="-119.941211"><ele>556.0</ele><time>2026-05-26T21:13:21Z</time></trkpt><trkpt lat="34.771626" lon="-119.941259"><ele>556.0</ele><time>2026-05-26T21:13:25Z</time></trkpt><trkpt lat="34.771657" lon="-119.941335"><ele>555.0</ele><time>2026-05-26T21:13:31Z</time></trkpt><trkpt lat="34.771735" lon="-119.941402"><ele>555.0</ele><time>2026-05-26T21:13:38Z</time></trkpt><trkpt lat="34.771805" lon="-119.941505"><ele>554.0</ele><time>2026-05-26T21:13:47Z</time></trkpt><trkpt lat="34.771883" lon="-119.941844"><ele>552.0</ele><time>2026-05-26T21:14:10Z</time></trkpt><trkpt lat="34.771884" lon="-119.941954"><ele>548.0</ele><time>2026-05-26T21:14:18Z</time></trkpt><trkpt lat="34.771905" lon="-119.942047"><ele>550.0</ele><time>2026-05-26T21:14:22Z</time></trkpt><trkpt lat="34.771934" lon="-119.942309"><ele>552.0</ele><time>2026-05-26T21:14:37Z</time></trkpt><trkpt lat="34.771995" lon="-119.942514"><ele>549.0</ele><time>2026-05-26T21:14:52Z</time></trkpt><trkpt lat="34.771974" lon="-119.94262"><ele>550.0</ele><time>2026-05-26T21:14:59Z</time></trkpt><trkpt lat="34.771923" lon="-119.942786"><ele>550.0</ele><time>2026-05-26T21:15:09Z</time></trkpt><trkpt lat="34.771826" lon="-119.942936"><ele>546.0</ele><time>2026-05-26T21:15:23Z</time></trkpt><trkpt lat="34.771815" lon="-119.943005"><ele>547.9</ele><time>2026-05-26T21:15:27Z</time></trkpt><trkpt lat="34.771797" lon="-119.943019"><ele>546.0</ele><time>2026-05-26T21:15:29Z</time></trkpt><trkpt lat="34.771743" lon="-119.943138"><ele>546.0</ele><time>2026-05-26T21:15:36Z</time></trkpt><trkpt lat="34.771715" lon="-119.94317"><ele>546.0</ele><time>2026-05-26T21:15:38Z</time></trkpt><trkpt lat="34.771701" lon="-119.943205"><ele>545.0</ele><time>2026-05-26T21:15:40Z</time></trkpt><trkpt lat="34.771688" lon="-119.943423"><ele>546.0</ele><time>2026-05-26T21:15:52Z</time></trkpt><trkpt lat="34.771753" lon="-119.943615"><ele>546.0</ele><time>2026-05-26T21:16:04Z</time></trkpt><trkpt lat="34.771784" lon="-119.943644"><ele>547.0</ele><time>2026-05-26T21:16:10Z</time></trkpt><trkpt lat="34.771862" lon="-119.94359"><ele>548.0</ele><time>2026-05-26T21:16:18Z</time></trkpt><trkpt lat="34.771835" lon="-119.943594"><ele>547.0</ele><time>2026-05-26T21:16:22Z</time></trkpt><trkpt lat="34.771695" lon="-119.943551"><ele>540.0</ele><time>2026-05-26T21:17:11Z</time></trkpt><trkpt lat="34.771691" lon="-119.943527"><ele>544.1</ele><time>2026-05-26T21:17:57Z</time></trkpt><trkpt lat="34.771725" lon="-119.943542"><ele>543.0</ele><time>2026-05-26T21:17:59Z</time></trkpt><trkpt lat="34.771756" lon="-119.94352"><ele>543.8</ele><time>2026-05-26T21:18:01Z</time></trkpt><trkpt lat="34.771767" lon="-119.943554"><ele>536.0</ele><time>2026-05-26T21:18:15Z</time></trkpt><trkpt lat="34.771754" lon="-119.943601"><ele>540.0</ele><time>2026-05-26T21:18:47Z</time></trkpt><trkpt lat="34.771774" lon="-119.943648"><ele>544.0</ele><time>2026-05-26T21:19:37Z</time></trkpt><trkpt lat="34.771778" lon="-119.943612"><ele>540.0</ele><time>2026-05-26T21:19:57Z</time></trkpt><trkpt lat="34.771759" lon="-119.943567"><ele>533.0</ele><time>2026-05-26T21:20:32Z</time></trkpt><trkpt lat="34.771699" lon="-119.943569"><ele>535.0</ele><time>2026-05-26T21:20:45Z</time></trkpt><trkpt lat="34.771701" lon="-119.943638"><ele>538.9</ele><time>2026-05-26T21:20:50Z</time></trkpt><trkpt lat="34.771661" lon="-119.943751"><ele>538.6</ele><time>2026-05-26T21:20:53Z</time></trkpt><trkpt lat="34.771636" lon="-119.943961"><ele>538.3</ele><time>2026-05-26T21:20:57Z</time></trkpt></trkseg></trk></gpx>