<?xml version="1.0" encoding="UTF-8"?><gpx xmlns="http://www.topografix.com/GPX/1/1" creator="garrettgcraig.com" version="1.1"><trk><name>Day 2 — to Mission Pine Spring</name><extensions><line xmlns="http://www.topografix.com/GPX/gpx_style/0/2"><color>00B2FF</color></line></extensions><trkseg><trkpt lat="34.738739" lon="-119.864853"><ele>910.8</ele><time>2026-05-25T15:11:27Z</time></trkpt><trkpt lat="34.738759" lon="-119.86475"><ele>928.2</ele><time>2026-05-25T15:11:30Z</time></trkpt><trkpt lat="34.738813" lon="-119.86472"><ele>929.0</ele><time>2026-05-25T15:11:48Z</time></trkpt><trkpt lat="34.738851" lon="-119.864713"><ele>927.0</ele><time>2026-05-25T15:11:55Z</time></trkpt><trkpt lat="34.738913" lon="-119.86466"><ele>930.0</ele><time>2026-05-25T15:12:17Z</time></trkpt><trkpt lat="34.738933" lon="-119.864611"><ele>928.0</ele><time>2026-05-25T15:12:22Z</time></trkpt><trkpt lat="34.738894" lon="-119.864489"><ele>930.0</ele><time>2026-05-25T15:12:31Z</time></trkpt><trkpt lat="34.738898" lon="-119.864398"><ele>932.0</ele><time>2026-05-25T15:12:39Z</time></trkpt><trkpt lat="34.738878" lon="-119.864316"><ele>931.0</ele><time>2026-05-25T15:12:48Z</time></trkpt><trkpt lat="34.738911" lon="-119.864216"><ele>934.0</ele><time>2026-05-25T15:12:57Z</time></trkpt><trkpt lat="34.738899" lon="-119.864041"><ele>936.0</ele><time>2026-05-25T15:13:07Z</time></trkpt><trkpt lat="34.738935" lon="-119.863908"><ele>934.0</ele><time>2026-05-25T15:13:56Z</time></trkpt><trkpt lat="34.73889" lon="-119.863888"><ele>933.0</ele><time>2026-05-25T15:14:00Z</time></trkpt><trkpt lat="34.738927" lon="-119.86393"><ele>932.0</ele><time>2026-05-25T15:15:08Z</time></trkpt><trkpt lat="34.738932" lon="-119.863842"><ele>930.0</ele><time>2026-05-25T15:16:34Z</time></trkpt><trkpt lat="34.739012" lon="-119.863862"><ele>930.0</ele><time>2026-05-25T15:16:46Z</time></trkpt><trkpt lat="34.739034" lon="-119.863836"><ele>930.0</ele><time>2026-05-25T15:16:51Z</time></trkpt><trkpt lat="34.739028" lon="-119.863793"><ele>927.0</ele><time>2026-05-25T15:16:55Z</time></trkpt><trkpt lat="34.739082" lon="-119.863831"><ele>931.0</ele><time>2026-05-25T15:17:00Z</time></trkpt><trkpt lat="34.739207" lon="-119.863683"><ele>931.0</ele><time>2026-05-25T15:17:11Z</time></trkpt><trkpt lat="34.739243" lon="-119.863611"><ele>930.0</ele><time>2026-05-25T15:17:17Z</time></trkpt><trkpt lat="34.739285" lon="-119.863623"><ele>932.0</ele><time>2026-05-25T15:17:21Z</time></trkpt><trkpt lat="34.739374" lon="-119.863614"><ele>936.0</ele><time>2026-05-25T15:17:27Z</time></trkpt><trkpt lat="34.739417" lon="-119.863651"><ele>938.0</ele><time>2026-05-25T15:17:31Z</time></trkpt><trkpt lat="34.739457" lon="-119.863656"><ele>938.0</ele><time>2026-05-25T15:17:33Z</time></trkpt><trkpt lat="34.739523" lon="-119.863578"><ele>934.5</ele><time>2026-05-25T15:17:40Z</time></trkpt><trkpt lat="34.739547" lon="-119.863481"><ele>933.0</ele><time>2026-05-25T15:17:47Z</time></trkpt><trkpt lat="34.739612" lon="-119.863439"><ele>935.0</ele><time>2026-05-25T15:17:52Z</time></trkpt><trkpt lat="34.739647" lon="-119.86343"><ele>934.0</ele><time>2026-05-25T15:17:54Z</time></trkpt><trkpt lat="34.739704" lon="-119.863457"><ele>935.0</ele><time>2026-05-25T15:18:00Z</time></trkpt><trkpt lat="34.739712" lon="-119.863489"><ele>936.0</ele><time>2026-05-25T15:18:02Z</time></trkpt><trkpt lat="34.739791" lon="-119.863507"><ele>933.0</ele><time>2026-05-25T15:18:11Z</time></trkpt><trkpt lat="34.739867" lon="-119.863491"><ele>932.0</ele><time>2026-05-25T15:18:18Z</time></trkpt><trkpt lat="34.739902" lon="-119.863497"><ele>930.0</ele><time>2026-05-25T15:18:22Z</time></trkpt><trkpt lat="34.739942" lon="-119.863573"><ele>932.0</ele><time>2026-05-25T15:18:28Z</time></trkpt><trkpt lat="34.73997" lon="-119.863576"><ele>933.0</ele><time>2026-05-25T15:18:30Z</time></trkpt><trkpt lat="34.740109" lon="-119.8635"><ele>936.0</ele><time>2026-05-25T15:18:41Z</time></trkpt><trkpt lat="34.740144" lon="-119.863439"><ele>936.0</ele><time>2026-05-25T15:18:45Z</time></trkpt><trkpt lat="34.740194" lon="-119.863382"><ele>938.0</ele><time>2026-05-25T15:18:50Z</time></trkpt><trkpt lat="34.74024" lon="-119.863352"><ele>938.0</ele><time>2026-05-25T15:18:56Z</time></trkpt><trkpt lat="34.740273" lon="-119.863305"><ele>939.5</ele><time>2026-05-25T15:19:01Z</time></trkpt><trkpt lat="34.740281" lon="-119.863251"><ele>939.0</ele><time>2026-05-25T15:19:05Z</time></trkpt><trkpt lat="34.740316" lon="-119.863229"><ele>942.9</ele><time>2026-05-25T15:19:08Z</time></trkpt><trkpt lat="34.740328" lon="-119.863182"><ele>943.0</ele><time>2026-05-25T15:19:10Z</time></trkpt><trkpt lat="34.74035" lon="-119.863158"><ele>944.0</ele><time>2026-05-25T15:19:13Z</time></trkpt><trkpt lat="34.740389" lon="-119.863139"><ele>945.0</ele><time>2026-05-25T15:19:16Z</time></trkpt><trkpt lat="34.740424" lon="-119.863068"><ele>945.0</ele><time>2026-05-25T15:19:21Z</time></trkpt><trkpt lat="34.740482" lon="-119.863038"><ele>947.0</ele><time>2026-05-25T15:19:26Z</time></trkpt><trkpt lat="34.740481" lon="-119.863007"><ele>939.0</ele><time>2026-05-25T15:19:30Z</time></trkpt><trkpt lat="34.740499" lon="-119.862977"><ele>939.0</ele><time>2026-05-25T15:19:33Z</time></trkpt><trkpt lat="34.740512" lon="-119.862901"><ele>942.0</ele><time>2026-05-25T15:19:38Z</time></trkpt><trkpt lat="34.740566" lon="-119.862819"><ele>939.0</ele><time>2026-05-25T15:19:47Z</time></trkpt><trkpt lat="34.740652" lon="-119.862752"><ele>942.0</ele><time>2026-05-25T15:19:53Z</time></trkpt><trkpt lat="34.740701" lon="-119.862673"><ele>947.0</ele><time>2026-05-25T15:19:58Z</time></trkpt><trkpt lat="34.740687" lon="-119.862645"><ele>946.4</ele><time>2026-05-25T15:19:59Z</time></trkpt><trkpt lat="34.740689" lon="-119.86261"><ele>946.0</ele><time>2026-05-25T15:20:00Z</time></trkpt><trkpt lat="34.740707" lon="-119.862577"><ele>948.0</ele><time>2026-05-25T15:20:03Z</time></trkpt><trkpt lat="34.740721" lon="-119.862456"><ele>948.0</ele><time>2026-05-25T15:20:10Z</time></trkpt><trkpt lat="34.740749" lon="-119.862438"><ele>951.0</ele><time>2026-05-25T15:20:13Z</time></trkpt><trkpt lat="34.740754" lon="-119.862393"><ele>949.0</ele><time>2026-05-25T15:20:16Z</time></trkpt><trkpt lat="34.740747" lon="-119.862181"><ele>957.0</ele><time>2026-05-25T15:20:28Z</time></trkpt><trkpt lat="34.740764" lon="-119.862093"><ele>956.0</ele><time>2026-05-25T15:20:34Z</time></trkpt><trkpt lat="34.740744" lon="-119.862076"><ele>955.0</ele><time>2026-05-25T15:20:36Z</time></trkpt><trkpt lat="34.740706" lon="-119.862076"><ele>952.8</ele><time>2026-05-25T15:20:40Z</time></trkpt><trkpt lat="34.740694" lon="-119.862048"><ele>952.0</ele><time>2026-05-25T15:20:42Z</time></trkpt><trkpt lat="34.740692" lon="-119.862007"><ele>950.0</ele><time>2026-05-25T15:20:45Z</time></trkpt><trkpt lat="34.740762" lon="-119.861879"><ele>951.0</ele><time>2026-05-25T15:20:55Z</time></trkpt><trkpt lat="34.740766" lon="-119.861837"><ele>951.0</ele><time>2026-05-25T15:20:58Z</time></trkpt><trkpt lat="34.74073" lon="-119.861773"><ele>950.0</ele><time>2026-05-25T15:21:03Z</time></trkpt><trkpt lat="34.740694" lon="-119.861757"><ele>950.0</ele><time>2026-05-25T15:21:06Z</time></trkpt><trkpt lat="34.740673" lon="-119.861724"><ele>952.0</ele><time>2026-05-25T15:21:08Z</time></trkpt><trkpt lat="34.740673" lon="-119.861627"><ele>952.0</ele><time>2026-05-25T15:21:15Z</time></trkpt><trkpt lat="34.740661" lon="-119.861591"><ele>954.0</ele><time>2026-05-25T15:21:18Z</time></trkpt><trkpt lat="34.740673" lon="-119.861482"><ele>951.0</ele><time>2026-05-25T15:21:26Z</time></trkpt><trkpt lat="34.740616" lon="-119.861263"><ele>953.0</ele><time>2026-05-25T15:21:39Z</time></trkpt><trkpt lat="34.7406" lon="-119.861157"><ele>955.0</ele><time>2026-05-25T15:21:49Z</time></trkpt><trkpt lat="34.740582" lon="-119.861123"><ele>954.0</ele><time>2026-05-25T15:21:51Z</time></trkpt><trkpt lat="34.740609" lon="-119.861075"><ele>951.0</ele><time>2026-05-25T15:21:56Z</time></trkpt><trkpt lat="34.740601" lon="-119.861037"><ele>951.0</ele><time>2026-05-25T15:21:59Z</time></trkpt><trkpt lat="34.740572" lon="-119.861021"><ele>950.0</ele><time>2026-05-25T15:22:01Z</time></trkpt><trkpt lat="34.740534" lon="-119.860966"><ele>951.0</ele><time>2026-05-25T15:22:07Z</time></trkpt><trkpt lat="34.740469" lon="-119.860904"><ele>951.0</ele><time>2026-05-25T15:22:14Z</time></trkpt><trkpt lat="34.740475" lon="-119.860858"><ele>955.0</ele><time>2026-05-25T15:22:16Z</time></trkpt><trkpt lat="34.740465" lon="-119.860816"><ele>955.0</ele><time>2026-05-25T15:22:19Z</time></trkpt><trkpt lat="34.74043" lon="-119.860791"><ele>955.0</ele><time>2026-05-25T15:22:22Z</time></trkpt><trkpt lat="34.740446" lon="-119.860765"><ele>956.0</ele><time>2026-05-25T15:22:24Z</time></trkpt><trkpt lat="34.740473" lon="-119.860651"><ele>956.0</ele><time>2026-05-25T15:22:31Z</time></trkpt><trkpt lat="34.740468" lon="-119.860539"><ele>960.0</ele><time>2026-05-25T15:22:39Z</time></trkpt><trkpt lat="34.740491" lon="-119.860464"><ele>961.0</ele><time>2026-05-25T15:22:44Z</time></trkpt><trkpt lat="34.740484" lon="-119.86043"><ele>957.0</ele><time>2026-05-25T15:22:47Z</time></trkpt><trkpt lat="34.740492" lon="-119.860392"><ele>958.0</ele><time>2026-05-25T15:22:51Z</time></trkpt><trkpt lat="34.74053" lon="-119.860377"><ele>958.0</ele><time>2026-05-25T15:22:54Z</time></trkpt><trkpt lat="34.740547" lon="-119.86035"><ele>961.0</ele><time>2026-05-25T15:22:57Z</time></trkpt><trkpt lat="34.740554" lon="-119.860305"><ele>962.0</ele><time>2026-05-25T15:23:01Z</time></trkpt><trkpt lat="34.740591" lon="-119.860264"><ele>962.0</ele><time>2026-05-25T15:23:06Z</time></trkpt><trkpt lat="34.740585" lon="-119.860241"><ele>963.0</ele><time>2026-05-25T15:23:09Z</time></trkpt><trkpt lat="34.740541" lon="-119.860201"><ele>960.0</ele><time>2026-05-25T15:23:13Z</time></trkpt><trkpt lat="34.740529" lon="-119.860152"><ele>960.0</ele><time>2026-05-25T15:23:16Z</time></trkpt><trkpt lat="34.74046" lon="-119.860118"><ele>960.0</ele><time>2026-05-25T15:23:22Z</time></trkpt><trkpt lat="34.740438" lon="-119.860086"><ele>958.0</ele><time>2026-05-25T15:23:25Z</time></trkpt><trkpt lat="34.740436" lon="-119.860045"><ele>957.0</ele><time>2026-05-25T15:23:28Z</time></trkpt><trkpt lat="34.740454" lon="-119.859965"><ele>957.0</ele><time>2026-05-25T15:23:33Z</time></trkpt><trkpt lat="34.740438" lon="-119.859901"><ele>956.0</ele><time>2026-05-25T15:23:38Z</time></trkpt><trkpt lat="34.740404" lon="-119.85988"><ele>956.0</ele><time>2026-05-25T15:23:44Z</time></trkpt><trkpt lat="34.740384" lon="-119.859848"><ele>954.0</ele><time>2026-05-25T15:23:52Z</time></trkpt><trkpt lat="34.740331" lon="-119.859821"><ele>958.0</ele><time>2026-05-25T15:24:03Z</time></trkpt><trkpt lat="34.740275" lon="-119.859748"><ele>954.0</ele><time>2026-05-25T15:24:14Z</time></trkpt><trkpt lat="34.740284" lon="-119.859713"><ele>957.0</ele><time>2026-05-25T15:24:17Z</time></trkpt><trkpt lat="34.740264" lon="-119.859679"><ele>957.0</ele><time>2026-05-25T15:24:20Z</time></trkpt><trkpt lat="34.740275" lon="-119.859638"><ele>956.0</ele><time>2026-05-25T15:24:23Z</time></trkpt><trkpt lat="34.740325" lon="-119.859592"><ele>956.0</ele><time>2026-05-25T15:24:27Z</time></trkpt><trkpt lat="34.740346" lon="-119.859557"><ele>959.0</ele><time>2026-05-25T15:24:30Z</time></trkpt><trkpt lat="34.740366" lon="-119.859481"><ele>960.0</ele><time>2026-05-25T15:24:34Z</time></trkpt><trkpt lat="34.740348" lon="-119.859457"><ele>961.0</ele><time>2026-05-25T15:24:36Z</time></trkpt><trkpt lat="34.740261" lon="-119.859417"><ele>962.0</ele><time>2026-05-25T15:24:44Z</time></trkpt><trkpt lat="34.740234" lon="-119.859431"><ele>964.0</ele><time>2026-05-25T15:24:47Z</time></trkpt><trkpt lat="34.740185" lon="-119.859418"><ele>966.0</ele><time>2026-05-25T15:24:50Z</time></trkpt><trkpt lat="34.740105" lon="-119.859371"><ele>965.0</ele><time>2026-05-25T15:24:56Z</time></trkpt><trkpt lat="34.740116" lon="-119.859329"><ele>967.0</ele><time>2026-05-25T15:24:59Z</time></trkpt><trkpt lat="34.740145" lon="-119.8593"><ele>964.0</ele><time>2026-05-25T15:25:02Z</time></trkpt><trkpt lat="34.740141" lon="-119.859224"><ele>964.0</ele><time>2026-05-25T15:25:07Z</time></trkpt><trkpt lat="34.740167" lon="-119.85917"><ele>964.0</ele><time>2026-05-25T15:25:10Z</time></trkpt><trkpt lat="34.740141" lon="-119.85912"><ele>963.0</ele><time>2026-05-25T15:25:14Z</time></trkpt><trkpt lat="34.740127" lon="-119.859053"><ele>962.0</ele><time>2026-05-25T15:25:22Z</time></trkpt><trkpt lat="34.740093" lon="-119.859"><ele>962.0</ele><time>2026-05-25T15:25:25Z</time></trkpt><trkpt lat="34.740059" lon="-119.858983"><ele>963.4</ele><time>2026-05-25T15:25:30Z</time></trkpt><trkpt lat="34.740048" lon="-119.858931"><ele>962.0</ele><time>2026-05-25T15:25:34Z</time></trkpt><trkpt lat="34.740052" lon="-119.858892"><ele>966.1</ele><time>2026-05-25T15:25:36Z</time></trkpt><trkpt lat="34.740033" lon="-119.858838"><ele>962.0</ele><time>2026-05-25T15:25:40Z</time></trkpt><trkpt lat="34.740043" lon="-119.858762"><ele>964.0</ele><time>2026-05-25T15:25:44Z</time></trkpt><trkpt lat="34.740018" lon="-119.858733"><ele>962.0</ele><time>2026-05-25T15:25:47Z</time></trkpt><trkpt lat="34.740009" lon="-119.858693"><ele>964.0</ele><time>2026-05-25T15:25:50Z</time></trkpt><trkpt lat="34.740014" lon="-119.858657"><ele>965.0</ele><time>2026-05-25T15:25:53Z</time></trkpt><trkpt lat="34.739991" lon="-119.858629"><ele>964.0</ele><time>2026-05-25T15:25:55Z</time></trkpt><trkpt lat="34.739953" lon="-119.858618"><ele>962.0</ele><time>2026-05-25T15:25:59Z</time></trkpt><trkpt lat="34.739929" lon="-119.858567"><ele>964.0</ele><time>2026-05-25T15:26:04Z</time></trkpt><trkpt lat="34.739941" lon="-119.858539"><ele>962.0</ele><time>2026-05-25T15:26:10Z</time></trkpt><trkpt lat="34.739971" lon="-119.858546"><ele>964.0</ele><time>2026-05-25T15:26:14Z</time></trkpt><trkpt lat="34.740042" lon="-119.858481"><ele>964.4</ele><time>2026-05-25T15:26:20Z</time></trkpt><trkpt lat="34.740012" lon="-119.858402"><ele>964.0</ele><time>2026-05-25T15:26:26Z</time></trkpt><trkpt lat="34.740004" lon="-119.858324"><ele>964.0</ele><time>2026-05-25T15:26:32Z</time></trkpt><trkpt lat="34.739953" lon="-119.858266"><ele>965.0</ele><time>2026-05-25T15:26:37Z</time></trkpt><trkpt lat="34.739945" lon="-119.85818"><ele>964.0</ele><time>2026-05-25T15:26:43Z</time></trkpt><trkpt lat="34.739957" lon="-119.858143"><ele>964.0</ele><time>2026-05-25T15:26:46Z</time></trkpt><trkpt lat="34.739946" lon="-119.858091"><ele>966.0</ele><time>2026-05-25T15:26:49Z</time></trkpt><trkpt lat="34.739895" lon="-119.858065"><ele>966.0</ele><time>2026-05-25T15:26:53Z</time></trkpt><trkpt lat="34.739861" lon="-119.857974"><ele>968.0</ele><time>2026-05-25T15:27:01Z</time></trkpt><trkpt lat="34.739871" lon="-119.857896"><ele>976.9</ele><time>2026-05-25T15:27:07Z</time></trkpt><trkpt lat="34.739835" lon="-119.857891"><ele>974.0</ele><time>2026-05-25T15:27:09Z</time></trkpt><trkpt lat="34.739801" lon="-119.857917"><ele>973.0</ele><time>2026-05-25T15:27:12Z</time></trkpt><trkpt lat="34.73973" lon="-119.857865"><ele>971.0</ele><time>2026-05-25T15:27:21Z</time></trkpt><trkpt lat="34.739708" lon="-119.857759"><ele>968.0</ele><time>2026-05-25T15:27:31Z</time></trkpt><trkpt lat="34.739718" lon="-119.857716"><ele>967.0</ele><time>2026-05-25T15:27:35Z</time></trkpt><trkpt lat="34.739691" lon="-119.857696"><ele>970.1</ele><time>2026-05-25T15:27:38Z</time></trkpt><trkpt lat="34.73962" lon="-119.857691"><ele>971.0</ele><time>2026-05-25T15:27:44Z</time></trkpt><trkpt lat="34.739614" lon="-119.857658"><ele>971.0</ele><time>2026-05-25T15:27:47Z</time></trkpt><trkpt lat="34.739632" lon="-119.857625"><ele>971.0</ele><time>2026-05-25T15:27:49Z</time></trkpt><trkpt lat="34.739624" lon="-119.857586"><ele>971.0</ele><time>2026-05-25T15:27:55Z</time></trkpt><trkpt lat="34.739596" lon="-119.857566"><ele>972.0</ele><time>2026-05-25T15:28:02Z</time></trkpt><trkpt lat="34.739547" lon="-119.857501"><ele>973.0</ele><time>2026-05-25T15:28:19Z</time></trkpt><trkpt lat="34.739551" lon="-119.857448"><ele>971.0</ele><time>2026-05-25T15:28:25Z</time></trkpt><trkpt lat="34.739532" lon="-119.857393"><ele>970.0</ele><time>2026-05-25T15:28:32Z</time></trkpt><trkpt lat="34.739529" lon="-119.857286"><ele>976.0</ele><time>2026-05-25T15:28:40Z</time></trkpt><trkpt lat="34.739493" lon="-119.857236"><ele>978.0</ele><time>2026-05-25T15:28:46Z</time></trkpt><trkpt lat="34.739506" lon="-119.857192"><ele>977.0</ele><time>2026-05-25T15:28:51Z</time></trkpt><trkpt lat="34.739504" lon="-119.857152"><ele>979.0</ele><time>2026-05-25T15:28:55Z</time></trkpt><trkpt lat="34.73947" lon="-119.857115"><ele>979.0</ele><time>2026-05-25T15:28:59Z</time></trkpt><trkpt lat="34.73945" lon="-119.857061"><ele>979.0</ele><time>2026-05-25T15:29:02Z</time></trkpt><trkpt lat="34.739463" lon="-119.856992"><ele>978.0</ele><time>2026-05-25T15:29:07Z</time></trkpt><trkpt lat="34.739483" lon="-119.856964"><ele>978.0</ele><time>2026-05-25T15:29:11Z</time></trkpt><trkpt lat="34.739446" lon="-119.85685"><ele>978.6</ele><time>2026-05-25T15:29:20Z</time></trkpt><trkpt lat="34.739401" lon="-119.856809"><ele>976.0</ele><time>2026-05-25T15:29:23Z</time></trkpt><trkpt lat="34.739365" lon="-119.856791"><ele>977.0</ele><time>2026-05-25T15:29:25Z</time></trkpt><trkpt lat="34.73935" lon="-119.856725"><ele>981.0</ele><time>2026-05-25T15:29:31Z</time></trkpt><trkpt lat="34.739288" lon="-119.85667"><ele>980.0</ele><time>2026-05-25T15:29:40Z</time></trkpt><trkpt lat="34.739195" lon="-119.856653"><ele>985.0</ele><time>2026-05-25T15:29:57Z</time></trkpt><trkpt lat="34.739157" lon="-119.856695"><ele>984.0</ele><time>2026-05-25T15:30:18Z</time></trkpt><trkpt lat="34.739171" lon="-119.856722"><ele>983.0</ele><time>2026-05-25T15:30:23Z</time></trkpt><trkpt lat="34.739205" lon="-119.856685"><ele>980.0</ele><time>2026-05-25T15:30:28Z</time></trkpt><trkpt lat="34.739248" lon="-119.856679"><ele>982.0</ele><time>2026-05-25T15:30:33Z</time></trkpt><trkpt lat="34.739276" lon="-119.856647"><ele>980.0</ele><time>2026-05-25T15:30:43Z</time></trkpt><trkpt lat="34.739248" lon="-119.856633"><ele>980.0</ele><time>2026-05-25T15:30:48Z</time></trkpt><trkpt lat="34.739242" lon="-119.85659"><ele>978.0</ele><time>2026-05-25T15:30:51Z</time></trkpt><trkpt lat="34.739276" lon="-119.856514"><ele>973.0</ele><time>2026-05-25T15:30:58Z</time></trkpt><trkpt lat="34.739258" lon="-119.856467"><ele>972.0</ele><time>2026-05-25T15:31:01Z</time></trkpt><trkpt lat="34.739354" lon="-119.856398"><ele>975.0</ele><time>2026-05-25T15:31:09Z</time></trkpt><trkpt lat="34.739369" lon="-119.856364"><ele>976.0</ele><time>2026-05-25T15:31:12Z</time></trkpt><trkpt lat="34.739343" lon="-119.856302"><ele>978.0</ele><time>2026-05-25T15:31:15Z</time></trkpt><trkpt lat="34.739294" lon="-119.856233"><ele>978.0</ele><time>2026-05-25T15:31:22Z</time></trkpt><trkpt lat="34.739308" lon="-119.8563"><ele>978.0</ele><time>2026-05-25T15:31:31Z</time></trkpt><trkpt lat="34.739341" lon="-119.856359"><ele>978.0</ele><time>2026-05-25T15:31:37Z</time></trkpt><trkpt lat="34.739372" lon="-119.856359"><ele>978.0</ele><time>2026-05-25T15:31:40Z</time></trkpt><trkpt lat="34.739423" lon="-119.856381"><ele>976.0</ele><time>2026-05-25T15:31:50Z</time></trkpt><trkpt lat="34.739472" lon="-119.856358"><ele>981.0</ele><time>2026-05-25T15:31:55Z</time></trkpt><trkpt lat="34.739511" lon="-119.856281"><ele>981.0</ele><time>2026-05-25T15:32:03Z</time></trkpt><trkpt lat="34.739448" lon="-119.856243"><ele>976.0</ele><time>2026-05-25T15:32:12Z</time></trkpt><trkpt lat="34.739428" lon="-119.856263"><ele>983.0</ele><time>2026-05-25T15:32:21Z</time></trkpt><trkpt lat="34.739441" lon="-119.856219"><ele>986.0</ele><time>2026-05-25T15:32:27Z</time></trkpt><trkpt lat="34.739418" lon="-119.856204"><ele>989.0</ele><time>2026-05-25T15:32:29Z</time></trkpt><trkpt lat="34.739429" lon="-119.856133"><ele>989.0</ele><time>2026-05-25T15:32:33Z</time></trkpt><trkpt lat="34.739476" lon="-119.856132"><ele>993.0</ele><time>2026-05-25T15:32:36Z</time></trkpt><trkpt lat="34.739474" lon="-119.856069"><ele>990.0</ele><time>2026-05-25T15:32:40Z</time></trkpt><trkpt lat="34.739407" lon="-119.856027"><ele>990.0</ele><time>2026-05-25T15:32:44Z</time></trkpt><trkpt lat="34.739391" lon="-119.85596"><ele>989.0</ele><time>2026-05-25T15:32:49Z</time></trkpt><trkpt lat="34.739362" lon="-119.855897"><ele>989.0</ele><time>2026-05-25T15:32:54Z</time></trkpt><trkpt lat="34.739378" lon="-119.855815"><ele>988.0</ele><time>2026-05-25T15:33:00Z</time></trkpt><trkpt lat="34.739313" lon="-119.855754"><ele>986.0</ele><time>2026-05-25T15:33:06Z</time></trkpt><trkpt lat="34.739279" lon="-119.855741"><ele>988.0</ele><time>2026-05-25T15:33:08Z</time></trkpt><trkpt lat="34.73926" lon="-119.855714"><ele>986.0</ele><time>2026-05-25T15:33:11Z</time></trkpt><trkpt lat="34.739226" lon="-119.855698"><ele>984.0</ele><time>2026-05-25T15:33:14Z</time></trkpt><trkpt lat="34.739197" lon="-119.855667"><ele>983.0</ele><time>2026-05-25T15:33:17Z</time></trkpt><trkpt lat="34.739197" lon="-119.855533"><ele>990.0</ele><time>2026-05-25T15:33:28Z</time></trkpt><trkpt lat="34.739217" lon="-119.85551"><ele>987.0</ele><time>2026-05-25T15:33:32Z</time></trkpt><trkpt lat="34.739101" lon="-119.855386"><ele>993.0</ele><time>2026-05-25T15:33:45Z</time></trkpt><trkpt lat="34.739" lon="-119.855327"><ele>991.0</ele><time>2026-05-25T15:34:40Z</time></trkpt><trkpt lat="34.738972" lon="-119.855288"><ele>993.0</ele><time>2026-05-25T15:34:42Z</time></trkpt><trkpt lat="34.738939" lon="-119.855306"><ele>989.0</ele><time>2026-05-25T15:34:48Z</time></trkpt><trkpt lat="34.738911" lon="-119.855274"><ele>990.0</ele><time>2026-05-25T15:34:57Z</time></trkpt><trkpt lat="34.738848" lon="-119.855252"><ele>990.0</ele><time>2026-05-25T15:35:04Z</time></trkpt><trkpt lat="34.738785" lon="-119.8552"><ele>992.0</ele><time>2026-05-25T15:35:09Z</time></trkpt><trkpt lat="34.738718" lon="-119.85518"><ele>992.0</ele><time>2026-05-25T15:35:15Z</time></trkpt><trkpt lat="34.73866" lon="-119.85515"><ele>992.0</ele><time>2026-05-25T15:35:20Z</time></trkpt><trkpt lat="34.73862" lon="-119.855146"><ele>992.0</ele><time>2026-05-25T15:35:24Z</time></trkpt><trkpt lat="34.738539" lon="-119.855096"><ele>993.0</ele><time>2026-05-25T15:35:34Z</time></trkpt><trkpt lat="34.738512" lon="-119.855008"><ele>995.0</ele><time>2026-05-25T15:35:42Z</time></trkpt><trkpt lat="34.738406" lon="-119.854848"><ele>996.0</ele><time>2026-05-25T15:35:57Z</time></trkpt><trkpt lat="34.738363" lon="-119.854759"><ele>992.0</ele><time>2026-05-25T15:36:04Z</time></trkpt><trkpt lat="34.738328" lon="-119.854733"><ele>993.0</ele><time>2026-05-25T15:36:08Z</time></trkpt><trkpt lat="34.73831" lon="-119.854693"><ele>994.0</ele><time>2026-05-25T15:36:12Z</time></trkpt><trkpt lat="34.738281" lon="-119.854665"><ele>995.0</ele><time>2026-05-25T15:36:15Z</time></trkpt><trkpt lat="34.738216" lon="-119.854554"><ele>997.0</ele><time>2026-05-25T15:36:26Z</time></trkpt><trkpt lat="34.738224" lon="-119.854515"><ele>996.0</ele><time>2026-05-25T15:36:30Z</time></trkpt><trkpt lat="34.738132" lon="-119.854396"><ele>1001.0</ele><time>2026-05-25T15:36:42Z</time></trkpt><trkpt lat="34.738125" lon="-119.854354"><ele>1002.0</ele><time>2026-05-25T15:36:45Z</time></trkpt><trkpt lat="34.738042" lon="-119.854289"><ele>1009.0</ele><time>2026-05-25T15:36:52Z</time></trkpt><trkpt lat="34.738019" lon="-119.854292"><ele>1009.0</ele><time>2026-05-25T15:36:58Z</time></trkpt><trkpt lat="34.738002" lon="-119.854245"><ele>1009.0</ele><time>2026-05-25T15:37:06Z</time></trkpt><trkpt lat="34.737917" lon="-119.854211"><ele>1002.0</ele><time>2026-05-25T15:37:17Z</time></trkpt><trkpt lat="34.737813" lon="-119.854098"><ele>1012.0</ele><time>2026-05-25T15:37:31Z</time></trkpt><trkpt lat="34.737847" lon="-119.854031"><ele>1010.0</ele><time>2026-05-25T15:37:36Z</time></trkpt><trkpt lat="34.737852" lon="-119.853991"><ele>1014.0</ele><time>2026-05-25T15:37:38Z</time></trkpt><trkpt lat="34.737892" lon="-119.853986"><ele>1015.0</ele><time>2026-05-25T15:37:42Z</time></trkpt><trkpt lat="34.737862" lon="-119.853909"><ele>1012.0</ele><time>2026-05-25T15:37:48Z</time></trkpt><trkpt lat="34.737902" lon="-119.853906"><ele>1014.0</ele><time>2026-05-25T15:37:54Z</time></trkpt><trkpt lat="34.737939" lon="-119.853837"><ele>1011.0</ele><time>2026-05-25T15:37:59Z</time></trkpt><trkpt lat="34.737976" lon="-119.853815"><ele>1010.0</ele><time>2026-05-25T15:38:02Z</time></trkpt><trkpt lat="34.738" lon="-119.853685"><ele>1009.0</ele><time>2026-05-25T15:38:11Z</time></trkpt><trkpt lat="34.737949" lon="-119.853592"><ele>1010.0</ele><time>2026-05-25T15:38:17Z</time></trkpt><trkpt lat="34.737951" lon="-119.853557"><ele>1008.0</ele><time>2026-05-25T15:38:20Z</time></trkpt><trkpt lat="34.737915" lon="-119.853499"><ele>1006.0</ele><time>2026-05-25T15:38:26Z</time></trkpt><trkpt lat="34.737911" lon="-119.85346"><ele>1007.0</ele><time>2026-05-25T15:38:29Z</time></trkpt><trkpt lat="34.737888" lon="-119.853411"><ele>1008.0</ele><time>2026-05-25T15:38:32Z</time></trkpt><trkpt lat="34.737896" lon="-119.853312"><ele>1006.0</ele><time>2026-05-25T15:38:40Z</time></trkpt><trkpt lat="34.737846" lon="-119.853214"><ele>1006.0</ele><time>2026-05-25T15:38:50Z</time></trkpt><trkpt lat="34.737804" lon="-119.853206"><ele>1008.0</ele><time>2026-05-25T15:39:00Z</time></trkpt><trkpt lat="34.737758" lon="-119.853253"><ele>1007.9</ele><time>2026-05-25T15:39:22Z</time></trkpt><trkpt lat="34.737741" lon="-119.853248"><ele>1006.0</ele><time>2026-05-25T15:39:24Z</time></trkpt><trkpt lat="34.737734" lon="-119.853208"><ele>1008.0</ele><time>2026-05-25T15:39:28Z</time></trkpt><trkpt lat="34.737763" lon="-119.853119"><ele>1014.4</ele><time>2026-05-25T15:39:34Z</time></trkpt><trkpt lat="34.737758" lon="-119.853089"><ele>1012.0</ele><time>2026-05-25T15:39:36Z</time></trkpt><trkpt lat="34.737769" lon="-119.853022"><ele>1014.0</ele><time>2026-05-25T15:39:41Z</time></trkpt><trkpt lat="34.737705" lon="-119.852989"><ele>1010.0</ele><time>2026-05-25T15:39:48Z</time></trkpt><trkpt lat="34.737686" lon="-119.852957"><ele>1008.0</ele><time>2026-05-25T15:39:55Z</time></trkpt><trkpt lat="34.737683" lon="-119.852918"><ele>1013.1</ele><time>2026-05-25T15:39:59Z</time></trkpt><trkpt lat="34.737637" lon="-119.852875"><ele>1015.0</ele><time>2026-05-25T15:40:03Z</time></trkpt><trkpt lat="34.737593" lon="-119.85278"><ele>1014.0</ele><time>2026-05-25T15:40:10Z</time></trkpt><trkpt lat="34.737571" lon="-119.852755"><ele>1012.0</ele><time>2026-05-25T15:40:12Z</time></trkpt><trkpt lat="34.737512" lon="-119.852716"><ele>1012.0</ele><time>2026-05-25T15:40:18Z</time></trkpt><trkpt lat="34.737428" lon="-119.852716"><ele>1012.0</ele><time>2026-05-25T15:40:25Z</time></trkpt><trkpt lat="34.737373" lon="-119.85275"><ele>1016.0</ele><time>2026-05-25T15:40:32Z</time></trkpt><trkpt lat="34.737348" lon="-119.852797"><ele>1011.0</ele><time>2026-05-25T15:40:36Z</time></trkpt><trkpt lat="34.737303" lon="-119.852816"><ele>1011.0</ele><time>2026-05-25T15:40:40Z</time></trkpt><trkpt lat="34.73727" lon="-119.8528"><ele>1010.0</ele><time>2026-05-25T15:40:44Z</time></trkpt><trkpt lat="34.737243" lon="-119.852759"><ele>1013.0</ele><time>2026-05-25T15:40:48Z</time></trkpt><trkpt lat="34.737235" lon="-119.852711"><ele>1015.0</ele><time>2026-05-25T15:40:51Z</time></trkpt><trkpt lat="34.737199" lon="-119.852688"><ele>1015.0</ele><time>2026-05-25T15:40:55Z</time></trkpt><trkpt lat="34.737158" lon="-119.852634"><ele>1013.0</ele><time>2026-05-25T15:41:04Z</time></trkpt><trkpt lat="34.737142" lon="-119.852565"><ele>1014.0</ele><time>2026-05-25T15:41:10Z</time></trkpt><trkpt lat="34.737148" lon="-119.852523"><ele>1017.0</ele><time>2026-05-25T15:41:12Z</time></trkpt><trkpt lat="34.737133" lon="-119.852483"><ele>1012.0</ele><time>2026-05-25T15:41:15Z</time></trkpt><trkpt lat="34.737144" lon="-119.852451"><ele>1016.0</ele><time>2026-05-25T15:41:18Z</time></trkpt><trkpt lat="34.737133" lon="-119.852419"><ele>1013.0</ele><time>2026-05-25T15:41:20Z</time></trkpt><trkpt lat="34.737159" lon="-119.852394"><ele>1016.0</ele><time>2026-05-25T15:41:22Z</time></trkpt><trkpt lat="34.737118" lon="-119.852312"><ele>1016.0</ele><time>2026-05-25T15:41:28Z</time></trkpt><trkpt lat="34.737128" lon="-119.85219"><ele>1019.8</ele><time>2026-05-25T15:41:56Z</time></trkpt><trkpt lat="34.737107" lon="-119.852254"><ele>1018.0</ele><time>2026-05-25T15:42:07Z</time></trkpt><trkpt lat="34.737079" lon="-119.852258"><ele>1020.0</ele><time>2026-05-25T15:42:19Z</time></trkpt><trkpt lat="34.737091" lon="-119.852305"><ele>1018.0</ele><time>2026-05-25T15:42:29Z</time></trkpt><trkpt lat="34.737077" lon="-119.85226"><ele>1020.0</ele><time>2026-05-25T15:42:38Z</time></trkpt><trkpt lat="34.737086" lon="-119.852222"><ele>1020.0</ele><time>2026-05-25T15:42:41Z</time></trkpt><trkpt lat="34.737139" lon="-119.852148"><ele>1018.0</ele><time>2026-05-25T15:42:49Z</time></trkpt><trkpt lat="34.737129" lon="-119.852007"><ele>1018.0</ele><time>2026-05-25T15:43:09Z</time></trkpt><trkpt lat="34.737159" lon="-119.851982"><ele>1019.3</ele><time>2026-05-25T15:43:11Z</time></trkpt><trkpt lat="34.737128" lon="-119.852007"><ele>1018.0</ele><time>2026-05-25T15:43:15Z</time></trkpt><trkpt lat="34.737115" lon="-119.85197"><ele>1020.6</ele><time>2026-05-25T15:43:22Z</time></trkpt><trkpt lat="34.737126" lon="-119.851998"><ele>1020.0</ele><time>2026-05-25T15:43:25Z</time></trkpt><trkpt lat="34.737118" lon="-119.852028"><ele>1018.0</ele><time>2026-05-25T15:43:30Z</time></trkpt><trkpt lat="34.737164" lon="-119.852018"><ele>1018.0</ele><time>2026-05-25T15:43:43Z</time></trkpt><trkpt lat="34.73718" lon="-119.85198"><ele>1021.0</ele><time>2026-05-25T15:43:53Z</time></trkpt><trkpt lat="34.737178" lon="-119.852017"><ele>1029.1</ele><time>2026-05-25T15:43:55Z</time></trkpt><trkpt lat="34.737207" lon="-119.851981"><ele>1027.0</ele><time>2026-05-25T15:43:56Z</time></trkpt><trkpt lat="34.737169" lon="-119.851895"><ele>1025.0</ele><time>2026-05-25T15:43:59Z</time></trkpt><trkpt lat="34.73717" lon="-119.851846"><ele>1021.0</ele><time>2026-05-25T15:44:02Z</time></trkpt><trkpt lat="34.737201" lon="-119.851752"><ele>1026.0</ele><time>2026-05-25T15:44:11Z</time></trkpt><trkpt lat="34.737178" lon="-119.851657"><ele>1026.0</ele><time>2026-05-25T15:44:17Z</time></trkpt><trkpt lat="34.737143" lon="-119.851652"><ele>1023.0</ele><time>2026-05-25T15:44:20Z</time></trkpt><trkpt lat="34.737099" lon="-119.851594"><ele>1024.0</ele><time>2026-05-25T15:44:26Z</time></trkpt><trkpt lat="34.737039" lon="-119.851542"><ele>1024.0</ele><time>2026-05-25T15:44:33Z</time></trkpt><trkpt lat="34.737004" lon="-119.851485"><ele>1024.0</ele><time>2026-05-25T15:44:38Z</time></trkpt><trkpt lat="34.737015" lon="-119.851405"><ele>1024.0</ele><time>2026-05-25T15:44:43Z</time></trkpt><trkpt lat="34.737004" lon="-119.851332"><ele>1027.0</ele><time>2026-05-25T15:44:49Z</time></trkpt><trkpt lat="34.737015" lon="-119.851288"><ele>1029.0</ele><time>2026-05-25T15:44:52Z</time></trkpt><trkpt lat="34.736981" lon="-119.851212"><ele>1030.0</ele><time>2026-05-25T15:44:58Z</time></trkpt><trkpt lat="34.736982" lon="-119.851152"><ele>1033.0</ele><time>2026-05-25T15:45:04Z</time></trkpt><trkpt lat="34.736955" lon="-119.851109"><ele>1032.0</ele><time>2026-05-25T15:45:08Z</time></trkpt><trkpt lat="34.73695" lon="-119.851073"><ele>1025.0</ele><time>2026-05-25T15:45:14Z</time></trkpt><trkpt lat="34.737011" lon="-119.851004"><ele>1034.0</ele><time>2026-05-25T15:45:23Z</time></trkpt><trkpt lat="34.736937" lon="-119.850955"><ele>1034.0</ele><time>2026-05-25T15:45:29Z</time></trkpt><trkpt lat="34.736891" lon="-119.85094"><ele>1032.0</ele><time>2026-05-25T15:45:33Z</time></trkpt><trkpt lat="34.736828" lon="-119.850889"><ele>1037.0</ele><time>2026-05-25T15:45:43Z</time></trkpt><trkpt lat="34.736749" lon="-119.850891"><ele>1035.0</ele><time>2026-05-25T15:45:53Z</time></trkpt><trkpt lat="34.736691" lon="-119.850872"><ele>1036.0</ele><time>2026-05-25T15:46:01Z</time></trkpt><trkpt lat="34.736657" lon="-119.850893"><ele>1031.0</ele><time>2026-05-25T15:46:18Z</time></trkpt><trkpt lat="34.736559" lon="-119.850909"><ele>1033.0</ele><time>2026-05-25T15:46:44Z</time></trkpt><trkpt lat="34.736474" lon="-119.85082"><ele>1034.0</ele><time>2026-05-25T15:47:00Z</time></trkpt><trkpt lat="34.73643" lon="-119.850851"><ele>1031.0</ele><time>2026-05-25T15:47:04Z</time></trkpt><trkpt lat="34.736375" lon="-119.850854"><ele>1036.0</ele><time>2026-05-25T15:47:10Z</time></trkpt><trkpt lat="34.736317" lon="-119.850893"><ele>1037.0</ele><time>2026-05-25T15:47:17Z</time></trkpt><trkpt lat="34.736269" lon="-119.850909"><ele>1039.0</ele><time>2026-05-25T15:47:20Z</time></trkpt><trkpt lat="34.736235" lon="-119.850884"><ele>1035.0</ele><time>2026-05-25T15:47:23Z</time></trkpt><trkpt lat="34.736128" lon="-119.850859"><ele>1039.0</ele><time>2026-05-25T15:47:33Z</time></trkpt><trkpt lat="34.736097" lon="-119.850834"><ele>1039.0</ele><time>2026-05-25T15:47:36Z</time></trkpt><trkpt lat="34.735937" lon="-119.850813"><ele>1036.0</ele><time>2026-05-25T15:47:46Z</time></trkpt><trkpt lat="34.735899" lon="-119.850833"><ele>1036.0</ele><time>2026-05-25T15:47:50Z</time></trkpt><trkpt lat="34.735882" lon="-119.85095"><ele>1036.0</ele><time>2026-05-25T15:47:57Z</time></trkpt><trkpt lat="34.735852" lon="-119.851005"><ele>1036.0</ele><time>2026-05-25T15:48:00Z</time></trkpt><trkpt lat="34.735778" lon="-119.851009"><ele>1047.0</ele><time>2026-05-25T15:48:14Z</time></trkpt><trkpt lat="34.73574" lon="-119.851031"><ele>1043.6</ele><time>2026-05-25T15:48:19Z</time></trkpt><trkpt lat="34.735702" lon="-119.851126"><ele>1046.0</ele><time>2026-05-25T15:48:25Z</time></trkpt><trkpt lat="34.735652" lon="-119.851173"><ele>1053.0</ele><time>2026-05-25T15:48:32Z</time></trkpt><trkpt lat="34.735638" lon="-119.851212"><ele>1049.0</ele><time>2026-05-25T15:48:36Z</time></trkpt><trkpt lat="34.735603" lon="-119.851248"><ele>1047.0</ele><time>2026-05-25T15:48:40Z</time></trkpt><trkpt lat="34.735576" lon="-119.851356"><ele>1048.0</ele><time>2026-05-25T15:48:48Z</time></trkpt><trkpt lat="34.735532" lon="-119.851444"><ele>1060.0</ele><time>2026-05-25T15:49:01Z</time></trkpt><trkpt lat="34.735535" lon="-119.851476"><ele>1058.0</ele><time>2026-05-25T15:49:04Z</time></trkpt><trkpt lat="34.735496" lon="-119.851535"><ele>1055.0</ele><time>2026-05-25T15:49:08Z</time></trkpt><trkpt lat="34.735522" lon="-119.851622"><ele>1050.0</ele><time>2026-05-25T15:49:23Z</time></trkpt><trkpt lat="34.735507" lon="-119.851638"><ele>1049.1</ele><time>2026-05-25T15:49:34Z</time></trkpt><trkpt lat="34.735525" lon="-119.851669"><ele>1048.0</ele><time>2026-05-25T15:49:39Z</time></trkpt><trkpt lat="34.735594" lon="-119.851668"><ele>1042.0</ele><time>2026-05-25T15:49:51Z</time></trkpt><trkpt lat="34.735571" lon="-119.851615"><ele>1056.0</ele><time>2026-05-25T15:49:57Z</time></trkpt><trkpt lat="34.735541" lon="-119.851656"><ele>1057.1</ele><time>2026-05-25T15:50:00Z</time></trkpt><trkpt lat="34.735546" lon="-119.85172"><ele>1050.0</ele><time>2026-05-25T15:50:06Z</time></trkpt><trkpt lat="34.735562" lon="-119.851695"><ele>1047.0</ele><time>2026-05-25T15:50:17Z</time></trkpt><trkpt lat="34.735544" lon="-119.851716"><ele>1048.0</ele><time>2026-05-25T15:50:26Z</time></trkpt><trkpt lat="34.735538" lon="-119.851749"><ele>1043.0</ele><time>2026-05-25T15:50:34Z</time></trkpt><trkpt lat="34.735516" lon="-119.851728"><ele>1049.0</ele><time>2026-05-25T15:50:38Z</time></trkpt><trkpt lat="34.735486" lon="-119.851754"><ele>1048.5</ele><time>2026-05-25T15:50:39Z</time></trkpt><trkpt lat="34.735495" lon="-119.851794"><ele>1044.0</ele><time>2026-05-25T15:50:52Z</time></trkpt><trkpt lat="34.735332" lon="-119.851862"><ele>1048.0</ele><time>2026-05-25T15:51:16Z</time></trkpt><trkpt lat="34.735273" lon="-119.851827"><ele>1046.0</ele><time>2026-05-25T15:51:25Z</time></trkpt><trkpt lat="34.735263" lon="-119.851878"><ele>1050.0</ele><time>2026-05-25T15:51:37Z</time></trkpt><trkpt lat="34.735242" lon="-119.851854"><ele>1050.0</ele><time>2026-05-25T15:51:45Z</time></trkpt><trkpt lat="34.735201" lon="-119.851863"><ele>1052.0</ele><time>2026-05-25T15:51:52Z</time></trkpt><trkpt lat="34.735186" lon="-119.851896"><ele>1053.0</ele><time>2026-05-25T15:51:56Z</time></trkpt><trkpt lat="34.735164" lon="-119.851893"><ele>1053.0</ele><time>2026-05-25T15:51:59Z</time></trkpt><trkpt lat="34.735106" lon="-119.851937"><ele>1051.0</ele><time>2026-05-25T15:52:16Z</time></trkpt><trkpt lat="34.735064" lon="-119.851937"><ele>1055.0</ele><time>2026-05-25T15:52:24Z</time></trkpt><trkpt lat="34.735042" lon="-119.851912"><ele>1056.0</ele><time>2026-05-25T15:52:26Z</time></trkpt><trkpt lat="34.73497" lon="-119.851919"><ele>1061.0</ele><time>2026-05-25T15:52:30Z</time></trkpt><trkpt lat="34.734913" lon="-119.851958"><ele>1059.0</ele><time>2026-05-25T15:52:36Z</time></trkpt><trkpt lat="34.734906" lon="-119.851998"><ele>1056.0</ele><time>2026-05-25T15:52:40Z</time></trkpt><trkpt lat="34.734886" lon="-119.852038"><ele>1057.0</ele><time>2026-05-25T15:52:43Z</time></trkpt><trkpt lat="34.73486" lon="-119.85205"><ele>1057.0</ele><time>2026-05-25T15:52:47Z</time></trkpt><trkpt lat="34.734744" lon="-119.851983"><ele>1055.0</ele><time>2026-05-25T15:53:02Z</time></trkpt><trkpt lat="34.734686" lon="-119.851962"><ele>1054.0</ele><time>2026-05-25T15:53:10Z</time></trkpt><trkpt lat="34.734699" lon="-119.851866"><ele>1060.0</ele><time>2026-05-25T15:53:18Z</time></trkpt><trkpt lat="34.734649" lon="-119.851792"><ele>1058.0</ele><time>2026-05-25T15:53:24Z</time></trkpt><trkpt lat="34.734644" lon="-119.851724"><ele>1056.0</ele><time>2026-05-25T15:53:30Z</time></trkpt><trkpt lat="34.734596" lon="-119.851659"><ele>1054.9</ele><time>2026-05-25T15:53:36Z</time></trkpt><trkpt lat="34.734583" lon="-119.851587"><ele>1056.0</ele><time>2026-05-25T15:53:45Z</time></trkpt><trkpt lat="34.734561" lon="-119.851565"><ele>1052.0</ele><time>2026-05-25T15:53:47Z</time></trkpt><trkpt lat="34.73447" lon="-119.851513"><ele>1055.0</ele><time>2026-05-25T15:53:56Z</time></trkpt><trkpt lat="34.734408" lon="-119.851446"><ele>1056.0</ele><time>2026-05-25T15:54:19Z</time></trkpt><trkpt lat="34.734383" lon="-119.851361"><ele>1055.0</ele><time>2026-05-25T15:54:38Z</time></trkpt><trkpt lat="34.734262" lon="-119.851372"><ele>1056.0</ele><time>2026-05-25T15:54:49Z</time></trkpt><trkpt lat="34.734204" lon="-119.851329"><ele>1057.0</ele><time>2026-05-25T15:54:54Z</time></trkpt><trkpt lat="34.734188" lon="-119.851301"><ele>1059.0</ele><time>2026-05-25T15:54:58Z</time></trkpt><trkpt lat="34.734169" lon="-119.851225"><ele>1060.0</ele><time>2026-05-25T15:55:07Z</time></trkpt><trkpt lat="34.734197" lon="-119.851148"><ele>1059.0</ele><time>2026-05-25T15:55:15Z</time></trkpt><trkpt lat="34.7342" lon="-119.851115"><ele>1063.0</ele><time>2026-05-25T15:55:18Z</time></trkpt><trkpt lat="34.734153" lon="-119.851043"><ele>1063.0</ele><time>2026-05-25T15:55:23Z</time></trkpt><trkpt lat="34.734128" lon="-119.850909"><ele>1061.0</ele><time>2026-05-25T15:55:35Z</time></trkpt><trkpt lat="34.734136" lon="-119.850861"><ele>1058.0</ele><time>2026-05-25T15:55:38Z</time></trkpt><trkpt lat="34.734169" lon="-119.850831"><ele>1060.0</ele><time>2026-05-25T15:55:40Z</time></trkpt><trkpt lat="34.734212" lon="-119.850726"><ele>1062.0</ele><time>2026-05-25T15:55:50Z</time></trkpt><trkpt lat="34.734242" lon="-119.850705"><ele>1064.0</ele><time>2026-05-25T15:55:54Z</time></trkpt><trkpt lat="34.734241" lon="-119.850666"><ele>1067.0</ele><time>2026-05-25T15:55:58Z</time></trkpt><trkpt lat="34.734271" lon="-119.850533"><ele>1065.0</ele><time>2026-05-25T15:56:08Z</time></trkpt><trkpt lat="34.734258" lon="-119.850501"><ele>1065.0</ele><time>2026-05-25T15:56:12Z</time></trkpt><trkpt lat="34.734262" lon="-119.850381"><ele>1065.0</ele><time>2026-05-25T15:56:22Z</time></trkpt><trkpt lat="34.734279" lon="-119.850351"><ele>1071.0</ele><time>2026-05-25T15:56:25Z</time></trkpt><trkpt lat="34.734333" lon="-119.850358"><ele>1069.0</ele><time>2026-05-25T15:56:30Z</time></trkpt><trkpt lat="34.734473" lon="-119.850273"><ele>1066.0</ele><time>2026-05-25T15:56:49Z</time></trkpt><trkpt lat="34.734543" lon="-119.850208"><ele>1069.0</ele><time>2026-05-25T15:56:56Z</time></trkpt><trkpt lat="34.734573" lon="-119.850165"><ele>1073.0</ele><time>2026-05-25T15:57:01Z</time></trkpt><trkpt lat="34.734623" lon="-119.850179"><ele>1078.0</ele><time>2026-05-25T15:57:08Z</time></trkpt><trkpt lat="34.734654" lon="-119.850132"><ele>1079.0</ele><time>2026-05-25T15:57:13Z</time></trkpt><trkpt lat="34.734714" lon="-119.850168"><ele>1076.0</ele><time>2026-05-25T15:57:26Z</time></trkpt><trkpt lat="34.734748" lon="-119.850157"><ele>1076.0</ele><time>2026-05-25T15:57:30Z</time></trkpt><trkpt lat="34.734768" lon="-119.850113"><ele>1071.0</ele><time>2026-05-25T15:57:35Z</time></trkpt><trkpt lat="34.734863" lon="-119.850055"><ele>1074.0</ele><time>2026-05-25T15:57:44Z</time></trkpt><trkpt lat="34.734873" lon="-119.849998"><ele>1074.0</ele><time>2026-05-25T15:57:46Z</time></trkpt><trkpt lat="34.734899" lon="-119.849966"><ele>1075.2</ele><time>2026-05-25T15:57:51Z</time></trkpt><trkpt lat="34.734877" lon="-119.849935"><ele>1066.0</ele><time>2026-05-25T15:57:59Z</time></trkpt><trkpt lat="34.73488" lon="-119.849956"><ele>1079.0</ele><time>2026-05-25T15:58:11Z</time></trkpt><trkpt lat="34.734924" lon="-119.849934"><ele>1080.0</ele><time>2026-05-25T15:58:24Z</time></trkpt><trkpt lat="34.734914" lon="-119.849899"><ele>1079.0</ele><time>2026-05-25T15:58:35Z</time></trkpt><trkpt lat="34.734935" lon="-119.849874"><ele>1080.0</ele><time>2026-05-25T15:58:38Z</time></trkpt><trkpt lat="34.734918" lon="-119.849824"><ele>1082.1</ele><time>2026-05-25T15:58:40Z</time></trkpt><trkpt lat="34.734921" lon="-119.849883"><ele>1080.0</ele><time>2026-05-25T15:58:47Z</time></trkpt><trkpt lat="34.734905" lon="-119.849855"><ele>1081.8</ele><time>2026-05-25T15:58:51Z</time></trkpt><trkpt lat="34.734942" lon="-119.849872"><ele>1079.0</ele><time>2026-05-25T15:58:58Z</time></trkpt><trkpt lat="34.734928" lon="-119.849911"><ele>1080.0</ele><time>2026-05-25T15:59:07Z</time></trkpt><trkpt lat="34.734941" lon="-119.849959"><ele>1083.0</ele><time>2026-05-25T15:59:13Z</time></trkpt><trkpt lat="34.734962" lon="-119.849901"><ele>1082.0</ele><time>2026-05-25T15:59:33Z</time></trkpt><trkpt lat="34.734935" lon="-119.849885"><ele>1084.0</ele><time>2026-05-25T15:59:39Z</time></trkpt><trkpt lat="34.734953" lon="-119.84987"><ele>1086.0</ele><time>2026-05-25T15:59:44Z</time></trkpt><trkpt lat="34.734895" lon="-119.849819"><ele>1084.0</ele><time>2026-05-25T15:59:50Z</time></trkpt><trkpt lat="34.734915" lon="-119.849782"><ele>1084.0</ele><time>2026-05-25T15:59:53Z</time></trkpt><trkpt lat="34.734855" lon="-119.849748"><ele>1090.0</ele><time>2026-05-25T16:00:01Z</time></trkpt><trkpt lat="34.734833" lon="-119.849785"><ele>1092.0</ele><time>2026-05-25T16:00:02Z</time></trkpt><trkpt lat="34.734867" lon="-119.849761"><ele>1092.0</ele><time>2026-05-25T16:00:04Z</time></trkpt><trkpt lat="34.734838" lon="-119.849728"><ele>1088.0</ele><time>2026-05-25T16:00:09Z</time></trkpt><trkpt lat="34.734872" lon="-119.849721"><ele>1088.0</ele><time>2026-05-25T16:00:15Z</time></trkpt><trkpt lat="34.734855" lon="-119.849671"><ele>1083.0</ele><time>2026-05-25T16:00:26Z</time></trkpt><trkpt lat="34.734842" lon="-119.849687"><ele>1085.0</ele><time>2026-05-25T16:00:35Z</time></trkpt><trkpt lat="34.73483" lon="-119.849737"><ele>1083.0</ele><time>2026-05-25T16:00:41Z</time></trkpt><trkpt lat="34.734846" lon="-119.84968"><ele>1080.0</ele><time>2026-05-25T16:00:51Z</time></trkpt><trkpt lat="34.734817" lon="-119.849655"><ele>1078.0</ele><time>2026-05-25T16:00:57Z</time></trkpt><trkpt lat="34.734804" lon="-119.849581"><ele>1088.0</ele><time>2026-05-25T16:01:22Z</time></trkpt><trkpt lat="34.734765" lon="-119.849539"><ele>1088.0</ele><time>2026-05-25T16:01:47Z</time></trkpt><trkpt lat="34.734775" lon="-119.849529"><ele>1084.0</ele><time>2026-05-25T16:02:10Z</time></trkpt><trkpt lat="34.734724" lon="-119.849452"><ele>1086.0</ele><time>2026-05-25T16:02:17Z</time></trkpt><trkpt lat="34.734717" lon="-119.849401"><ele>1080.0</ele><time>2026-05-25T16:02:27Z</time></trkpt><trkpt lat="34.734679" lon="-119.849391"><ele>1080.0</ele><time>2026-05-25T16:02:37Z</time></trkpt><trkpt lat="34.734657" lon="-119.849476"><ele>1086.0</ele><time>2026-05-25T16:02:51Z</time></trkpt><trkpt lat="34.734734" lon="-119.849383"><ele>1096.0</ele><time>2026-05-25T16:03:01Z</time></trkpt><trkpt lat="34.734656" lon="-119.849315"><ele>1091.0</ele><time>2026-05-25T16:03:13Z</time></trkpt><trkpt lat="34.734645" lon="-119.849293"><ele>1090.0</ele><time>2026-05-25T16:03:20Z</time></trkpt><trkpt lat="34.734566" lon="-119.849307"><ele>1088.0</ele><time>2026-05-25T16:03:38Z</time></trkpt><trkpt lat="34.734547" lon="-119.849264"><ele>1090.0</ele><time>2026-05-25T16:03:48Z</time></trkpt><trkpt lat="34.734513" lon="-119.849271"><ele>1091.0</ele><time>2026-05-25T16:03:54Z</time></trkpt><trkpt lat="34.734484" lon="-119.849205"><ele>1092.0</ele><time>2026-05-25T16:04:07Z</time></trkpt><trkpt lat="34.7345" lon="-119.849157"><ele>1096.0</ele><time>2026-05-25T16:04:11Z</time></trkpt><trkpt lat="34.734545" lon="-119.849147"><ele>1093.0</ele><time>2026-05-25T16:04:15Z</time></trkpt><trkpt lat="34.734516" lon="-119.849306"><ele>1095.0</ele><time>2026-05-25T16:04:25Z</time></trkpt><trkpt lat="34.73447" lon="-119.849305"><ele>1094.0</ele><time>2026-05-25T16:04:29Z</time></trkpt><trkpt lat="34.734437" lon="-119.849228"><ele>1091.0</ele><time>2026-05-25T16:04:36Z</time></trkpt><trkpt lat="34.734382" lon="-119.849353"><ele>1091.0</ele><time>2026-05-25T16:04:44Z</time></trkpt><trkpt lat="34.734395" lon="-119.849316"><ele>1093.3</ele><time>2026-05-25T16:04:48Z</time></trkpt><trkpt lat="34.734332" lon="-119.849248"><ele>1088.2</ele><time>2026-05-25T16:05:00Z</time></trkpt></trkseg><trkseg><trkpt lat="34.734296" lon="-119.849022"><ele>1093.7</ele><time>2026-05-25T16:06:29Z</time></trkpt><trkpt lat="34.734287" lon="-119.848988"><ele>1094.2</ele><time>2026-05-25T16:06:30Z</time></trkpt><trkpt lat="34.734231" lon="-119.849069"><ele>1093.8</ele><time>2026-05-25T16:06:39Z</time></trkpt><trkpt lat="34.734217" lon="-119.849066"><ele>1093.6</ele><time>2026-05-25T16:06:40Z</time></trkpt><trkpt lat="34.734215" lon="-119.849076"><ele>1093.5</ele><time>2026-05-25T16:06:43Z</time></trkpt><trkpt lat="34.734262" lon="-119.849013"><ele>1092.0</ele><time>2026-05-25T16:06:44Z</time></trkpt><trkpt lat="34.734239" lon="-119.849035"><ele>1092.0</ele><time>2026-05-25T16:06:47Z</time></trkpt><trkpt lat="34.734195" lon="-119.848973"><ele>1094.0</ele><time>2026-05-25T16:06:54Z</time></trkpt><trkpt lat="34.734212" lon="-119.848941"><ele>1089.0</ele><time>2026-05-25T16:06:55Z</time></trkpt><trkpt lat="34.734203" lon="-119.848957"><ele>1090.0</ele><time>2026-05-25T16:06:58Z</time></trkpt><trkpt lat="34.734222" lon="-119.848892"><ele>1092.0</ele><time>2026-05-25T16:07:02Z</time></trkpt><trkpt lat="34.734284" lon="-119.848906"><ele>1088.0</ele><time>2026-05-25T16:07:12Z</time></trkpt><trkpt lat="34.734251" lon="-119.848928"><ele>1090.0</ele><time>2026-05-25T16:07:15Z</time></trkpt><trkpt lat="34.734209" lon="-119.848922"><ele>1078.0</ele><time>2026-05-25T16:07:23Z</time></trkpt><trkpt lat="34.734211" lon="-119.848953"><ele>1089.0</ele><time>2026-05-25T16:07:31Z</time></trkpt><trkpt lat="34.734188" lon="-119.848933"><ele>1089.0</ele><time>2026-05-25T16:07:37Z</time></trkpt><trkpt lat="34.734202" lon="-119.848975"><ele>1085.0</ele><time>2026-05-25T16:07:43Z</time></trkpt><trkpt lat="34.734223" lon="-119.848941"><ele>1085.0</ele><time>2026-05-25T16:07:52Z</time></trkpt><trkpt lat="34.734226" lon="-119.848895"><ele>1082.0</ele><time>2026-05-25T16:07:58Z</time></trkpt><trkpt lat="34.73424" lon="-119.848928"><ele>1083.0</ele><time>2026-05-25T16:08:03Z</time></trkpt><trkpt lat="34.73424" lon="-119.848874"><ele>1086.9</ele><time>2026-05-25T16:08:07Z</time></trkpt><trkpt lat="34.734218" lon="-119.84884"><ele>1090.0</ele><time>2026-05-25T16:08:09Z</time></trkpt><trkpt lat="34.734234" lon="-119.848791"><ele>1093.0</ele><time>2026-05-25T16:08:13Z</time></trkpt><trkpt lat="34.734186" lon="-119.848744"><ele>1098.0</ele><time>2026-05-25T16:08:19Z</time></trkpt><trkpt lat="34.734164" lon="-119.848749"><ele>1091.0</ele><time>2026-05-25T16:08:25Z</time></trkpt><trkpt lat="34.734126" lon="-119.848675"><ele>1088.0</ele><time>2026-05-25T16:08:47Z</time></trkpt><trkpt lat="34.734064" lon="-119.848686"><ele>1093.0</ele><time>2026-05-25T16:08:59Z</time></trkpt><trkpt lat="34.734071" lon="-119.848612"><ele>1092.0</ele><time>2026-05-25T16:09:09Z</time></trkpt><trkpt lat="34.734041" lon="-119.848609"><ele>1093.0</ele><time>2026-05-25T16:09:14Z</time></trkpt><trkpt lat="34.733998" lon="-119.848624"><ele>1093.0</ele><time>2026-05-25T16:09:23Z</time></trkpt><trkpt lat="34.733958" lon="-119.848601"><ele>1095.0</ele><time>2026-05-25T16:09:26Z</time></trkpt><trkpt lat="34.733966" lon="-119.848569"><ele>1093.0</ele><time>2026-05-25T16:09:31Z</time></trkpt><trkpt lat="34.733971" lon="-119.848606"><ele>1089.0</ele><time>2026-05-25T16:09:45Z</time></trkpt><trkpt lat="34.733978" lon="-119.848577"><ele>1092.0</ele><time>2026-05-25T16:09:53Z</time></trkpt><trkpt lat="34.733947" lon="-119.848566"><ele>1091.0</ele><time>2026-05-25T16:09:57Z</time></trkpt><trkpt lat="34.733966" lon="-119.848595"><ele>1093.0</ele><time>2026-05-25T16:10:05Z</time></trkpt><trkpt lat="34.734003" lon="-119.848602"><ele>1090.0</ele><time>2026-05-25T16:10:08Z</time></trkpt><trkpt lat="34.734053" lon="-119.848532"><ele>1088.9</ele><time>2026-05-25T16:10:29Z</time></trkpt><trkpt lat="34.734025" lon="-119.848505"><ele>1088.0</ele><time>2026-05-25T16:10:31Z</time></trkpt><trkpt lat="34.733949" lon="-119.84846"><ele>1095.0</ele><time>2026-05-25T16:10:41Z</time></trkpt><trkpt lat="34.733996" lon="-119.848446"><ele>1094.0</ele><time>2026-05-25T16:10:43Z</time></trkpt><trkpt lat="34.733975" lon="-119.848416"><ele>1092.0</ele><time>2026-05-25T16:10:48Z</time></trkpt><trkpt lat="34.734004" lon="-119.848405"><ele>1096.0</ele><time>2026-05-25T16:10:52Z</time></trkpt><trkpt lat="34.734025" lon="-119.84838"><ele>1093.0</ele><time>2026-05-25T16:10:55Z</time></trkpt><trkpt lat="34.734041" lon="-119.8483"><ele>1095.0</ele><time>2026-05-25T16:11:03Z</time></trkpt><trkpt lat="34.734029" lon="-119.84827"><ele>1095.0</ele><time>2026-05-25T16:11:06Z</time></trkpt><trkpt lat="34.733998" lon="-119.848257"><ele>1088.0</ele><time>2026-05-25T16:11:09Z</time></trkpt><trkpt lat="34.733981" lon="-119.848225"><ele>1091.0</ele><time>2026-05-25T16:11:12Z</time></trkpt><trkpt lat="34.733981" lon="-119.848142"><ele>1092.0</ele><time>2026-05-25T16:11:20Z</time></trkpt><trkpt lat="34.733948" lon="-119.848154"><ele>1093.0</ele><time>2026-05-25T16:11:25Z</time></trkpt><trkpt lat="34.733899" lon="-119.848133"><ele>1096.0</ele><time>2026-05-25T16:11:34Z</time></trkpt><trkpt lat="34.733872" lon="-119.84817"><ele>1097.0</ele><time>2026-05-25T16:11:40Z</time></trkpt><trkpt lat="34.733822" lon="-119.848208"><ele>1094.0</ele><time>2026-05-25T16:11:50Z</time></trkpt><trkpt lat="34.733788" lon="-119.84818"><ele>1096.0</ele><time>2026-05-25T16:11:57Z</time></trkpt><trkpt lat="34.73377" lon="-119.84806"><ele>1095.0</ele><time>2026-05-25T16:12:03Z</time></trkpt><trkpt lat="34.733759" lon="-119.848089"><ele>1094.2</ele><time>2026-05-25T16:12:06Z</time></trkpt><trkpt lat="34.733724" lon="-119.848092"><ele>1093.8</ele><time>2026-05-25T16:12:07Z</time></trkpt><trkpt lat="34.733659" lon="-119.847997"><ele>1095.0</ele><time>2026-05-25T16:12:18Z</time></trkpt><trkpt lat="34.733559" lon="-119.84799"><ele>1101.0</ele><time>2026-05-25T16:12:27Z</time></trkpt><trkpt lat="34.733569" lon="-119.847961"><ele>1103.0</ele><time>2026-05-25T16:12:30Z</time></trkpt><trkpt lat="34.733539" lon="-119.847937"><ele>1102.0</ele><time>2026-05-25T16:12:32Z</time></trkpt><trkpt lat="34.733508" lon="-119.847841"><ele>1101.0</ele><time>2026-05-25T16:12:43Z</time></trkpt><trkpt lat="34.733471" lon="-119.847837"><ele>1101.0</ele><time>2026-05-25T16:12:47Z</time></trkpt><trkpt lat="34.733412" lon="-119.847869"><ele>1102.0</ele><time>2026-05-25T16:12:52Z</time></trkpt><trkpt lat="34.733379" lon="-119.847871"><ele>1103.0</ele><time>2026-05-25T16:12:54Z</time></trkpt><trkpt lat="34.733337" lon="-119.847856"><ele>1106.0</ele><time>2026-05-25T16:12:57Z</time></trkpt><trkpt lat="34.733268" lon="-119.847858"><ele>1104.0</ele><time>2026-05-25T16:13:06Z</time></trkpt><trkpt lat="34.733222" lon="-119.847803"><ele>1107.0</ele><time>2026-05-25T16:13:15Z</time></trkpt><trkpt lat="34.733216" lon="-119.847758"><ele>1106.0</ele><time>2026-05-25T16:13:21Z</time></trkpt><trkpt lat="34.733157" lon="-119.847736"><ele>1104.0</ele><time>2026-05-25T16:13:26Z</time></trkpt><trkpt lat="34.733134" lon="-119.847715"><ele>1106.0</ele><time>2026-05-25T16:13:32Z</time></trkpt><trkpt lat="34.733086" lon="-119.847706"><ele>1106.0</ele><time>2026-05-25T16:13:41Z</time></trkpt><trkpt lat="34.733052" lon="-119.847712"><ele>1106.0</ele><time>2026-05-25T16:13:47Z</time></trkpt><trkpt lat="34.732986" lon="-119.847683"><ele>1109.0</ele><time>2026-05-25T16:13:55Z</time></trkpt><trkpt lat="34.732934" lon="-119.847648"><ele>1107.0</ele><time>2026-05-25T16:14:06Z</time></trkpt><trkpt lat="34.732919" lon="-119.847689"><ele>1107.0</ele><time>2026-05-25T16:14:10Z</time></trkpt><trkpt lat="34.732926" lon="-119.847774"><ele>1100.0</ele><time>2026-05-25T16:14:19Z</time></trkpt><trkpt lat="34.732851" lon="-119.847761"><ele>1107.0</ele><time>2026-05-25T16:14:31Z</time></trkpt><trkpt lat="34.732803" lon="-119.847812"><ele>1105.0</ele><time>2026-05-25T16:14:38Z</time></trkpt><trkpt lat="34.732766" lon="-119.847816"><ele>1104.0</ele><time>2026-05-25T16:14:42Z</time></trkpt><trkpt lat="34.732699" lon="-119.847785"><ele>1111.0</ele><time>2026-05-25T16:14:47Z</time></trkpt><trkpt lat="34.732664" lon="-119.847779"><ele>1113.0</ele><time>2026-05-25T16:14:49Z</time></trkpt><trkpt lat="34.732599" lon="-119.847792"><ele>1118.0</ele><time>2026-05-25T16:14:55Z</time></trkpt><trkpt lat="34.732512" lon="-119.847851"><ele>1115.0</ele><time>2026-05-25T16:15:02Z</time></trkpt><trkpt lat="34.732486" lon="-119.847937"><ele>1107.0</ele><time>2026-05-25T16:15:17Z</time></trkpt><trkpt lat="34.732452" lon="-119.84787"><ele>1108.0</ele><time>2026-05-25T16:15:26Z</time></trkpt><trkpt lat="34.732409" lon="-119.847865"><ele>1113.0</ele><time>2026-05-25T16:15:29Z</time></trkpt><trkpt lat="34.732377" lon="-119.847873"><ele>1116.0</ele><time>2026-05-25T16:15:33Z</time></trkpt><trkpt lat="34.732349" lon="-119.847834"><ele>1113.0</ele><time>2026-05-25T16:15:37Z</time></trkpt><trkpt lat="34.732315" lon="-119.847902"><ele>1115.0</ele><time>2026-05-25T16:15:43Z</time></trkpt><trkpt lat="34.732247" lon="-119.847911"><ele>1116.0</ele><time>2026-05-25T16:15:49Z</time></trkpt><trkpt lat="34.732207" lon="-119.847902"><ele>1115.0</ele><time>2026-05-25T16:15:53Z</time></trkpt><trkpt lat="34.732153" lon="-119.847947"><ele>1118.0</ele><time>2026-05-25T16:15:59Z</time></trkpt><trkpt lat="34.732138" lon="-119.84798"><ele>1119.0</ele><time>2026-05-25T16:16:03Z</time></trkpt><trkpt lat="34.732111" lon="-119.848007"><ele>1122.0</ele><time>2026-05-25T16:16:06Z</time></trkpt><trkpt lat="34.732053" lon="-119.847986"><ele>1120.0</ele><time>2026-05-25T16:16:13Z</time></trkpt><trkpt lat="34.732013" lon="-119.84799"><ele>1119.0</ele><time>2026-05-25T16:16:17Z</time></trkpt><trkpt lat="34.731989" lon="-119.848024"><ele>1119.0</ele><time>2026-05-25T16:16:21Z</time></trkpt><trkpt lat="34.731929" lon="-119.848074"><ele>1119.0</ele><time>2026-05-25T16:16:26Z</time></trkpt><trkpt lat="34.731899" lon="-119.84808"><ele>1123.0</ele><time>2026-05-25T16:16:29Z</time></trkpt><trkpt lat="34.731842" lon="-119.848062"><ele>1124.0</ele><time>2026-05-25T16:16:35Z</time></trkpt><trkpt lat="34.731817" lon="-119.848073"><ele>1122.0</ele><time>2026-05-25T16:16:37Z</time></trkpt><trkpt lat="34.731755" lon="-119.848047"><ele>1123.0</ele><time>2026-05-25T16:16:50Z</time></trkpt><trkpt lat="34.731679" lon="-119.848035"><ele>1126.0</ele><time>2026-05-25T16:16:56Z</time></trkpt><trkpt lat="34.731633" lon="-119.848052"><ele>1126.0</ele><time>2026-05-25T16:16:59Z</time></trkpt><trkpt lat="34.731612" lon="-119.848075"><ele>1123.0</ele><time>2026-05-25T16:17:02Z</time></trkpt><trkpt lat="34.731613" lon="-119.84811"><ele>1116.0</ele><time>2026-05-25T16:17:09Z</time></trkpt><trkpt lat="34.731545" lon="-119.848098"><ele>1119.0</ele><time>2026-05-25T16:17:22Z</time></trkpt><trkpt lat="34.731544" lon="-119.848135"><ele>1120.0</ele><time>2026-05-25T16:17:28Z</time></trkpt><trkpt lat="34.731532" lon="-119.848159"><ele>1120.0</ele><time>2026-05-25T16:17:34Z</time></trkpt><trkpt lat="34.731518" lon="-119.848104"><ele>1120.0</ele><time>2026-05-25T16:17:55Z</time></trkpt><trkpt lat="34.731489" lon="-119.848152"><ele>1120.0</ele><time>2026-05-25T16:18:02Z</time></trkpt><trkpt lat="34.731399" lon="-119.848104"><ele>1123.8</ele><time>2026-05-25T16:18:18Z</time></trkpt><trkpt lat="34.731369" lon="-119.848108"><ele>1124.2</ele><time>2026-05-25T16:18:19Z</time></trkpt><trkpt lat="34.731366" lon="-119.848157"><ele>1123.0</ele><time>2026-05-25T16:18:20Z</time></trkpt><trkpt lat="34.731292" lon="-119.848169"><ele>1125.0</ele><time>2026-05-25T16:18:28Z</time></trkpt><trkpt lat="34.731238" lon="-119.848197"><ele>1137.0</ele><time>2026-05-25T16:18:38Z</time></trkpt><trkpt lat="34.731198" lon="-119.848186"><ele>1142.8</ele><time>2026-05-25T16:18:41Z</time></trkpt><trkpt lat="34.731167" lon="-119.848218"><ele>1134.0</ele><time>2026-05-25T16:18:46Z</time></trkpt><trkpt lat="34.731203" lon="-119.848199"><ele>1136.0</ele><time>2026-05-25T16:18:53Z</time></trkpt><trkpt lat="34.731205" lon="-119.848149"><ele>1133.0</ele><time>2026-05-25T16:18:58Z</time></trkpt><trkpt lat="34.731169" lon="-119.84809"><ele>1131.0</ele><time>2026-05-25T16:19:03Z</time></trkpt><trkpt lat="34.731132" lon="-119.84808"><ele>1133.0</ele><time>2026-05-25T16:19:06Z</time></trkpt><trkpt lat="34.730985" lon="-119.848129"><ele>1136.0</ele><time>2026-05-25T16:19:18Z</time></trkpt><trkpt lat="34.730986" lon="-119.848097"><ele>1129.0</ele><time>2026-05-25T16:19:28Z</time></trkpt><trkpt lat="34.730974" lon="-119.848176"><ele>1134.0</ele><time>2026-05-25T16:19:42Z</time></trkpt><trkpt lat="34.730938" lon="-119.848183"><ele>1136.0</ele><time>2026-05-25T16:19:44Z</time></trkpt><trkpt lat="34.730896" lon="-119.848234"><ele>1133.0</ele><time>2026-05-25T16:19:52Z</time></trkpt><trkpt lat="34.730871" lon="-119.848246"><ele>1136.0</ele><time>2026-05-25T16:19:55Z</time></trkpt><trkpt lat="34.730808" lon="-119.848229"><ele>1134.0</ele><time>2026-05-25T16:20:02Z</time></trkpt><trkpt lat="34.730779" lon="-119.848269"><ele>1134.0</ele><time>2026-05-25T16:20:10Z</time></trkpt><trkpt lat="34.730775" lon="-119.84831"><ele>1134.0</ele><time>2026-05-25T16:20:13Z</time></trkpt><trkpt lat="34.730748" lon="-119.848295"><ele>1130.0</ele><time>2026-05-25T16:20:18Z</time></trkpt><trkpt lat="34.730784" lon="-119.848364"><ele>1131.0</ele><time>2026-05-25T16:20:26Z</time></trkpt><trkpt lat="34.730776" lon="-119.848431"><ele>1131.0</ele><time>2026-05-25T16:20:37Z</time></trkpt><trkpt lat="34.730812" lon="-119.848584"><ele>1139.6</ele><time>2026-05-25T16:20:53Z</time></trkpt><trkpt lat="34.730805" lon="-119.848654"><ele>1135.5</ele><time>2026-05-25T16:20:54Z</time></trkpt><trkpt lat="34.730849" lon="-119.848674"><ele>1133.0</ele><time>2026-05-25T16:21:03Z</time></trkpt><trkpt lat="34.730804" lon="-119.848646"><ele>1135.0</ele><time>2026-05-25T16:21:17Z</time></trkpt><trkpt lat="34.730734" lon="-119.848636"><ele>1139.0</ele><time>2026-05-25T16:21:25Z</time></trkpt><trkpt lat="34.730709" lon="-119.848668"><ele>1143.3</ele><time>2026-05-25T16:21:27Z</time></trkpt><trkpt lat="34.730608" lon="-119.848716"><ele>1137.0</ele><time>2026-05-25T16:21:47Z</time></trkpt><trkpt lat="34.730608" lon="-119.848676"><ele>1137.7</ele><time>2026-05-25T16:21:49Z</time></trkpt><trkpt lat="34.730561" lon="-119.848712"><ele>1141.0</ele><time>2026-05-25T16:21:55Z</time></trkpt><trkpt lat="34.730525" lon="-119.848727"><ele>1136.0</ele><time>2026-05-25T16:21:59Z</time></trkpt><trkpt lat="34.730495" lon="-119.848722"><ele>1136.0</ele><time>2026-05-25T16:22:04Z</time></trkpt><trkpt lat="34.730422" lon="-119.848667"><ele>1134.0</ele><time>2026-05-25T16:22:11Z</time></trkpt><trkpt lat="34.73035" lon="-119.848638"><ele>1137.0</ele><time>2026-05-25T16:22:19Z</time></trkpt><trkpt lat="34.730302" lon="-119.848692"><ele>1132.0</ele><time>2026-05-25T16:22:26Z</time></trkpt><trkpt lat="34.730235" lon="-119.848715"><ele>1136.0</ele><time>2026-05-25T16:22:33Z</time></trkpt><trkpt lat="34.730191" lon="-119.848715"><ele>1143.0</ele><time>2026-05-25T16:22:39Z</time></trkpt><trkpt lat="34.730114" lon="-119.848732"><ele>1142.0</ele><time>2026-05-25T16:22:51Z</time></trkpt><trkpt lat="34.730105" lon="-119.848768"><ele>1140.0</ele><time>2026-05-25T16:22:56Z</time></trkpt><trkpt lat="34.729956" lon="-119.848623"><ele>1143.0</ele><time>2026-05-25T16:23:23Z</time></trkpt><trkpt lat="34.72984" lon="-119.848601"><ele>1148.0</ele><time>2026-05-25T16:23:33Z</time></trkpt><trkpt lat="34.729769" lon="-119.848605"><ele>1145.0</ele><time>2026-05-25T16:23:40Z</time></trkpt><trkpt lat="34.729737" lon="-119.848593"><ele>1144.0</ele><time>2026-05-25T16:23:45Z</time></trkpt><trkpt lat="34.729682" lon="-119.848547"><ele>1146.0</ele><time>2026-05-25T16:23:55Z</time></trkpt><trkpt lat="34.72967" lon="-119.848511"><ele>1151.0</ele><time>2026-05-25T16:23:59Z</time></trkpt><trkpt lat="34.729677" lon="-119.848541"><ele>1154.7</ele><time>2026-05-25T16:24:01Z</time></trkpt><trkpt lat="34.729647" lon="-119.848524"><ele>1149.0</ele><time>2026-05-25T16:24:03Z</time></trkpt><trkpt lat="34.729558" lon="-119.848417"><ele>1144.0</ele><time>2026-05-25T16:24:15Z</time></trkpt><trkpt lat="34.729533" lon="-119.848341"><ele>1146.0</ele><time>2026-05-25T16:24:26Z</time></trkpt><trkpt lat="34.729505" lon="-119.848311"><ele>1146.0</ele><time>2026-05-25T16:24:28Z</time></trkpt><trkpt lat="34.729491" lon="-119.848275"><ele>1141.0</ele><time>2026-05-25T16:24:32Z</time></trkpt><trkpt lat="34.729392" lon="-119.84831"><ele>1144.0</ele><time>2026-05-25T16:24:40Z</time></trkpt><trkpt lat="34.729377" lon="-119.848283"><ele>1144.0</ele><time>2026-05-25T16:24:42Z</time></trkpt><trkpt lat="34.729413" lon="-119.84817"><ele>1145.0</ele><time>2026-05-25T16:24:52Z</time></trkpt><trkpt lat="34.729401" lon="-119.848145"><ele>1146.0</ele><time>2026-05-25T16:24:55Z</time></trkpt><trkpt lat="34.729348" lon="-119.848103"><ele>1146.0</ele><time>2026-05-25T16:25:01Z</time></trkpt><trkpt lat="34.72931" lon="-119.848049"><ele>1147.0</ele><time>2026-05-25T16:25:07Z</time></trkpt><trkpt lat="34.729331" lon="-119.848027"><ele>1144.0</ele><time>2026-05-25T16:25:15Z</time></trkpt><trkpt lat="34.729338" lon="-119.847991"><ele>1151.0</ele><time>2026-05-25T16:25:22Z</time></trkpt><trkpt lat="34.729315" lon="-119.847948"><ele>1152.0</ele><time>2026-05-25T16:25:25Z</time></trkpt><trkpt lat="34.729235" lon="-119.847893"><ele>1154.0</ele><time>2026-05-25T16:25:35Z</time></trkpt><trkpt lat="34.729211" lon="-119.848011"><ele>1154.4</ele><time>2026-05-25T16:25:42Z</time></trkpt><trkpt lat="34.729268" lon="-119.847977"><ele>1152.0</ele><time>2026-05-25T16:25:45Z</time></trkpt><trkpt lat="34.729232" lon="-119.847983"><ele>1152.0</ele><time>2026-05-25T16:25:48Z</time></trkpt><trkpt lat="34.7292" lon="-119.847951"><ele>1152.0</ele><time>2026-05-25T16:25:53Z</time></trkpt><trkpt lat="34.729113" lon="-119.847934"><ele>1157.5</ele><time>2026-05-25T16:26:07Z</time></trkpt><trkpt lat="34.729136" lon="-119.847957"><ele>1157.7</ele><time>2026-05-25T16:26:08Z</time></trkpt><trkpt lat="34.729086" lon="-119.847956"><ele>1155.0</ele><time>2026-05-25T16:26:11Z</time></trkpt><trkpt lat="34.729082" lon="-119.848006"><ele>1155.0</ele><time>2026-05-25T16:26:15Z</time></trkpt><trkpt lat="34.729042" lon="-119.84798"><ele>1154.0</ele><time>2026-05-25T16:26:21Z</time></trkpt><trkpt lat="34.72901" lon="-119.848015"><ele>1152.4</ele><time>2026-05-25T16:26:25Z</time></trkpt><trkpt lat="34.729036" lon="-119.847992"><ele>1153.6</ele><time>2026-05-25T16:26:26Z</time></trkpt><trkpt lat="34.72902" lon="-119.848015"><ele>1154.0</ele><time>2026-05-25T16:26:28Z</time></trkpt><trkpt lat="34.728921" lon="-119.848"><ele>1156.0</ele><time>2026-05-25T16:26:56Z</time></trkpt><trkpt lat="34.728893" lon="-119.84803"><ele>1154.0</ele><time>2026-05-25T16:27:01Z</time></trkpt><trkpt lat="34.728789" lon="-119.848039"><ele>1156.0</ele><time>2026-05-25T16:27:19Z</time></trkpt><trkpt lat="34.728758" lon="-119.84803"><ele>1155.0</ele><time>2026-05-25T16:27:25Z</time></trkpt><trkpt lat="34.72874" lon="-119.847987"><ele>1158.0</ele><time>2026-05-25T16:27:29Z</time></trkpt><trkpt lat="34.728789" lon="-119.847976"><ele>1157.0</ele><time>2026-05-25T16:27:48Z</time></trkpt><trkpt lat="34.728777" lon="-119.848"><ele>1159.0</ele><time>2026-05-25T16:27:56Z</time></trkpt><trkpt lat="34.728766" lon="-119.847978"><ele>1160.0</ele><time>2026-05-25T16:28:00Z</time></trkpt><trkpt lat="34.72877" lon="-119.848008"><ele>1158.0</ele><time>2026-05-25T16:28:06Z</time></trkpt><trkpt lat="34.728729" lon="-119.848018"><ele>1161.6</ele><time>2026-05-25T16:28:09Z</time></trkpt><trkpt lat="34.728771" lon="-119.848003"><ele>1160.0</ele><time>2026-05-25T16:28:10Z</time></trkpt><trkpt lat="34.728766" lon="-119.847961"><ele>1157.0</ele><time>2026-05-25T16:28:14Z</time></trkpt><trkpt lat="34.728748" lon="-119.847934"><ele>1159.0</ele><time>2026-05-25T16:28:19Z</time></trkpt><trkpt lat="34.728652" lon="-119.847938"><ele>1159.0</ele><time>2026-05-25T16:28:27Z</time></trkpt><trkpt lat="34.72862" lon="-119.847927"><ele>1160.0</ele><time>2026-05-25T16:28:30Z</time></trkpt><trkpt lat="34.72858" lon="-119.847884"><ele>1167.0</ele><time>2026-05-25T16:28:36Z</time></trkpt><trkpt lat="34.728509" lon="-119.847873"><ele>1164.0</ele><time>2026-05-25T16:28:43Z</time></trkpt><trkpt lat="34.728474" lon="-119.847886"><ele>1163.0</ele><time>2026-05-25T16:28:46Z</time></trkpt><trkpt lat="34.728465" lon="-119.847921"><ele>1162.0</ele><time>2026-05-25T16:28:50Z</time></trkpt><trkpt lat="34.728419" lon="-119.847922"><ele>1163.7</ele><time>2026-05-25T16:28:54Z</time></trkpt><trkpt lat="34.728384" lon="-119.84791"><ele>1163.0</ele><time>2026-05-25T16:28:57Z</time></trkpt><trkpt lat="34.728352" lon="-119.84792"><ele>1162.0</ele><time>2026-05-25T16:29:02Z</time></trkpt><trkpt lat="34.728329" lon="-119.847951"><ele>1157.0</ele><time>2026-05-25T16:29:08Z</time></trkpt><trkpt lat="34.728266" lon="-119.847924"><ele>1164.0</ele><time>2026-05-25T16:29:17Z</time></trkpt><trkpt lat="34.728223" lon="-119.847929"><ele>1165.0</ele><time>2026-05-25T16:29:22Z</time></trkpt><trkpt lat="34.728196" lon="-119.847913"><ele>1165.0</ele><time>2026-05-25T16:29:26Z</time></trkpt><trkpt lat="34.728175" lon="-119.847877"><ele>1166.1</ele><time>2026-05-25T16:29:30Z</time></trkpt><trkpt lat="34.728158" lon="-119.847898"><ele>1164.0</ele><time>2026-05-25T16:29:32Z</time></trkpt><trkpt lat="34.728116" lon="-119.847884"><ele>1162.0</ele><time>2026-05-25T16:29:41Z</time></trkpt><trkpt lat="34.728083" lon="-119.84792"><ele>1161.0</ele><time>2026-05-25T16:29:47Z</time></trkpt><trkpt lat="34.728018" lon="-119.847925"><ele>1164.0</ele><time>2026-05-25T16:29:54Z</time></trkpt><trkpt lat="34.727971" lon="-119.847947"><ele>1160.0</ele><time>2026-05-25T16:29:59Z</time></trkpt><trkpt lat="34.72788" lon="-119.847927"><ele>1163.0</ele><time>2026-05-25T16:30:08Z</time></trkpt><trkpt lat="34.727851" lon="-119.847962"><ele>1162.0</ele><time>2026-05-25T16:30:16Z</time></trkpt><trkpt lat="34.727817" lon="-119.847984"><ele>1160.0</ele><time>2026-05-25T16:30:26Z</time></trkpt><trkpt lat="34.727735" lon="-119.847956"><ele>1165.0</ele><time>2026-05-25T16:30:38Z</time></trkpt><trkpt lat="34.727698" lon="-119.847974"><ele>1162.0</ele><time>2026-05-25T16:30:46Z</time></trkpt><trkpt lat="34.72763" lon="-119.847942"><ele>1163.0</ele><time>2026-05-25T16:31:05Z</time></trkpt><trkpt lat="34.727601" lon="-119.84795"><ele>1163.0</ele><time>2026-05-25T16:31:10Z</time></trkpt><trkpt lat="34.727563" lon="-119.847938"><ele>1162.0</ele><time>2026-05-25T16:31:14Z</time></trkpt><trkpt lat="34.727521" lon="-119.847938"><ele>1161.0</ele><time>2026-05-25T16:31:20Z</time></trkpt><trkpt lat="34.727497" lon="-119.847905"><ele>1165.0</ele><time>2026-05-25T16:31:27Z</time></trkpt><trkpt lat="34.727414" lon="-119.847923"><ele>1165.0</ele><time>2026-05-25T16:31:42Z</time></trkpt><trkpt lat="34.72738" lon="-119.847909"><ele>1166.0</ele><time>2026-05-25T16:31:46Z</time></trkpt><trkpt lat="34.727365" lon="-119.847874"><ele>1155.0</ele><time>2026-05-25T16:31:58Z</time></trkpt><trkpt lat="34.727414" lon="-119.847844"><ele>1165.0</ele><time>2026-05-25T16:32:13Z</time></trkpt><trkpt lat="34.727356" lon="-119.847761"><ele>1167.0</ele><time>2026-05-25T16:32:24Z</time></trkpt><trkpt lat="34.727323" lon="-119.847747"><ele>1168.0</ele><time>2026-05-25T16:32:27Z</time></trkpt><trkpt lat="34.727299" lon="-119.847711"><ele>1167.0</ele><time>2026-05-25T16:32:33Z</time></trkpt><trkpt lat="34.727259" lon="-119.847699"><ele>1166.0</ele><time>2026-05-25T16:32:38Z</time></trkpt><trkpt lat="34.727188" lon="-119.847728"><ele>1160.0</ele><time>2026-05-25T16:33:06Z</time></trkpt><trkpt lat="34.727222" lon="-119.847705"><ele>1160.0</ele><time>2026-05-25T16:33:23Z</time></trkpt><trkpt lat="34.727255" lon="-119.84766"><ele>1163.0</ele><time>2026-05-25T16:33:33Z</time></trkpt><trkpt lat="34.727186" lon="-119.847724"><ele>1166.0</ele><time>2026-05-25T16:33:56Z</time></trkpt><trkpt lat="34.727099" lon="-119.84769"><ele>1168.0</ele><time>2026-05-25T16:34:40Z</time></trkpt><trkpt lat="34.727063" lon="-119.847642"><ele>1168.0</ele><time>2026-05-25T16:34:44Z</time></trkpt><trkpt lat="34.72709" lon="-119.847627"><ele>1169.2</ele><time>2026-05-25T16:34:47Z</time></trkpt><trkpt lat="34.727085" lon="-119.847577"><ele>1168.0</ele><time>2026-05-25T16:34:48Z</time></trkpt><trkpt lat="34.727104" lon="-119.847634"><ele>1168.0</ele><time>2026-05-25T16:34:50Z</time></trkpt><trkpt lat="34.727063" lon="-119.847606"><ele>1168.0</ele><time>2026-05-25T16:34:53Z</time></trkpt><trkpt lat="34.727011" lon="-119.847588"><ele>1165.0</ele><time>2026-05-25T16:34:56Z</time></trkpt><trkpt lat="34.726972" lon="-119.847602"><ele>1165.0</ele><time>2026-05-25T16:35:03Z</time></trkpt><trkpt lat="34.726931" lon="-119.847601"><ele>1167.0</ele><time>2026-05-25T16:35:06Z</time></trkpt><trkpt lat="34.726903" lon="-119.847576"><ele>1167.0</ele><time>2026-05-25T16:35:09Z</time></trkpt><trkpt lat="34.726868" lon="-119.847508"><ele>1172.0</ele><time>2026-05-25T16:35:13Z</time></trkpt><trkpt lat="34.726829" lon="-119.847486"><ele>1170.0</ele><time>2026-05-25T16:35:15Z</time></trkpt><trkpt lat="34.72679" lon="-119.847501"><ele>1169.0</ele><time>2026-05-25T16:35:20Z</time></trkpt><trkpt lat="34.72676" lon="-119.847499"><ele>1171.0</ele><time>2026-05-25T16:35:25Z</time></trkpt><trkpt lat="34.726652" lon="-119.847405"><ele>1175.0</ele><time>2026-05-25T16:35:34Z</time></trkpt><trkpt lat="34.726621" lon="-119.847345"><ele>1169.0</ele><time>2026-05-25T16:35:40Z</time></trkpt><trkpt lat="34.726481" lon="-119.847202"><ele>1181.7</ele><time>2026-05-25T16:35:50Z</time></trkpt><trkpt lat="34.726545" lon="-119.847245"><ele>1183.0</ele><time>2026-05-25T16:35:52Z</time></trkpt><trkpt lat="34.726569" lon="-119.847204"><ele>1185.6</ele><time>2026-05-25T16:35:54Z</time></trkpt><trkpt lat="34.72655" lon="-119.847176"><ele>1185.0</ele><time>2026-05-25T16:35:56Z</time></trkpt><trkpt lat="34.726552" lon="-119.847134"><ele>1187.0</ele><time>2026-05-25T16:35:58Z</time></trkpt><trkpt lat="34.726596" lon="-119.847115"><ele>1185.0</ele><time>2026-05-25T16:36:00Z</time></trkpt><trkpt lat="34.726631" lon="-119.847119"><ele>1182.0</ele><time>2026-05-25T16:36:04Z</time></trkpt><trkpt lat="34.726636" lon="-119.847089"><ele>1184.0</ele><time>2026-05-25T16:36:07Z</time></trkpt><trkpt lat="34.726595" lon="-119.846939"><ele>1186.0</ele><time>2026-05-25T16:36:20Z</time></trkpt><trkpt lat="34.726495" lon="-119.846818"><ele>1191.0</ele><time>2026-05-25T16:36:30Z</time></trkpt><trkpt lat="34.726503" lon="-119.84685"><ele>1190.9</ele><time>2026-05-25T16:36:31Z</time></trkpt><trkpt lat="34.726496" lon="-119.84681"><ele>1192.0</ele><time>2026-05-25T16:36:32Z</time></trkpt><trkpt lat="34.726445" lon="-119.846751"><ele>1192.0</ele><time>2026-05-25T16:36:37Z</time></trkpt><trkpt lat="34.726441" lon="-119.84671"><ele>1193.0</ele><time>2026-05-25T16:36:41Z</time></trkpt><trkpt lat="34.726401" lon="-119.846613"><ele>1194.0</ele><time>2026-05-25T16:36:51Z</time></trkpt><trkpt lat="34.726417" lon="-119.846576"><ele>1191.0</ele><time>2026-05-25T16:36:56Z</time></trkpt><trkpt lat="34.726401" lon="-119.846538"><ele>1192.0</ele><time>2026-05-25T16:37:00Z</time></trkpt><trkpt lat="34.726358" lon="-119.846516"><ele>1192.0</ele><time>2026-05-25T16:37:04Z</time></trkpt><trkpt lat="34.726335" lon="-119.846476"><ele>1189.0</ele><time>2026-05-25T16:37:07Z</time></trkpt><trkpt lat="34.726304" lon="-119.846449"><ele>1189.0</ele><time>2026-05-25T16:37:10Z</time></trkpt><trkpt lat="34.726266" lon="-119.846331"><ele>1194.0</ele><time>2026-05-25T16:37:17Z</time></trkpt><trkpt lat="34.726318" lon="-119.846275"><ele>1192.3</ele><time>2026-05-25T16:37:27Z</time></trkpt><trkpt lat="34.726309" lon="-119.846255"><ele>1191.0</ele><time>2026-05-25T16:37:29Z</time></trkpt><trkpt lat="34.726223" lon="-119.846129"><ele>1192.0</ele><time>2026-05-25T16:37:40Z</time></trkpt><trkpt lat="34.726207" lon="-119.846078"><ele>1191.0</ele><time>2026-05-25T16:37:46Z</time></trkpt><trkpt lat="34.726173" lon="-119.846105"><ele>1199.0</ele><time>2026-05-25T16:37:52Z</time></trkpt><trkpt lat="34.72613" lon="-119.846089"><ele>1199.0</ele><time>2026-05-25T16:37:58Z</time></trkpt><trkpt lat="34.726099" lon="-119.846058"><ele>1199.7</ele><time>2026-05-25T16:38:03Z</time></trkpt><trkpt lat="34.7261" lon="-119.846017"><ele>1198.0</ele><time>2026-05-25T16:38:04Z</time></trkpt><trkpt lat="34.726044" lon="-119.845967"><ele>1196.5</ele><time>2026-05-25T16:38:11Z</time></trkpt><trkpt lat="34.726003" lon="-119.845911"><ele>1199.0</ele><time>2026-05-25T16:38:15Z</time></trkpt><trkpt lat="34.725975" lon="-119.845897"><ele>1197.0</ele><time>2026-05-25T16:38:20Z</time></trkpt><trkpt lat="34.72597" lon="-119.845852"><ele>1195.0</ele><time>2026-05-25T16:38:30Z</time></trkpt><trkpt lat="34.725897" lon="-119.845835"><ele>1194.0</ele><time>2026-05-25T16:38:44Z</time></trkpt><trkpt lat="34.725873" lon="-119.845863"><ele>1195.0</ele><time>2026-05-25T16:38:50Z</time></trkpt><trkpt lat="34.72583" lon="-119.845859"><ele>1195.0</ele><time>2026-05-25T16:38:57Z</time></trkpt><trkpt lat="34.725844" lon="-119.84591"><ele>1196.0</ele><time>2026-05-25T16:39:04Z</time></trkpt><trkpt lat="34.725838" lon="-119.84584"><ele>1200.0</ele><time>2026-05-25T16:39:11Z</time></trkpt><trkpt lat="34.725791" lon="-119.845777"><ele>1200.0</ele><time>2026-05-25T16:39:16Z</time></trkpt><trkpt lat="34.725822" lon="-119.845791"><ele>1199.0</ele><time>2026-05-25T16:39:23Z</time></trkpt><trkpt lat="34.725812" lon="-119.84575"><ele>1203.0</ele><time>2026-05-25T16:39:33Z</time></trkpt><trkpt lat="34.72582" lon="-119.845719"><ele>1203.0</ele><time>2026-05-25T16:39:39Z</time></trkpt><trkpt lat="34.725791" lon="-119.845654"><ele>1204.0</ele><time>2026-05-25T16:39:43Z</time></trkpt><trkpt lat="34.725847" lon="-119.845596"><ele>1204.0</ele><time>2026-05-25T16:39:52Z</time></trkpt><trkpt lat="34.725848" lon="-119.845562"><ele>1205.0</ele><time>2026-05-25T16:39:54Z</time></trkpt><trkpt lat="34.725886" lon="-119.845486"><ele>1199.0</ele><time>2026-05-25T16:39:58Z</time></trkpt><trkpt lat="34.725887" lon="-119.845535"><ele>1200.1</ele><time>2026-05-25T16:40:03Z</time></trkpt><trkpt lat="34.725912" lon="-119.845525"><ele>1196.0</ele><time>2026-05-25T16:40:05Z</time></trkpt><trkpt lat="34.725903" lon="-119.845612"><ele>1200.0</ele><time>2026-05-25T16:40:19Z</time></trkpt><trkpt lat="34.725945" lon="-119.845605"><ele>1200.0</ele><time>2026-05-25T16:40:24Z</time></trkpt><trkpt lat="34.726011" lon="-119.845562"><ele>1201.0</ele><time>2026-05-25T16:40:32Z</time></trkpt><trkpt lat="34.725971" lon="-119.845591"><ele>1204.0</ele><time>2026-05-25T16:40:37Z</time></trkpt><trkpt lat="34.725922" lon="-119.845569"><ele>1204.0</ele><time>2026-05-25T16:40:53Z</time></trkpt><trkpt lat="34.725888" lon="-119.845609"><ele>1188.0</ele><time>2026-05-25T16:41:14Z</time></trkpt><trkpt lat="34.725852" lon="-119.845586"><ele>1203.0</ele><time>2026-05-25T16:41:27Z</time></trkpt><trkpt lat="34.725907" lon="-119.845515"><ele>1204.0</ele><time>2026-05-25T16:41:33Z</time></trkpt><trkpt lat="34.72594" lon="-119.845504"><ele>1202.0</ele><time>2026-05-25T16:41:36Z</time></trkpt><trkpt lat="34.725993" lon="-119.845417"><ele>1203.0</ele><time>2026-05-25T16:41:47Z</time></trkpt><trkpt lat="34.726033" lon="-119.845431"><ele>1197.0</ele><time>2026-05-25T16:42:04Z</time></trkpt><trkpt lat="34.726076" lon="-119.845395"><ele>1196.0</ele><time>2026-05-25T16:42:21Z</time></trkpt><trkpt lat="34.726066" lon="-119.845433"><ele>1197.0</ele><time>2026-05-25T16:42:34Z</time></trkpt><trkpt lat="34.726036" lon="-119.84546"><ele>1199.9</ele><time>2026-05-25T16:42:39Z</time></trkpt><trkpt lat="34.726025" lon="-119.84544"><ele>1201.0</ele><time>2026-05-25T16:42:41Z</time></trkpt><trkpt lat="34.726054" lon="-119.845461"><ele>1204.0</ele><time>2026-05-25T16:42:45Z</time></trkpt><trkpt lat="34.726039" lon="-119.845504"><ele>1200.0</ele><time>2026-05-25T16:42:50Z</time></trkpt><trkpt lat="34.726072" lon="-119.845491"><ele>1199.0</ele><time>2026-05-25T16:42:55Z</time></trkpt><trkpt lat="34.726081" lon="-119.845462"><ele>1199.0</ele><time>2026-05-25T16:42:58Z</time></trkpt><trkpt lat="34.726052" lon="-119.845442"><ele>1200.0</ele><time>2026-05-25T16:43:01Z</time></trkpt><trkpt lat="34.725992" lon="-119.845344"><ele>1200.0</ele><time>2026-05-25T16:43:10Z</time></trkpt><trkpt lat="34.72596" lon="-119.845344"><ele>1201.0</ele><time>2026-05-25T16:43:14Z</time></trkpt><trkpt lat="34.725921" lon="-119.845305"><ele>1202.0</ele><time>2026-05-25T16:43:18Z</time></trkpt><trkpt lat="34.725888" lon="-119.845346"><ele>1204.0</ele><time>2026-05-25T16:43:23Z</time></trkpt><trkpt lat="34.725884" lon="-119.845419"><ele>1199.0</ele><time>2026-05-25T16:43:31Z</time></trkpt><trkpt lat="34.725873" lon="-119.845456"><ele>1202.4</ele><time>2026-05-25T16:43:41Z</time></trkpt><trkpt lat="34.72588" lon="-119.845488"><ele>1200.0</ele><time>2026-05-25T16:43:49Z</time></trkpt><trkpt lat="34.725797" lon="-119.845554"><ele>1203.0</ele><time>2026-05-25T16:43:58Z</time></trkpt><trkpt lat="34.725823" lon="-119.845501"><ele>1199.0</ele><time>2026-05-25T16:44:09Z</time></trkpt><trkpt lat="34.72583" lon="-119.845573"><ele>1202.0</ele><time>2026-05-25T16:44:21Z</time></trkpt><trkpt lat="34.725858" lon="-119.84559"><ele>1203.0</ele><time>2026-05-25T16:44:32Z</time></trkpt><trkpt lat="34.72589" lon="-119.845629"><ele>1200.0</ele><time>2026-05-25T16:44:43Z</time></trkpt><trkpt lat="34.72587" lon="-119.845665"><ele>1204.0</ele><time>2026-05-25T16:44:51Z</time></trkpt><trkpt lat="34.725844" lon="-119.845567"><ele>1200.0</ele><time>2026-05-25T16:45:04Z</time></trkpt><trkpt lat="34.725797" lon="-119.845551"><ele>1202.0</ele><time>2026-05-25T16:45:07Z</time></trkpt><trkpt lat="34.725874" lon="-119.84557"><ele>1190.0</ele><time>2026-05-25T16:45:21Z</time></trkpt><trkpt lat="34.725786" lon="-119.845501"><ele>1200.0</ele><time>2026-05-25T16:45:33Z</time></trkpt><trkpt lat="34.725812" lon="-119.845479"><ele>1197.0</ele><time>2026-05-25T16:45:42Z</time></trkpt><trkpt lat="34.725842" lon="-119.845476"><ele>1202.0</ele><time>2026-05-25T16:45:46Z</time></trkpt><trkpt lat="34.725871" lon="-119.845513"><ele>1200.0</ele><time>2026-05-25T16:45:54Z</time></trkpt><trkpt lat="34.725794" lon="-119.845454"><ele>1203.0</ele><time>2026-05-25T16:46:08Z</time></trkpt><trkpt lat="34.725807" lon="-119.845505"><ele>1204.0</ele><time>2026-05-25T16:46:13Z</time></trkpt><trkpt lat="34.725811" lon="-119.845461"><ele>1202.0</ele><time>2026-05-25T16:46:19Z</time></trkpt><trkpt lat="34.725774" lon="-119.845407"><ele>1208.0</ele><time>2026-05-25T16:46:26Z</time></trkpt><trkpt lat="34.725698" lon="-119.845513"><ele>1209.0</ele><time>2026-05-25T16:46:34Z</time></trkpt><trkpt lat="34.725691" lon="-119.845549"><ele>1209.0</ele><time>2026-05-25T16:46:37Z</time></trkpt><trkpt lat="34.725663" lon="-119.845598"><ele>1206.0</ele><time>2026-05-25T16:46:41Z</time></trkpt><trkpt lat="34.725692" lon="-119.845743"><ele>1206.0</ele><time>2026-05-25T16:46:51Z</time></trkpt><trkpt lat="34.725729" lon="-119.845782"><ele>1204.0</ele><time>2026-05-25T16:46:58Z</time></trkpt><trkpt lat="34.72572" lon="-119.845869"><ele>1200.0</ele><time>2026-05-25T16:47:08Z</time></trkpt><trkpt lat="34.725773" lon="-119.845914"><ele>1199.0</ele><time>2026-05-25T16:47:22Z</time></trkpt><trkpt lat="34.725785" lon="-119.845842"><ele>1202.0</ele><time>2026-05-25T16:47:37Z</time></trkpt><trkpt lat="34.725834" lon="-119.845818"><ele>1202.0</ele><time>2026-05-25T16:48:03Z</time></trkpt><trkpt lat="34.725801" lon="-119.845791"><ele>1203.0</ele><time>2026-05-25T16:48:06Z</time></trkpt><trkpt lat="34.725753" lon="-119.845814"><ele>1200.0</ele><time>2026-05-25T16:48:13Z</time></trkpt><trkpt lat="34.725771" lon="-119.84579"><ele>1200.0</ele><time>2026-05-25T16:48:19Z</time></trkpt><trkpt lat="34.725808" lon="-119.845787"><ele>1201.0</ele><time>2026-05-25T16:48:24Z</time></trkpt><trkpt lat="34.725769" lon="-119.84576"><ele>1203.0</ele><time>2026-05-25T16:49:04Z</time></trkpt><trkpt lat="34.725769" lon="-119.845782"><ele>1205.0</ele><time>2026-05-25T16:50:10Z</time></trkpt><trkpt lat="34.725801" lon="-119.845781"><ele>1206.7</ele><time>2026-05-25T16:50:17Z</time></trkpt><trkpt lat="34.72582" lon="-119.845757"><ele>1206.2</ele><time>2026-05-25T16:50:18Z</time></trkpt><trkpt lat="34.725793" lon="-119.845817"><ele>1200.0</ele><time>2026-05-25T16:50:33Z</time></trkpt><trkpt lat="34.725827" lon="-119.845763"><ele>1197.0</ele><time>2026-05-25T16:51:12Z</time></trkpt><trkpt lat="34.725835" lon="-119.845698"><ele>1203.0</ele><time>2026-05-25T16:51:32Z</time></trkpt><trkpt lat="34.725813" lon="-119.845665"><ele>1204.0</ele><time>2026-05-25T16:51:35Z</time></trkpt><trkpt lat="34.725809" lon="-119.845633"><ele>1201.0</ele><time>2026-05-25T16:51:38Z</time></trkpt><trkpt lat="34.725883" lon="-119.845511"><ele>1207.0</ele><time>2026-05-25T16:51:52Z</time></trkpt><trkpt lat="34.72594" lon="-119.845511"><ele>1203.0</ele><time>2026-05-25T16:51:59Z</time></trkpt><trkpt lat="34.725919" lon="-119.845531"><ele>1200.0</ele><time>2026-05-25T16:52:03Z</time></trkpt><trkpt lat="34.725965" lon="-119.845493"><ele>1200.0</ele><time>2026-05-25T16:52:22Z</time></trkpt><trkpt lat="34.725997" lon="-119.845574"><ele>1201.0</ele><time>2026-05-25T16:52:38Z</time></trkpt><trkpt lat="34.725987" lon="-119.845539"><ele>1200.0</ele><time>2026-05-25T16:52:42Z</time></trkpt><trkpt lat="34.72594" lon="-119.845557"><ele>1200.0</ele><time>2026-05-25T16:52:46Z</time></trkpt><trkpt lat="34.725854" lon="-119.84552"><ele>1200.0</ele><time>2026-05-25T16:52:59Z</time></trkpt><trkpt lat="34.725911" lon="-119.845496"><ele>1199.0</ele><time>2026-05-25T16:53:26Z</time></trkpt><trkpt lat="34.725943" lon="-119.845452"><ele>1200.0</ele><time>2026-05-25T16:53:33Z</time></trkpt><trkpt lat="34.725925" lon="-119.845484"><ele>1202.0</ele><time>2026-05-25T16:53:36Z</time></trkpt><trkpt lat="34.72592" lon="-119.845563"><ele>1203.0</ele><time>2026-05-25T16:53:46Z</time></trkpt><trkpt lat="34.725883" lon="-119.845556"><ele>1203.0</ele><time>2026-05-25T16:53:51Z</time></trkpt><trkpt lat="34.725803" lon="-119.845568"><ele>1203.0</ele><time>2026-05-25T16:53:56Z</time></trkpt><trkpt lat="34.725801" lon="-119.845538"><ele>1196.0</ele><time>2026-05-25T16:54:04Z</time></trkpt><trkpt lat="34.725743" lon="-119.845538"><ele>1204.0</ele><time>2026-05-25T16:54:11Z</time></trkpt><trkpt lat="34.725777" lon="-119.845522"><ele>1200.0</ele><time>2026-05-25T16:54:16Z</time></trkpt><trkpt lat="34.725786" lon="-119.845485"><ele>1201.0</ele><time>2026-05-25T16:54:23Z</time></trkpt><trkpt lat="34.725776" lon="-119.845435"><ele>1199.0</ele><time>2026-05-25T16:54:34Z</time></trkpt><trkpt lat="34.725719" lon="-119.845383"><ele>1201.0</ele><time>2026-05-25T16:54:40Z</time></trkpt><trkpt lat="34.725716" lon="-119.845417"><ele>1206.0</ele><time>2026-05-25T16:54:45Z</time></trkpt><trkpt lat="34.725753" lon="-119.845503"><ele>1206.0</ele><time>2026-05-25T16:54:54Z</time></trkpt><trkpt lat="34.725724" lon="-119.845592"><ele>1206.0</ele><time>2026-05-25T16:55:01Z</time></trkpt><trkpt lat="34.725727" lon="-119.845645"><ele>1205.0</ele><time>2026-05-25T16:55:04Z</time></trkpt><trkpt lat="34.725711" lon="-119.8457"><ele>1206.0</ele><time>2026-05-25T16:55:09Z</time></trkpt><trkpt lat="34.725739" lon="-119.845686"><ele>1206.0</ele><time>2026-05-25T16:55:11Z</time></trkpt><trkpt lat="34.725724" lon="-119.845751"><ele>1204.0</ele><time>2026-05-25T16:55:23Z</time></trkpt><trkpt lat="34.7257" lon="-119.845703"><ele>1206.0</ele><time>2026-05-25T16:55:27Z</time></trkpt><trkpt lat="34.725625" lon="-119.84573"><ele>1207.0</ele><time>2026-05-25T16:55:31Z</time></trkpt><trkpt lat="34.72556" lon="-119.845787"><ele>1204.0</ele><time>2026-05-25T16:55:38Z</time></trkpt><trkpt lat="34.725582" lon="-119.845847"><ele>1208.0</ele><time>2026-05-25T16:55:46Z</time></trkpt><trkpt lat="34.725535" lon="-119.845939"><ele>1210.0</ele><time>2026-05-25T16:55:52Z</time></trkpt><trkpt lat="34.725551" lon="-119.845888"><ele>1210.0</ele><time>2026-05-25T16:55:55Z</time></trkpt><trkpt lat="34.725489" lon="-119.845889"><ele>1209.0</ele><time>2026-05-25T16:56:00Z</time></trkpt><trkpt lat="34.725449" lon="-119.845865"><ele>1207.0</ele><time>2026-05-25T16:56:08Z</time></trkpt><trkpt lat="34.725437" lon="-119.845821"><ele>1213.0</ele><time>2026-05-25T16:56:18Z</time></trkpt><trkpt lat="34.725404" lon="-119.845811"><ele>1215.0</ele><time>2026-05-25T16:56:21Z</time></trkpt><trkpt lat="34.725287" lon="-119.845831"><ele>1210.0</ele><time>2026-05-25T16:56:43Z</time></trkpt><trkpt lat="34.725264" lon="-119.84587"><ele>1211.0</ele><time>2026-05-25T16:56:46Z</time></trkpt><trkpt lat="34.725229" lon="-119.845883"><ele>1210.0</ele><time>2026-05-25T16:56:50Z</time></trkpt><trkpt lat="34.725156" lon="-119.845962"><ele>1209.0</ele><time>2026-05-25T16:57:06Z</time></trkpt><trkpt lat="34.725124" lon="-119.846039"><ele>1210.0</ele><time>2026-05-25T16:57:17Z</time></trkpt><trkpt lat="34.725124" lon="-119.846086"><ele>1210.0</ele><time>2026-05-25T16:57:22Z</time></trkpt><trkpt lat="34.725112" lon="-119.846117"><ele>1206.0</ele><time>2026-05-25T16:57:27Z</time></trkpt><trkpt lat="34.725165" lon="-119.846043"><ele>1209.0</ele><time>2026-05-25T16:57:33Z</time></trkpt><trkpt lat="34.725141" lon="-119.846081"><ele>1210.0</ele><time>2026-05-25T16:57:36Z</time></trkpt><trkpt lat="34.725097" lon="-119.846114"><ele>1211.6</ele><time>2026-05-25T16:57:38Z</time></trkpt><trkpt lat="34.725072" lon="-119.846096"><ele>1211.0</ele><time>2026-05-25T16:57:40Z</time></trkpt><trkpt lat="34.72507" lon="-119.846061"><ele>1211.0</ele><time>2026-05-25T16:57:44Z</time></trkpt><trkpt lat="34.725084" lon="-119.846017"><ele>1220.0</ele><time>2026-05-25T16:57:47Z</time></trkpt><trkpt lat="34.725062" lon="-119.845994"><ele>1220.0</ele><time>2026-05-25T16:57:49Z</time></trkpt><trkpt lat="34.725024" lon="-119.845983"><ele>1217.0</ele><time>2026-05-25T16:57:51Z</time></trkpt><trkpt lat="34.724991" lon="-119.845996"><ele>1216.0</ele><time>2026-05-25T16:57:53Z</time></trkpt><trkpt lat="34.725011" lon="-119.846028"><ele>1219.0</ele><time>2026-05-25T16:57:56Z</time></trkpt><trkpt lat="34.724998" lon="-119.846019"><ele>1222.0</ele><time>2026-05-25T16:57:59Z</time></trkpt><trkpt lat="34.724951" lon="-119.846022"><ele>1216.0</ele><time>2026-05-25T16:58:02Z</time></trkpt><trkpt lat="34.724926" lon="-119.845976"><ele>1213.0</ele><time>2026-05-25T16:58:09Z</time></trkpt><trkpt lat="34.724869" lon="-119.845966"><ele>1211.0</ele><time>2026-05-25T16:58:12Z</time></trkpt><trkpt lat="34.724835" lon="-119.845938"><ele>1215.0</ele><time>2026-05-25T16:58:18Z</time></trkpt><trkpt lat="34.724793" lon="-119.845961"><ele>1213.0</ele><time>2026-05-25T16:58:31Z</time></trkpt><trkpt lat="34.724796" lon="-119.846005"><ele>1214.0</ele><time>2026-05-25T16:58:39Z</time></trkpt><trkpt lat="34.724768" lon="-119.846006"><ele>1212.0</ele><time>2026-05-25T16:58:47Z</time></trkpt><trkpt lat="34.724687" lon="-119.845906"><ele>1212.0</ele><time>2026-05-25T16:59:00Z</time></trkpt><trkpt lat="34.724695" lon="-119.845957"><ele>1212.0</ele><time>2026-05-25T16:59:04Z</time></trkpt><trkpt lat="34.724619" lon="-119.84594"><ele>1215.1</ele><time>2026-05-25T16:59:11Z</time></trkpt><trkpt lat="34.724625" lon="-119.846065"><ele>1222.0</ele><time>2026-05-25T16:59:22Z</time></trkpt><trkpt lat="34.724579" lon="-119.846094"><ele>1220.0</ele><time>2026-05-25T16:59:24Z</time></trkpt><trkpt lat="34.724571" lon="-119.846124"><ele>1220.4</ele><time>2026-05-25T16:59:25Z</time></trkpt><trkpt lat="34.724554" lon="-119.846093"><ele>1213.0</ele><time>2026-05-25T16:59:30Z</time></trkpt><trkpt lat="34.724475" lon="-119.846023"><ele>1225.9</ele><time>2026-05-25T16:59:43Z</time></trkpt><trkpt lat="34.724412" lon="-119.846013"><ele>1221.0</ele><time>2026-05-25T16:59:50Z</time></trkpt><trkpt lat="34.724339" lon="-119.846057"><ele>1223.0</ele><time>2026-05-25T17:00:00Z</time></trkpt><trkpt lat="34.724316" lon="-119.846031"><ele>1225.0</ele><time>2026-05-25T17:00:06Z</time></trkpt><trkpt lat="34.724283" lon="-119.846017"><ele>1226.0</ele><time>2026-05-25T17:00:10Z</time></trkpt><trkpt lat="34.72428" lon="-119.845984"><ele>1229.1</ele><time>2026-05-25T17:00:14Z</time></trkpt><trkpt lat="34.724176" lon="-119.845944"><ele>1223.0</ele><time>2026-05-25T17:00:21Z</time></trkpt><trkpt lat="34.724123" lon="-119.84601"><ele>1223.0</ele><time>2026-05-25T17:00:31Z</time></trkpt><trkpt lat="34.724133" lon="-119.845961"><ele>1231.0</ele><time>2026-05-25T17:00:47Z</time></trkpt><trkpt lat="34.724112" lon="-119.845929"><ele>1232.0</ele><time>2026-05-25T17:00:52Z</time></trkpt><trkpt lat="34.724112" lon="-119.845896"><ele>1233.0</ele><time>2026-05-25T17:00:56Z</time></trkpt><trkpt lat="34.724075" lon="-119.845875"><ele>1228.0</ele><time>2026-05-25T17:01:02Z</time></trkpt><trkpt lat="34.724029" lon="-119.845872"><ele>1224.0</ele><time>2026-05-25T17:01:07Z</time></trkpt><trkpt lat="34.724017" lon="-119.845807"><ele>1225.0</ele><time>2026-05-25T17:01:20Z</time></trkpt><trkpt lat="34.723968" lon="-119.845765"><ele>1225.0</ele><time>2026-05-25T17:01:31Z</time></trkpt><trkpt lat="34.723856" lon="-119.845709"><ele>1223.0</ele><time>2026-05-25T17:01:56Z</time></trkpt><trkpt lat="34.723757" lon="-119.845712"><ele>1229.0</ele><time>2026-05-25T17:02:18Z</time></trkpt><trkpt lat="34.723732" lon="-119.845732"><ele>1228.0</ele><time>2026-05-25T17:02:22Z</time></trkpt><trkpt lat="34.723716" lon="-119.845764"><ele>1230.0</ele><time>2026-05-25T17:02:26Z</time></trkpt><trkpt lat="34.72366" lon="-119.845787"><ele>1233.0</ele><time>2026-05-25T17:02:33Z</time></trkpt><trkpt lat="34.723569" lon="-119.845895"><ele>1230.0</ele><time>2026-05-25T17:02:46Z</time></trkpt><trkpt lat="34.723526" lon="-119.845918"><ele>1236.0</ele><time>2026-05-25T17:02:53Z</time></trkpt><trkpt lat="34.723485" lon="-119.845984"><ele>1243.0</ele><time>2026-05-25T17:03:09Z</time></trkpt><trkpt lat="34.723259" lon="-119.846182"><ele>1254.0</ele><time>2026-05-25T17:04:10Z</time></trkpt><trkpt lat="34.723184" lon="-119.846237"><ele>1251.0</ele><time>2026-05-25T17:04:25Z</time></trkpt><trkpt lat="34.723168" lon="-119.846286"><ele>1252.0</ele><time>2026-05-25T17:04:31Z</time></trkpt><trkpt lat="34.72313" lon="-119.846328"><ele>1258.0</ele><time>2026-05-25T17:04:44Z</time></trkpt><trkpt lat="34.723086" lon="-119.846425"><ele>1254.0</ele><time>2026-05-25T17:05:05Z</time></trkpt><trkpt lat="34.72305" lon="-119.846467"><ele>1255.0</ele><time>2026-05-25T17:05:16Z</time></trkpt><trkpt lat="34.723026" lon="-119.846485"><ele>1261.0</ele><time>2026-05-25T17:05:24Z</time></trkpt><trkpt lat="34.72298" lon="-119.846493"><ele>1262.0</ele><time>2026-05-25T17:05:34Z</time></trkpt><trkpt lat="34.722949" lon="-119.846481"><ele>1270.0</ele><time>2026-05-25T17:05:41Z</time></trkpt><trkpt lat="34.722811" lon="-119.846535"><ele>1266.0</ele><time>2026-05-25T17:06:03Z</time></trkpt><trkpt lat="34.722785" lon="-119.846558"><ele>1265.0</ele><time>2026-05-25T17:06:07Z</time></trkpt><trkpt lat="34.722762" lon="-119.846638"><ele>1263.0</ele><time>2026-05-25T17:06:17Z</time></trkpt><trkpt lat="34.722708" lon="-119.846715"><ele>1277.0</ele><time>2026-05-25T17:06:29Z</time></trkpt><trkpt lat="34.72271" lon="-119.846769"><ele>1277.0</ele><time>2026-05-25T17:06:32Z</time></trkpt><trkpt lat="34.722785" lon="-119.8469"><ele>1275.0</ele><time>2026-05-25T17:06:45Z</time></trkpt><trkpt lat="34.722882" lon="-119.847038"><ele>1273.0</ele><time>2026-05-25T17:07:00Z</time></trkpt><trkpt lat="34.722936" lon="-119.847095"><ele>1276.0</ele><time>2026-05-25T17:07:08Z</time></trkpt><trkpt lat="34.723001" lon="-119.847129"><ele>1273.0</ele><time>2026-05-25T17:07:15Z</time></trkpt><trkpt lat="34.723072" lon="-119.847271"><ele>1277.2</ele><time>2026-05-25T17:07:44Z</time></trkpt><trkpt lat="34.72307" lon="-119.847293"><ele>1277.0</ele><time>2026-05-25T17:07:46Z</time></trkpt><trkpt lat="34.723035" lon="-119.847312"><ele>1278.0</ele><time>2026-05-25T17:07:51Z</time></trkpt><trkpt lat="34.723032" lon="-119.847375"><ele>1285.0</ele><time>2026-05-25T17:07:58Z</time></trkpt><trkpt lat="34.723042" lon="-119.847412"><ele>1281.0</ele><time>2026-05-25T17:08:02Z</time></trkpt><trkpt lat="34.722952" lon="-119.847515"><ele>1285.0</ele><time>2026-05-25T17:08:22Z</time></trkpt><trkpt lat="34.722887" lon="-119.847497"><ele>1288.0</ele><time>2026-05-25T17:08:32Z</time></trkpt><trkpt lat="34.722873" lon="-119.847523"><ele>1287.0</ele><time>2026-05-25T17:08:34Z</time></trkpt><trkpt lat="34.722763" lon="-119.847629"><ele>1287.0</ele><time>2026-05-25T17:08:55Z</time></trkpt><trkpt lat="34.722728" lon="-119.847637"><ele>1286.0</ele><time>2026-05-25T17:09:00Z</time></trkpt><trkpt lat="34.722691" lon="-119.847594"><ele>1291.0</ele><time>2026-05-25T17:09:09Z</time></trkpt><trkpt lat="34.722565" lon="-119.84763"><ele>1299.0</ele><time>2026-05-25T17:09:31Z</time></trkpt><trkpt lat="34.722497" lon="-119.847673"><ele>1296.0</ele><time>2026-05-25T17:09:42Z</time></trkpt><trkpt lat="34.7224" lon="-119.847607"><ele>1299.0</ele><time>2026-05-25T17:10:08Z</time></trkpt><trkpt lat="34.72233" lon="-119.847624"><ele>1300.0</ele><time>2026-05-25T17:10:18Z</time></trkpt><trkpt lat="34.722312" lon="-119.847666"><ele>1300.0</ele><time>2026-05-25T17:10:27Z</time></trkpt><trkpt lat="34.722275" lon="-119.847656"><ele>1300.0</ele><time>2026-05-25T17:10:42Z</time></trkpt><trkpt lat="34.72225" lon="-119.847679"><ele>1303.0</ele><time>2026-05-25T17:10:55Z</time></trkpt><trkpt lat="34.722229" lon="-119.847746"><ele>1304.0</ele><time>2026-05-25T17:11:05Z</time></trkpt><trkpt lat="34.722187" lon="-119.847741"><ele>1304.0</ele><time>2026-05-25T17:11:15Z</time></trkpt><trkpt lat="34.722168" lon="-119.847766"><ele>1308.0</ele><time>2026-05-25T17:11:22Z</time></trkpt><trkpt lat="34.722117" lon="-119.847802"><ele>1306.0</ele><time>2026-05-25T17:11:38Z</time></trkpt><trkpt lat="34.72206" lon="-119.847875"><ele>1320.4</ele><time>2026-05-25T17:11:54Z</time></trkpt><trkpt lat="34.722068" lon="-119.847893"><ele>1318.0</ele><time>2026-05-25T17:11:56Z</time></trkpt><trkpt lat="34.722051" lon="-119.847958"><ele>1318.0</ele><time>2026-05-25T17:12:06Z</time></trkpt><trkpt lat="34.721971" lon="-119.848011"><ele>1325.0</ele><time>2026-05-25T17:12:25Z</time></trkpt><trkpt lat="34.721951" lon="-119.84804"><ele>1318.0</ele><time>2026-05-25T17:12:30Z</time></trkpt><trkpt lat="34.721916" lon="-119.848057"><ele>1323.0</ele><time>2026-05-25T17:12:46Z</time></trkpt><trkpt lat="34.72192" lon="-119.848096"><ele>1320.0</ele><time>2026-05-25T17:12:59Z</time></trkpt><trkpt lat="34.721907" lon="-119.848184"><ele>1326.0</ele><time>2026-05-25T17:13:13Z</time></trkpt><trkpt lat="34.721855" lon="-119.848234"><ele>1326.0</ele><time>2026-05-25T17:13:23Z</time></trkpt><trkpt lat="34.721812" lon="-119.848232"><ele>1332.0</ele><time>2026-05-25T17:13:34Z</time></trkpt><trkpt lat="34.72179" lon="-119.848246"><ele>1331.0</ele><time>2026-05-25T17:13:39Z</time></trkpt><trkpt lat="34.721756" lon="-119.848282"><ele>1328.0</ele><time>2026-05-25T17:13:46Z</time></trkpt><trkpt lat="34.721761" lon="-119.848322"><ele>1330.0</ele><time>2026-05-25T17:13:52Z</time></trkpt><trkpt lat="34.7217" lon="-119.848337"><ele>1331.0</ele><time>2026-05-25T17:14:18Z</time></trkpt><trkpt lat="34.721665" lon="-119.848361"><ele>1334.0</ele><time>2026-05-25T17:14:25Z</time></trkpt><trkpt lat="34.721672" lon="-119.848387"><ele>1342.0</ele><time>2026-05-25T17:14:33Z</time></trkpt><trkpt lat="34.721629" lon="-119.84841"><ele>1337.0</ele><time>2026-05-25T17:14:53Z</time></trkpt><trkpt lat="34.721594" lon="-119.848479"><ele>1342.0</ele><time>2026-05-25T17:15:20Z</time></trkpt><trkpt lat="34.721551" lon="-119.848535"><ele>1353.0</ele><time>2026-05-25T17:15:40Z</time></trkpt><trkpt lat="34.721542" lon="-119.848604"><ele>1350.0</ele><time>2026-05-25T17:15:52Z</time></trkpt><trkpt lat="34.721516" lon="-119.84864"><ele>1352.0</ele><time>2026-05-25T17:16:07Z</time></trkpt><trkpt lat="34.721474" lon="-119.848651"><ele>1357.0</ele><time>2026-05-25T17:16:24Z</time></trkpt><trkpt lat="34.721467" lon="-119.848686"><ele>1352.0</ele><time>2026-05-25T17:16:31Z</time></trkpt><trkpt lat="34.721437" lon="-119.848696"><ele>1356.0</ele><time>2026-05-25T17:16:40Z</time></trkpt><trkpt lat="34.721409" lon="-119.848724"><ele>1353.0</ele><time>2026-05-25T17:16:50Z</time></trkpt><trkpt lat="34.721389" lon="-119.848704"><ele>1359.0</ele><time>2026-05-25T17:16:56Z</time></trkpt><trkpt lat="34.72135" lon="-119.848793"><ele>1356.0</ele><time>2026-05-25T17:17:19Z</time></trkpt><trkpt lat="34.72131" lon="-119.848804"><ele>1360.0</ele><time>2026-05-25T17:17:32Z</time></trkpt><trkpt lat="34.72131" lon="-119.84887"><ele>1364.0</ele><time>2026-05-25T17:17:44Z</time></trkpt><trkpt lat="34.721258" lon="-119.848911"><ele>1367.0</ele><time>2026-05-25T17:19:07Z</time></trkpt><trkpt lat="34.721276" lon="-119.848992"><ele>1365.0</ele><time>2026-05-25T17:19:37Z</time></trkpt><trkpt lat="34.721251" lon="-119.849063"><ele>1369.0</ele><time>2026-05-25T17:19:46Z</time></trkpt><trkpt lat="34.721268" lon="-119.849105"><ele>1374.0</ele><time>2026-05-25T17:19:52Z</time></trkpt><trkpt lat="34.721216" lon="-119.849181"><ele>1376.0</ele><time>2026-05-25T17:20:10Z</time></trkpt><trkpt lat="34.721142" lon="-119.849233"><ele>1372.0</ele><time>2026-05-25T17:20:26Z</time></trkpt><trkpt lat="34.721081" lon="-119.849249"><ele>1378.0</ele><time>2026-05-25T17:20:40Z</time></trkpt><trkpt lat="34.721063" lon="-119.849322"><ele>1377.0</ele><time>2026-05-25T17:20:53Z</time></trkpt><trkpt lat="34.721075" lon="-119.849377"><ele>1383.0</ele><time>2026-05-25T17:21:00Z</time></trkpt><trkpt lat="34.721017" lon="-119.849442"><ele>1393.0</ele><time>2026-05-25T17:21:17Z</time></trkpt><trkpt lat="34.720987" lon="-119.849497"><ele>1390.0</ele><time>2026-05-25T17:21:33Z</time></trkpt><trkpt lat="34.720929" lon="-119.849537"><ele>1390.0</ele><time>2026-05-25T17:21:47Z</time></trkpt><trkpt lat="34.720874" lon="-119.849516"><ele>1390.0</ele><time>2026-05-25T17:21:59Z</time></trkpt><trkpt lat="34.720798" lon="-119.849513"><ele>1392.0</ele><time>2026-05-25T17:22:13Z</time></trkpt><trkpt lat="34.720774" lon="-119.849485"><ele>1400.0</ele><time>2026-05-25T17:22:20Z</time></trkpt><trkpt lat="34.720733" lon="-119.849487"><ele>1400.0</ele><time>2026-05-25T17:22:28Z</time></trkpt><trkpt lat="34.720649" lon="-119.849468"><ele>1398.0</ele><time>2026-05-25T17:22:47Z</time></trkpt><trkpt lat="34.720606" lon="-119.849478"><ele>1400.0</ele><time>2026-05-25T17:22:57Z</time></trkpt><trkpt lat="34.720526" lon="-119.849399"><ele>1400.0</ele><time>2026-05-25T17:23:25Z</time></trkpt><trkpt lat="34.720471" lon="-119.849419"><ele>1400.0</ele><time>2026-05-25T17:23:40Z</time></trkpt><trkpt lat="34.720422" lon="-119.849423"><ele>1410.0</ele><time>2026-05-25T17:23:58Z</time></trkpt><trkpt lat="34.720413" lon="-119.849462"><ele>1412.0</ele><time>2026-05-25T17:24:05Z</time></trkpt><trkpt lat="34.72038" lon="-119.849501"><ele>1410.0</ele><time>2026-05-25T17:24:14Z</time></trkpt><trkpt lat="34.720278" lon="-119.849492"><ele>1417.0</ele><time>2026-05-25T17:24:34Z</time></trkpt><trkpt lat="34.720198" lon="-119.849537"><ele>1421.0</ele><time>2026-05-25T17:24:50Z</time></trkpt><trkpt lat="34.720167" lon="-119.849634"><ele>1420.0</ele><time>2026-05-25T17:25:07Z</time></trkpt><trkpt lat="34.720198" lon="-119.849775"><ele>1420.0</ele><time>2026-05-25T17:25:25Z</time></trkpt><trkpt lat="34.72013" lon="-119.849721"><ele>1423.0</ele><time>2026-05-25T17:25:39Z</time></trkpt><trkpt lat="34.720119" lon="-119.849806"><ele>1423.0</ele><time>2026-05-25T17:25:48Z</time></trkpt><trkpt lat="34.720104" lon="-119.849843"><ele>1421.0</ele><time>2026-05-25T17:25:53Z</time></trkpt><trkpt lat="34.720073" lon="-119.849821"><ele>1425.0</ele><time>2026-05-25T17:25:59Z</time></trkpt><trkpt lat="34.72004" lon="-119.849837"><ele>1422.0</ele><time>2026-05-25T17:26:05Z</time></trkpt><trkpt lat="34.71998" lon="-119.849818"><ele>1434.0</ele><time>2026-05-25T17:26:18Z</time></trkpt><trkpt lat="34.719894" lon="-119.84988"><ele>1432.0</ele><time>2026-05-25T17:26:33Z</time></trkpt><trkpt lat="34.719861" lon="-119.849839"><ele>1432.0</ele><time>2026-05-25T17:26:46Z</time></trkpt><trkpt lat="34.719814" lon="-119.849875"><ele>1431.0</ele><time>2026-05-25T17:27:00Z</time></trkpt><trkpt lat="34.719744" lon="-119.849882"><ele>1439.0</ele><time>2026-05-25T17:27:24Z</time></trkpt><trkpt lat="34.71967" lon="-119.84985"><ele>1441.0</ele><time>2026-05-25T17:27:47Z</time></trkpt><trkpt lat="34.719596" lon="-119.849852"><ele>1442.0</ele><time>2026-05-25T17:28:07Z</time></trkpt><trkpt lat="34.719581" lon="-119.849897"><ele>1444.7</ele><time>2026-05-25T17:28:13Z</time></trkpt><trkpt lat="34.71952" lon="-119.849911"><ele>1447.0</ele><time>2026-05-25T17:28:22Z</time></trkpt><trkpt lat="34.719489" lon="-119.849938"><ele>1448.0</ele><time>2026-05-25T17:28:26Z</time></trkpt><trkpt lat="34.719413" lon="-119.849939"><ele>1448.0</ele><time>2026-05-25T17:28:35Z</time></trkpt><trkpt lat="34.719382" lon="-119.849953"><ele>1451.0</ele><time>2026-05-25T17:28:39Z</time></trkpt><trkpt lat="34.719368" lon="-119.84999"><ele>1451.0</ele><time>2026-05-25T17:28:44Z</time></trkpt><trkpt lat="34.719326" lon="-119.850011"><ele>1450.0</ele><time>2026-05-25T17:28:50Z</time></trkpt><trkpt lat="34.718997" lon="-119.850019"><ele>1460.0</ele><time>2026-05-25T17:30:23Z</time></trkpt><trkpt lat="34.718935" lon="-119.849983"><ele>1467.0</ele><time>2026-05-25T17:30:40Z</time></trkpt><trkpt lat="34.718955" lon="-119.850023"><ele>1464.0</ele><time>2026-05-25T17:31:30Z</time></trkpt><trkpt lat="34.718937" lon="-119.849976"><ele>1464.0</ele><time>2026-05-25T17:31:56Z</time></trkpt><trkpt lat="34.718807" lon="-119.849893"><ele>1469.0</ele><time>2026-05-25T17:32:21Z</time></trkpt><trkpt lat="34.718777" lon="-119.849897"><ele>1469.8</ele><time>2026-05-25T17:32:25Z</time></trkpt><trkpt lat="34.718737" lon="-119.84985"><ele>1474.0</ele><time>2026-05-25T17:32:37Z</time></trkpt><trkpt lat="34.718704" lon="-119.849837"><ele>1479.0</ele><time>2026-05-25T17:32:43Z</time></trkpt><trkpt lat="34.718666" lon="-119.849835"><ele>1479.0</ele><time>2026-05-25T17:32:48Z</time></trkpt><trkpt lat="34.718659" lon="-119.849887"><ele>1474.0</ele><time>2026-05-25T17:33:36Z</time></trkpt><trkpt lat="34.718628" lon="-119.849918"><ele>1474.0</ele><time>2026-05-25T17:34:06Z</time></trkpt><trkpt lat="34.718586" lon="-119.849875"><ele>1477.0</ele><time>2026-05-25T17:34:18Z</time></trkpt><trkpt lat="34.718435" lon="-119.849914"><ele>1476.0</ele><time>2026-05-25T17:35:00Z</time></trkpt><trkpt lat="34.718384" lon="-119.849953"><ele>1478.0</ele><time>2026-05-25T17:35:30Z</time></trkpt><trkpt lat="34.718353" lon="-119.849937"><ele>1488.0</ele><time>2026-05-25T17:35:42Z</time></trkpt><trkpt lat="34.71831" lon="-119.849946"><ele>1487.0</ele><time>2026-05-25T17:35:49Z</time></trkpt><trkpt lat="34.718277" lon="-119.849924"><ele>1490.0</ele><time>2026-05-25T17:35:56Z</time></trkpt><trkpt lat="34.71824" lon="-119.849924"><ele>1489.0</ele><time>2026-05-25T17:36:00Z</time></trkpt><trkpt lat="34.718191" lon="-119.849889"><ele>1490.0</ele><time>2026-05-25T17:36:08Z</time></trkpt><trkpt lat="34.718152" lon="-119.849912"><ele>1490.0</ele><time>2026-05-25T17:36:15Z</time></trkpt><trkpt lat="34.718107" lon="-119.849842"><ele>1497.0</ele><time>2026-05-25T17:36:31Z</time></trkpt><trkpt lat="34.718035" lon="-119.849819"><ele>1495.0</ele><time>2026-05-25T17:36:41Z</time></trkpt><trkpt lat="34.717923" lon="-119.849668"><ele>1502.0</ele><time>2026-05-25T17:37:08Z</time></trkpt><trkpt lat="34.717863" lon="-119.849634"><ele>1495.0</ele><time>2026-05-25T17:37:20Z</time></trkpt><trkpt lat="34.71775" lon="-119.849616"><ele>1502.0</ele><time>2026-05-25T17:37:43Z</time></trkpt><trkpt lat="34.717669" lon="-119.849632"><ele>1510.0</ele><time>2026-05-25T17:38:15Z</time></trkpt><trkpt lat="34.71762" lon="-119.84973"><ele>1510.0</ele><time>2026-05-25T17:38:34Z</time></trkpt><trkpt lat="34.717432" lon="-119.849706"><ele>1526.0</ele><time>2026-05-25T17:39:15Z</time></trkpt><trkpt lat="34.717398" lon="-119.849721"><ele>1524.0</ele><time>2026-05-25T17:39:19Z</time></trkpt><trkpt lat="34.717393" lon="-119.849753"><ele>1518.0</ele><time>2026-05-25T17:39:23Z</time></trkpt><trkpt lat="34.717357" lon="-119.849753"><ele>1525.0</ele><time>2026-05-25T17:39:29Z</time></trkpt><trkpt lat="34.717311" lon="-119.849804"><ele>1520.0</ele><time>2026-05-25T17:39:42Z</time></trkpt><trkpt lat="34.717265" lon="-119.849835"><ele>1524.0</ele><time>2026-05-25T17:39:53Z</time></trkpt><trkpt lat="34.71718" lon="-119.849838"><ele>1525.0</ele><time>2026-05-25T17:40:16Z</time></trkpt><trkpt lat="34.717153" lon="-119.849813"><ele>1532.0</ele><time>2026-05-25T17:40:43Z</time></trkpt><trkpt lat="34.717115" lon="-119.849802"><ele>1530.0</ele><time>2026-05-25T17:40:51Z</time></trkpt><trkpt lat="34.717082" lon="-119.849817"><ele>1528.0</ele><time>2026-05-25T17:41:02Z</time></trkpt><trkpt lat="34.717038" lon="-119.849821"><ele>1531.0</ele><time>2026-05-25T17:41:14Z</time></trkpt><trkpt lat="34.716876" lon="-119.849725"><ele>1541.0</ele><time>2026-05-25T17:41:52Z</time></trkpt><trkpt lat="34.71676" lon="-119.849644"><ele>1541.0</ele><time>2026-05-25T17:42:40Z</time></trkpt><trkpt lat="34.716689" lon="-119.849541"><ele>1544.0</ele><time>2026-05-25T17:42:59Z</time></trkpt><trkpt lat="34.716586" lon="-119.849595"><ele>1548.0</ele><time>2026-05-25T17:43:25Z</time></trkpt><trkpt lat="34.716421" lon="-119.849571"><ele>1558.0</ele><time>2026-05-25T17:44:01Z</time></trkpt><trkpt lat="34.716402" lon="-119.849641"><ele>1564.0</ele><time>2026-05-25T17:44:09Z</time></trkpt><trkpt lat="34.716367" lon="-119.849653"><ele>1561.0</ele><time>2026-05-25T17:44:17Z</time></trkpt><trkpt lat="34.716332" lon="-119.849715"><ele>1554.0</ele><time>2026-05-25T17:44:31Z</time></trkpt><trkpt lat="34.716297" lon="-119.849714"><ele>1554.0</ele><time>2026-05-25T17:44:40Z</time></trkpt><trkpt lat="34.716249" lon="-119.849737"><ele>1562.0</ele><time>2026-05-25T17:44:58Z</time></trkpt><trkpt lat="34.716166" lon="-119.849734"><ele>1562.0</ele><time>2026-05-25T17:45:27Z</time></trkpt><trkpt lat="34.716164" lon="-119.849711"><ele>1570.0</ele><time>2026-05-25T17:45:36Z</time></trkpt><trkpt lat="34.716105" lon="-119.849701"><ele>1572.0</ele><time>2026-05-25T17:45:48Z</time></trkpt><trkpt lat="34.715993" lon="-119.849623"><ele>1570.0</ele><time>2026-05-25T17:46:25Z</time></trkpt><trkpt lat="34.715978" lon="-119.849593"><ele>1576.0</ele><time>2026-05-25T17:46:32Z</time></trkpt><trkpt lat="34.715941" lon="-119.849589"><ele>1575.9</ele><time>2026-05-25T17:46:36Z</time></trkpt><trkpt lat="34.715885" lon="-119.84955"><ele>1576.0</ele><time>2026-05-25T17:46:57Z</time></trkpt><trkpt lat="34.715854" lon="-119.849546"><ele>1584.0</ele><time>2026-05-25T17:47:05Z</time></trkpt><trkpt lat="34.715669" lon="-119.849611"><ele>1582.0</ele><time>2026-05-25T17:47:57Z</time></trkpt><trkpt lat="34.715635" lon="-119.849606"><ele>1585.0</ele><time>2026-05-25T17:48:03Z</time></trkpt><trkpt lat="34.715605" lon="-119.849638"><ele>1588.0</ele><time>2026-05-25T17:48:08Z</time></trkpt><trkpt lat="34.715586" lon="-119.849685"><ele>1586.0</ele><time>2026-05-25T17:48:33Z</time></trkpt><trkpt lat="34.715507" lon="-119.849682"><ele>1591.0</ele><time>2026-05-25T17:48:57Z</time></trkpt><trkpt lat="34.715453" lon="-119.849722"><ele>1590.0</ele><time>2026-05-25T17:49:03Z</time></trkpt><trkpt lat="34.715379" lon="-119.849705"><ele>1591.0</ele><time>2026-05-25T17:49:10Z</time></trkpt><trkpt lat="34.715223" lon="-119.849781"><ele>1592.0</ele><time>2026-05-25T17:49:28Z</time></trkpt><trkpt lat="34.7151" lon="-119.849852"><ele>1592.0</ele><time>2026-05-25T17:50:08Z</time></trkpt><trkpt lat="34.715069" lon="-119.84985"><ele>1596.0</ele><time>2026-05-25T17:50:13Z</time></trkpt><trkpt lat="34.715035" lon="-119.849869"><ele>1596.0</ele><time>2026-05-25T17:50:24Z</time></trkpt><trkpt lat="34.714926" lon="-119.849858"><ele>1593.0</ele><time>2026-05-25T17:50:43Z</time></trkpt><trkpt lat="34.714892" lon="-119.849872"><ele>1598.0</ele><time>2026-05-25T17:50:51Z</time></trkpt><trkpt lat="34.714826" lon="-119.849852"><ele>1604.0</ele><time>2026-05-25T17:51:02Z</time></trkpt><trkpt lat="34.714788" lon="-119.849861"><ele>1603.0</ele><time>2026-05-25T17:51:06Z</time></trkpt><trkpt lat="34.714711" lon="-119.849813"><ele>1605.0</ele><time>2026-05-25T17:51:18Z</time></trkpt><trkpt lat="34.714653" lon="-119.849804"><ele>1611.0</ele><time>2026-05-25T17:51:27Z</time></trkpt><trkpt lat="34.714614" lon="-119.849922"><ele>1608.0</ele><time>2026-05-25T17:51:55Z</time></trkpt><trkpt lat="34.714621" lon="-119.849957"><ele>1600.0</ele><time>2026-05-25T17:58:05Z</time></trkpt><trkpt lat="34.714593" lon="-119.849986"><ele>1600.0</ele><time>2026-05-25T18:01:06Z</time></trkpt><trkpt lat="34.714551" lon="-119.849983"><ele>1610.0</ele><time>2026-05-25T18:01:15Z</time></trkpt><trkpt lat="34.714531" lon="-119.850025"><ele>1612.0</ele><time>2026-05-25T18:01:36Z</time></trkpt><trkpt lat="34.714545" lon="-119.850063"><ele>1610.0</ele><time>2026-05-25T18:02:19Z</time></trkpt><trkpt lat="34.714506" lon="-119.850105"><ele>1610.0</ele><time>2026-05-25T18:03:01Z</time></trkpt><trkpt lat="34.714459" lon="-119.850094"><ele>1610.0</ele><time>2026-05-25T18:03:31Z</time></trkpt><trkpt lat="34.714339" lon="-119.850134"><ele>1615.0</ele><time>2026-05-25T18:04:01Z</time></trkpt><trkpt lat="34.714324" lon="-119.850162"><ele>1616.0</ele><time>2026-05-25T18:04:05Z</time></trkpt><trkpt lat="34.714275" lon="-119.850142"><ele>1623.0</ele><time>2026-05-25T18:04:15Z</time></trkpt><trkpt lat="34.714234" lon="-119.850149"><ele>1623.0</ele><time>2026-05-25T18:04:21Z</time></trkpt><trkpt lat="34.714198" lon="-119.850199"><ele>1624.0</ele><time>2026-05-25T18:04:26Z</time></trkpt><trkpt lat="34.7141" lon="-119.8502"><ele>1622.0</ele><time>2026-05-25T18:04:39Z</time></trkpt><trkpt lat="34.714048" lon="-119.85028"><ele>1620.0</ele><time>2026-05-25T18:05:08Z</time></trkpt><trkpt lat="34.714012" lon="-119.850312"><ele>1620.0</ele><time>2026-05-25T18:05:25Z</time></trkpt><trkpt lat="34.713913" lon="-119.850324"><ele>1624.0</ele><time>2026-05-25T18:05:41Z</time></trkpt><trkpt lat="34.713852" lon="-119.850401"><ele>1624.0</ele><time>2026-05-25T18:06:31Z</time></trkpt><trkpt lat="34.713846" lon="-119.850375"><ele>1624.0</ele><time>2026-05-25T18:07:35Z</time></trkpt><trkpt lat="34.713886" lon="-119.850385"><ele>1626.0</ele><time>2026-05-25T18:08:20Z</time></trkpt><trkpt lat="34.713723" lon="-119.850402"><ele>1625.0</ele><time>2026-05-25T18:10:17Z</time></trkpt><trkpt lat="34.713687" lon="-119.850369"><ele>1627.0</ele><time>2026-05-25T18:10:23Z</time></trkpt><trkpt lat="34.713639" lon="-119.850375"><ele>1625.0</ele><time>2026-05-25T18:10:29Z</time></trkpt><trkpt lat="34.713584" lon="-119.850359"><ele>1620.0</ele><time>2026-05-25T18:10:45Z</time></trkpt><trkpt lat="34.713554" lon="-119.850365"><ele>1627.0</ele><time>2026-05-25T18:10:55Z</time></trkpt><trkpt lat="34.713508" lon="-119.850397"><ele>1624.0</ele><time>2026-05-25T18:11:03Z</time></trkpt><trkpt lat="34.713468" lon="-119.8504"><ele>1624.0</ele><time>2026-05-25T18:11:13Z</time></trkpt><trkpt lat="34.713455" lon="-119.850267"><ele>1629.0</ele><time>2026-05-25T18:11:32Z</time></trkpt><trkpt lat="34.713368" lon="-119.850042"><ele>1631.1</ele><time>2026-05-25T18:11:49Z</time></trkpt><trkpt lat="34.71338" lon="-119.850011"><ele>1629.0</ele><time>2026-05-25T18:11:51Z</time></trkpt><trkpt lat="34.713417" lon="-119.849971"><ele>1632.1</ele><time>2026-05-25T18:11:53Z</time></trkpt><trkpt lat="34.713356" lon="-119.849941"><ele>1630.0</ele><time>2026-05-25T18:11:56Z</time></trkpt><trkpt lat="34.713311" lon="-119.849857"><ele>1629.0</ele><time>2026-05-25T18:12:04Z</time></trkpt><trkpt lat="34.713308" lon="-119.849823"><ele>1629.0</ele><time>2026-05-25T18:12:07Z</time></trkpt><trkpt lat="34.713267" lon="-119.84976"><ele>1630.0</ele><time>2026-05-25T18:12:11Z</time></trkpt><trkpt lat="34.713221" lon="-119.849566"><ele>1630.0</ele><time>2026-05-25T18:12:25Z</time></trkpt><trkpt lat="34.713184" lon="-119.849499"><ele>1630.0</ele><time>2026-05-25T18:12:30Z</time></trkpt><trkpt lat="34.713161" lon="-119.849432"><ele>1630.0</ele><time>2026-05-25T18:12:35Z</time></trkpt><trkpt lat="34.713005" lon="-119.849153"><ele>1630.0</ele><time>2026-05-25T18:13:01Z</time></trkpt><trkpt lat="34.712938" lon="-119.849088"><ele>1630.0</ele><time>2026-05-25T18:13:23Z</time></trkpt><trkpt lat="34.712952" lon="-119.849113"><ele>1634.0</ele><time>2026-05-25T18:14:06Z</time></trkpt><trkpt lat="34.712935" lon="-119.849085"><ele>1632.0</ele><time>2026-05-25T18:14:09Z</time></trkpt><trkpt lat="34.712903" lon="-119.849059"><ele>1634.0</ele><time>2026-05-25T18:14:13Z</time></trkpt><trkpt lat="34.712898" lon="-119.849089"><ele>1632.0</ele><time>2026-05-25T18:14:22Z</time></trkpt><trkpt lat="34.712702" lon="-119.848985"><ele>1633.0</ele><time>2026-05-25T18:15:07Z</time></trkpt><trkpt lat="34.712655" lon="-119.848986"><ele>1631.0</ele><time>2026-05-25T18:16:06Z</time></trkpt><trkpt lat="34.712627" lon="-119.848946"><ele>1639.0</ele><time>2026-05-25T18:17:07Z</time></trkpt><trkpt lat="34.712581" lon="-119.848986"><ele>1637.0</ele><time>2026-05-25T18:17:18Z</time></trkpt><trkpt lat="34.712521" lon="-119.84895"><ele>1638.0</ele><time>2026-05-25T18:17:29Z</time></trkpt><trkpt lat="34.712433" lon="-119.84896"><ele>1641.0</ele><time>2026-05-25T18:17:41Z</time></trkpt><trkpt lat="34.712408" lon="-119.848985"><ele>1638.0</ele><time>2026-05-25T18:17:47Z</time></trkpt><trkpt lat="34.712375" lon="-119.848997"><ele>1643.0</ele><time>2026-05-25T18:18:18Z</time></trkpt><trkpt lat="34.712282" lon="-119.849003"><ele>1646.0</ele><time>2026-05-25T18:18:33Z</time></trkpt><trkpt lat="34.712249" lon="-119.848979"><ele>1648.0</ele><time>2026-05-25T18:19:02Z</time></trkpt><trkpt lat="34.712185" lon="-119.848987"><ele>1648.0</ele><time>2026-05-25T18:19:32Z</time></trkpt><trkpt lat="34.711956" lon="-119.848875"><ele>1646.0</ele><time>2026-05-25T18:19:57Z</time></trkpt><trkpt lat="34.711912" lon="-119.848817"><ele>1646.0</ele><time>2026-05-25T18:20:04Z</time></trkpt><trkpt lat="34.711863" lon="-119.848792"><ele>1644.0</ele><time>2026-05-25T18:20:20Z</time></trkpt><trkpt lat="34.711857" lon="-119.848731"><ele>1647.0</ele><time>2026-05-25T18:20:28Z</time></trkpt><trkpt lat="34.711798" lon="-119.848683"><ele>1644.0</ele><time>2026-05-25T18:20:34Z</time></trkpt><trkpt lat="34.71174" lon="-119.848598"><ele>1647.0</ele><time>2026-05-25T18:20:44Z</time></trkpt><trkpt lat="34.711626" lon="-119.848525"><ele>1653.0</ele><time>2026-05-25T18:20:57Z</time></trkpt><trkpt lat="34.711526" lon="-119.848505"><ele>1653.0</ele><time>2026-05-25T18:21:07Z</time></trkpt><trkpt lat="34.711356" lon="-119.84851"><ele>1653.0</ele><time>2026-05-25T18:21:23Z</time></trkpt><trkpt lat="34.711187" lon="-119.848573"><ele>1649.0</ele><time>2026-05-25T18:21:38Z</time></trkpt><trkpt lat="34.711074" lon="-119.848582"><ele>1653.0</ele><time>2026-05-25T18:21:48Z</time></trkpt><trkpt lat="34.710849" lon="-119.848565"><ele>1653.7</ele><time>2026-05-25T18:22:05Z</time></trkpt><trkpt lat="34.710809" lon="-119.84853"><ele>1654.0</ele><time>2026-05-25T18:22:08Z</time></trkpt><trkpt lat="34.710773" lon="-119.84853"><ele>1653.0</ele><time>2026-05-25T18:22:11Z</time></trkpt><trkpt lat="34.710683" lon="-119.848462"><ele>1659.0</ele><time>2026-05-25T18:22:21Z</time></trkpt><trkpt lat="34.71064" lon="-119.848454"><ele>1658.0</ele><time>2026-05-25T18:22:24Z</time></trkpt><trkpt lat="34.710579" lon="-119.84841"><ele>1660.0</ele><time>2026-05-25T18:22:31Z</time></trkpt><trkpt lat="34.710567" lon="-119.84838"><ele>1659.0</ele><time>2026-05-25T18:22:34Z</time></trkpt><trkpt lat="34.710562" lon="-119.848319"><ele>1660.0</ele><time>2026-05-25T18:22:41Z</time></trkpt><trkpt lat="34.710587" lon="-119.848273"><ele>1657.0</ele><time>2026-05-25T18:23:27Z</time></trkpt><trkpt lat="34.710624" lon="-119.848271"><ele>1651.0</ele><time>2026-05-25T18:24:00Z</time></trkpt><trkpt lat="34.710537" lon="-119.848222"><ele>1657.0</ele><time>2026-05-25T18:24:08Z</time></trkpt><trkpt lat="34.710594" lon="-119.848286"><ele>1658.0</ele><time>2026-05-25T18:24:32Z</time></trkpt><trkpt lat="34.710527" lon="-119.848269"><ele>1661.0</ele><time>2026-05-25T18:24:37Z</time></trkpt><trkpt lat="34.710452" lon="-119.848282"><ele>1663.0</ele><time>2026-05-25T18:24:45Z</time></trkpt><trkpt lat="34.710401" lon="-119.848278"><ele>1651.0</ele><time>2026-05-25T18:24:58Z</time></trkpt><trkpt lat="34.710285" lon="-119.848175"><ele>1664.0</ele><time>2026-05-25T18:25:29Z</time></trkpt><trkpt lat="34.710238" lon="-119.848164"><ele>1664.0</ele><time>2026-05-25T18:25:56Z</time></trkpt><trkpt lat="34.709998" lon="-119.847909"><ele>1668.0</ele><time>2026-05-25T18:28:10Z</time></trkpt><trkpt lat="34.709898" lon="-119.847866"><ele>1668.0</ele><time>2026-05-25T18:28:27Z</time></trkpt><trkpt lat="34.709813" lon="-119.847869"><ele>1671.0</ele><time>2026-05-25T18:28:37Z</time></trkpt><trkpt lat="34.709688" lon="-119.847913"><ele>1673.0</ele><time>2026-05-25T18:28:49Z</time></trkpt><trkpt lat="34.709643" lon="-119.847916"><ele>1674.0</ele><time>2026-05-25T18:28:54Z</time></trkpt><trkpt lat="34.709612" lon="-119.847949"><ele>1672.0</ele><time>2026-05-25T18:28:57Z</time></trkpt><trkpt lat="34.709508" lon="-119.847991"><ele>1674.0</ele><time>2026-05-25T18:29:10Z</time></trkpt><trkpt lat="34.709591" lon="-119.847944"><ele>1672.9</ele><time>2026-05-25T18:29:14Z</time></trkpt><trkpt lat="34.70935" lon="-119.848047"><ele>1678.0</ele><time>2026-05-25T18:29:27Z</time></trkpt><trkpt lat="34.709328" lon="-119.848068"><ele>1677.0</ele><time>2026-05-25T18:29:30Z</time></trkpt><trkpt lat="34.709243" lon="-119.848099"><ele>1678.0</ele><time>2026-05-25T18:29:38Z</time></trkpt><trkpt lat="34.709167" lon="-119.84812"><ele>1680.0</ele><time>2026-05-25T18:29:48Z</time></trkpt><trkpt lat="34.709132" lon="-119.848113"><ele>1680.0</ele><time>2026-05-25T18:29:53Z</time></trkpt><trkpt lat="34.709034" lon="-119.848144"><ele>1683.0</ele><time>2026-05-25T18:30:06Z</time></trkpt><trkpt lat="34.70897" lon="-119.848139"><ele>1684.0</ele><time>2026-05-25T18:30:13Z</time></trkpt><trkpt lat="34.708839" lon="-119.848218"><ele>1686.0</ele><time>2026-05-25T18:30:27Z</time></trkpt><trkpt lat="34.70882" lon="-119.848249"><ele>1684.0</ele><time>2026-05-25T18:30:32Z</time></trkpt><trkpt lat="34.708774" lon="-119.848281"><ele>1684.0</ele><time>2026-05-25T18:30:39Z</time></trkpt><trkpt lat="34.708715" lon="-119.848367"><ele>1685.0</ele><time>2026-05-25T18:30:47Z</time></trkpt><trkpt lat="34.70866" lon="-119.84842"><ele>1687.0</ele><time>2026-05-25T18:30:53Z</time></trkpt><trkpt lat="34.708622" lon="-119.848423"><ele>1687.0</ele><time>2026-05-25T18:30:57Z</time></trkpt><trkpt lat="34.70852" lon="-119.848463"><ele>1688.0</ele><time>2026-05-25T18:31:06Z</time></trkpt><trkpt lat="34.708429" lon="-119.848524"><ele>1688.0</ele><time>2026-05-25T18:31:19Z</time></trkpt><trkpt lat="34.708424" lon="-119.848558"><ele>1689.0</ele><time>2026-05-25T18:31:36Z</time></trkpt><trkpt lat="34.708345" lon="-119.848557"><ele>1690.0</ele><time>2026-05-25T18:31:44Z</time></trkpt><trkpt lat="34.708291" lon="-119.848489"><ele>1689.0</ele><time>2026-05-25T18:31:52Z</time></trkpt><trkpt lat="34.708313" lon="-119.84843"><ele>1690.0</ele><time>2026-05-25T18:32:00Z</time></trkpt><trkpt lat="34.708385" lon="-119.848356"><ele>1692.0</ele><time>2026-05-25T18:32:09Z</time></trkpt><trkpt lat="34.708433" lon="-119.848212"><ele>1692.0</ele><time>2026-05-25T18:32:22Z</time></trkpt><trkpt lat="34.708425" lon="-119.848"><ele>1692.0</ele><time>2026-05-25T18:32:38Z</time></trkpt><trkpt lat="34.708391" lon="-119.847942"><ele>1692.0</ele><time>2026-05-25T18:32:43Z</time></trkpt><trkpt lat="34.708337" lon="-119.847896"><ele>1692.0</ele><time>2026-05-25T18:32:48Z</time></trkpt><trkpt lat="34.70829" lon="-119.847834"><ele>1693.0</ele><time>2026-05-25T18:32:53Z</time></trkpt><trkpt lat="34.708205" lon="-119.847812"><ele>1697.0</ele><time>2026-05-25T18:35:05Z</time></trkpt><trkpt lat="34.708182" lon="-119.847783"><ele>1696.0</ele><time>2026-05-25T18:35:58Z</time></trkpt><trkpt lat="34.708145" lon="-119.847766"><ele>1695.0</ele><time>2026-05-25T18:36:02Z</time></trkpt><trkpt lat="34.708045" lon="-119.847678"><ele>1698.0</ele><time>2026-05-25T18:36:15Z</time></trkpt><trkpt lat="34.707961" lon="-119.847642"><ele>1698.0</ele><time>2026-05-25T18:36:25Z</time></trkpt><trkpt lat="34.707924" lon="-119.847635"><ele>1700.0</ele><time>2026-05-25T18:36:30Z</time></trkpt><trkpt lat="34.707869" lon="-119.847597"><ele>1700.0</ele><time>2026-05-25T18:36:36Z</time></trkpt><trkpt lat="34.707761" lon="-119.84755"><ele>1702.0</ele><time>2026-05-25T18:36:50Z</time></trkpt><trkpt lat="34.707697" lon="-119.84751"><ele>1704.0</ele><time>2026-05-25T18:36:56Z</time></trkpt><trkpt lat="34.70765" lon="-119.847459"><ele>1704.0</ele><time>2026-05-25T18:37:02Z</time></trkpt><trkpt lat="34.707586" lon="-119.847415"><ele>1704.0</ele><time>2026-05-25T18:37:08Z</time></trkpt><trkpt lat="34.707432" lon="-119.847356"><ele>1706.0</ele><time>2026-05-25T18:37:21Z</time></trkpt><trkpt lat="34.707396" lon="-119.847283"><ele>1708.0</ele><time>2026-05-25T18:37:30Z</time></trkpt><trkpt lat="34.707365" lon="-119.847266"><ele>1707.0</ele><time>2026-05-25T18:37:34Z</time></trkpt><trkpt lat="34.707343" lon="-119.847187"><ele>1707.0</ele><time>2026-05-25T18:37:44Z</time></trkpt><trkpt lat="34.707262" lon="-119.847113"><ele>1707.0</ele><time>2026-05-25T18:37:51Z</time></trkpt><trkpt lat="34.707254" lon="-119.847071"><ele>1707.0</ele><time>2026-05-25T18:37:53Z</time></trkpt><trkpt lat="34.707225" lon="-119.847016"><ele>1708.0</ele><time>2026-05-25T18:37:59Z</time></trkpt><trkpt lat="34.707209" lon="-119.846943"><ele>1709.0</ele><time>2026-05-25T18:38:05Z</time></trkpt><trkpt lat="34.707185" lon="-119.846901"><ele>1710.9</ele><time>2026-05-25T18:38:09Z</time></trkpt><trkpt lat="34.707085" lon="-119.846797"><ele>1703.0</ele><time>2026-05-25T18:38:36Z</time></trkpt><trkpt lat="34.707081" lon="-119.846752"><ele>1705.0</ele><time>2026-05-25T18:38:58Z</time></trkpt><trkpt lat="34.707076" lon="-119.846778"><ele>1709.9</ele><time>2026-05-25T18:39:07Z</time></trkpt><trkpt lat="34.707055" lon="-119.846738"><ele>1708.0</ele><time>2026-05-25T18:39:10Z</time></trkpt><trkpt lat="34.70699" lon="-119.846659"><ele>1710.0</ele><time>2026-05-25T18:39:34Z</time></trkpt><trkpt lat="34.706876" lon="-119.84659"><ele>1710.0</ele><time>2026-05-25T18:39:45Z</time></trkpt><trkpt lat="34.70684" lon="-119.846579"><ele>1710.0</ele><time>2026-05-25T18:39:48Z</time></trkpt><trkpt lat="34.706802" lon="-119.846548"><ele>1710.0</ele><time>2026-05-25T18:39:52Z</time></trkpt><trkpt lat="34.706762" lon="-119.846486"><ele>1710.0</ele><time>2026-05-25T18:39:58Z</time></trkpt><trkpt lat="34.706733" lon="-119.846465"><ele>1710.0</ele><time>2026-05-25T18:40:01Z</time></trkpt><trkpt lat="34.706715" lon="-119.846427"><ele>1710.0</ele><time>2026-05-25T18:40:04Z</time></trkpt><trkpt lat="34.706715" lon="-119.846397"><ele>1710.0</ele><time>2026-05-25T18:40:07Z</time></trkpt><trkpt lat="34.706754" lon="-119.846281"><ele>1712.0</ele><time>2026-05-25T18:40:18Z</time></trkpt><trkpt lat="34.706649" lon="-119.846148"><ele>1718.0</ele><time>2026-05-25T18:40:35Z</time></trkpt><trkpt lat="34.706582" lon="-119.846114"><ele>1718.7</ele><time>2026-05-25T18:40:50Z</time></trkpt><trkpt lat="34.706536" lon="-119.846034"><ele>1718.0</ele><time>2026-05-25T18:40:59Z</time></trkpt><trkpt lat="34.706493" lon="-119.845992"><ele>1716.0</ele><time>2026-05-25T18:41:09Z</time></trkpt><trkpt lat="34.706429" lon="-119.845902"><ele>1722.0</ele><time>2026-05-25T18:41:26Z</time></trkpt><trkpt lat="34.706444" lon="-119.84594"><ele>1715.0</ele><time>2026-05-25T18:41:43Z</time></trkpt><trkpt lat="34.706475" lon="-119.845925"><ele>1717.0</ele><time>2026-05-25T18:41:50Z</time></trkpt><trkpt lat="34.706502" lon="-119.845883"><ele>1716.0</ele><time>2026-05-25T18:41:54Z</time></trkpt><trkpt lat="34.706532" lon="-119.845881"><ele>1716.0</ele><time>2026-05-25T18:41:57Z</time></trkpt><trkpt lat="34.706554" lon="-119.845853"><ele>1717.0</ele><time>2026-05-25T18:42:00Z</time></trkpt><trkpt lat="34.706567" lon="-119.845813"><ele>1701.0</ele><time>2026-05-25T18:42:15Z</time></trkpt><trkpt lat="34.706676" lon="-119.845815"><ele>1716.0</ele><time>2026-05-25T18:42:32Z</time></trkpt><trkpt lat="34.706634" lon="-119.845799"><ele>1705.0</ele><time>2026-05-25T18:42:49Z</time></trkpt><trkpt lat="34.706627" lon="-119.845866"><ele>1710.0</ele><time>2026-05-25T18:43:16Z</time></trkpt><trkpt lat="34.706572" lon="-119.845825"><ele>1715.3</ele><time>2026-05-25T18:43:25Z</time></trkpt><trkpt lat="34.706561" lon="-119.845788"><ele>1714.0</ele><time>2026-05-25T18:43:28Z</time></trkpt><trkpt lat="34.706489" lon="-119.845859"><ele>1717.0</ele><time>2026-05-25T18:43:57Z</time></trkpt><trkpt lat="34.706549" lon="-119.84581"><ele>1716.0</ele><time>2026-05-25T18:44:16Z</time></trkpt><trkpt lat="34.706543" lon="-119.845769"><ele>1715.0</ele><time>2026-05-25T18:45:20Z</time></trkpt><trkpt lat="34.706547" lon="-119.845746"><ele>1717.0</ele><time>2026-05-25T18:49:36Z</time></trkpt><trkpt lat="34.706521" lon="-119.845817"><ele>1718.0</ele><time>2026-05-25T18:49:55Z</time></trkpt><trkpt lat="34.706516" lon="-119.845779"><ele>1718.0</ele><time>2026-05-25T18:50:00Z</time></trkpt><trkpt lat="34.706532" lon="-119.84582"><ele>1714.0</ele><time>2026-05-25T18:51:02Z</time></trkpt><trkpt lat="34.706526" lon="-119.845756"><ele>1719.1</ele><time>2026-05-25T18:51:30Z</time></trkpt><trkpt lat="34.706569" lon="-119.845765"><ele>1718.0</ele><time>2026-05-25T18:51:39Z</time></trkpt><trkpt lat="34.706584" lon="-119.845819"><ele>1710.0</ele><time>2026-05-25T18:52:01Z</time></trkpt><trkpt lat="34.706567" lon="-119.845726"><ele>1715.0</ele><time>2026-05-25T18:52:11Z</time></trkpt><trkpt lat="34.706538" lon="-119.845744"><ele>1718.0</ele><time>2026-05-25T18:52:38Z</time></trkpt><trkpt lat="34.706445" lon="-119.845666"><ele>1713.0</ele><time>2026-05-25T18:52:56Z</time></trkpt><trkpt lat="34.706525" lon="-119.845812"><ele>1720.2</ele><time>2026-05-25T18:52:58Z</time></trkpt><trkpt lat="34.706531" lon="-119.84578"><ele>1716.0</ele><time>2026-05-25T18:53:29Z</time></trkpt><trkpt lat="34.70654" lon="-119.845798"><ele>1716.0</ele><time>2026-05-25T18:53:51Z</time></trkpt><trkpt lat="34.706572" lon="-119.845813"><ele>1713.0</ele><time>2026-05-25T18:54:18Z</time></trkpt><trkpt lat="34.706621" lon="-119.845819"><ele>1716.0</ele><time>2026-05-25T18:54:44Z</time></trkpt><trkpt lat="34.706593" lon="-119.845801"><ele>1712.0</ele><time>2026-05-25T18:54:54Z</time></trkpt><trkpt lat="34.706644" lon="-119.845779"><ele>1714.0</ele><time>2026-05-25T18:55:12Z</time></trkpt><trkpt lat="34.706607" lon="-119.845755"><ele>1714.4</ele><time>2026-05-25T18:55:16Z</time></trkpt><trkpt lat="34.706585" lon="-119.845658"><ele>1714.0</ele><time>2026-05-25T18:55:23Z</time></trkpt><trkpt lat="34.70662" lon="-119.845558"><ele>1718.0</ele><time>2026-05-25T18:55:32Z</time></trkpt><trkpt lat="34.706641" lon="-119.845535"><ele>1718.0</ele><time>2026-05-25T18:55:35Z</time></trkpt><trkpt lat="34.706645" lon="-119.8455"><ele>1719.0</ele><time>2026-05-25T18:55:38Z</time></trkpt><trkpt lat="34.706709" lon="-119.845405"><ele>1720.0</ele><time>2026-05-25T18:55:52Z</time></trkpt><trkpt lat="34.706771" lon="-119.84536"><ele>1719.0</ele><time>2026-05-25T18:56:02Z</time></trkpt><trkpt lat="34.706817" lon="-119.845267"><ele>1718.0</ele><time>2026-05-25T18:56:10Z</time></trkpt><trkpt lat="34.70688" lon="-119.845177"><ele>1719.0</ele><time>2026-05-25T18:56:20Z</time></trkpt><trkpt lat="34.706925" lon="-119.845036"><ele>1716.0</ele><time>2026-05-25T18:56:48Z</time></trkpt><trkpt lat="34.707017" lon="-119.844904"><ele>1721.0</ele><time>2026-05-25T18:57:03Z</time></trkpt><trkpt lat="34.707001" lon="-119.844779"><ele>1721.0</ele><time>2026-05-25T18:57:09Z</time></trkpt><trkpt lat="34.706975" lon="-119.8447"><ele>1720.0</ele><time>2026-05-25T18:57:15Z</time></trkpt><trkpt lat="34.706943" lon="-119.84464"><ele>1722.0</ele><time>2026-05-25T18:57:21Z</time></trkpt><trkpt lat="34.706895" lon="-119.844582"><ele>1724.0</ele><time>2026-05-25T18:57:27Z</time></trkpt><trkpt lat="34.706867" lon="-119.84438"><ele>1724.0</ele><time>2026-05-25T18:57:50Z</time></trkpt><trkpt lat="34.706898" lon="-119.844298"><ele>1724.0</ele><time>2026-05-25T18:57:56Z</time></trkpt><trkpt lat="34.706872" lon="-119.844278"><ele>1724.0</ele><time>2026-05-25T18:57:58Z</time></trkpt><trkpt lat="34.706938" lon="-119.844134"><ele>1722.0</ele><time>2026-05-25T18:58:13Z</time></trkpt><trkpt lat="34.707013" lon="-119.843845"><ele>1722.0</ele><time>2026-05-25T18:58:40Z</time></trkpt><trkpt lat="34.707032" lon="-119.843731"><ele>1723.0</ele><time>2026-05-25T18:58:48Z</time></trkpt><trkpt lat="34.707052" lon="-119.84369"><ele>1724.0</ele><time>2026-05-25T18:58:52Z</time></trkpt><trkpt lat="34.707052" lon="-119.843622"><ele>1725.0</ele><time>2026-05-25T18:58:59Z</time></trkpt><trkpt lat="34.707079" lon="-119.843522"><ele>1726.0</ele><time>2026-05-25T18:59:06Z</time></trkpt><trkpt lat="34.707037" lon="-119.843382"><ele>1728.0</ele><time>2026-05-25T18:59:16Z</time></trkpt><trkpt lat="34.706964" lon="-119.843204"><ele>1730.0</ele><time>2026-05-25T18:59:36Z</time></trkpt><trkpt lat="34.706974" lon="-119.843171"><ele>1733.0</ele><time>2026-05-25T18:59:40Z</time></trkpt><trkpt lat="34.706963" lon="-119.843136"><ele>1734.0</ele><time>2026-05-25T18:59:44Z</time></trkpt><trkpt lat="34.706973" lon="-119.84306"><ele>1732.0</ele><time>2026-05-25T19:00:00Z</time></trkpt><trkpt lat="34.706927" lon="-119.843035"><ele>1734.0</ele><time>2026-05-25T19:00:12Z</time></trkpt><trkpt lat="34.706869" lon="-119.842885"><ele>1734.0</ele><time>2026-05-25T19:00:23Z</time></trkpt><trkpt lat="34.706843" lon="-119.842868"><ele>1734.0</ele><time>2026-05-25T19:00:25Z</time></trkpt><trkpt lat="34.706821" lon="-119.842805"><ele>1734.0</ele><time>2026-05-25T19:00:30Z</time></trkpt><trkpt lat="34.706761" lon="-119.842703"><ele>1736.0</ele><time>2026-05-25T19:00:38Z</time></trkpt><trkpt lat="34.706732" lon="-119.842681"><ele>1736.0</ele><time>2026-05-25T19:00:47Z</time></trkpt><trkpt lat="34.706668" lon="-119.842527"><ele>1736.0</ele><time>2026-05-25T19:01:19Z</time></trkpt><trkpt lat="34.706553" lon="-119.842323"><ele>1737.0</ele><time>2026-05-25T19:01:53Z</time></trkpt><trkpt lat="34.706506" lon="-119.842269"><ele>1729.0</ele><time>2026-05-25T19:02:03Z</time></trkpt><trkpt lat="34.706443" lon="-119.842044"><ele>1737.0</ele><time>2026-05-25T19:02:51Z</time></trkpt><trkpt lat="34.706333" lon="-119.841911"><ele>1738.0</ele><time>2026-05-25T19:03:04Z</time></trkpt><trkpt lat="34.706279" lon="-119.841776"><ele>1740.0</ele><time>2026-05-25T19:03:15Z</time></trkpt><trkpt lat="34.706274" lon="-119.841745"><ele>1740.0</ele><time>2026-05-25T19:03:17Z</time></trkpt><trkpt lat="34.706257" lon="-119.841718"><ele>1739.0</ele><time>2026-05-25T19:03:23Z</time></trkpt><trkpt lat="34.70622" lon="-119.841581"><ele>1736.0</ele><time>2026-05-25T19:04:01Z</time></trkpt><trkpt lat="34.706219" lon="-119.841517"><ele>1739.7</ele><time>2026-05-25T19:04:07Z</time></trkpt><trkpt lat="34.706188" lon="-119.841524"><ele>1740.0</ele><time>2026-05-25T19:04:09Z</time></trkpt><trkpt lat="34.706187" lon="-119.841445"><ele>1738.0</ele><time>2026-05-25T19:04:35Z</time></trkpt><trkpt lat="34.706135" lon="-119.841362"><ele>1736.0</ele><time>2026-05-25T19:04:59Z</time></trkpt><trkpt lat="34.706114" lon="-119.841317"><ele>1737.0</ele><time>2026-05-25T19:05:05Z</time></trkpt><trkpt lat="34.706105" lon="-119.84129"><ele>1736.0</ele><time>2026-05-25T19:05:50Z</time></trkpt><trkpt lat="34.706075" lon="-119.841252"><ele>1737.0</ele><time>2026-05-25T19:05:54Z</time></trkpt><trkpt lat="34.706088" lon="-119.84121"><ele>1735.0</ele><time>2026-05-25T19:06:06Z</time></trkpt><trkpt lat="34.706085" lon="-119.841114"><ele>1740.0</ele><time>2026-05-25T19:06:35Z</time></trkpt><trkpt lat="34.706042" lon="-119.841012"><ele>1737.0</ele><time>2026-05-25T19:06:44Z</time></trkpt><trkpt lat="34.706021" lon="-119.840934"><ele>1739.2</ele><time>2026-05-25T19:06:48Z</time></trkpt><trkpt lat="34.706023" lon="-119.840902"><ele>1738.0</ele><time>2026-05-25T19:06:50Z</time></trkpt><trkpt lat="34.705996" lon="-119.840839"><ele>1736.0</ele><time>2026-05-25T19:06:58Z</time></trkpt><trkpt lat="34.705969" lon="-119.840803"><ele>1736.0</ele><time>2026-05-25T19:07:04Z</time></trkpt><trkpt lat="34.705908" lon="-119.840661"><ele>1735.0</ele><time>2026-05-25T19:07:16Z</time></trkpt><trkpt lat="34.705812" lon="-119.84054"><ele>1734.0</ele><time>2026-05-25T19:07:27Z</time></trkpt><trkpt lat="34.70573" lon="-119.840384"><ele>1736.0</ele><time>2026-05-25T19:07:38Z</time></trkpt><trkpt lat="34.705665" lon="-119.8403"><ele>1736.0</ele><time>2026-05-25T19:07:45Z</time></trkpt><trkpt lat="34.705638" lon="-119.840193"><ele>1737.0</ele><time>2026-05-25T19:07:52Z</time></trkpt><trkpt lat="34.705609" lon="-119.840165"><ele>1737.0</ele><time>2026-05-25T19:07:55Z</time></trkpt><trkpt lat="34.705576" lon="-119.840155"><ele>1737.0</ele><time>2026-05-25T19:07:57Z</time></trkpt><trkpt lat="34.705472" lon="-119.840162"><ele>1734.0</ele><time>2026-05-25T19:08:17Z</time></trkpt><trkpt lat="34.705379" lon="-119.840132"><ele>1732.0</ele><time>2026-05-25T19:08:26Z</time></trkpt><trkpt lat="34.705294" lon="-119.840063"><ele>1734.0</ele><time>2026-05-25T19:08:36Z</time></trkpt><trkpt lat="34.70528" lon="-119.840023"><ele>1732.0</ele><time>2026-05-25T19:08:38Z</time></trkpt><trkpt lat="34.705282" lon="-119.839925"><ele>1734.0</ele><time>2026-05-25T19:08:43Z</time></trkpt><trkpt lat="34.705317" lon="-119.839831"><ele>1734.0</ele><time>2026-05-25T19:08:51Z</time></trkpt><trkpt lat="34.70531" lon="-119.839764"><ele>1734.0</ele><time>2026-05-25T19:08:56Z</time></trkpt><trkpt lat="34.70522" lon="-119.839634"><ele>1732.0</ele><time>2026-05-25T19:09:07Z</time></trkpt><trkpt lat="34.705169" lon="-119.839538"><ele>1732.0</ele><time>2026-05-25T19:09:14Z</time></trkpt><trkpt lat="34.705151" lon="-119.839459"><ele>1727.0</ele><time>2026-05-25T19:09:23Z</time></trkpt><trkpt lat="34.705116" lon="-119.839415"><ele>1727.0</ele><time>2026-05-25T19:09:50Z</time></trkpt><trkpt lat="34.70511" lon="-119.839474"><ele>1738.0</ele><time>2026-05-25T19:10:11Z</time></trkpt><trkpt lat="34.705174" lon="-119.83946"><ele>1725.0</ele><time>2026-05-25T19:10:21Z</time></trkpt><trkpt lat="34.705124" lon="-119.839397"><ele>1734.0</ele><time>2026-05-25T19:10:34Z</time></trkpt><trkpt lat="34.705205" lon="-119.839268"><ele>1733.0</ele><time>2026-05-25T19:10:48Z</time></trkpt><trkpt lat="34.705238" lon="-119.839147"><ele>1735.9</ele><time>2026-05-25T19:11:15Z</time></trkpt><trkpt lat="34.705318" lon="-119.839016"><ele>1734.0</ele><time>2026-05-25T19:11:24Z</time></trkpt><trkpt lat="34.705321" lon="-119.838958"><ele>1731.0</ele><time>2026-05-25T19:11:29Z</time></trkpt><trkpt lat="34.705265" lon="-119.838672"><ele>1733.0</ele><time>2026-05-25T19:11:45Z</time></trkpt><trkpt lat="34.705175" lon="-119.838462"><ele>1735.0</ele><time>2026-05-25T19:12:01Z</time></trkpt><trkpt lat="34.705116" lon="-119.838371"><ele>1736.0</ele><time>2026-05-25T19:12:10Z</time></trkpt><trkpt lat="34.705088" lon="-119.838346"><ele>1737.0</ele><time>2026-05-25T19:12:12Z</time></trkpt><trkpt lat="34.705035" lon="-119.838243"><ele>1740.0</ele><time>2026-05-25T19:12:20Z</time></trkpt><trkpt lat="34.705021" lon="-119.83828"><ele>1740.0</ele><time>2026-05-25T19:12:33Z</time></trkpt><trkpt lat="34.705027" lon="-119.838236"><ele>1740.0</ele><time>2026-05-25T19:12:46Z</time></trkpt><trkpt lat="34.704885" lon="-119.838036"><ele>1744.0</ele><time>2026-05-25T19:13:50Z</time></trkpt><trkpt lat="34.704885" lon="-119.837967"><ele>1743.0</ele><time>2026-05-25T19:13:57Z</time></trkpt><trkpt lat="34.704844" lon="-119.837904"><ele>1746.0</ele><time>2026-05-25T19:14:02Z</time></trkpt><trkpt lat="34.704816" lon="-119.837778"><ele>1746.0</ele><time>2026-05-25T19:14:11Z</time></trkpt><trkpt lat="34.704772" lon="-119.837647"><ele>1746.0</ele><time>2026-05-25T19:14:22Z</time></trkpt><trkpt lat="34.704678" lon="-119.837467"><ele>1749.0</ele><time>2026-05-25T19:14:37Z</time></trkpt><trkpt lat="34.704582" lon="-119.83731"><ele>1750.0</ele><time>2026-05-25T19:14:50Z</time></trkpt><trkpt lat="34.70458" lon="-119.837269"><ele>1748.0</ele><time>2026-05-25T19:15:08Z</time></trkpt><trkpt lat="34.704514" lon="-119.837215"><ele>1743.0</ele><time>2026-05-25T19:15:37Z</time></trkpt><trkpt lat="34.704487" lon="-119.837156"><ele>1751.0</ele><time>2026-05-25T19:15:53Z</time></trkpt><trkpt lat="34.704335" lon="-119.836939"><ele>1753.0</ele><time>2026-05-25T19:16:13Z</time></trkpt><trkpt lat="34.704325" lon="-119.83691"><ele>1753.0</ele><time>2026-05-25T19:16:16Z</time></trkpt><trkpt lat="34.704178" lon="-119.836738"><ele>1754.0</ele><time>2026-05-25T19:16:33Z</time></trkpt><trkpt lat="34.704113" lon="-119.836685"><ele>1755.0</ele><time>2026-05-25T19:16:39Z</time></trkpt><trkpt lat="34.704077" lon="-119.836629"><ele>1756.0</ele><time>2026-05-25T19:16:43Z</time></trkpt><trkpt lat="34.70391" lon="-119.836478"><ele>1756.0</ele><time>2026-05-25T19:17:06Z</time></trkpt><trkpt lat="34.70389" lon="-119.83648"><ele>1756.0</ele><time>2026-05-25T19:17:20Z</time></trkpt><trkpt lat="34.703779" lon="-119.836424"><ele>1758.0</ele><time>2026-05-25T19:17:30Z</time></trkpt><trkpt lat="34.70371" lon="-119.836358"><ele>1758.0</ele><time>2026-05-25T19:17:39Z</time></trkpt><trkpt lat="34.703635" lon="-119.836322"><ele>1755.0</ele><time>2026-05-25T19:18:41Z</time></trkpt><trkpt lat="34.703578" lon="-119.836276"><ele>1760.0</ele><time>2026-05-25T19:18:47Z</time></trkpt><trkpt lat="34.703524" lon="-119.836213"><ele>1764.0</ele><time>2026-05-25T19:18:56Z</time></trkpt><trkpt lat="34.703411" lon="-119.83619"><ele>1758.0</ele><time>2026-05-25T19:19:16Z</time></trkpt><trkpt lat="34.703547" lon="-119.836162"><ele>1760.0</ele><time>2026-05-25T19:19:49Z</time></trkpt><trkpt lat="34.703704" lon="-119.836061"><ele>1761.0</ele><time>2026-05-25T19:20:04Z</time></trkpt><trkpt lat="34.703842" lon="-119.835988"><ele>1764.0</ele><time>2026-05-25T19:20:16Z</time></trkpt><trkpt lat="34.703899" lon="-119.835943"><ele>1764.0</ele><time>2026-05-25T19:20:21Z</time></trkpt><trkpt lat="34.703905" lon="-119.835896"><ele>1761.0</ele><time>2026-05-25T19:20:29Z</time></trkpt><trkpt lat="34.703929" lon="-119.835893"><ele>1759.0</ele><time>2026-05-25T19:20:49Z</time></trkpt><trkpt lat="34.703962" lon="-119.835911"><ele>1760.0</ele><time>2026-05-25T19:21:11Z</time></trkpt><trkpt lat="34.704005" lon="-119.835903"><ele>1757.0</ele><time>2026-05-25T19:22:16Z</time></trkpt><trkpt lat="34.704068" lon="-119.835854"><ele>1764.0</ele><time>2026-05-25T19:23:14Z</time></trkpt><trkpt lat="34.704095" lon="-119.835806"><ele>1762.0</ele><time>2026-05-25T19:23:24Z</time></trkpt><trkpt lat="34.704203" lon="-119.835679"><ele>1765.0</ele><time>2026-05-25T19:23:53Z</time></trkpt><trkpt lat="34.704247" lon="-119.835547"><ele>1764.0</ele><time>2026-05-25T19:24:06Z</time></trkpt><trkpt lat="34.704285" lon="-119.83549"><ele>1767.0</ele><time>2026-05-25T19:24:13Z</time></trkpt><trkpt lat="34.704267" lon="-119.835462"><ele>1764.0</ele><time>2026-05-25T19:24:17Z</time></trkpt><trkpt lat="34.704297" lon="-119.835428"><ele>1768.0</ele><time>2026-05-25T19:24:38Z</time></trkpt><trkpt lat="34.704332" lon="-119.835429"><ele>1769.1</ele><time>2026-05-25T19:24:42Z</time></trkpt><trkpt lat="34.70435" lon="-119.835357"><ele>1770.0</ele><time>2026-05-25T19:24:46Z</time></trkpt><trkpt lat="34.704403" lon="-119.83523"><ele>1770.0</ele><time>2026-05-25T19:24:58Z</time></trkpt><trkpt lat="34.704406" lon="-119.835162"><ele>1770.0</ele><time>2026-05-25T19:25:04Z</time></trkpt><trkpt lat="34.704423" lon="-119.835133"><ele>1770.0</ele><time>2026-05-25T19:25:07Z</time></trkpt><trkpt lat="34.704415" lon="-119.835096"><ele>1771.0</ele><time>2026-05-25T19:25:10Z</time></trkpt><trkpt lat="34.704421" lon="-119.834936"><ele>1773.0</ele><time>2026-05-25T19:25:24Z</time></trkpt><trkpt lat="34.704458" lon="-119.834899"><ele>1773.0</ele><time>2026-05-25T19:27:32Z</time></trkpt><trkpt lat="34.704486" lon="-119.834807"><ele>1773.0</ele><time>2026-05-25T19:27:40Z</time></trkpt><trkpt lat="34.704512" lon="-119.834822"><ele>1773.0</ele><time>2026-05-25T19:27:45Z</time></trkpt><trkpt lat="34.704515" lon="-119.834862"><ele>1773.0</ele><time>2026-05-25T19:28:21Z</time></trkpt><trkpt lat="34.704553" lon="-119.834807"><ele>1775.0</ele><time>2026-05-25T19:28:50Z</time></trkpt><trkpt lat="34.704516" lon="-119.834829"><ele>1773.0</ele><time>2026-05-25T19:29:01Z</time></trkpt><trkpt lat="34.704549" lon="-119.834819"><ele>1776.0</ele><time>2026-05-25T19:29:18Z</time></trkpt><trkpt lat="34.70456" lon="-119.834775"><ele>1776.0</ele><time>2026-05-25T19:29:22Z</time></trkpt><trkpt lat="34.704557" lon="-119.834738"><ele>1775.0</ele><time>2026-05-25T19:29:26Z</time></trkpt><trkpt lat="34.704606" lon="-119.834692"><ele>1775.0</ele><time>2026-05-25T19:29:44Z</time></trkpt><trkpt lat="34.704602" lon="-119.834657"><ele>1776.0</ele><time>2026-05-25T19:29:54Z</time></trkpt><trkpt lat="34.704628" lon="-119.834596"><ele>1779.0</ele><time>2026-05-25T19:30:04Z</time></trkpt><trkpt lat="34.704622" lon="-119.83453"><ele>1780.0</ele><time>2026-05-25T19:30:09Z</time></trkpt><trkpt lat="34.704634" lon="-119.834482"><ele>1779.0</ele><time>2026-05-25T19:30:13Z</time></trkpt><trkpt lat="34.704631" lon="-119.834431"><ele>1780.0</ele><time>2026-05-25T19:30:17Z</time></trkpt><trkpt lat="34.704693" lon="-119.834366"><ele>1780.0</ele><time>2026-05-25T19:30:28Z</time></trkpt><trkpt lat="34.704713" lon="-119.834275"><ele>1781.0</ele><time>2026-05-25T19:30:35Z</time></trkpt><trkpt lat="34.70471" lon="-119.834216"><ele>1782.0</ele><time>2026-05-25T19:30:37Z</time></trkpt><trkpt lat="34.704722" lon="-119.834182"><ele>1783.6</ele><time>2026-05-25T19:30:40Z</time></trkpt><trkpt lat="34.704761" lon="-119.834171"><ele>1782.0</ele><time>2026-05-25T19:30:43Z</time></trkpt><trkpt lat="34.704773" lon="-119.834144"><ele>1780.0</ele><time>2026-05-25T19:30:49Z</time></trkpt><trkpt lat="34.704812" lon="-119.834121"><ele>1784.0</ele><time>2026-05-25T19:30:55Z</time></trkpt><trkpt lat="34.704874" lon="-119.834056"><ele>1782.0</ele><time>2026-05-25T19:31:06Z</time></trkpt><trkpt lat="34.704904" lon="-119.833885"><ele>1770.0</ele><time>2026-05-25T19:31:41Z</time></trkpt><trkpt lat="34.70493" lon="-119.833824"><ele>1784.0</ele><time>2026-05-25T19:32:11Z</time></trkpt><trkpt lat="34.704944" lon="-119.833758"><ele>1788.0</ele><time>2026-05-25T19:32:26Z</time></trkpt><trkpt lat="34.70493" lon="-119.83373"><ele>1784.0</ele><time>2026-05-25T19:32:31Z</time></trkpt><trkpt lat="34.704972" lon="-119.833652"><ele>1787.0</ele><time>2026-05-25T19:32:56Z</time></trkpt><trkpt lat="34.704973" lon="-119.833579"><ele>1791.0</ele><time>2026-05-25T19:33:08Z</time></trkpt><trkpt lat="34.704948" lon="-119.833546"><ele>1791.0</ele><time>2026-05-25T19:33:57Z</time></trkpt><trkpt lat="34.70495" lon="-119.833527"><ele>1790.0</ele><time>2026-05-25T19:33:59Z</time></trkpt><trkpt lat="34.704974" lon="-119.833488"><ele>1793.0</ele><time>2026-05-25T19:35:05Z</time></trkpt><trkpt lat="34.70495" lon="-119.833479"><ele>1790.0</ele><time>2026-05-25T19:35:57Z</time></trkpt><trkpt lat="34.705064" lon="-119.83327"><ele>1794.0</ele><time>2026-05-25T19:37:08Z</time></trkpt><trkpt lat="34.705122" lon="-119.833209"><ele>1796.0</ele><time>2026-05-25T19:37:14Z</time></trkpt><trkpt lat="34.705134" lon="-119.833144"><ele>1796.0</ele><time>2026-05-25T19:37:21Z</time></trkpt><trkpt lat="34.705166" lon="-119.833108"><ele>1797.0</ele><time>2026-05-25T19:37:26Z</time></trkpt><trkpt lat="34.70517" lon="-119.833052"><ele>1797.0</ele><time>2026-05-25T19:37:31Z</time></trkpt><trkpt lat="34.705152" lon="-119.833011"><ele>1797.0</ele><time>2026-05-25T19:38:13Z</time></trkpt><trkpt lat="34.7052" lon="-119.832814"><ele>1798.0</ele><time>2026-05-25T19:39:00Z</time></trkpt><trkpt lat="34.70525" lon="-119.83272"><ele>1802.0</ele><time>2026-05-25T19:39:16Z</time></trkpt><trkpt lat="34.705274" lon="-119.83258"><ele>1802.0</ele><time>2026-05-25T19:39:37Z</time></trkpt><trkpt lat="34.705283" lon="-119.832395"><ele>1806.0</ele><time>2026-05-25T19:39:54Z</time></trkpt><trkpt lat="34.705242" lon="-119.832362"><ele>1804.0</ele><time>2026-05-25T19:40:47Z</time></trkpt><trkpt lat="34.705262" lon="-119.832337"><ele>1804.0</ele><time>2026-05-25T19:41:04Z</time></trkpt><trkpt lat="34.705275" lon="-119.832271"><ele>1803.0</ele><time>2026-05-25T19:41:14Z</time></trkpt><trkpt lat="34.705259" lon="-119.832255"><ele>1806.0</ele><time>2026-05-25T19:41:32Z</time></trkpt><trkpt lat="34.705261" lon="-119.832209"><ele>1806.0</ele><time>2026-05-25T19:41:37Z</time></trkpt><trkpt lat="34.705247" lon="-119.832172"><ele>1806.0</ele><time>2026-05-25T19:41:44Z</time></trkpt><trkpt lat="34.705259" lon="-119.832128"><ele>1802.0</ele><time>2026-05-25T19:41:57Z</time></trkpt><trkpt lat="34.70522" lon="-119.832056"><ele>1804.0</ele><time>2026-05-25T19:42:08Z</time></trkpt><trkpt lat="34.705212" lon="-119.832009"><ele>1803.0</ele><time>2026-05-25T19:42:11Z</time></trkpt><trkpt lat="34.705252" lon="-119.832068"><ele>1806.6</ele><time>2026-05-25T19:42:26Z</time></trkpt><trkpt lat="34.705242" lon="-119.832053"><ele>1805.0</ele><time>2026-05-25T19:42:41Z</time></trkpt><trkpt lat="34.705273" lon="-119.832068"><ele>1804.0</ele><time>2026-05-25T19:42:59Z</time></trkpt><trkpt lat="34.705249" lon="-119.832098"><ele>1800.0</ele><time>2026-05-25T19:43:06Z</time></trkpt><trkpt lat="34.705264" lon="-119.832069"><ele>1800.0</ele><time>2026-05-25T19:43:14Z</time></trkpt><trkpt lat="34.705264" lon="-119.832028"><ele>1804.0</ele><time>2026-05-25T19:43:19Z</time></trkpt><trkpt lat="34.705296" lon="-119.83198"><ele>1805.2</ele><time>2026-05-25T19:43:25Z</time></trkpt><trkpt lat="34.705222" lon="-119.831799"><ele>1808.0</ele><time>2026-05-25T19:43:37Z</time></trkpt><trkpt lat="34.705216" lon="-119.831749"><ele>1806.0</ele><time>2026-05-25T19:43:44Z</time></trkpt><trkpt lat="34.705243" lon="-119.831694"><ele>1808.0</ele><time>2026-05-25T19:43:51Z</time></trkpt><trkpt lat="34.705241" lon="-119.831662"><ele>1811.0</ele><time>2026-05-25T19:43:55Z</time></trkpt><trkpt lat="34.705218" lon="-119.831633"><ele>1812.0</ele><time>2026-05-25T19:43:57Z</time></trkpt><trkpt lat="34.705209" lon="-119.831556"><ele>1812.0</ele><time>2026-05-25T19:44:05Z</time></trkpt><trkpt lat="34.70519" lon="-119.831539"><ele>1812.0</ele><time>2026-05-25T19:44:09Z</time></trkpt><trkpt lat="34.705177" lon="-119.831496"><ele>1813.5</ele><time>2026-05-25T19:44:14Z</time></trkpt><trkpt lat="34.705132" lon="-119.83141"><ele>1812.0</ele><time>2026-05-25T19:44:21Z</time></trkpt><trkpt lat="34.705144" lon="-119.831354"><ele>1813.0</ele><time>2026-05-25T19:44:28Z</time></trkpt><trkpt lat="34.705092" lon="-119.831219"><ele>1816.0</ele><time>2026-05-25T19:44:40Z</time></trkpt><trkpt lat="34.705099" lon="-119.831158"><ele>1816.0</ele><time>2026-05-25T19:44:48Z</time></trkpt><trkpt lat="34.705129" lon="-119.831135"><ele>1818.0</ele><time>2026-05-25T19:45:24Z</time></trkpt><trkpt lat="34.705077" lon="-119.831127"><ele>1812.0</ele><time>2026-05-25T19:46:30Z</time></trkpt><trkpt lat="34.705184" lon="-119.831171"><ele>1812.0</ele><time>2026-05-25T19:47:00Z</time></trkpt><trkpt lat="34.705169" lon="-119.831187"><ele>1814.0</ele><time>2026-05-25T19:47:35Z</time></trkpt><trkpt lat="34.705143" lon="-119.831165"><ele>1817.0</ele><time>2026-05-25T19:48:27Z</time></trkpt><trkpt lat="34.705114" lon="-119.831108"><ele>1800.0</ele><time>2026-05-25T19:49:00Z</time></trkpt><trkpt lat="34.705093" lon="-119.831136"><ele>1817.8</ele><time>2026-05-25T19:49:18Z</time></trkpt><trkpt lat="34.705117" lon="-119.831108"><ele>1817.0</ele><time>2026-05-25T19:49:20Z</time></trkpt><trkpt lat="34.705155" lon="-119.831028"><ele>1818.0</ele><time>2026-05-25T19:49:31Z</time></trkpt><trkpt lat="34.705159" lon="-119.830993"><ele>1820.0</ele><time>2026-05-25T19:49:33Z</time></trkpt><trkpt lat="34.705142" lon="-119.830865"><ele>1816.0</ele><time>2026-05-25T19:49:48Z</time></trkpt><trkpt lat="34.705133" lon="-119.830834"><ele>1819.0</ele><time>2026-05-25T19:49:59Z</time></trkpt><trkpt lat="34.705111" lon="-119.830811"><ele>1818.0</ele><time>2026-05-25T19:50:10Z</time></trkpt><trkpt lat="34.705151" lon="-119.830809"><ele>1819.0</ele><time>2026-05-25T19:50:31Z</time></trkpt><trkpt lat="34.705198" lon="-119.830506"><ele>1827.5</ele><time>2026-05-25T19:52:09Z</time></trkpt><trkpt lat="34.705201" lon="-119.830407"><ele>1828.0</ele><time>2026-05-25T19:52:16Z</time></trkpt><trkpt lat="34.705192" lon="-119.830328"><ele>1828.0</ele><time>2026-05-25T19:52:21Z</time></trkpt><trkpt lat="34.705226" lon="-119.830147"><ele>1830.0</ele><time>2026-05-25T19:52:58Z</time></trkpt><trkpt lat="34.705275" lon="-119.830029"><ele>1829.0</ele><time>2026-05-25T19:53:07Z</time></trkpt><trkpt lat="34.705247" lon="-119.829965"><ele>1830.0</ele><time>2026-05-25T19:53:11Z</time></trkpt><trkpt lat="34.705241" lon="-119.829894"><ele>1830.0</ele><time>2026-05-25T19:53:16Z</time></trkpt><trkpt lat="34.705221" lon="-119.829831"><ele>1828.0</ele><time>2026-05-25T19:53:20Z</time></trkpt><trkpt lat="34.705178" lon="-119.829773"><ele>1830.0</ele><time>2026-05-25T19:53:26Z</time></trkpt><trkpt lat="34.705114" lon="-119.82963"><ele>1829.0</ele><time>2026-05-25T19:53:37Z</time></trkpt><trkpt lat="34.705106" lon="-119.829513"><ele>1832.0</ele><time>2026-05-25T19:53:46Z</time></trkpt><trkpt lat="34.705172" lon="-119.829399"><ele>1833.0</ele><time>2026-05-25T19:53:58Z</time></trkpt><trkpt lat="34.705261" lon="-119.829296"><ele>1837.0</ele><time>2026-05-25T19:54:10Z</time></trkpt><trkpt lat="34.705273" lon="-119.829229"><ele>1839.0</ele><time>2026-05-25T19:54:16Z</time></trkpt><trkpt lat="34.705335" lon="-119.829076"><ele>1842.0</ele><time>2026-05-25T19:54:34Z</time></trkpt><trkpt lat="34.705385" lon="-119.82904"><ele>1845.0</ele><time>2026-05-25T19:54:40Z</time></trkpt><trkpt lat="34.705412" lon="-119.828957"><ele>1845.0</ele><time>2026-05-25T19:54:47Z</time></trkpt><trkpt lat="34.705412" lon="-119.828915"><ele>1848.0</ele><time>2026-05-25T19:54:50Z</time></trkpt><trkpt lat="34.705439" lon="-119.828861"><ele>1848.0</ele><time>2026-05-25T19:54:56Z</time></trkpt><trkpt lat="34.705482" lon="-119.82871"><ele>1852.0</ele><time>2026-05-25T19:55:10Z</time></trkpt><trkpt lat="34.705479" lon="-119.828661"><ele>1854.0</ele><time>2026-05-25T19:55:31Z</time></trkpt><trkpt lat="34.705509" lon="-119.828653"><ele>1852.0</ele><time>2026-05-25T19:56:30Z</time></trkpt><trkpt lat="34.70555" lon="-119.828613"><ele>1855.3</ele><time>2026-05-25T19:57:09Z</time></trkpt><trkpt lat="34.705556" lon="-119.828587"><ele>1855.0</ele><time>2026-05-25T19:57:11Z</time></trkpt><trkpt lat="34.70563" lon="-119.828504"><ele>1856.0</ele><time>2026-05-25T19:57:21Z</time></trkpt><trkpt lat="34.705652" lon="-119.828439"><ele>1854.0</ele><time>2026-05-25T19:57:25Z</time></trkpt><trkpt lat="34.705699" lon="-119.82838"><ele>1854.0</ele><time>2026-05-25T19:57:31Z</time></trkpt><trkpt lat="34.705775" lon="-119.828255"><ele>1854.0</ele><time>2026-05-25T19:57:47Z</time></trkpt><trkpt lat="34.705759" lon="-119.828218"><ele>1856.0</ele><time>2026-05-25T19:58:02Z</time></trkpt><trkpt lat="34.705758" lon="-119.828175"><ele>1848.0</ele><time>2026-05-25T19:58:15Z</time></trkpt><trkpt lat="34.705697" lon="-119.828132"><ele>1853.0</ele><time>2026-05-25T19:58:25Z</time></trkpt><trkpt lat="34.70568" lon="-119.828079"><ele>1852.0</ele><time>2026-05-25T19:58:30Z</time></trkpt><trkpt lat="34.705689" lon="-119.827972"><ele>1855.0</ele><time>2026-05-25T19:58:40Z</time></trkpt><trkpt lat="34.705764" lon="-119.827881"><ele>1860.1</ele><time>2026-05-25T19:58:49Z</time></trkpt><trkpt lat="34.70577" lon="-119.827855"><ele>1860.0</ele><time>2026-05-25T19:58:50Z</time></trkpt><trkpt lat="34.705887" lon="-119.827758"><ele>1863.0</ele><time>2026-05-25T19:59:04Z</time></trkpt><trkpt lat="34.705889" lon="-119.827709"><ele>1859.0</ele><time>2026-05-25T19:59:12Z</time></trkpt><trkpt lat="34.705937" lon="-119.82766"><ele>1862.0</ele><time>2026-05-25T19:59:46Z</time></trkpt><trkpt lat="34.705938" lon="-119.827578"><ele>1864.0</ele><time>2026-05-25T19:59:54Z</time></trkpt><trkpt lat="34.705957" lon="-119.827546"><ele>1864.0</ele><time>2026-05-25T19:59:57Z</time></trkpt><trkpt lat="34.705932" lon="-119.827487"><ele>1864.0</ele><time>2026-05-25T20:00:03Z</time></trkpt><trkpt lat="34.70597" lon="-119.827406"><ele>1867.0</ele><time>2026-05-25T20:00:10Z</time></trkpt><trkpt lat="34.70601" lon="-119.827396"><ele>1869.0</ele><time>2026-05-25T20:00:15Z</time></trkpt><trkpt lat="34.706073" lon="-119.827415"><ele>1869.0</ele><time>2026-05-25T20:00:21Z</time></trkpt><trkpt lat="34.706125" lon="-119.827401"><ele>1868.0</ele><time>2026-05-25T20:00:25Z</time></trkpt><trkpt lat="34.706174" lon="-119.827325"><ele>1868.0</ele><time>2026-05-25T20:00:32Z</time></trkpt><trkpt lat="34.70617" lon="-119.827229"><ele>1868.0</ele><time>2026-05-25T20:00:39Z</time></trkpt><trkpt lat="34.706189" lon="-119.827125"><ele>1869.0</ele><time>2026-05-25T20:00:46Z</time></trkpt><trkpt lat="34.706223" lon="-119.827028"><ele>1869.0</ele><time>2026-05-25T20:01:47Z</time></trkpt><trkpt lat="34.70625" lon="-119.826991"><ele>1869.0</ele><time>2026-05-25T20:01:50Z</time></trkpt><trkpt lat="34.706266" lon="-119.826895"><ele>1870.0</ele><time>2026-05-25T20:01:58Z</time></trkpt><trkpt lat="34.706317" lon="-119.826846"><ele>1872.0</ele><time>2026-05-25T20:02:04Z</time></trkpt><trkpt lat="34.706353" lon="-119.826846"><ele>1870.0</ele><time>2026-05-25T20:02:08Z</time></trkpt><trkpt lat="34.706335" lon="-119.826858"><ele>1871.0</ele><time>2026-05-25T20:02:20Z</time></trkpt><trkpt lat="34.706427" lon="-119.826851"><ele>1875.0</ele><time>2026-05-25T20:02:41Z</time></trkpt><trkpt lat="34.706461" lon="-119.826831"><ele>1874.0</ele><time>2026-05-25T20:02:43Z</time></trkpt><trkpt lat="34.7065" lon="-119.826768"><ele>1872.0</ele><time>2026-05-25T20:02:48Z</time></trkpt><trkpt lat="34.706504" lon="-119.826702"><ele>1872.0</ele><time>2026-05-25T20:02:56Z</time></trkpt><trkpt lat="34.70655" lon="-119.82664"><ele>1873.0</ele><time>2026-05-25T20:03:00Z</time></trkpt><trkpt lat="34.706549" lon="-119.826609"><ele>1874.1</ele><time>2026-05-25T20:03:02Z</time></trkpt><trkpt lat="34.706515" lon="-119.826509"><ele>1871.0</ele><time>2026-05-25T20:03:47Z</time></trkpt><trkpt lat="34.70648" lon="-119.826463"><ele>1872.0</ele><time>2026-05-25T20:03:57Z</time></trkpt><trkpt lat="34.706433" lon="-119.826527"><ele>1874.8</ele><time>2026-05-25T20:04:13Z</time></trkpt><trkpt lat="34.706456" lon="-119.826552"><ele>1872.0</ele><time>2026-05-25T20:04:19Z</time></trkpt><trkpt lat="34.706498" lon="-119.826508"><ele>1872.0</ele><time>2026-05-25T20:06:30Z</time></trkpt><trkpt lat="34.706487" lon="-119.826571"><ele>1874.0</ele><time>2026-05-25T20:07:14Z</time></trkpt><trkpt lat="34.706433" lon="-119.826565"><ele>1872.0</ele><time>2026-05-25T20:07:28Z</time></trkpt><trkpt lat="34.706479" lon="-119.826459"><ele>1876.0</ele><time>2026-05-25T20:07:38Z</time></trkpt><trkpt lat="34.706472" lon="-119.826377"><ele>1875.0</ele><time>2026-05-25T20:07:45Z</time></trkpt><trkpt lat="34.706447" lon="-119.826355"><ele>1877.0</ele><time>2026-05-25T20:07:49Z</time></trkpt><trkpt lat="34.70644" lon="-119.826292"><ele>1878.0</ele><time>2026-05-25T20:07:53Z</time></trkpt><trkpt lat="34.706411" lon="-119.82625"><ele>1872.0</ele><time>2026-05-25T20:08:02Z</time></trkpt><trkpt lat="34.70638" lon="-119.826258"><ele>1882.0</ele><time>2026-05-25T20:08:09Z</time></trkpt><trkpt lat="34.706402" lon="-119.826235"><ele>1880.0</ele><time>2026-05-25T20:08:10Z</time></trkpt><trkpt lat="34.70635" lon="-119.826097"><ele>1880.0</ele><time>2026-05-25T20:08:24Z</time></trkpt><trkpt lat="34.706341" lon="-119.825996"><ele>1884.0</ele><time>2026-05-25T20:08:34Z</time></trkpt><trkpt lat="34.706393" lon="-119.82596"><ele>1885.0</ele><time>2026-05-25T20:08:40Z</time></trkpt><trkpt lat="34.706419" lon="-119.825905"><ele>1888.0</ele><time>2026-05-25T20:08:45Z</time></trkpt><trkpt lat="34.706581" lon="-119.825924"><ele>1888.0</ele><time>2026-05-25T20:09:00Z</time></trkpt><trkpt lat="34.706621" lon="-119.825873"><ele>1885.0</ele><time>2026-05-25T20:09:04Z</time></trkpt><trkpt lat="34.706618" lon="-119.825795"><ele>1886.0</ele><time>2026-05-25T20:09:09Z</time></trkpt><trkpt lat="34.706573" lon="-119.825768"><ele>1880.0</ele><time>2026-05-25T20:09:20Z</time></trkpt><trkpt lat="34.706601" lon="-119.82561"><ele>1888.0</ele><time>2026-05-25T20:09:58Z</time></trkpt><trkpt lat="34.706725" lon="-119.825525"><ele>1892.7</ele><time>2026-05-25T20:10:17Z</time></trkpt><trkpt lat="34.706739" lon="-119.825485"><ele>1890.0</ele><time>2026-05-25T20:10:20Z</time></trkpt><trkpt lat="34.70672" lon="-119.825451"><ele>1890.0</ele><time>2026-05-25T20:10:24Z</time></trkpt><trkpt lat="34.706832" lon="-119.825392"><ele>1892.0</ele><time>2026-05-25T20:10:35Z</time></trkpt><trkpt lat="34.706869" lon="-119.825399"><ele>1892.0</ele><time>2026-05-25T20:10:38Z</time></trkpt><trkpt lat="34.7069" lon="-119.825393"><ele>1893.0</ele><time>2026-05-25T20:10:41Z</time></trkpt><trkpt lat="34.707005" lon="-119.825271"><ele>1895.0</ele><time>2026-05-25T20:10:54Z</time></trkpt><trkpt lat="34.707033" lon="-119.825202"><ele>1898.0</ele><time>2026-05-25T20:10:59Z</time></trkpt><trkpt lat="34.707064" lon="-119.825184"><ele>1898.0</ele><time>2026-05-25T20:11:01Z</time></trkpt><trkpt lat="34.707094" lon="-119.825105"><ele>1899.0</ele><time>2026-05-25T20:11:08Z</time></trkpt><trkpt lat="34.707071" lon="-119.825083"><ele>1892.0</ele><time>2026-05-25T20:11:16Z</time></trkpt><trkpt lat="34.707099" lon="-119.825052"><ele>1901.0</ele><time>2026-05-25T20:11:23Z</time></trkpt><trkpt lat="34.707132" lon="-119.824991"><ele>1902.0</ele><time>2026-05-25T20:11:30Z</time></trkpt><trkpt lat="34.707107" lon="-119.825028"><ele>1900.0</ele><time>2026-05-25T20:11:40Z</time></trkpt><trkpt lat="34.707125" lon="-119.824945"><ele>1902.0</ele><time>2026-05-25T20:11:55Z</time></trkpt><trkpt lat="34.707157" lon="-119.824921"><ele>1905.0</ele><time>2026-05-25T20:12:00Z</time></trkpt><trkpt lat="34.707159" lon="-119.824873"><ele>1904.0</ele><time>2026-05-25T20:12:03Z</time></trkpt><trkpt lat="34.707193" lon="-119.824889"><ele>1905.0</ele><time>2026-05-25T20:12:08Z</time></trkpt><trkpt lat="34.707244" lon="-119.824975"><ele>1908.4</ele><time>2026-05-25T20:12:19Z</time></trkpt><trkpt lat="34.707262" lon="-119.82504"><ele>1909.2</ele><time>2026-05-25T20:12:24Z</time></trkpt><trkpt lat="34.70731" lon="-119.825091"><ele>1908.0</ele><time>2026-05-25T20:12:29Z</time></trkpt><trkpt lat="34.707364" lon="-119.825179"><ele>1908.0</ele><time>2026-05-25T20:12:37Z</time></trkpt><trkpt lat="34.707392" lon="-119.825251"><ele>1908.0</ele><time>2026-05-25T20:12:44Z</time></trkpt><trkpt lat="34.707538" lon="-119.825382"><ele>1908.0</ele><time>2026-05-25T20:12:58Z</time></trkpt><trkpt lat="34.707638" lon="-119.825428"><ele>1908.0</ele><time>2026-05-25T20:13:08Z</time></trkpt><trkpt lat="34.707863" lon="-119.825501"><ele>1900.0</ele><time>2026-05-25T20:13:36Z</time></trkpt><trkpt lat="34.707889" lon="-119.825486"><ele>1912.0</ele><time>2026-05-25T20:14:03Z</time></trkpt><trkpt lat="34.707925" lon="-119.825483"><ele>1912.0</ele><time>2026-05-25T20:14:15Z</time></trkpt><trkpt lat="34.708028" lon="-119.825508"><ele>1916.0</ele><time>2026-05-25T20:14:25Z</time></trkpt><trkpt lat="34.708068" lon="-119.825506"><ele>1915.0</ele><time>2026-05-25T20:14:29Z</time></trkpt><trkpt lat="34.708144" lon="-119.825475"><ele>1916.0</ele><time>2026-05-25T20:14:37Z</time></trkpt><trkpt lat="34.708197" lon="-119.825482"><ele>1916.0</ele><time>2026-05-25T20:14:41Z</time></trkpt><trkpt lat="34.708232" lon="-119.825462"><ele>1917.0</ele><time>2026-05-25T20:14:45Z</time></trkpt><trkpt lat="34.708294" lon="-119.825479"><ele>1918.0</ele><time>2026-05-25T20:14:52Z</time></trkpt><trkpt lat="34.708374" lon="-119.825433"><ele>1918.0</ele><time>2026-05-25T20:14:59Z</time></trkpt><trkpt lat="34.708415" lon="-119.825374"><ele>1917.0</ele><time>2026-05-25T20:15:05Z</time></trkpt><trkpt lat="34.708419" lon="-119.825337"><ele>1918.0</ele><time>2026-05-25T20:15:08Z</time></trkpt><trkpt lat="34.708402" lon="-119.82531"><ele>1916.0</ele><time>2026-05-25T20:15:12Z</time></trkpt><trkpt lat="34.708333" lon="-119.825305"><ele>1917.0</ele><time>2026-05-25T20:15:20Z</time></trkpt><trkpt lat="34.708124" lon="-119.825182"><ele>1922.0</ele><time>2026-05-25T20:15:41Z</time></trkpt><trkpt lat="34.708081" lon="-119.825142"><ele>1923.0</ele><time>2026-05-25T20:15:47Z</time></trkpt><trkpt lat="34.707964" lon="-119.825063"><ele>1925.0</ele><time>2026-05-25T20:15:59Z</time></trkpt><trkpt lat="34.707926" lon="-119.824997"><ele>1926.0</ele><time>2026-05-25T20:16:09Z</time></trkpt><trkpt lat="34.708111" lon="-119.825014"><ele>1932.0</ele><time>2026-05-25T20:16:31Z</time></trkpt><trkpt lat="34.708155" lon="-119.825009"><ele>1932.0</ele><time>2026-05-25T20:16:36Z</time></trkpt><trkpt lat="34.708236" lon="-119.824934"><ele>1932.0</ele><time>2026-05-25T20:16:46Z</time></trkpt><trkpt lat="34.708268" lon="-119.824912"><ele>1935.0</ele><time>2026-05-25T20:16:50Z</time></trkpt><trkpt lat="34.708326" lon="-119.824894"><ele>1937.0</ele><time>2026-05-25T20:16:57Z</time></trkpt><trkpt lat="34.708371" lon="-119.82485"><ele>1937.0</ele><time>2026-05-25T20:17:03Z</time></trkpt><trkpt lat="34.708384" lon="-119.824817"><ele>1936.0</ele><time>2026-05-25T20:17:10Z</time></trkpt><trkpt lat="34.708426" lon="-119.824766"><ele>1937.0</ele><time>2026-05-25T20:17:32Z</time></trkpt><trkpt lat="34.708419" lon="-119.824739"><ele>1940.0</ele><time>2026-05-25T20:17:56Z</time></trkpt><trkpt lat="34.708421" lon="-119.824579"><ele>1942.0</ele><time>2026-05-25T20:18:11Z</time></trkpt><trkpt lat="34.708436" lon="-119.824517"><ele>1941.0</ele><time>2026-05-25T20:18:17Z</time></trkpt><trkpt lat="34.708478" lon="-119.824445"><ele>1943.0</ele><time>2026-05-25T20:18:23Z</time></trkpt><trkpt lat="34.70849" lon="-119.824371"><ele>1944.0</ele><time>2026-05-25T20:18:28Z</time></trkpt><trkpt lat="34.708546" lon="-119.824275"><ele>1944.0</ele><time>2026-05-25T20:18:38Z</time></trkpt><trkpt lat="34.708556" lon="-119.824241"><ele>1944.0</ele><time>2026-05-25T20:18:41Z</time></trkpt><trkpt lat="34.708546" lon="-119.824048"><ele>1944.0</ele><time>2026-05-25T20:19:05Z</time></trkpt><trkpt lat="34.708575" lon="-119.823815"><ele>1946.0</ele><time>2026-05-25T20:19:35Z</time></trkpt><trkpt lat="34.708608" lon="-119.823696"><ele>1946.0</ele><time>2026-05-25T20:19:44Z</time></trkpt><trkpt lat="34.708527" lon="-119.823526"><ele>1948.0</ele><time>2026-05-25T20:20:01Z</time></trkpt><trkpt lat="34.708508" lon="-119.82345"><ele>1948.0</ele><time>2026-05-25T20:20:06Z</time></trkpt><trkpt lat="34.708511" lon="-119.823304"><ele>1944.0</ele><time>2026-05-25T20:20:18Z</time></trkpt><trkpt lat="34.708503" lon="-119.823349"><ele>1947.0</ele><time>2026-05-25T20:20:45Z</time></trkpt><trkpt lat="34.708519" lon="-119.823116"><ele>1944.0</ele><time>2026-05-25T20:21:08Z</time></trkpt><trkpt lat="34.708508" lon="-119.823041"><ele>1944.0</ele><time>2026-05-25T20:21:15Z</time></trkpt><trkpt lat="34.708484" lon="-119.822973"><ele>1944.0</ele><time>2026-05-25T20:21:21Z</time></trkpt><trkpt lat="34.708453" lon="-119.822935"><ele>1944.0</ele><time>2026-05-25T20:21:36Z</time></trkpt><trkpt lat="34.708462" lon="-119.822899"><ele>1947.0</ele><time>2026-05-25T20:22:02Z</time></trkpt><trkpt lat="34.708462" lon="-119.822785"><ele>1947.0</ele><time>2026-05-25T20:22:12Z</time></trkpt><trkpt lat="34.708481" lon="-119.82268"><ele>1946.0</ele><time>2026-05-25T20:23:13Z</time></trkpt><trkpt lat="34.708506" lon="-119.822672"><ele>1947.0</ele><time>2026-05-25T20:24:09Z</time></trkpt><trkpt lat="34.708539" lon="-119.822538"><ele>1946.0</ele><time>2026-05-25T20:24:33Z</time></trkpt><trkpt lat="34.708586" lon="-119.822429"><ele>1947.0</ele><time>2026-05-25T20:24:46Z</time></trkpt><trkpt lat="34.708656" lon="-119.822335"><ele>1947.9</ele><time>2026-05-25T20:24:58Z</time></trkpt><trkpt lat="34.708697" lon="-119.822299"><ele>1947.0</ele><time>2026-05-25T20:25:03Z</time></trkpt><trkpt lat="34.708727" lon="-119.822227"><ele>1947.0</ele><time>2026-05-25T20:25:09Z</time></trkpt><trkpt lat="34.708755" lon="-119.822204"><ele>1947.0</ele><time>2026-05-25T20:25:13Z</time></trkpt><trkpt lat="34.708857" lon="-119.822184"><ele>1949.0</ele><time>2026-05-25T20:25:22Z</time></trkpt><trkpt lat="34.708881" lon="-119.82216"><ele>1948.0</ele><time>2026-05-25T20:25:25Z</time></trkpt><trkpt lat="34.708942" lon="-119.822135"><ele>1949.0</ele><time>2026-05-25T20:25:31Z</time></trkpt><trkpt lat="34.708999" lon="-119.822089"><ele>1948.0</ele><time>2026-05-25T20:25:37Z</time></trkpt><trkpt lat="34.709045" lon="-119.822032"><ele>1949.0</ele><time>2026-05-25T20:25:43Z</time></trkpt><trkpt lat="34.709051" lon="-119.821998"><ele>1947.0</ele><time>2026-05-25T20:26:31Z</time></trkpt><trkpt lat="34.709162" lon="-119.821876"><ele>1950.7</ele><time>2026-05-25T20:27:38Z</time></trkpt><trkpt lat="34.709241" lon="-119.821754"><ele>1947.0</ele><time>2026-05-25T20:27:49Z</time></trkpt><trkpt lat="34.709341" lon="-119.821665"><ele>1946.0</ele><time>2026-05-25T20:28:06Z</time></trkpt><trkpt lat="34.70947" lon="-119.821586"><ele>1950.0</ele><time>2026-05-25T20:28:40Z</time></trkpt><trkpt lat="34.709532" lon="-119.821565"><ele>1952.0</ele><time>2026-05-25T20:28:44Z</time></trkpt><trkpt lat="34.70964" lon="-119.821419"><ele>1953.0</ele><time>2026-05-25T20:28:58Z</time></trkpt><trkpt lat="34.709672" lon="-119.821358"><ele>1953.0</ele><time>2026-05-25T20:29:04Z</time></trkpt><trkpt lat="34.709688" lon="-119.821289"><ele>1952.0</ele><time>2026-05-25T20:29:10Z</time></trkpt><trkpt lat="34.709705" lon="-119.821267"><ele>1953.0</ele><time>2026-05-25T20:29:13Z</time></trkpt><trkpt lat="34.709713" lon="-119.821207"><ele>1953.0</ele><time>2026-05-25T20:29:29Z</time></trkpt><trkpt lat="34.709663" lon="-119.82089"><ele>1953.0</ele><time>2026-05-25T20:29:54Z</time></trkpt><trkpt lat="34.709623" lon="-119.820831"><ele>1956.0</ele><time>2026-05-25T20:29:58Z</time></trkpt><trkpt lat="34.709595" lon="-119.820713"><ele>1956.3</ele><time>2026-05-25T20:30:07Z</time></trkpt><trkpt lat="34.709558" lon="-119.820662"><ele>1955.0</ele><time>2026-05-25T20:30:13Z</time></trkpt><trkpt lat="34.709559" lon="-119.820602"><ele>1950.0</ele><time>2026-05-25T20:30:23Z</time></trkpt><trkpt lat="34.709499" lon="-119.82041"><ele>1952.0</ele><time>2026-05-25T20:31:08Z</time></trkpt><trkpt lat="34.709498" lon="-119.820351"><ele>1952.0</ele><time>2026-05-25T20:31:22Z</time></trkpt><trkpt lat="34.709531" lon="-119.820288"><ele>1952.0</ele><time>2026-05-25T20:31:27Z</time></trkpt><trkpt lat="34.70954" lon="-119.820221"><ele>1950.0</ele><time>2026-05-25T20:31:32Z</time></trkpt><trkpt lat="34.7096" lon="-119.820076"><ele>1950.0</ele><time>2026-05-25T20:32:07Z</time></trkpt><trkpt lat="34.709802" lon="-119.819767"><ele>1950.6</ele><time>2026-05-25T20:32:54Z</time></trkpt><trkpt lat="34.709857" lon="-119.819585"><ele>1947.0</ele><time>2026-05-25T20:33:06Z</time></trkpt><trkpt lat="34.709834" lon="-119.819514"><ele>1947.0</ele><time>2026-05-25T20:33:12Z</time></trkpt><trkpt lat="34.709836" lon="-119.819478"><ele>1947.0</ele><time>2026-05-25T20:33:15Z</time></trkpt><trkpt lat="34.709797" lon="-119.819375"><ele>1948.0</ele><time>2026-05-25T20:33:22Z</time></trkpt><trkpt lat="34.709663" lon="-119.819136"><ele>1948.0</ele><time>2026-05-25T20:33:40Z</time></trkpt><trkpt lat="34.709591" lon="-119.819051"><ele>1948.0</ele><time>2026-05-25T20:33:49Z</time></trkpt><trkpt lat="34.709567" lon="-119.818949"><ele>1948.0</ele><time>2026-05-25T20:33:55Z</time></trkpt><trkpt lat="34.709519" lon="-119.818851"><ele>1947.0</ele><time>2026-05-25T20:34:06Z</time></trkpt><trkpt lat="34.709504" lon="-119.818769"><ele>1947.0</ele><time>2026-05-25T20:34:12Z</time></trkpt><trkpt lat="34.709476" lon="-119.818693"><ele>1948.0</ele><time>2026-05-25T20:34:17Z</time></trkpt><trkpt lat="34.709415" lon="-119.818385"><ele>1953.0</ele><time>2026-05-25T20:34:42Z</time></trkpt><trkpt lat="34.709426" lon="-119.818312"><ele>1952.0</ele><time>2026-05-25T20:34:47Z</time></trkpt><trkpt lat="34.709363" lon="-119.818171"><ele>1953.0</ele><time>2026-05-25T20:34:59Z</time></trkpt><trkpt lat="34.709365" lon="-119.818103"><ele>1955.0</ele><time>2026-05-25T20:35:03Z</time></trkpt><trkpt lat="34.70933" lon="-119.818023"><ele>1956.0</ele><time>2026-05-25T20:35:32Z</time></trkpt><trkpt lat="34.709293" lon="-119.81788"><ele>1960.0</ele><time>2026-05-25T20:36:10Z</time></trkpt><trkpt lat="34.709279" lon="-119.81776"><ele>1959.0</ele><time>2026-05-25T20:36:24Z</time></trkpt><trkpt lat="34.709252" lon="-119.817639"><ele>1953.0</ele><time>2026-05-25T20:36:55Z</time></trkpt><trkpt lat="34.709254" lon="-119.817602"><ele>1960.0</ele><time>2026-05-25T20:37:00Z</time></trkpt><trkpt lat="34.709278" lon="-119.817486"><ele>1961.0</ele><time>2026-05-25T20:37:16Z</time></trkpt><trkpt lat="34.709282" lon="-119.817415"><ele>1959.0</ele><time>2026-05-25T20:37:24Z</time></trkpt><trkpt lat="34.709274" lon="-119.817362"><ele>1958.0</ele><time>2026-05-25T20:37:50Z</time></trkpt><trkpt lat="34.709291" lon="-119.817327"><ele>1955.0</ele><time>2026-05-25T20:37:56Z</time></trkpt><trkpt lat="34.709305" lon="-119.81722"><ele>1961.0</ele><time>2026-05-25T20:38:08Z</time></trkpt><trkpt lat="34.709351" lon="-119.817132"><ele>1964.0</ele><time>2026-05-25T20:38:18Z</time></trkpt><trkpt lat="34.709377" lon="-119.817031"><ele>1965.0</ele><time>2026-05-25T20:38:27Z</time></trkpt><trkpt lat="34.709363" lon="-119.816929"><ele>1965.0</ele><time>2026-05-25T20:38:35Z</time></trkpt><trkpt lat="34.709373" lon="-119.816859"><ele>1968.0</ele><time>2026-05-25T20:38:40Z</time></trkpt><trkpt lat="34.709426" lon="-119.816811"><ele>1968.0</ele><time>2026-05-25T20:38:47Z</time></trkpt><trkpt lat="34.709474" lon="-119.816799"><ele>1970.0</ele><time>2026-05-25T20:38:53Z</time></trkpt><trkpt lat="34.709588" lon="-119.816697"><ele>1972.0</ele><time>2026-05-25T20:39:08Z</time></trkpt><trkpt lat="34.709656" lon="-119.816706"><ele>1969.0</ele><time>2026-05-25T20:39:20Z</time></trkpt><trkpt lat="34.709685" lon="-119.816608"><ele>1976.0</ele><time>2026-05-25T20:39:32Z</time></trkpt><trkpt lat="34.709739" lon="-119.816491"><ele>1976.0</ele><time>2026-05-25T20:39:43Z</time></trkpt><trkpt lat="34.709728" lon="-119.816533"><ele>1976.4</ele><time>2026-05-25T20:39:48Z</time></trkpt><trkpt lat="34.709657" lon="-119.816607"><ele>1974.0</ele><time>2026-05-25T20:39:57Z</time></trkpt><trkpt lat="34.709579" lon="-119.816565"><ele>1972.0</ele><time>2026-05-25T20:40:05Z</time></trkpt><trkpt lat="34.709585" lon="-119.816502"><ele>1971.0</ele><time>2026-05-25T20:40:10Z</time></trkpt><trkpt lat="34.709602" lon="-119.816466"><ele>1971.0</ele><time>2026-05-25T20:40:13Z</time></trkpt><trkpt lat="34.709613" lon="-119.816398"><ele>1972.0</ele><time>2026-05-25T20:40:17Z</time></trkpt><trkpt lat="34.709636" lon="-119.816367"><ele>1971.0</ele><time>2026-05-25T20:40:20Z</time></trkpt><trkpt lat="34.709707" lon="-119.816329"><ele>1971.0</ele><time>2026-05-25T20:40:26Z</time></trkpt><trkpt lat="34.709782" lon="-119.81626"><ele>1972.0</ele><time>2026-05-25T20:40:33Z</time></trkpt><trkpt lat="34.709899" lon="-119.816234"><ele>1971.0</ele><time>2026-05-25T20:40:41Z</time></trkpt><trkpt lat="34.709977" lon="-119.816201"><ele>1971.0</ele><time>2026-05-25T20:40:47Z</time></trkpt><trkpt lat="34.710001" lon="-119.816169"><ele>1970.0</ele><time>2026-05-25T20:40:58Z</time></trkpt><trkpt lat="34.709991" lon="-119.816141"><ele>1966.0</ele><time>2026-05-25T20:41:55Z</time></trkpt><trkpt lat="34.710014" lon="-119.816117"><ele>1967.8</ele><time>2026-05-25T20:41:59Z</time></trkpt><trkpt lat="34.710067" lon="-119.816095"><ele>1965.0</ele><time>2026-05-25T20:42:38Z</time></trkpt><trkpt lat="34.7101" lon="-119.816056"><ele>1966.5</ele><time>2026-05-25T20:42:45Z</time></trkpt><trkpt lat="34.710121" lon="-119.816045"><ele>1965.0</ele><time>2026-05-25T20:42:47Z</time></trkpt><trkpt lat="34.710172" lon="-119.815948"><ele>1964.0</ele><time>2026-05-25T20:42:54Z</time></trkpt><trkpt lat="34.710167" lon="-119.815879"><ele>1962.0</ele><time>2026-05-25T20:42:59Z</time></trkpt><trkpt lat="34.710179" lon="-119.81584"><ele>1960.0</ele><time>2026-05-25T20:43:03Z</time></trkpt><trkpt lat="34.710211" lon="-119.815831"><ele>1962.0</ele><time>2026-05-25T20:43:07Z</time></trkpt><trkpt lat="34.710324" lon="-119.815675"><ele>1966.0</ele><time>2026-05-25T20:43:35Z</time></trkpt><trkpt lat="34.710334" lon="-119.815635"><ele>1968.0</ele><time>2026-05-25T20:43:40Z</time></trkpt><trkpt lat="34.710381" lon="-119.81559"><ele>1950.0</ele><time>2026-05-25T20:43:57Z</time></trkpt><trkpt lat="34.710401" lon="-119.81555"><ele>1968.0</ele><time>2026-05-25T20:44:13Z</time></trkpt><trkpt lat="34.710489" lon="-119.815519"><ele>1973.0</ele><time>2026-05-25T20:44:25Z</time></trkpt><trkpt lat="34.710564" lon="-119.815436"><ele>1974.0</ele><time>2026-05-25T20:44:38Z</time></trkpt><trkpt lat="34.71059" lon="-119.815386"><ele>1975.0</ele><time>2026-05-25T20:44:46Z</time></trkpt><trkpt lat="34.710628" lon="-119.815355"><ele>1976.0</ele><time>2026-05-25T20:44:55Z</time></trkpt><trkpt lat="34.710619" lon="-119.815363"><ele>1976.0</ele><time>2026-05-25T20:45:14Z</time></trkpt><trkpt lat="34.710603" lon="-119.815327"><ele>1975.0</ele><time>2026-05-25T20:45:30Z</time></trkpt><trkpt lat="34.710637" lon="-119.815243"><ele>1980.0</ele><time>2026-05-25T20:45:43Z</time></trkpt><trkpt lat="34.710646" lon="-119.815174"><ele>1980.0</ele><time>2026-05-25T20:45:51Z</time></trkpt><trkpt lat="34.710684" lon="-119.815047"><ele>1984.0</ele><time>2026-05-25T20:46:20Z</time></trkpt><trkpt lat="34.710699" lon="-119.81502"><ele>1987.0</ele><time>2026-05-25T20:46:24Z</time></trkpt><trkpt lat="34.710741" lon="-119.814986"><ele>1988.0</ele><time>2026-05-25T20:46:32Z</time></trkpt><trkpt lat="34.710844" lon="-119.814838"><ele>1988.0</ele><time>2026-05-25T20:46:54Z</time></trkpt><trkpt lat="34.71089" lon="-119.814794"><ele>1992.0</ele><time>2026-05-25T20:47:04Z</time></trkpt><trkpt lat="34.71099" lon="-119.814626"><ele>1996.0</ele><time>2026-05-25T20:47:30Z</time></trkpt><trkpt lat="34.710998" lon="-119.814506"><ele>1995.0</ele><time>2026-05-25T20:48:47Z</time></trkpt><trkpt lat="34.711056" lon="-119.814295"><ele>1998.0</ele><time>2026-05-25T20:51:29Z</time></trkpt><trkpt lat="34.711107" lon="-119.814189"><ele>2000.0</ele><time>2026-05-25T20:52:13Z</time></trkpt><trkpt lat="34.711099" lon="-119.814173"><ele>2000.0</ele><time>2026-05-25T20:53:06Z</time></trkpt><trkpt lat="34.711117" lon="-119.81413"><ele>2004.0</ele><time>2026-05-25T20:53:19Z</time></trkpt><trkpt lat="34.711125" lon="-119.814074"><ele>2004.0</ele><time>2026-05-25T20:53:40Z</time></trkpt><trkpt lat="34.711242" lon="-119.81395"><ele>2004.0</ele><time>2026-05-25T20:54:14Z</time></trkpt><trkpt lat="34.711233" lon="-119.813916"><ele>2004.0</ele><time>2026-05-25T20:54:24Z</time></trkpt><trkpt lat="34.711144" lon="-119.813913"><ele>2004.0</ele><time>2026-05-25T20:54:34Z</time></trkpt><trkpt lat="34.71111" lon="-119.813932"><ele>2005.0</ele><time>2026-05-25T20:54:38Z</time></trkpt><trkpt lat="34.711057" lon="-119.813923"><ele>2007.0</ele><time>2026-05-25T20:54:45Z</time></trkpt><trkpt lat="34.711038" lon="-119.814033"><ele>2008.0</ele><time>2026-05-25T20:55:18Z</time></trkpt><trkpt lat="34.711011" lon="-119.814084"><ele>1994.0</ele><time>2026-05-25T20:58:13Z</time></trkpt><trkpt lat="34.711003" lon="-119.814064"><ele>2006.0</ele><time>2026-05-25T21:01:32Z</time></trkpt><trkpt lat="34.711066" lon="-119.814061"><ele>1992.6</ele><time>2026-05-25T21:02:28Z</time></trkpt><trkpt lat="34.711109" lon="-119.814018"><ele>2000.6</ele><time>2026-05-25T21:02:29Z</time></trkpt><trkpt lat="34.711026" lon="-119.814096"><ele>2004.0</ele><time>2026-05-25T21:03:24Z</time></trkpt><trkpt lat="34.711011" lon="-119.814088"><ele>2000.0</ele><time>2026-05-25T21:20:41Z</time></trkpt><trkpt lat="34.711054" lon="-119.814036"><ele>2004.0</ele><time>2026-05-25T21:22:24Z</time></trkpt><trkpt lat="34.711044" lon="-119.813983"><ele>2007.0</ele><time>2026-05-25T21:22:31Z</time></trkpt><trkpt lat="34.711059" lon="-119.813923"><ele>2004.0</ele><time>2026-05-25T21:22:36Z</time></trkpt><trkpt lat="34.711092" lon="-119.813913"><ele>2006.0</ele><time>2026-05-25T21:22:38Z</time></trkpt><trkpt lat="34.711153" lon="-119.813938"><ele>2004.0</ele><time>2026-05-25T21:22:44Z</time></trkpt><trkpt lat="34.711187" lon="-119.813916"><ele>2004.0</ele><time>2026-05-25T21:22:47Z</time></trkpt><trkpt lat="34.711255" lon="-119.8139"><ele>2004.0</ele><time>2026-05-25T21:22:54Z</time></trkpt><trkpt lat="34.711282" lon="-119.813883"><ele>2004.0</ele><time>2026-05-25T21:22:57Z</time></trkpt><trkpt lat="34.7113" lon="-119.813844"><ele>2004.0</ele><time>2026-05-25T21:22:59Z</time></trkpt><trkpt lat="34.711387" lon="-119.813814"><ele>2003.0</ele><time>2026-05-25T21:23:10Z</time></trkpt><trkpt lat="34.711469" lon="-119.813719"><ele>2002.0</ele><time>2026-05-25T21:23:20Z</time></trkpt><trkpt lat="34.711561" lon="-119.813586"><ele>2002.0</ele><time>2026-05-25T21:23:32Z</time></trkpt><trkpt lat="34.711551" lon="-119.813483"><ele>2004.0</ele><time>2026-05-25T21:23:37Z</time></trkpt><trkpt lat="34.711514" lon="-119.813361"><ele>2002.0</ele><time>2026-05-25T21:23:48Z</time></trkpt><trkpt lat="34.711526" lon="-119.813306"><ele>2001.0</ele><time>2026-05-25T21:24:41Z</time></trkpt><trkpt lat="34.711565" lon="-119.813263"><ele>2004.0</ele><time>2026-05-25T21:25:32Z</time></trkpt><trkpt lat="34.711557" lon="-119.813234"><ele>2004.0</ele><time>2026-05-25T21:26:08Z</time></trkpt><trkpt lat="34.711633" lon="-119.813172"><ele>2004.0</ele><time>2026-05-25T21:26:41Z</time></trkpt><trkpt lat="34.711671" lon="-119.813166"><ele>2004.0</ele><time>2026-05-25T21:26:46Z</time></trkpt><trkpt lat="34.711713" lon="-119.813096"><ele>1998.0</ele><time>2026-05-25T21:26:57Z</time></trkpt><trkpt lat="34.711703" lon="-119.813"><ele>2003.0</ele><time>2026-05-25T21:27:11Z</time></trkpt><trkpt lat="34.711736" lon="-119.812917"><ele>1998.0</ele><time>2026-05-25T21:28:27Z</time></trkpt><trkpt lat="34.71173" lon="-119.812876"><ele>2001.0</ele><time>2026-05-25T21:29:23Z</time></trkpt><trkpt lat="34.711748" lon="-119.812828"><ele>2001.0</ele><time>2026-05-25T21:30:13Z</time></trkpt><trkpt lat="34.7118" lon="-119.812746"><ele>2000.0</ele><time>2026-05-25T21:30:59Z</time></trkpt><trkpt lat="34.711888" lon="-119.812633"><ele>1998.0</ele><time>2026-05-25T21:31:13Z</time></trkpt><trkpt lat="34.711984" lon="-119.812601"><ele>2001.0</ele><time>2026-05-25T21:31:32Z</time></trkpt><trkpt lat="34.712001" lon="-119.812573"><ele>2001.0</ele><time>2026-05-25T21:31:35Z</time></trkpt><trkpt lat="34.712014" lon="-119.812501"><ele>1999.0</ele><time>2026-05-25T21:31:52Z</time></trkpt><trkpt lat="34.712154" lon="-119.812262"><ele>1998.0</ele><time>2026-05-25T21:32:13Z</time></trkpt><trkpt lat="34.712142" lon="-119.812121"><ele>2000.0</ele><time>2026-05-25T21:32:29Z</time></trkpt><trkpt lat="34.712114" lon="-119.812138"><ele>2000.0</ele><time>2026-05-25T21:32:53Z</time></trkpt><trkpt lat="34.712147" lon="-119.812065"><ele>2000.0</ele><time>2026-05-25T21:33:00Z</time></trkpt><trkpt lat="34.712182" lon="-119.812028"><ele>2000.0</ele><time>2026-05-25T21:33:06Z</time></trkpt><trkpt lat="34.712229" lon="-119.812017"><ele>2000.0</ele><time>2026-05-25T21:33:21Z</time></trkpt><trkpt lat="34.712304" lon="-119.811981"><ele>2000.0</ele><time>2026-05-25T21:33:30Z</time></trkpt><trkpt lat="34.712346" lon="-119.811914"><ele>2000.0</ele><time>2026-05-25T21:33:37Z</time></trkpt><trkpt lat="34.712351" lon="-119.811871"><ele>1998.0</ele><time>2026-05-25T21:33:41Z</time></trkpt><trkpt lat="34.712394" lon="-119.811812"><ele>1989.0</ele><time>2026-05-25T21:34:07Z</time></trkpt><trkpt lat="34.712478" lon="-119.811795"><ele>1996.0</ele><time>2026-05-25T21:34:44Z</time></trkpt><trkpt lat="34.712528" lon="-119.81176"><ele>1992.0</ele><time>2026-05-25T21:34:50Z</time></trkpt><trkpt lat="34.712646" lon="-119.811752"><ele>1992.0</ele><time>2026-05-25T21:35:01Z</time></trkpt><trkpt lat="34.712654" lon="-119.811681"><ele>1980.0</ele><time>2026-05-25T21:35:15Z</time></trkpt><trkpt lat="34.7127" lon="-119.811651"><ele>1992.0</ele><time>2026-05-25T21:35:26Z</time></trkpt><trkpt lat="34.712725" lon="-119.811628"><ele>1986.0</ele><time>2026-05-25T21:37:47Z</time></trkpt><trkpt lat="34.712674" lon="-119.811642"><ele>1990.3</ele><time>2026-05-25T21:37:54Z</time></trkpt><trkpt lat="34.712642" lon="-119.811594"><ele>1988.0</ele><time>2026-05-25T21:38:01Z</time></trkpt><trkpt lat="34.712562" lon="-119.811523"><ele>1989.0</ele><time>2026-05-25T21:38:39Z</time></trkpt><trkpt lat="34.712572" lon="-119.811528"><ele>1989.0</ele><time>2026-05-25T21:39:22Z</time></trkpt><trkpt lat="34.712492" lon="-119.811381"><ele>1988.0</ele><time>2026-05-25T21:39:42Z</time></trkpt><trkpt lat="34.712386" lon="-119.811276"><ele>1986.0</ele><time>2026-05-25T21:40:00Z</time></trkpt><trkpt lat="34.71236" lon="-119.811189"><ele>1986.0</ele><time>2026-05-25T21:40:07Z</time></trkpt><trkpt lat="34.712314" lon="-119.811166"><ele>1985.0</ele><time>2026-05-25T21:40:17Z</time></trkpt><trkpt lat="34.712279" lon="-119.811127"><ele>1976.0</ele><time>2026-05-25T21:40:33Z</time></trkpt><trkpt lat="34.712221" lon="-119.811142"><ele>1985.0</ele><time>2026-05-25T21:40:46Z</time></trkpt><trkpt lat="34.712082" lon="-119.811116"><ele>1988.0</ele><time>2026-05-25T21:41:05Z</time></trkpt><trkpt lat="34.712061" lon="-119.811132"><ele>1986.0</ele><time>2026-05-25T21:41:12Z</time></trkpt><trkpt lat="34.711975" lon="-119.81108"><ele>1981.0</ele><time>2026-05-25T21:41:32Z</time></trkpt><trkpt lat="34.711952" lon="-119.811053"><ele>1986.0</ele><time>2026-05-25T21:41:38Z</time></trkpt><trkpt lat="34.711949" lon="-119.811093"><ele>1983.0</ele><time>2026-05-25T21:42:04Z</time></trkpt><trkpt lat="34.712056" lon="-119.811166"><ele>1986.0</ele><time>2026-05-25T21:42:28Z</time></trkpt><trkpt lat="34.712059" lon="-119.811248"><ele>1988.0</ele><time>2026-05-25T21:42:40Z</time></trkpt><trkpt lat="34.712097" lon="-119.811215"><ele>1987.0</ele><time>2026-05-25T21:42:50Z</time></trkpt><trkpt lat="34.712102" lon="-119.811191"><ele>1987.0</ele><time>2026-05-25T21:42:54Z</time></trkpt><trkpt lat="34.712167" lon="-119.811226"><ele>1987.0</ele><time>2026-05-25T21:43:04Z</time></trkpt><trkpt lat="34.712193" lon="-119.811192"><ele>1985.0</ele><time>2026-05-25T21:43:12Z</time></trkpt><trkpt lat="34.712233" lon="-119.811179"><ele>1988.0</ele><time>2026-05-25T21:43:15Z</time></trkpt><trkpt lat="34.712267" lon="-119.811182"><ele>1980.0</ele><time>2026-05-25T21:43:25Z</time></trkpt><trkpt lat="34.712278" lon="-119.81121"><ele>1988.0</ele><time>2026-05-25T21:43:42Z</time></trkpt><trkpt lat="34.712496" lon="-119.811442"><ele>1988.0</ele><time>2026-05-25T21:44:12Z</time></trkpt><trkpt lat="34.712554" lon="-119.811479"><ele>1988.0</ele><time>2026-05-25T21:44:19Z</time></trkpt><trkpt lat="34.71267" lon="-119.811521"><ele>1986.0</ele><time>2026-05-25T21:44:30Z</time></trkpt><trkpt lat="34.712707" lon="-119.811548"><ele>1987.0</ele><time>2026-05-25T21:44:33Z</time></trkpt><trkpt lat="34.712793" lon="-119.81158"><ele>1986.0</ele><time>2026-05-25T21:44:41Z</time></trkpt><trkpt lat="34.712872" lon="-119.811516"><ele>1986.0</ele><time>2026-05-25T21:44:51Z</time></trkpt><trkpt lat="34.712937" lon="-119.811506"><ele>1986.0</ele><time>2026-05-25T21:44:57Z</time></trkpt><trkpt lat="34.712999" lon="-119.811465"><ele>1984.0</ele><time>2026-05-25T21:45:03Z</time></trkpt><trkpt lat="34.713068" lon="-119.811479"><ele>1984.0</ele><time>2026-05-25T21:45:09Z</time></trkpt><trkpt lat="34.713219" lon="-119.811438"><ele>1986.0</ele><time>2026-05-25T21:45:21Z</time></trkpt><trkpt lat="34.713543" lon="-119.811432"><ele>1985.0</ele><time>2026-05-25T21:45:48Z</time></trkpt><trkpt lat="34.713683" lon="-119.811418"><ele>1986.0</ele><time>2026-05-25T21:46:00Z</time></trkpt><trkpt lat="34.713789" lon="-119.811479"><ele>1986.0</ele><time>2026-05-25T21:46:09Z</time></trkpt><trkpt lat="34.713869" lon="-119.811497"><ele>1986.5</ele><time>2026-05-25T21:46:14Z</time></trkpt><trkpt lat="34.713939" lon="-119.811439"><ele>1986.0</ele><time>2026-05-25T21:46:25Z</time></trkpt><trkpt lat="34.713985" lon="-119.811457"><ele>1987.0</ele><time>2026-05-25T21:46:27Z</time></trkpt><trkpt lat="34.714" lon="-119.811486"><ele>1986.0</ele><time>2026-05-25T21:46:30Z</time></trkpt><trkpt lat="34.714032" lon="-119.811478"><ele>1986.0</ele><time>2026-05-25T21:46:33Z</time></trkpt><trkpt lat="34.714078" lon="-119.811434"><ele>1986.0</ele><time>2026-05-25T21:46:37Z</time></trkpt><trkpt lat="34.714137" lon="-119.811405"><ele>1983.0</ele><time>2026-05-25T21:46:45Z</time></trkpt><trkpt lat="34.714161" lon="-119.811382"><ele>1984.0</ele><time>2026-05-25T21:46:47Z</time></trkpt><trkpt lat="34.714234" lon="-119.811355"><ele>1985.0</ele><time>2026-05-25T21:46:52Z</time></trkpt><trkpt lat="34.714348" lon="-119.811236"><ele>1983.0</ele><time>2026-05-25T21:47:42Z</time></trkpt><trkpt lat="34.714384" lon="-119.81122"><ele>1983.1</ele><time>2026-05-25T21:47:44Z</time></trkpt><trkpt lat="34.714415" lon="-119.811222"><ele>1983.0</ele><time>2026-05-25T21:47:45Z</time></trkpt><trkpt lat="34.714441" lon="-119.811241"><ele>1984.0</ele><time>2026-05-25T21:47:48Z</time></trkpt><trkpt lat="34.714469" lon="-119.811233"><ele>1984.0</ele><time>2026-05-25T21:47:51Z</time></trkpt><trkpt lat="34.714524" lon="-119.811207"><ele>1984.6</ele><time>2026-05-25T21:47:55Z</time></trkpt><trkpt lat="34.714581" lon="-119.811144"><ele>1980.0</ele><time>2026-05-25T21:48:03Z</time></trkpt><trkpt lat="34.71464" lon="-119.811102"><ele>1980.0</ele><time>2026-05-25T21:48:09Z</time></trkpt><trkpt lat="34.714692" lon="-119.81097"><ele>1979.0</ele><time>2026-05-25T21:48:21Z</time></trkpt><trkpt lat="34.714788" lon="-119.810844"><ele>1977.0</ele><time>2026-05-25T21:48:30Z</time></trkpt><trkpt lat="34.714878" lon="-119.810802"><ele>1977.3</ele><time>2026-05-25T21:48:41Z</time></trkpt><trkpt lat="34.714874" lon="-119.810781"><ele>1974.0</ele><time>2026-05-25T21:48:44Z</time></trkpt><trkpt lat="34.714816" lon="-119.810717"><ele>1970.0</ele><time>2026-05-25T21:48:58Z</time></trkpt><trkpt lat="34.714808" lon="-119.810679"><ele>1974.0</ele><time>2026-05-25T21:49:10Z</time></trkpt><trkpt lat="34.714888" lon="-119.810601"><ele>1972.0</ele><time>2026-05-25T21:49:23Z</time></trkpt><trkpt lat="34.714946" lon="-119.810582"><ele>1972.0</ele><time>2026-05-25T21:49:31Z</time></trkpt><trkpt lat="34.714977" lon="-119.810598"><ele>1972.4</ele><time>2026-05-25T21:49:34Z</time></trkpt><trkpt lat="34.714992" lon="-119.810635"><ele>1971.0</ele><time>2026-05-25T21:49:36Z</time></trkpt><trkpt lat="34.715045" lon="-119.810592"><ele>1969.0</ele><time>2026-05-25T21:49:45Z</time></trkpt><trkpt lat="34.715075" lon="-119.81058"><ele>1966.0</ele><time>2026-05-25T21:49:53Z</time></trkpt><trkpt lat="34.715088" lon="-119.810524"><ele>1969.4</ele><time>2026-05-25T21:50:00Z</time></trkpt><trkpt lat="34.71507" lon="-119.810462"><ele>1961.0</ele><time>2026-05-25T21:50:26Z</time></trkpt><trkpt lat="34.715025" lon="-119.810457"><ele>1972.0</ele><time>2026-05-25T21:50:52Z</time></trkpt><trkpt lat="34.715053" lon="-119.810454"><ele>1974.0</ele><time>2026-05-25T21:51:00Z</time></trkpt><trkpt lat="34.715054" lon="-119.810476"><ele>1972.0</ele><time>2026-05-25T21:51:05Z</time></trkpt><trkpt lat="34.715079" lon="-119.810445"><ele>1974.0</ele><time>2026-05-25T21:51:11Z</time></trkpt><trkpt lat="34.71504" lon="-119.810453"><ele>1974.0</ele><time>2026-05-25T21:51:13Z</time></trkpt><trkpt lat="34.715059" lon="-119.810484"><ele>1970.0</ele><time>2026-05-25T21:51:23Z</time></trkpt><trkpt lat="34.715119" lon="-119.810485"><ele>1974.0</ele><time>2026-05-25T21:51:39Z</time></trkpt><trkpt lat="34.715077" lon="-119.810499"><ele>1970.0</ele><time>2026-05-25T21:51:49Z</time></trkpt><trkpt lat="34.715074" lon="-119.810542"><ele>1970.0</ele><time>2026-05-25T21:52:12Z</time></trkpt><trkpt lat="34.715066" lon="-119.810472"><ele>1970.0</ele><time>2026-05-25T21:52:25Z</time></trkpt><trkpt lat="34.715077" lon="-119.810439"><ele>1970.0</ele><time>2026-05-25T21:52:27Z</time></trkpt><trkpt lat="34.715158" lon="-119.810393"><ele>1968.0</ele><time>2026-05-25T21:52:48Z</time></trkpt><trkpt lat="34.715175" lon="-119.810311"><ele>1966.0</ele><time>2026-05-25T21:52:54Z</time></trkpt><trkpt lat="34.715175" lon="-119.810253"><ele>1964.0</ele><time>2026-05-25T21:53:01Z</time></trkpt><trkpt lat="34.715204" lon="-119.810205"><ele>1962.0</ele><time>2026-05-25T21:53:07Z</time></trkpt><trkpt lat="34.715227" lon="-119.810101"><ele>1957.0</ele><time>2026-05-25T21:53:19Z</time></trkpt><trkpt lat="34.715247" lon="-119.810071"><ele>1960.0</ele><time>2026-05-25T21:53:31Z</time></trkpt><trkpt lat="34.715192" lon="-119.809999"><ele>1956.0</ele><time>2026-05-25T21:53:40Z</time></trkpt><trkpt lat="34.715183" lon="-119.809882"><ele>1959.6</ele><time>2026-05-25T21:53:55Z</time></trkpt><trkpt lat="34.715199" lon="-119.809823"><ele>1956.0</ele><time>2026-05-25T21:54:01Z</time></trkpt><trkpt lat="34.715179" lon="-119.809787"><ele>1956.0</ele><time>2026-05-25T21:54:04Z</time></trkpt><trkpt lat="34.715157" lon="-119.809691"><ele>1956.0</ele><time>2026-05-25T21:54:16Z</time></trkpt><trkpt lat="34.715169" lon="-119.809649"><ele>1953.0</ele><time>2026-05-25T21:54:23Z</time></trkpt><trkpt lat="34.715171" lon="-119.80955"><ele>1959.0</ele><time>2026-05-25T21:54:35Z</time></trkpt><trkpt lat="34.715145" lon="-119.809626"><ele>1953.0</ele><time>2026-05-25T21:54:43Z</time></trkpt><trkpt lat="34.715175" lon="-119.809531"><ele>1955.0</ele><time>2026-05-25T21:55:00Z</time></trkpt><trkpt lat="34.715186" lon="-119.809435"><ele>1953.0</ele><time>2026-05-25T21:55:09Z</time></trkpt><trkpt lat="34.715039" lon="-119.809246"><ele>1953.0</ele><time>2026-05-25T21:55:29Z</time></trkpt><trkpt lat="34.715038" lon="-119.809206"><ele>1955.0</ele><time>2026-05-25T21:55:31Z</time></trkpt><trkpt lat="34.715062" lon="-119.809174"><ele>1956.6</ele><time>2026-05-25T21:55:34Z</time></trkpt><trkpt lat="34.714984" lon="-119.809133"><ele>1956.0</ele><time>2026-05-25T21:55:39Z</time></trkpt><trkpt lat="34.714962" lon="-119.809107"><ele>1957.0</ele><time>2026-05-25T21:55:41Z</time></trkpt><trkpt lat="34.714908" lon="-119.809072"><ele>1957.0</ele><time>2026-05-25T21:55:45Z</time></trkpt><trkpt lat="34.714843" lon="-119.809056"><ele>1957.7</ele><time>2026-05-25T21:55:49Z</time></trkpt><trkpt lat="34.714816" lon="-119.809"><ele>1958.0</ele><time>2026-05-25T21:55:52Z</time></trkpt><trkpt lat="34.714785" lon="-119.808995"><ele>1956.0</ele><time>2026-05-25T21:55:54Z</time></trkpt><trkpt lat="34.714754" lon="-119.808977"><ele>1956.0</ele><time>2026-05-25T21:55:57Z</time></trkpt><trkpt lat="34.714707" lon="-119.808905"><ele>1957.0</ele><time>2026-05-25T21:56:04Z</time></trkpt><trkpt lat="34.714666" lon="-119.808908"><ele>1956.0</ele><time>2026-05-25T21:56:11Z</time></trkpt><trkpt lat="34.714682" lon="-119.808858"><ele>1959.0</ele><time>2026-05-25T21:56:16Z</time></trkpt><trkpt lat="34.71472" lon="-119.808839"><ele>1958.0</ele><time>2026-05-25T21:56:19Z</time></trkpt><trkpt lat="34.714703" lon="-119.808807"><ele>1956.0</ele><time>2026-05-25T21:56:25Z</time></trkpt><trkpt lat="34.714703" lon="-119.808838"><ele>1952.0</ele><time>2026-05-25T21:56:38Z</time></trkpt><trkpt lat="34.714657" lon="-119.808823"><ele>1956.0</ele><time>2026-05-25T21:56:44Z</time></trkpt><trkpt lat="34.714658" lon="-119.808761"><ele>1956.0</ele><time>2026-05-25T21:56:51Z</time></trkpt><trkpt lat="34.714571" lon="-119.808595"><ele>1949.0</ele><time>2026-05-25T21:57:37Z</time></trkpt><trkpt lat="34.71459" lon="-119.808554"><ele>1945.0</ele><time>2026-05-25T21:57:47Z</time></trkpt><trkpt lat="34.714585" lon="-119.808455"><ele>1947.0</ele><time>2026-05-25T21:58:08Z</time></trkpt><trkpt lat="34.71456" lon="-119.808423"><ele>1944.0</ele><time>2026-05-25T21:58:13Z</time></trkpt><trkpt lat="34.714505" lon="-119.808425"><ele>1944.0</ele><time>2026-05-25T21:58:19Z</time></trkpt><trkpt lat="34.714468" lon="-119.808397"><ele>1939.0</ele><time>2026-05-25T21:58:26Z</time></trkpt><trkpt lat="34.714463" lon="-119.808355"><ele>1944.0</ele><time>2026-05-25T21:58:30Z</time></trkpt><trkpt lat="34.714487" lon="-119.808335"><ele>1944.0</ele><time>2026-05-25T21:58:32Z</time></trkpt><trkpt lat="34.714471" lon="-119.808295"><ele>1943.0</ele><time>2026-05-25T21:58:35Z</time></trkpt><trkpt lat="34.714453" lon="-119.808327"><ele>1940.0</ele><time>2026-05-25T21:58:53Z</time></trkpt><trkpt lat="34.71448" lon="-119.808354"><ele>1941.4</ele><time>2026-05-25T21:59:19Z</time></trkpt><trkpt lat="34.714434" lon="-119.808343"><ele>1939.0</ele><time>2026-05-25T21:59:24Z</time></trkpt><trkpt lat="34.714368" lon="-119.808306"><ele>1937.0</ele><time>2026-05-25T21:59:31Z</time></trkpt><trkpt lat="34.714353" lon="-119.80827"><ele>1936.0</ele><time>2026-05-25T21:59:33Z</time></trkpt><trkpt lat="34.714355" lon="-119.808233"><ele>1935.0</ele><time>2026-05-25T21:59:36Z</time></trkpt><trkpt lat="34.714325" lon="-119.808172"><ele>1935.0</ele><time>2026-05-25T21:59:41Z</time></trkpt><trkpt lat="34.714349" lon="-119.808091"><ele>1935.0</ele><time>2026-05-25T21:59:51Z</time></trkpt><trkpt lat="34.714318" lon="-119.807945"><ele>1933.0</ele><time>2026-05-25T22:00:01Z</time></trkpt><trkpt lat="34.714252" lon="-119.807955"><ele>1930.0</ele><time>2026-05-25T22:00:05Z</time></trkpt><trkpt lat="34.714113" lon="-119.807898"><ele>1928.0</ele><time>2026-05-25T22:00:14Z</time></trkpt><trkpt lat="34.714061" lon="-119.807828"><ele>1926.0</ele><time>2026-05-25T22:00:19Z</time></trkpt><trkpt lat="34.714001" lon="-119.807774"><ele>1926.0</ele><time>2026-05-25T22:00:25Z</time></trkpt><trkpt lat="34.713918" lon="-119.807789"><ele>1926.0</ele><time>2026-05-25T22:00:32Z</time></trkpt><trkpt lat="34.713903" lon="-119.807749"><ele>1927.0</ele><time>2026-05-25T22:00:36Z</time></trkpt><trkpt lat="34.71391" lon="-119.807677"><ele>1928.3</ele><time>2026-05-25T22:00:40Z</time></trkpt><trkpt lat="34.713868" lon="-119.807627"><ele>1928.0</ele><time>2026-05-25T22:00:45Z</time></trkpt><trkpt lat="34.71385" lon="-119.807573"><ele>1925.0</ele><time>2026-05-25T22:00:49Z</time></trkpt><trkpt lat="34.713746" lon="-119.807533"><ele>1927.0</ele><time>2026-05-25T22:00:59Z</time></trkpt><trkpt lat="34.71367" lon="-119.807438"><ele>1928.0</ele><time>2026-05-25T22:01:08Z</time></trkpt><trkpt lat="34.713617" lon="-119.807398"><ele>1926.0</ele><time>2026-05-25T22:01:13Z</time></trkpt><trkpt lat="34.713623" lon="-119.807364"><ele>1928.2</ele><time>2026-05-25T22:01:26Z</time></trkpt><trkpt lat="34.713577" lon="-119.807128"><ele>1928.0</ele><time>2026-05-25T22:01:41Z</time></trkpt><trkpt lat="34.713524" lon="-119.807026"><ele>1926.0</ele><time>2026-05-25T22:01:52Z</time></trkpt><trkpt lat="34.71355" lon="-119.806965"><ele>1928.3</ele><time>2026-05-25T22:02:02Z</time></trkpt><trkpt lat="34.713572" lon="-119.80699"><ele>1927.0</ele><time>2026-05-25T22:02:03Z</time></trkpt><trkpt lat="34.71358" lon="-119.807041"><ele>1922.0</ele><time>2026-05-25T22:02:15Z</time></trkpt><trkpt lat="34.713532" lon="-119.807019"><ele>1921.0</ele><time>2026-05-25T22:02:23Z</time></trkpt><trkpt lat="34.713488" lon="-119.806955"><ele>1920.0</ele><time>2026-05-25T22:02:28Z</time></trkpt><trkpt lat="34.713472" lon="-119.806806"><ele>1918.0</ele><time>2026-05-25T22:02:37Z</time></trkpt><trkpt lat="34.713515" lon="-119.806803"><ele>1918.0</ele><time>2026-05-25T22:02:41Z</time></trkpt><trkpt lat="34.713555" lon="-119.806764"><ele>1920.0</ele><time>2026-05-25T22:02:47Z</time></trkpt><trkpt lat="34.713617" lon="-119.80667"><ele>1920.0</ele><time>2026-05-25T22:02:57Z</time></trkpt><trkpt lat="34.71365" lon="-119.806587"><ele>1920.0</ele><time>2026-05-25T22:03:02Z</time></trkpt><trkpt lat="34.713647" lon="-119.806489"><ele>1920.0</ele><time>2026-05-25T22:03:07Z</time></trkpt><trkpt lat="34.713606" lon="-119.806407"><ele>1919.0</ele><time>2026-05-25T22:03:13Z</time></trkpt><trkpt lat="34.713588" lon="-119.806345"><ele>1918.0</ele><time>2026-05-25T22:03:19Z</time></trkpt><trkpt lat="34.713546" lon="-119.806301"><ele>1918.0</ele><time>2026-05-25T22:03:22Z</time></trkpt><trkpt lat="34.713492" lon="-119.806294"><ele>1919.0</ele><time>2026-05-25T22:03:26Z</time></trkpt><trkpt lat="34.713417" lon="-119.806263"><ele>1920.0</ele><time>2026-05-25T22:03:31Z</time></trkpt><trkpt lat="34.713371" lon="-119.806183"><ele>1921.0</ele><time>2026-05-25T22:03:39Z</time></trkpt><trkpt lat="34.713372" lon="-119.806137"><ele>1920.0</ele><time>2026-05-25T22:03:42Z</time></trkpt><trkpt lat="34.713348" lon="-119.80606"><ele>1920.0</ele><time>2026-05-25T22:03:47Z</time></trkpt><trkpt lat="34.713303" lon="-119.805998"><ele>1920.0</ele><time>2026-05-25T22:03:52Z</time></trkpt><trkpt lat="34.713264" lon="-119.805963"><ele>1919.0</ele><time>2026-05-25T22:03:56Z</time></trkpt><trkpt lat="34.713206" lon="-119.805934"><ele>1918.0</ele><time>2026-05-25T22:04:00Z</time></trkpt><trkpt lat="34.713165" lon="-119.805866"><ele>1915.0</ele><time>2026-05-25T22:04:08Z</time></trkpt><trkpt lat="34.71311" lon="-119.805856"><ele>1910.0</ele><time>2026-05-25T22:04:15Z</time></trkpt><trkpt lat="34.713083" lon="-119.805839"><ele>1918.0</ele><time>2026-05-25T22:04:22Z</time></trkpt><trkpt lat="34.712959" lon="-119.805852"><ele>1918.0</ele><time>2026-05-25T22:04:38Z</time></trkpt><trkpt lat="34.712934" lon="-119.80583"><ele>1918.0</ele><time>2026-05-25T22:04:40Z</time></trkpt><trkpt lat="34.712901" lon="-119.805777"><ele>1917.0</ele><time>2026-05-25T22:04:43Z</time></trkpt><trkpt lat="34.712916" lon="-119.805807"><ele>1917.9</ele><time>2026-05-25T22:04:45Z</time></trkpt><trkpt lat="34.712855" lon="-119.805755"><ele>1916.0</ele><time>2026-05-25T22:04:50Z</time></trkpt><trkpt lat="34.712817" lon="-119.805776"><ele>1916.0</ele><time>2026-05-25T22:04:54Z</time></trkpt><trkpt lat="34.712778" lon="-119.805737"><ele>1916.0</ele><time>2026-05-25T22:04:58Z</time></trkpt><trkpt lat="34.712653" lon="-119.805739"><ele>1914.0</ele><time>2026-05-25T22:05:09Z</time></trkpt><trkpt lat="34.712637" lon="-119.805706"><ele>1912.0</ele><time>2026-05-25T22:05:12Z</time></trkpt><trkpt lat="34.712573" lon="-119.805646"><ele>1913.9</ele><time>2026-05-25T22:05:18Z</time></trkpt><trkpt lat="34.712563" lon="-119.805614"><ele>1911.0</ele><time>2026-05-25T22:05:20Z</time></trkpt><trkpt lat="34.712532" lon="-119.805579"><ele>1911.0</ele><time>2026-05-25T22:05:23Z</time></trkpt><trkpt lat="34.712552" lon="-119.805555"><ele>1910.0</ele><time>2026-05-25T22:05:31Z</time></trkpt><trkpt lat="34.712516" lon="-119.805454"><ele>1910.0</ele><time>2026-05-25T22:05:38Z</time></trkpt><trkpt lat="34.71248" lon="-119.805468"><ele>1910.0</ele><time>2026-05-25T22:05:40Z</time></trkpt><trkpt lat="34.712401" lon="-119.805366"><ele>1905.0</ele><time>2026-05-25T22:06:16Z</time></trkpt><trkpt lat="34.712345" lon="-119.805362"><ele>1902.0</ele><time>2026-05-25T22:06:27Z</time></trkpt><trkpt lat="34.712218" lon="-119.805272"><ele>1901.0</ele><time>2026-05-25T22:06:35Z</time></trkpt><trkpt lat="34.71217" lon="-119.805435"><ele>1898.0</ele><time>2026-05-25T22:06:51Z</time></trkpt><trkpt lat="34.712227" lon="-119.805502"><ele>1898.0</ele><time>2026-05-25T22:06:56Z</time></trkpt><trkpt lat="34.712161" lon="-119.80551"><ele>1898.0</ele><time>2026-05-25T22:07:07Z</time></trkpt><trkpt lat="34.712286" lon="-119.805557"><ele>1895.0</ele><time>2026-05-25T22:07:24Z</time></trkpt><trkpt lat="34.712283" lon="-119.805529"><ele>1892.0</ele><time>2026-05-25T22:07:29Z</time></trkpt><trkpt lat="34.712242" lon="-119.805504"><ele>1894.0</ele><time>2026-05-25T22:07:33Z</time></trkpt><trkpt lat="34.71223" lon="-119.805446"><ele>1893.0</ele><time>2026-05-25T22:07:39Z</time></trkpt><trkpt lat="34.71223" lon="-119.805388"><ele>1893.0</ele><time>2026-05-25T22:07:44Z</time></trkpt><trkpt lat="34.712249" lon="-119.805352"><ele>1893.0</ele><time>2026-05-25T22:07:47Z</time></trkpt><trkpt lat="34.712262" lon="-119.805283"><ele>1893.0</ele><time>2026-05-25T22:07:52Z</time></trkpt><trkpt lat="34.71225" lon="-119.805251"><ele>1893.0</ele><time>2026-05-25T22:07:55Z</time></trkpt><trkpt lat="34.71227" lon="-119.805141"><ele>1892.0</ele><time>2026-05-25T22:08:05Z</time></trkpt><trkpt lat="34.712212" lon="-119.805002"><ele>1894.0</ele><time>2026-05-25T22:08:27Z</time></trkpt><trkpt lat="34.712177" lon="-119.804995"><ele>1892.0</ele><time>2026-05-25T22:08:29Z</time></trkpt><trkpt lat="34.712138" lon="-119.804922"><ele>1887.0</ele><time>2026-05-25T22:08:41Z</time></trkpt><trkpt lat="34.712169" lon="-119.804908"><ele>1894.0</ele><time>2026-05-25T22:08:50Z</time></trkpt><trkpt lat="34.712109" lon="-119.804897"><ele>1894.7</ele><time>2026-05-25T22:08:55Z</time></trkpt><trkpt lat="34.712086" lon="-119.804941"><ele>1892.0</ele><time>2026-05-25T22:08:56Z</time></trkpt><trkpt lat="34.712002" lon="-119.804945"><ele>1892.0</ele><time>2026-05-25T22:09:02Z</time></trkpt><trkpt lat="34.711921" lon="-119.804988"><ele>1892.0</ele><time>2026-05-25T22:09:08Z</time></trkpt><trkpt lat="34.711881" lon="-119.804993"><ele>1890.0</ele><time>2026-05-25T22:09:11Z</time></trkpt><trkpt lat="34.711773" lon="-119.805031"><ele>1890.0</ele><time>2026-05-25T22:09:20Z</time></trkpt><trkpt lat="34.711697" lon="-119.805004"><ele>1889.0</ele><time>2026-05-25T22:09:25Z</time></trkpt><trkpt lat="34.711623" lon="-119.805003"><ele>1888.0</ele><time>2026-05-25T22:09:31Z</time></trkpt><trkpt lat="34.71156" lon="-119.805016"><ele>1887.0</ele><time>2026-05-25T22:09:37Z</time></trkpt><trkpt lat="34.711493" lon="-119.804996"><ele>1886.0</ele><time>2026-05-25T22:09:41Z</time></trkpt><trkpt lat="34.711456" lon="-119.80495"><ele>1886.0</ele><time>2026-05-25T22:09:45Z</time></trkpt><trkpt lat="34.711353" lon="-119.804964"><ele>1884.0</ele><time>2026-05-25T22:09:52Z</time></trkpt><trkpt lat="34.711291" lon="-119.804963"><ele>1884.0</ele><time>2026-05-25T22:09:56Z</time></trkpt><trkpt lat="34.711253" lon="-119.80498"><ele>1880.0</ele><time>2026-05-25T22:10:00Z</time></trkpt><trkpt lat="34.711172" lon="-119.804854"><ele>1879.0</ele><time>2026-05-25T22:10:12Z</time></trkpt><trkpt lat="34.711103" lon="-119.804814"><ele>1878.0</ele><time>2026-05-25T22:10:20Z</time></trkpt><trkpt lat="34.711078" lon="-119.804785"><ele>1877.0</ele><time>2026-05-25T22:10:23Z</time></trkpt><trkpt lat="34.710936" lon="-119.804795"><ele>1877.0</ele><time>2026-05-25T22:10:33Z</time></trkpt><trkpt lat="34.710922" lon="-119.804741"><ele>1876.0</ele><time>2026-05-25T22:10:40Z</time></trkpt><trkpt lat="34.710943" lon="-119.804701"><ele>1870.0</ele><time>2026-05-25T22:10:47Z</time></trkpt><trkpt lat="34.710951" lon="-119.804755"><ele>1878.2</ele><time>2026-05-25T22:10:53Z</time></trkpt><trkpt lat="34.71089" lon="-119.804807"><ele>1873.0</ele><time>2026-05-25T22:11:09Z</time></trkpt><trkpt lat="34.710896" lon="-119.804753"><ele>1875.0</ele><time>2026-05-25T22:11:24Z</time></trkpt><trkpt lat="34.710919" lon="-119.804729"><ele>1875.0</ele><time>2026-05-25T22:11:27Z</time></trkpt><trkpt lat="34.710923" lon="-119.804692"><ele>1875.0</ele><time>2026-05-25T22:11:30Z</time></trkpt><trkpt lat="34.71089" lon="-119.804632"><ele>1874.0</ele><time>2026-05-25T22:11:33Z</time></trkpt><trkpt lat="34.710834" lon="-119.804594"><ele>1873.0</ele><time>2026-05-25T22:11:38Z</time></trkpt><trkpt lat="34.710793" lon="-119.804524"><ele>1872.0</ele><time>2026-05-25T22:11:43Z</time></trkpt><trkpt lat="34.710787" lon="-119.804489"><ele>1872.0</ele><time>2026-05-25T22:11:47Z</time></trkpt><trkpt lat="34.710803" lon="-119.80451"><ele>1870.0</ele><time>2026-05-25T22:11:55Z</time></trkpt><trkpt lat="34.7108" lon="-119.804451"><ele>1871.0</ele><time>2026-05-25T22:12:03Z</time></trkpt><trkpt lat="34.710759" lon="-119.804357"><ele>1872.0</ele><time>2026-05-25T22:12:26Z</time></trkpt><trkpt lat="34.710766" lon="-119.804307"><ele>1871.0</ele><time>2026-05-25T22:12:38Z</time></trkpt><trkpt lat="34.710736" lon="-119.804251"><ele>1872.0</ele><time>2026-05-25T22:12:57Z</time></trkpt><trkpt lat="34.710726" lon="-119.804145"><ele>1868.0</ele><time>2026-05-25T22:13:13Z</time></trkpt><trkpt lat="34.71076" lon="-119.804086"><ele>1868.0</ele><time>2026-05-25T22:13:19Z</time></trkpt><trkpt lat="34.71078" lon="-119.804023"><ele>1867.0</ele><time>2026-05-25T22:13:25Z</time></trkpt><trkpt lat="34.710739" lon="-119.803861"><ele>1866.0</ele><time>2026-05-25T22:13:42Z</time></trkpt><trkpt lat="34.710742" lon="-119.803815"><ele>1866.0</ele><time>2026-05-25T22:13:45Z</time></trkpt><trkpt lat="34.710692" lon="-119.803684"><ele>1866.0</ele><time>2026-05-25T22:13:58Z</time></trkpt><trkpt lat="34.710691" lon="-119.80363"><ele>1863.0</ele><time>2026-05-25T22:14:03Z</time></trkpt><trkpt lat="34.710673" lon="-119.803561"><ele>1864.0</ele><time>2026-05-25T22:14:07Z</time></trkpt><trkpt lat="34.710637" lon="-119.80355"><ele>1863.0</ele><time>2026-05-25T22:14:10Z</time></trkpt><trkpt lat="34.710561" lon="-119.80348"><ele>1862.0</ele><time>2026-05-25T22:14:17Z</time></trkpt><trkpt lat="34.710466" lon="-119.803266"><ele>1861.0</ele><time>2026-05-25T22:14:34Z</time></trkpt><trkpt lat="34.710439" lon="-119.803231"><ele>1860.0</ele><time>2026-05-25T22:14:36Z</time></trkpt><trkpt lat="34.710427" lon="-119.803192"><ele>1854.0</ele><time>2026-05-25T22:14:46Z</time></trkpt><trkpt lat="34.71043" lon="-119.803152"><ele>1860.0</ele><time>2026-05-25T22:14:56Z</time></trkpt><trkpt lat="34.710395" lon="-119.803135"><ele>1856.0</ele><time>2026-05-25T22:15:04Z</time></trkpt><trkpt lat="34.710385" lon="-119.803176"><ele>1858.0</ele><time>2026-05-25T22:15:08Z</time></trkpt><trkpt lat="34.710324" lon="-119.803125"><ele>1858.0</ele><time>2026-05-25T22:15:13Z</time></trkpt><trkpt lat="34.710221" lon="-119.803111"><ele>1856.0</ele><time>2026-05-25T22:15:20Z</time></trkpt><trkpt lat="34.710191" lon="-119.803091"><ele>1856.0</ele><time>2026-05-25T22:15:24Z</time></trkpt><trkpt lat="34.710108" lon="-119.803064"><ele>1840.0</ele><time>2026-05-25T22:15:41Z</time></trkpt><trkpt lat="34.710087" lon="-119.80304"><ele>1856.0</ele><time>2026-05-25T22:15:57Z</time></trkpt><trkpt lat="34.710053" lon="-119.803025"><ele>1857.0</ele><time>2026-05-25T22:16:07Z</time></trkpt><trkpt lat="34.709908" lon="-119.803035"><ele>1858.0</ele><time>2026-05-25T22:16:21Z</time></trkpt><trkpt lat="34.709897" lon="-119.80295"><ele>1859.0</ele><time>2026-05-25T22:16:30Z</time></trkpt><trkpt lat="34.709871" lon="-119.802888"><ele>1857.0</ele><time>2026-05-25T22:16:35Z</time></trkpt><trkpt lat="34.70986" lon="-119.802777"><ele>1858.0</ele><time>2026-05-25T22:16:42Z</time></trkpt><trkpt lat="34.709873" lon="-119.802696"><ele>1858.0</ele><time>2026-05-25T22:16:46Z</time></trkpt><trkpt lat="34.70986" lon="-119.802647"><ele>1858.0</ele><time>2026-05-25T22:16:49Z</time></trkpt><trkpt lat="34.709856" lon="-119.802475"><ele>1855.0</ele><time>2026-05-25T22:17:00Z</time></trkpt><trkpt lat="34.709876" lon="-119.802445"><ele>1853.0</ele><time>2026-05-25T22:17:02Z</time></trkpt><trkpt lat="34.709879" lon="-119.802406"><ele>1854.0</ele><time>2026-05-25T22:17:04Z</time></trkpt><trkpt lat="34.709842" lon="-119.802284"><ele>1854.0</ele><time>2026-05-25T22:17:13Z</time></trkpt><trkpt lat="34.709852" lon="-119.802229"><ele>1856.0</ele><time>2026-05-25T22:17:18Z</time></trkpt><trkpt lat="34.709823" lon="-119.802115"><ele>1850.0</ele><time>2026-05-25T22:17:25Z</time></trkpt><trkpt lat="34.709773" lon="-119.80206"><ele>1851.0</ele><time>2026-05-25T22:17:31Z</time></trkpt><trkpt lat="34.709755" lon="-119.802013"><ele>1851.0</ele><time>2026-05-25T22:17:36Z</time></trkpt><trkpt lat="34.709687" lon="-119.801935"><ele>1848.0</ele><time>2026-05-25T22:17:44Z</time></trkpt><trkpt lat="34.709608" lon="-119.801762"><ele>1850.0</ele><time>2026-05-25T22:17:57Z</time></trkpt><trkpt lat="34.709593" lon="-119.801714"><ele>1848.0</ele><time>2026-05-25T22:18:00Z</time></trkpt><trkpt lat="34.709619" lon="-119.801656"><ele>1847.0</ele><time>2026-05-25T22:18:06Z</time></trkpt><trkpt lat="34.709558" lon="-119.801523"><ele>1851.0</ele><time>2026-05-25T22:18:17Z</time></trkpt><trkpt lat="34.709533" lon="-119.801305"><ele>1848.0</ele><time>2026-05-25T22:18:30Z</time></trkpt><trkpt lat="34.709543" lon="-119.801232"><ele>1849.0</ele><time>2026-05-25T22:18:34Z</time></trkpt><trkpt lat="34.709587" lon="-119.801121"><ele>1845.0</ele><time>2026-05-25T22:18:46Z</time></trkpt><trkpt lat="34.709558" lon="-119.800998"><ele>1844.0</ele><time>2026-05-25T22:18:53Z</time></trkpt><trkpt lat="34.70953" lon="-119.800953"><ele>1842.0</ele><time>2026-05-25T22:18:58Z</time></trkpt><trkpt lat="34.709522" lon="-119.800886"><ele>1840.0</ele><time>2026-05-25T22:19:07Z</time></trkpt><trkpt lat="34.709546" lon="-119.800817"><ele>1842.0</ele><time>2026-05-25T22:19:12Z</time></trkpt><trkpt lat="34.709536" lon="-119.800749"><ele>1842.0</ele><time>2026-05-25T22:19:16Z</time></trkpt><trkpt lat="34.709464" lon="-119.80065"><ele>1842.0</ele><time>2026-05-25T22:19:26Z</time></trkpt><trkpt lat="34.709405" lon="-119.800595"><ele>1842.0</ele><time>2026-05-25T22:19:32Z</time></trkpt><trkpt lat="34.709265" lon="-119.800426"><ele>1842.0</ele><time>2026-05-25T22:19:48Z</time></trkpt><trkpt lat="34.709198" lon="-119.800406"><ele>1836.0</ele><time>2026-05-25T22:19:54Z</time></trkpt><trkpt lat="34.709179" lon="-119.800377"><ele>1836.0</ele><time>2026-05-25T22:19:58Z</time></trkpt><trkpt lat="34.709145" lon="-119.800275"><ele>1837.1</ele><time>2026-05-25T22:20:06Z</time></trkpt><trkpt lat="34.709058" lon="-119.800168"><ele>1835.0</ele><time>2026-05-25T22:20:25Z</time></trkpt><trkpt lat="34.709042" lon="-119.799932"><ele>1837.0</ele><time>2026-05-25T22:20:47Z</time></trkpt><trkpt lat="34.709022" lon="-119.799799"><ele>1838.0</ele><time>2026-05-25T22:20:54Z</time></trkpt><trkpt lat="34.709032" lon="-119.799723"><ele>1837.0</ele><time>2026-05-25T22:21:00Z</time></trkpt><trkpt lat="34.709022" lon="-119.799625"><ele>1837.0</ele><time>2026-05-25T22:21:07Z</time></trkpt><trkpt lat="34.70898" lon="-119.799569"><ele>1836.0</ele><time>2026-05-25T22:21:15Z</time></trkpt><trkpt lat="34.708991" lon="-119.799536"><ele>1839.0</ele><time>2026-05-25T22:21:20Z</time></trkpt><trkpt lat="34.708989" lon="-119.799492"><ele>1840.0</ele><time>2026-05-25T22:21:23Z</time></trkpt><trkpt lat="34.708931" lon="-119.799446"><ele>1842.0</ele><time>2026-05-25T22:21:29Z</time></trkpt><trkpt lat="34.708906" lon="-119.799334"><ele>1842.0</ele><time>2026-05-25T22:21:39Z</time></trkpt><trkpt lat="34.708906" lon="-119.799299"><ele>1844.1</ele><time>2026-05-25T22:21:43Z</time></trkpt><trkpt lat="34.708992" lon="-119.799296"><ele>1839.0</ele><time>2026-05-25T22:21:51Z</time></trkpt><trkpt lat="34.709009" lon="-119.799263"><ele>1840.0</ele><time>2026-05-25T22:21:54Z</time></trkpt><trkpt lat="34.709008" lon="-119.799222"><ele>1840.0</ele><time>2026-05-25T22:21:56Z</time></trkpt><trkpt lat="34.708995" lon="-119.799185"><ele>1839.0</ele><time>2026-05-25T22:21:58Z</time></trkpt><trkpt lat="34.708927" lon="-119.799139"><ele>1842.0</ele><time>2026-05-25T22:22:04Z</time></trkpt><trkpt lat="34.70892" lon="-119.7991"><ele>1840.0</ele><time>2026-05-25T22:22:06Z</time></trkpt><trkpt lat="34.708938" lon="-119.79896"><ele>1839.0</ele><time>2026-05-25T22:22:14Z</time></trkpt><trkpt lat="34.708896" lon="-119.798865"><ele>1840.0</ele><time>2026-05-25T22:22:21Z</time></trkpt><trkpt lat="34.708935" lon="-119.798771"><ele>1837.7</ele><time>2026-05-25T22:22:29Z</time></trkpt><trkpt lat="34.708939" lon="-119.798738"><ele>1836.0</ele><time>2026-05-25T22:22:31Z</time></trkpt><trkpt lat="34.708887" lon="-119.798625"><ele>1838.0</ele><time>2026-05-25T22:22:38Z</time></trkpt><trkpt lat="34.708833" lon="-119.798567"><ele>1835.0</ele><time>2026-05-25T22:22:44Z</time></trkpt><trkpt lat="34.708825" lon="-119.798532"><ele>1836.0</ele><time>2026-05-25T22:22:46Z</time></trkpt><trkpt lat="34.708884" lon="-119.798453"><ele>1835.0</ele><time>2026-05-25T22:22:55Z</time></trkpt><trkpt lat="34.708979" lon="-119.798391"><ele>1833.0</ele><time>2026-05-25T22:23:03Z</time></trkpt><trkpt lat="34.709057" lon="-119.798281"><ele>1833.0</ele><time>2026-05-25T22:23:12Z</time></trkpt><trkpt lat="34.709075" lon="-119.79824"><ele>1833.0</ele><time>2026-05-25T22:23:15Z</time></trkpt><trkpt lat="34.709125" lon="-119.798193"><ele>1836.0</ele><time>2026-05-25T22:23:19Z</time></trkpt><trkpt lat="34.709249" lon="-119.798123"><ele>1836.0</ele><time>2026-05-25T22:23:28Z</time></trkpt><trkpt lat="34.709301" lon="-119.798071"><ele>1836.0</ele><time>2026-05-25T22:23:32Z</time></trkpt><trkpt lat="34.709336" lon="-119.79806"><ele>1834.0</ele><time>2026-05-25T22:23:34Z</time></trkpt><trkpt lat="34.709377" lon="-119.797999"><ele>1834.0</ele><time>2026-05-25T22:23:39Z</time></trkpt><trkpt lat="34.70939" lon="-119.797931"><ele>1833.0</ele><time>2026-05-25T22:23:45Z</time></trkpt><trkpt lat="34.709379" lon="-119.797855"><ele>1833.0</ele><time>2026-05-25T22:23:49Z</time></trkpt><trkpt lat="34.709401" lon="-119.797726"><ele>1833.0</ele><time>2026-05-25T22:23:57Z</time></trkpt><trkpt lat="34.709371" lon="-119.797616"><ele>1830.0</ele><time>2026-05-25T22:24:03Z</time></trkpt><trkpt lat="34.70939" lon="-119.79755"><ele>1832.0</ele><time>2026-05-25T22:24:07Z</time></trkpt><trkpt lat="34.709451" lon="-119.797455"><ele>1832.0</ele><time>2026-05-25T22:24:14Z</time></trkpt><trkpt lat="34.709441" lon="-119.797311"><ele>1833.0</ele><time>2026-05-25T22:24:23Z</time></trkpt><trkpt lat="34.709456" lon="-119.7971"><ele>1833.0</ele><time>2026-05-25T22:24:38Z</time></trkpt><trkpt lat="34.709475" lon="-119.797031"><ele>1832.0</ele><time>2026-05-25T22:24:44Z</time></trkpt><trkpt lat="34.709499" lon="-119.796993"><ele>1832.0</ele><time>2026-05-25T22:24:47Z</time></trkpt><trkpt lat="34.709504" lon="-119.796957"><ele>1832.0</ele><time>2026-05-25T22:24:50Z</time></trkpt><trkpt lat="34.70954" lon="-119.796903"><ele>1830.0</ele><time>2026-05-25T22:24:54Z</time></trkpt><trkpt lat="34.709547" lon="-119.796803"><ele>1829.0</ele><time>2026-05-25T22:25:01Z</time></trkpt><trkpt lat="34.709573" lon="-119.796768"><ele>1830.2</ele><time>2026-05-25T22:25:03Z</time></trkpt><trkpt lat="34.709596" lon="-119.796703"><ele>1829.0</ele><time>2026-05-25T22:25:07Z</time></trkpt><trkpt lat="34.709559" lon="-119.796587"><ele>1829.0</ele><time>2026-05-25T22:25:16Z</time></trkpt><trkpt lat="34.709621" lon="-119.796545"><ele>1827.0</ele><time>2026-05-25T22:25:23Z</time></trkpt><trkpt lat="34.709623" lon="-119.79647"><ele>1829.0</ele><time>2026-05-25T22:25:28Z</time></trkpt><trkpt lat="34.709633" lon="-119.796441"><ele>1828.0</ele><time>2026-05-25T22:25:31Z</time></trkpt><trkpt lat="34.709676" lon="-119.796388"><ele>1827.0</ele><time>2026-05-25T22:25:36Z</time></trkpt><trkpt lat="34.709695" lon="-119.796348"><ele>1827.0</ele><time>2026-05-25T22:25:39Z</time></trkpt><trkpt lat="34.709701" lon="-119.796301"><ele>1827.0</ele><time>2026-05-25T22:25:42Z</time></trkpt><trkpt lat="34.709686" lon="-119.796225"><ele>1827.0</ele><time>2026-05-25T22:25:47Z</time></trkpt><trkpt lat="34.7097" lon="-119.796187"><ele>1828.0</ele><time>2026-05-25T22:25:49Z</time></trkpt><trkpt lat="34.709693" lon="-119.796122"><ele>1826.0</ele><time>2026-05-25T22:25:53Z</time></trkpt><trkpt lat="34.709703" lon="-119.796052"><ele>1827.0</ele><time>2026-05-25T22:25:58Z</time></trkpt><trkpt lat="34.709692" lon="-119.795933"><ele>1827.0</ele><time>2026-05-25T22:26:06Z</time></trkpt><trkpt lat="34.70972" lon="-119.795808"><ele>1824.0</ele><time>2026-05-25T22:26:15Z</time></trkpt><trkpt lat="34.709717" lon="-119.79577"><ele>1824.0</ele><time>2026-05-25T22:26:17Z</time></trkpt><trkpt lat="34.709744" lon="-119.795702"><ele>1821.0</ele><time>2026-05-25T22:26:23Z</time></trkpt><trkpt lat="34.709744" lon="-119.79558"><ele>1820.0</ele><time>2026-05-25T22:26:31Z</time></trkpt><trkpt lat="34.709764" lon="-119.795511"><ele>1822.0</ele><time>2026-05-25T22:26:37Z</time></trkpt><trkpt lat="34.709785" lon="-119.795486"><ele>1822.0</ele><time>2026-05-25T22:26:39Z</time></trkpt><trkpt lat="34.709773" lon="-119.79543"><ele>1823.8</ele><time>2026-05-25T22:26:43Z</time></trkpt><trkpt lat="34.709796" lon="-119.795368"><ele>1821.0</ele><time>2026-05-25T22:26:47Z</time></trkpt><trkpt lat="34.709781" lon="-119.795209"><ele>1821.0</ele><time>2026-05-25T22:26:56Z</time></trkpt><trkpt lat="34.709783" lon="-119.795175"><ele>1821.0</ele><time>2026-05-25T22:26:59Z</time></trkpt><trkpt lat="34.709812" lon="-119.795101"><ele>1818.0</ele><time>2026-05-25T22:27:07Z</time></trkpt><trkpt lat="34.709803" lon="-119.795054"><ele>1818.0</ele><time>2026-05-25T22:27:09Z</time></trkpt><trkpt lat="34.709809" lon="-119.795021"><ele>1818.0</ele><time>2026-05-25T22:27:11Z</time></trkpt><trkpt lat="34.709746" lon="-119.794842"><ele>1818.0</ele><time>2026-05-25T22:27:21Z</time></trkpt><trkpt lat="34.709727" lon="-119.794728"><ele>1817.0</ele><time>2026-05-25T22:27:27Z</time></trkpt><trkpt lat="34.709713" lon="-119.794693"><ele>1818.0</ele><time>2026-05-25T22:27:29Z</time></trkpt><trkpt lat="34.709679" lon="-119.794665"><ele>1819.5</ele><time>2026-05-25T22:27:32Z</time></trkpt><trkpt lat="34.709647" lon="-119.794576"><ele>1818.0</ele><time>2026-05-25T22:27:38Z</time></trkpt><trkpt lat="34.709607" lon="-119.794521"><ele>1816.0</ele><time>2026-05-25T22:27:44Z</time></trkpt><trkpt lat="34.709493" lon="-119.79447"><ele>1817.0</ele><time>2026-05-25T22:27:54Z</time></trkpt><trkpt lat="34.709381" lon="-119.794386"><ele>1816.0</ele><time>2026-05-25T22:28:19Z</time></trkpt><trkpt lat="34.709308" lon="-119.794357"><ele>1816.6</ele><time>2026-05-25T22:28:28Z</time></trkpt><trkpt lat="34.709272" lon="-119.794317"><ele>1815.0</ele><time>2026-05-25T22:28:33Z</time></trkpt><trkpt lat="34.709131" lon="-119.794309"><ele>1810.0</ele><time>2026-05-25T22:28:49Z</time></trkpt><trkpt lat="34.70913" lon="-119.794269"><ele>1809.0</ele><time>2026-05-25T22:28:54Z</time></trkpt><trkpt lat="34.709116" lon="-119.794225"><ele>1810.0</ele><time>2026-05-25T22:28:56Z</time></trkpt><trkpt lat="34.70908" lon="-119.794169"><ele>1811.0</ele><time>2026-05-25T22:29:00Z</time></trkpt><trkpt lat="34.709024" lon="-119.794166"><ele>1810.0</ele><time>2026-05-25T22:29:06Z</time></trkpt><trkpt lat="34.708993" lon="-119.794136"><ele>1812.0</ele><time>2026-05-25T22:29:09Z</time></trkpt><trkpt lat="34.708967" lon="-119.794128"><ele>1812.0</ele><time>2026-05-25T22:29:11Z</time></trkpt><trkpt lat="34.70891" lon="-119.794073"><ele>1812.0</ele><time>2026-05-25T22:29:17Z</time></trkpt><trkpt lat="34.708879" lon="-119.794062"><ele>1812.0</ele><time>2026-05-25T22:29:20Z</time></trkpt><trkpt lat="34.708835" lon="-119.794068"><ele>1812.0</ele><time>2026-05-25T22:29:23Z</time></trkpt><trkpt lat="34.70878" lon="-119.794117"><ele>1813.0</ele><time>2026-05-25T22:29:28Z</time></trkpt><trkpt lat="34.708744" lon="-119.794087"><ele>1813.0</ele><time>2026-05-25T22:29:32Z</time></trkpt><trkpt lat="34.708706" lon="-119.794079"><ele>1814.0</ele><time>2026-05-25T22:29:34Z</time></trkpt><trkpt lat="34.70868" lon="-119.79406"><ele>1812.0</ele><time>2026-05-25T22:29:37Z</time></trkpt><trkpt lat="34.708529" lon="-119.794026"><ele>1814.0</ele><time>2026-05-25T22:29:47Z</time></trkpt><trkpt lat="34.708464" lon="-119.794031"><ele>1813.0</ele><time>2026-05-25T22:29:52Z</time></trkpt><trkpt lat="34.708438" lon="-119.794069"><ele>1813.0</ele><time>2026-05-25T22:29:55Z</time></trkpt><trkpt lat="34.708381" lon="-119.794061"><ele>1812.0</ele><time>2026-05-25T22:30:01Z</time></trkpt><trkpt lat="34.708346" lon="-119.793974"><ele>1811.0</ele><time>2026-05-25T22:30:07Z</time></trkpt><trkpt lat="34.708317" lon="-119.793944"><ele>1812.0</ele><time>2026-05-25T22:30:10Z</time></trkpt><trkpt lat="34.708224" lon="-119.793915"><ele>1812.0</ele><time>2026-05-25T22:30:18Z</time></trkpt><trkpt lat="34.708192" lon="-119.793884"><ele>1812.0</ele><time>2026-05-25T22:30:21Z</time></trkpt><trkpt lat="34.70815" lon="-119.793863"><ele>1812.0</ele><time>2026-05-25T22:30:24Z</time></trkpt><trkpt lat="34.70807" lon="-119.793897"><ele>1810.0</ele><time>2026-05-25T22:30:30Z</time></trkpt><trkpt lat="34.707984" lon="-119.79386"><ele>1808.0</ele><time>2026-05-25T22:30:45Z</time></trkpt><trkpt lat="34.707907" lon="-119.793805"><ele>1811.1</ele><time>2026-05-25T22:30:55Z</time></trkpt><trkpt lat="34.707862" lon="-119.793795"><ele>1810.0</ele><time>2026-05-25T22:30:57Z</time></trkpt><trkpt lat="34.70778" lon="-119.793707"><ele>1809.0</ele><time>2026-05-25T22:31:05Z</time></trkpt><trkpt lat="34.707607" lon="-119.793622"><ele>1812.0</ele><time>2026-05-25T22:31:21Z</time></trkpt><trkpt lat="34.707579" lon="-119.793597"><ele>1812.0</ele><time>2026-05-25T22:31:24Z</time></trkpt><trkpt lat="34.707489" lon="-119.79357"><ele>1812.0</ele><time>2026-05-25T22:31:42Z</time></trkpt><trkpt lat="34.707357" lon="-119.793559"><ele>1812.0</ele><time>2026-05-25T22:31:54Z</time></trkpt><trkpt lat="34.707179" lon="-119.793466"><ele>1810.0</ele><time>2026-05-25T22:32:08Z</time></trkpt><trkpt lat="34.707145" lon="-119.79347"><ele>1809.0</ele><time>2026-05-25T22:32:11Z</time></trkpt><trkpt lat="34.707039" lon="-119.793513"><ele>1809.0</ele><time>2026-05-25T22:32:18Z</time></trkpt><trkpt lat="34.706951" lon="-119.793576"><ele>1808.0</ele><time>2026-05-25T22:32:25Z</time></trkpt><trkpt lat="34.706918" lon="-119.793586"><ele>1807.0</ele><time>2026-05-25T22:32:27Z</time></trkpt><trkpt lat="34.70683" lon="-119.793662"><ele>1806.3</ele><time>2026-05-25T22:32:35Z</time></trkpt><trkpt lat="34.706805" lon="-119.793718"><ele>1805.0</ele><time>2026-05-25T22:32:38Z</time></trkpt><trkpt lat="34.706739" lon="-119.793792"><ele>1805.0</ele><time>2026-05-25T22:32:45Z</time></trkpt><trkpt lat="34.706728" lon="-119.793823"><ele>1803.0</ele><time>2026-05-25T22:32:48Z</time></trkpt><trkpt lat="34.706658" lon="-119.793881"><ele>1800.0</ele><time>2026-05-25T22:33:02Z</time></trkpt><trkpt lat="34.706534" lon="-119.793794"><ele>1796.0</ele><time>2026-05-25T22:33:22Z</time></trkpt><trkpt lat="34.70658" lon="-119.793796"><ele>1796.0</ele><time>2026-05-25T22:33:25Z</time></trkpt><trkpt lat="34.706577" lon="-119.793757"><ele>1796.0</ele><time>2026-05-25T22:33:28Z</time></trkpt><trkpt lat="34.706594" lon="-119.793679"><ele>1794.0</ele><time>2026-05-25T22:33:32Z</time></trkpt><trkpt lat="34.706594" lon="-119.793575"><ele>1794.0</ele><time>2026-05-25T22:33:39Z</time></trkpt><trkpt lat="34.70657" lon="-119.793427"><ele>1793.3</ele><time>2026-05-25T22:33:50Z</time></trkpt><trkpt lat="34.706606" lon="-119.793373"><ele>1791.0</ele><time>2026-05-25T22:33:56Z</time></trkpt><trkpt lat="34.706621" lon="-119.79329"><ele>1791.0</ele><time>2026-05-25T22:34:02Z</time></trkpt><trkpt lat="34.706606" lon="-119.793199"><ele>1790.0</ele><time>2026-05-25T22:34:07Z</time></trkpt><trkpt lat="34.706533" lon="-119.7931"><ele>1786.0</ele><time>2026-05-25T22:34:14Z</time></trkpt><trkpt lat="34.706501" lon="-119.793078"><ele>1784.0</ele><time>2026-05-25T22:34:17Z</time></trkpt><trkpt lat="34.706515" lon="-119.793043"><ele>1783.1</ele><time>2026-05-25T22:34:19Z</time></trkpt><trkpt lat="34.706414" lon="-119.792913"><ele>1780.0</ele><time>2026-05-25T22:34:31Z</time></trkpt><trkpt lat="34.706399" lon="-119.792875"><ele>1781.0</ele><time>2026-05-25T22:34:36Z</time></trkpt><trkpt lat="34.706408" lon="-119.792856"><ele>1780.0</ele><time>2026-05-25T22:34:38Z</time></trkpt><trkpt lat="34.70638" lon="-119.79279"><ele>1776.0</ele><time>2026-05-25T22:34:46Z</time></trkpt><trkpt lat="34.706375" lon="-119.792745"><ele>1777.8</ele><time>2026-05-25T22:34:48Z</time></trkpt><trkpt lat="34.706347" lon="-119.792679"><ele>1776.0</ele><time>2026-05-25T22:34:50Z</time></trkpt><trkpt lat="34.706251" lon="-119.792574"><ele>1776.0</ele><time>2026-05-25T22:35:04Z</time></trkpt><trkpt lat="34.70626" lon="-119.792537"><ele>1776.0</ele><time>2026-05-25T22:35:13Z</time></trkpt><trkpt lat="34.706234" lon="-119.79252"><ele>1776.0</ele><time>2026-05-25T22:35:16Z</time></trkpt><trkpt lat="34.706163" lon="-119.792501"><ele>1776.0</ele><time>2026-05-25T22:35:21Z</time></trkpt><trkpt lat="34.706108" lon="-119.792497"><ele>1776.0</ele><time>2026-05-25T22:35:26Z</time></trkpt><trkpt lat="34.706097" lon="-119.792479"><ele>1776.0</ele><time>2026-05-25T22:35:29Z</time></trkpt><trkpt lat="34.706042" lon="-119.792468"><ele>1769.0</ele><time>2026-05-25T22:35:46Z</time></trkpt><trkpt lat="34.705992" lon="-119.792435"><ele>1772.0</ele><time>2026-05-25T22:40:36Z</time></trkpt><trkpt lat="34.705998" lon="-119.792496"><ele>1772.0</ele><time>2026-05-25T22:41:50Z</time></trkpt><trkpt lat="34.705978" lon="-119.792513"><ele>1768.0</ele><time>2026-05-25T22:45:30Z</time></trkpt><trkpt lat="34.705942" lon="-119.792602"><ele>1773.5</ele><time>2026-05-25T22:45:57Z</time></trkpt><trkpt lat="34.705963" lon="-119.792564"><ele>1772.0</ele><time>2026-05-25T22:46:07Z</time></trkpt><trkpt lat="34.70595" lon="-119.792515"><ele>1772.0</ele><time>2026-05-25T22:47:25Z</time></trkpt><trkpt lat="34.705972" lon="-119.792533"><ele>1774.0</ele><time>2026-05-25T22:48:32Z</time></trkpt><trkpt lat="34.70592" lon="-119.79264"><ele>1776.0</ele><time>2026-05-25T22:49:33Z</time></trkpt><trkpt lat="34.705758" lon="-119.792891"><ele>1780.3</ele><time>2026-05-25T22:49:59Z</time></trkpt><trkpt lat="34.705711" lon="-119.792942"><ele>1778.0</ele><time>2026-05-25T22:50:07Z</time></trkpt><trkpt lat="34.705744" lon="-119.793003"><ele>1779.0</ele><time>2026-05-25T22:50:12Z</time></trkpt><trkpt lat="34.705746" lon="-119.793053"><ele>1780.0</ele><time>2026-05-25T22:50:30Z</time></trkpt><trkpt lat="34.705711" lon="-119.793077"><ele>1782.0</ele><time>2026-05-25T22:50:44Z</time></trkpt><trkpt lat="34.705681" lon="-119.793064"><ele>1780.0</ele><time>2026-05-25T22:50:47Z</time></trkpt><trkpt lat="34.705614" lon="-119.793091"><ele>1784.0</ele><time>2026-05-25T22:50:55Z</time></trkpt><trkpt lat="34.705586" lon="-119.793113"><ele>1784.0</ele><time>2026-05-25T22:50:59Z</time></trkpt><trkpt lat="34.705611" lon="-119.79319"><ele>1782.0</ele><time>2026-05-25T22:51:04Z</time></trkpt><trkpt lat="34.705641" lon="-119.793216"><ele>1782.0</ele><time>2026-05-25T22:51:06Z</time></trkpt><trkpt lat="34.705674" lon="-119.793271"><ele>1782.0</ele><time>2026-05-25T22:51:11Z</time></trkpt><trkpt lat="34.705633" lon="-119.793317"><ele>1781.0</ele><time>2026-05-25T22:51:16Z</time></trkpt><trkpt lat="34.705603" lon="-119.79325"><ele>1782.0</ele><time>2026-05-25T22:51:49Z</time></trkpt><trkpt lat="34.705615" lon="-119.793288"><ele>1771.0</ele><time>2026-05-25T22:52:24Z</time></trkpt><trkpt lat="34.705698" lon="-119.793244"><ele>1780.0</ele><time>2026-05-25T22:52:53Z</time></trkpt><trkpt lat="34.705619" lon="-119.792858"><ele>1782.2</ele><time>2026-05-25T22:53:19Z</time></trkpt><trkpt lat="34.705545" lon="-119.792857"><ele>1780.0</ele><time>2026-05-25T22:53:26Z</time></trkpt><trkpt lat="34.705498" lon="-119.792886"><ele>1779.0</ele><time>2026-05-25T22:53:45Z</time></trkpt><trkpt lat="34.705569" lon="-119.792843"><ele>1780.2</ele><time>2026-05-25T22:54:10Z</time></trkpt><trkpt lat="34.705636" lon="-119.792924"><ele>1780.0</ele><time>2026-05-25T22:54:17Z</time></trkpt><trkpt lat="34.705716" lon="-119.792959"><ele>1780.0</ele><time>2026-05-25T22:54:22Z</time></trkpt><trkpt lat="34.705744" lon="-119.792982"><ele>1781.0</ele><time>2026-05-25T22:54:25Z</time></trkpt><trkpt lat="34.705766" lon="-119.793018"><ele>1780.0</ele><time>2026-05-25T22:54:28Z</time></trkpt><trkpt lat="34.705724" lon="-119.793054"><ele>1782.0</ele><time>2026-05-25T22:54:34Z</time></trkpt><trkpt lat="34.70576" lon="-119.793014"><ele>1780.0</ele><time>2026-05-25T22:54:45Z</time></trkpt><trkpt lat="34.705766" lon="-119.792952"><ele>1776.0</ele><time>2026-05-25T22:55:02Z</time></trkpt><trkpt lat="34.705777" lon="-119.79301"><ele>1782.0</ele><time>2026-05-25T22:55:24Z</time></trkpt><trkpt lat="34.705787" lon="-119.792963"><ele>1784.1</ele><time>2026-05-25T22:55:26Z</time></trkpt><trkpt lat="34.705765" lon="-119.792937"><ele>1781.0</ele><time>2026-05-25T22:55:28Z</time></trkpt><trkpt lat="34.705739" lon="-119.793006"><ele>1782.0</ele><time>2026-05-25T22:55:33Z</time></trkpt><trkpt lat="34.705782" lon="-119.793014"><ele>1771.0</ele><time>2026-05-25T23:35:57Z</time></trkpt><trkpt lat="34.705838" lon="-119.79323"><ele>1785.0</ele><time>2026-05-25T23:40:54Z</time></trkpt><trkpt lat="34.705934" lon="-119.79317"><ele>1783.0</ele><time>2026-05-25T23:41:09Z</time></trkpt><trkpt lat="34.705958" lon="-119.79321"><ele>1785.0</ele><time>2026-05-25T23:41:18Z</time></trkpt><trkpt lat="34.705975" lon="-119.793272"><ele>1785.0</ele><time>2026-05-25T23:41:24Z</time></trkpt><trkpt lat="34.706002" lon="-119.793285"><ele>1785.0</ele><time>2026-05-25T23:41:29Z</time></trkpt><trkpt lat="34.706027" lon="-119.793218"><ele>1784.0</ele><time>2026-05-25T23:41:38Z</time></trkpt><trkpt lat="34.706066" lon="-119.793191"><ele>1785.0</ele><time>2026-05-25T23:41:44Z</time></trkpt><trkpt lat="34.70616" lon="-119.793179"><ele>1790.0</ele><time>2026-05-25T23:41:59Z</time></trkpt><trkpt lat="34.706195" lon="-119.793215"><ele>1789.0</ele><time>2026-05-25T23:42:02Z</time></trkpt><trkpt lat="34.706252" lon="-119.793231"><ele>1788.0</ele><time>2026-05-25T23:42:15Z</time></trkpt><trkpt lat="34.706245" lon="-119.793285"><ele>1788.0</ele><time>2026-05-25T23:42:20Z</time></trkpt><trkpt lat="34.706212" lon="-119.793299"><ele>1790.0</ele><time>2026-05-25T23:42:25Z</time></trkpt><trkpt lat="34.706264" lon="-119.79328"><ele>1790.0</ele><time>2026-05-25T23:43:00Z</time></trkpt><trkpt lat="34.70631" lon="-119.793284"><ele>1790.0</ele><time>2026-05-25T23:43:07Z</time></trkpt><trkpt lat="34.706355" lon="-119.793254"><ele>1788.0</ele><time>2026-05-25T23:43:16Z</time></trkpt><trkpt lat="34.706424" lon="-119.793243"><ele>1788.0</ele><time>2026-05-25T23:43:23Z</time></trkpt><trkpt lat="34.706447" lon="-119.793208"><ele>1788.0</ele><time>2026-05-25T23:43:26Z</time></trkpt><trkpt lat="34.70648" lon="-119.793186"><ele>1788.0</ele><time>2026-05-25T23:43:28Z</time></trkpt><trkpt lat="34.706513" lon="-119.793136"><ele>1786.0</ele><time>2026-05-25T23:43:34Z</time></trkpt><trkpt lat="34.706504" lon="-119.7931"><ele>1786.0</ele><time>2026-05-25T23:43:36Z</time></trkpt><trkpt lat="34.706443" lon="-119.793043"><ele>1784.0</ele><time>2026-05-25T23:43:40Z</time></trkpt><trkpt lat="34.70646" lon="-119.793013"><ele>1782.0</ele><time>2026-05-25T23:43:45Z</time></trkpt><trkpt lat="34.706425" lon="-119.792991"><ele>1782.0</ele><time>2026-05-25T23:43:48Z</time></trkpt><trkpt lat="34.706378" lon="-119.792893"><ele>1780.0</ele><time>2026-05-25T23:43:57Z</time></trkpt><trkpt lat="34.706392" lon="-119.792839"><ele>1778.0</ele><time>2026-05-25T23:44:01Z</time></trkpt><trkpt lat="34.706337" lon="-119.792677"><ele>1778.0</ele><time>2026-05-25T23:44:10Z</time></trkpt><trkpt lat="34.7063" lon="-119.792637"><ele>1777.0</ele><time>2026-05-25T23:44:13Z</time></trkpt><trkpt lat="34.706209" lon="-119.792585"><ele>1778.0</ele><time>2026-05-25T23:45:37Z</time></trkpt><trkpt lat="34.706158" lon="-119.792831"><ele>1780.0</ele><time>2026-05-25T23:46:25Z</time></trkpt><trkpt lat="34.706137" lon="-119.792866"><ele>1781.0</ele><time>2026-05-25T23:46:31Z</time></trkpt><trkpt lat="34.706165" lon="-119.792821"><ele>1780.0</ele><time>2026-05-25T23:46:51Z</time></trkpt><trkpt lat="34.706267" lon="-119.792824"><ele>1773.0</ele><time>2026-05-25T23:47:13Z</time></trkpt><trkpt lat="34.706158" lon="-119.792802"><ele>1776.0</ele><time>2026-05-25T23:47:23Z</time></trkpt><trkpt lat="34.706136" lon="-119.792828"><ele>1780.0</ele><time>2026-05-25T23:47:47Z</time></trkpt><trkpt lat="34.706173" lon="-119.792789"><ele>1781.2</ele><time>2026-05-25T23:47:53Z</time></trkpt><trkpt lat="34.706149" lon="-119.792711"><ele>1780.0</ele><time>2026-05-25T23:48:31Z</time></trkpt><trkpt lat="34.706159" lon="-119.792814"><ele>1779.0</ele><time>2026-05-25T23:49:04Z</time></trkpt><trkpt lat="34.706216" lon="-119.792699"><ele>1778.0</ele><time>2026-05-25T23:50:40Z</time></trkpt><trkpt lat="34.706196" lon="-119.792648"><ele>1776.0</ele><time>2026-05-25T23:51:00Z</time></trkpt><trkpt lat="34.70624" lon="-119.79267"><ele>1776.0</ele><time>2026-05-25T23:51:22Z</time></trkpt><trkpt lat="34.706263" lon="-119.792645"><ele>1778.0</ele><time>2026-05-25T23:51:44Z</time></trkpt><trkpt lat="34.706242" lon="-119.792637"><ele>1778.0</ele><time>2026-05-25T23:52:07Z</time></trkpt><trkpt lat="34.706293" lon="-119.792657"><ele>1777.4</ele><time>2026-05-25T23:52:55Z</time></trkpt><trkpt lat="34.706263" lon="-119.792664"><ele>1777.1</ele><time>2026-05-25T23:52:59Z</time></trkpt><trkpt lat="34.706243" lon="-119.792648"><ele>1776.0</ele><time>2026-05-25T23:53:03Z</time></trkpt><trkpt lat="34.706234" lon="-119.792612"><ele>1776.0</ele><time>2026-05-25T23:53:35Z</time></trkpt><trkpt lat="34.706328" lon="-119.792577"><ele>1777.0</ele><time>2026-05-25T23:54:15Z</time></trkpt><trkpt lat="34.706331" lon="-119.792451"><ele>1776.0</ele><time>2026-05-25T23:54:38Z</time></trkpt><trkpt lat="34.70625" lon="-119.79234"><ele>1776.8</ele><time>2026-05-25T23:54:52Z</time></trkpt><trkpt lat="34.706226" lon="-119.792278"><ele>1776.0</ele><time>2026-05-25T23:55:04Z</time></trkpt><trkpt lat="34.706237" lon="-119.792245"><ele>1774.0</ele><time>2026-05-25T23:55:08Z</time></trkpt><trkpt lat="34.706268" lon="-119.792236"><ele>1772.0</ele><time>2026-05-25T23:55:12Z</time></trkpt><trkpt lat="34.706316" lon="-119.792184"><ele>1772.0</ele><time>2026-05-25T23:55:21Z</time></trkpt><trkpt lat="34.706329" lon="-119.792153"><ele>1775.0</ele><time>2026-05-25T23:55:26Z</time></trkpt><trkpt lat="34.706315" lon="-119.792137"><ele>1776.0</ele><time>2026-05-25T23:55:29Z</time></trkpt><trkpt lat="34.706272" lon="-119.792022"><ele>1772.0</ele><time>2026-05-25T23:55:38Z</time></trkpt><trkpt lat="34.706218" lon="-119.791965"><ele>1770.0</ele><time>2026-05-25T23:55:54Z</time></trkpt><trkpt lat="34.706183" lon="-119.791945"><ele>1770.0</ele><time>2026-05-25T23:56:00Z</time></trkpt><trkpt lat="34.706153" lon="-119.791852"><ele>1768.0</ele><time>2026-05-25T23:56:18Z</time></trkpt><trkpt lat="34.706129" lon="-119.791833"><ele>1770.0</ele><time>2026-05-25T23:56:26Z</time></trkpt><trkpt lat="34.706091" lon="-119.791852"><ele>1768.0</ele><time>2026-05-25T23:56:49Z</time></trkpt><trkpt lat="34.706143" lon="-119.791825"><ele>1767.0</ele><time>2026-05-25T23:57:12Z</time></trkpt><trkpt lat="34.706152" lon="-119.791679"><ele>1767.0</ele><time>2026-05-25T23:57:33Z</time></trkpt><trkpt lat="34.706174" lon="-119.791616"><ele>1768.0</ele><time>2026-05-25T23:57:38Z</time></trkpt><trkpt lat="34.70616" lon="-119.79158"><ele>1768.0</ele><time>2026-05-25T23:57:40Z</time></trkpt><trkpt lat="34.706123" lon="-119.791544"><ele>1768.0</ele><time>2026-05-25T23:57:42Z</time></trkpt><trkpt lat="34.706107" lon="-119.791507"><ele>1767.0</ele><time>2026-05-25T23:57:45Z</time></trkpt><trkpt lat="34.706113" lon="-119.791568"><ele>1767.0</ele><time>2026-05-25T23:57:50Z</time></trkpt><trkpt lat="34.706186" lon="-119.791442"><ele>1761.0</ele><time>2026-05-25T23:58:09Z</time></trkpt><trkpt lat="34.706158" lon="-119.791292"><ele>1761.0</ele><time>2026-05-25T23:58:23Z</time></trkpt><trkpt lat="34.706128" lon="-119.791206"><ele>1760.0</ele><time>2026-05-25T23:58:27Z</time></trkpt><trkpt lat="34.706128" lon="-119.791165"><ele>1757.0</ele><time>2026-05-25T23:58:31Z</time></trkpt><trkpt lat="34.706145" lon="-119.791135"><ele>1750.0</ele><time>2026-05-25T23:58:40Z</time></trkpt><trkpt lat="34.706168" lon="-119.791186"><ele>1757.0</ele><time>2026-05-25T23:59:01Z</time></trkpt><trkpt lat="34.706199" lon="-119.791145"><ele>1758.2</ele><time>2026-05-25T23:59:04Z</time></trkpt><trkpt lat="34.706197" lon="-119.791099"><ele>1755.0</ele><time>2026-05-25T23:59:07Z</time></trkpt><trkpt lat="34.70623" lon="-119.791037"><ele>1756.0</ele><time>2026-05-25T23:59:13Z</time></trkpt><trkpt lat="34.706205" lon="-119.790893"><ele>1754.0</ele><time>2026-05-25T23:59:25Z</time></trkpt><trkpt lat="34.706234" lon="-119.790874"><ele>1752.0</ele><time>2026-05-25T23:59:29Z</time></trkpt><trkpt lat="34.706244" lon="-119.790835"><ele>1750.0</ele><time>2026-05-25T23:59:35Z</time></trkpt><trkpt lat="34.706271" lon="-119.790817"><ele>1747.0</ele><time>2026-05-25T23:59:41Z</time></trkpt><trkpt lat="34.706307" lon="-119.790743"><ele>1748.0</ele><time>2026-05-25T23:59:49Z</time></trkpt><trkpt lat="34.706332" lon="-119.790714"><ele>1748.0</ele><time>2026-05-25T23:59:54Z</time></trkpt><trkpt lat="34.706322" lon="-119.790665"><ele>1750.0</ele><time>2026-05-26T00:00:26Z</time></trkpt><trkpt lat="34.706287" lon="-119.790671"><ele>1750.0</ele><time>2026-05-26T00:00:45Z</time></trkpt><trkpt lat="34.706223" lon="-119.79077"><ele>1751.8</ele><time>2026-05-26T00:00:54Z</time></trkpt><trkpt lat="34.706189" lon="-119.790884"><ele>1752.0</ele><time>2026-05-26T00:01:01Z</time></trkpt><trkpt lat="34.706133" lon="-119.790944"><ele>1752.0</ele><time>2026-05-26T00:01:10Z</time></trkpt><trkpt lat="34.706147" lon="-119.79104"><ele>1753.0</ele><time>2026-05-26T00:01:17Z</time></trkpt><trkpt lat="34.706131" lon="-119.791137"><ele>1752.0</ele><time>2026-05-26T00:01:25Z</time></trkpt><trkpt lat="34.706053" lon="-119.791195"><ele>1740.0</ele><time>2026-05-26T00:01:53Z</time></trkpt><trkpt lat="34.706038" lon="-119.791228"><ele>1758.0</ele><time>2026-05-26T00:02:04Z</time></trkpt><trkpt lat="34.706051" lon="-119.791265"><ele>1758.0</ele><time>2026-05-26T00:02:06Z</time></trkpt><trkpt lat="34.706032" lon="-119.791326"><ele>1759.0</ele><time>2026-05-26T00:02:10Z</time></trkpt><trkpt lat="34.705995" lon="-119.791298"><ele>1761.0</ele><time>2026-05-26T00:02:18Z</time></trkpt><trkpt lat="34.706009" lon="-119.791339"><ele>1761.0</ele><time>2026-05-26T00:02:26Z</time></trkpt><trkpt lat="34.706097" lon="-119.791372"><ele>1762.0</ele><time>2026-05-26T00:02:34Z</time></trkpt><trkpt lat="34.706101" lon="-119.791477"><ele>1766.1</ele><time>2026-05-26T00:02:42Z</time></trkpt><trkpt lat="34.706077" lon="-119.791615"><ele>1767.0</ele><time>2026-05-26T00:02:48Z</time></trkpt><trkpt lat="34.706073" lon="-119.791708"><ele>1768.0</ele><time>2026-05-26T00:02:56Z</time></trkpt><trkpt lat="34.706133" lon="-119.791728"><ele>1770.0</ele><time>2026-05-26T00:03:04Z</time></trkpt><trkpt lat="34.706195" lon="-119.791778"><ele>1770.0</ele><time>2026-05-26T00:03:11Z</time></trkpt><trkpt lat="34.706189" lon="-119.791885"><ele>1770.0</ele><time>2026-05-26T00:03:20Z</time></trkpt><trkpt lat="34.706174" lon="-119.791915"><ele>1770.0</ele><time>2026-05-26T00:03:24Z</time></trkpt><trkpt lat="34.706188" lon="-119.792003"><ele>1770.0</ele><time>2026-05-26T00:03:30Z</time></trkpt><trkpt lat="34.706224" lon="-119.792029"><ele>1772.0</ele><time>2026-05-26T00:03:34Z</time></trkpt><trkpt lat="34.70624" lon="-119.792072"><ele>1768.0</ele><time>2026-05-26T00:03:43Z</time></trkpt><trkpt lat="34.706239" lon="-119.792105"><ele>1773.0</ele><time>2026-05-26T00:03:49Z</time></trkpt><trkpt lat="34.706263" lon="-119.792167"><ele>1773.0</ele><time>2026-05-26T00:03:57Z</time></trkpt><trkpt lat="34.706252" lon="-119.792262"><ele>1775.0</ele><time>2026-05-26T00:04:08Z</time></trkpt><trkpt lat="34.706202" lon="-119.792281"><ele>1776.0</ele><time>2026-05-26T00:04:15Z</time></trkpt><trkpt lat="34.706186" lon="-119.79231"><ele>1776.0</ele><time>2026-05-26T00:04:19Z</time></trkpt><trkpt lat="34.706184" lon="-119.792356"><ele>1774.0</ele><time>2026-05-26T00:04:22Z</time></trkpt><trkpt lat="34.706279" lon="-119.792457"><ele>1776.0</ele><time>2026-05-26T00:04:33Z</time></trkpt><trkpt lat="34.706302" lon="-119.792529"><ele>1776.0</ele><time>2026-05-26T00:04:39Z</time></trkpt><trkpt lat="34.706278" lon="-119.792597"><ele>1778.0</ele><time>2026-05-26T00:04:48Z</time></trkpt><trkpt lat="34.706306" lon="-119.792671"><ele>1778.0</ele><time>2026-05-26T00:04:53Z</time></trkpt><trkpt lat="34.706222" lon="-119.792714"><ele>1778.0</ele><time>2026-05-26T00:05:06Z</time></trkpt><trkpt lat="34.706204" lon="-119.792742"><ele>1779.0</ele><time>2026-05-26T00:05:09Z</time></trkpt><trkpt lat="34.706151" lon="-119.792784"><ele>1780.0</ele><time>2026-05-26T00:05:16Z</time></trkpt><trkpt lat="34.706127" lon="-119.792861"><ele>1780.0</ele><time>2026-05-26T00:05:21Z</time></trkpt><trkpt lat="34.70613" lon="-119.792819"><ele>1780.0</ele><time>2026-05-26T00:05:25Z</time></trkpt><trkpt lat="34.706055" lon="-119.792872"><ele>1782.0</ele><time>2026-05-26T00:05:38Z</time></trkpt><trkpt lat="34.706042" lon="-119.792941"><ele>1782.0</ele><time>2026-05-26T00:05:50Z</time></trkpt><trkpt lat="34.706051" lon="-119.792972"><ele>1785.0</ele><time>2026-05-26T00:05:53Z</time></trkpt><trkpt lat="34.70601" lon="-119.793078"><ele>1785.0</ele><time>2026-05-26T00:06:04Z</time></trkpt><trkpt lat="34.705977" lon="-119.793093"><ele>1788.0</ele><time>2026-05-26T00:06:16Z</time></trkpt><trkpt lat="34.705885" lon="-119.793105"><ele>1787.4</ele><time>2026-05-26T00:06:32Z</time></trkpt><trkpt lat="34.705807" lon="-119.793197"><ele>1784.0</ele><time>2026-05-26T00:06:42Z</time></trkpt><trkpt lat="34.705756" lon="-119.7932"><ele>1782.0</ele><time>2026-05-26T00:06:51Z</time></trkpt><trkpt lat="34.705627" lon="-119.793336"><ele>1782.0</ele><time>2026-05-26T00:07:09Z</time></trkpt><trkpt lat="34.705572" lon="-119.793335"><ele>1779.0</ele><time>2026-05-26T00:07:15Z</time></trkpt><trkpt lat="34.705537" lon="-119.793323"><ele>1780.0</ele><time>2026-05-26T00:07:33Z</time></trkpt><trkpt lat="34.705526" lon="-119.79329"><ele>1779.0</ele><time>2026-05-26T00:08:07Z</time></trkpt><trkpt lat="34.705577" lon="-119.793351"><ele>1779.0</ele><time>2026-05-26T00:08:58Z</time></trkpt><trkpt lat="34.705589" lon="-119.793078"><ele>1782.0</ele><time>2026-05-26T00:10:00Z</time></trkpt><trkpt lat="34.705564" lon="-119.793094"><ele>1783.0</ele><time>2026-05-26T00:10:05Z</time></trkpt><trkpt lat="34.70557" lon="-119.793133"><ele>1782.0</ele><time>2026-05-26T00:10:11Z</time></trkpt><trkpt lat="34.705598" lon="-119.79314"><ele>1778.0</ele><time>2026-05-26T00:10:31Z</time></trkpt><trkpt lat="34.705685" lon="-119.793119"><ele>1782.0</ele><time>2026-05-26T00:10:51Z</time></trkpt><trkpt lat="34.705721" lon="-119.793077"><ele>1782.0</ele><time>2026-05-26T00:10:55Z</time></trkpt><trkpt lat="34.705819" lon="-119.793061"><ele>1782.0</ele><time>2026-05-26T00:11:10Z</time></trkpt><trkpt lat="34.705769" lon="-119.793007"><ele>1782.0</ele><time>2026-05-26T00:11:23Z</time></trkpt><trkpt lat="34.705669" lon="-119.792964"><ele>1783.0</ele><time>2026-05-26T00:11:31Z</time></trkpt><trkpt lat="34.70557" lon="-119.792966"><ele>1782.0</ele><time>2026-05-26T00:11:53Z</time></trkpt><trkpt lat="34.70557" lon="-119.792999"><ele>1786.3</ele><time>2026-05-26T00:12:38Z</time></trkpt></trkseg></trk></gpx>