{
"type": "FeatureCollection",
"name": "national_forests",
"crs": { "type": "name", "properties": { "name": "urn:ogc:def:crs:OGC:1.3:CRS84" } },
"features": [
{ "type": "Feature", "properties": { "name": "Modoc National Forest", "region": "05", "acres": 2023026.0, "type": "national_forest" }, "geometry": { "type": "MultiPolygon", "coordinates": [ [ [ [ -121.1818857, 41.2555369 ], [ -121.1819912, 41.27008 ], [ -121.1435902, 41.2700675 ], [ -121.1437429, 41.2988852 ], [ -121.153385599999979, 41.2988938 ], [ -121.143879, 41.327954 ], [ -121.1053769, 41.328275 ], [ -121.105229299999976, 41.3137459 ], [ -121.0866598, 41.3137439 ], [ -121.086484200000015, 41.2701594 ], [ -121.067223099999978, 41.2702169 ], [ -121.0672075, 41.2556758 ], [ -121.028669099999973, 41.255601 ], [ -121.028819399999975, 41.2410688 ], [ -121.009612299999986, 41.2411034 ], [ -121.0096132, 41.2265207 ], [ -120.9667776, 41.2265325 ], [ -120.9714826, 41.2557669 ], [ -120.961721399999988, 41.2630961 ], [ -120.869263499999988, 41.2702403 ], [ -120.8586759, 41.2194039 ], [ -120.8947862, 41.21204130000001 ], [ -120.8947567, 41.1684513 ], [ -120.8474021, 41.168779199999989 ], [ -120.8522941, 41.1506882 ], [ -120.842709200000016, 41.1545456 ], [ -120.8379504, 41.125349 ], [ -120.8285846, 41.1255943 ], [ -120.8457918, 41.0502189 ], [ -120.883782, 41.0504372 ], [ -120.8937683, 41.0731403 ], [ -120.9131345, 41.0734707 ], [ -120.9239219, 41.1031723 ], [ -120.980886399999989, 41.1031102 ], [ -120.9808035, 41.1176143 ], [ -121.0284243, 41.117639 ], [ -121.0283188, 41.0960164 ], [ -121.047589699999989, 41.0958217 ], [ -121.0478409, 41.0376205 ], [ -121.08540690000001, 41.0303513 ], [ -121.0849444, 41.0157228 ], [ -121.105155900000014, 41.0162114 ], [ -121.1053554, 40.994536 ], [ -121.133789400000012, 40.9943214 ], [ -121.1328049, 40.9417646 ], [ -121.10413149999998, 40.941605 ], [ -121.104158799999979, 40.9054667 ], [ -121.027992799999979, 40.9054824 ], [ -121.027549, 40.9343344 ], [ -120.9704934, 40.9343128 ], [ -120.9702961, 40.9641107 ], [ -120.9415633, 40.9639686 ], [ -120.9413347, 40.9786602 ], [ -120.9125218, 40.9785994 ], [ -120.9123547, 40.9932303 ], [ -120.8931356, 40.992981 ], [ -120.8932924, 41.0073267 ], [ -120.8549779, 41.0067546 ], [ -120.855234599999989, 40.978109499999988 ], [ -120.8362244, 40.978055 ], [ -120.836263, 40.9636108 ], [ -120.8167841, 40.9636181 ], [ -120.8177204, 40.9488454 ], [ -120.7985943, 40.9343683 ], [ -120.798352299999976, 40.9199261 ], [ -120.817409799999979, 40.9198555 ], [ -120.817511599999989, 40.9054578 ], [ -120.7793, 40.9054494 ], [ -120.77925230000001, 40.9198708 ], [ -120.769756699999988, 40.9200208 ], [ -120.7792882, 40.9635221 ], [ -120.7600344, 40.9635277 ], [ -120.760252600000015, 40.992243 ], [ -120.7224154, 40.9935058 ], [ -120.7220886, 41.0085598 ], [ -120.70308, 41.0090761 ], [ -120.7032919, 41.0237348 ], [ -120.731698199999983, 41.0233239 ], [ -120.741217, 41.0534736 ], [ -120.750696299999987, 41.0531059 ], [ -120.752530799999988, 41.0829825 ], [ -120.7799865, 41.0826918 ], [ -120.780318, 41.0972029 ], [ -120.76589340000001, 41.10088 ], [ -120.7802417, 41.1047706 ], [ -120.7610169, 41.1044995 ], [ -120.7606163, 41.1262659 ], [ -120.733631499999987, 41.1263275 ], [ -120.734179900000015, 41.1407654 ], [ -120.6766211, 41.1408752 ], [ -120.67635749999998, 41.155416 ], [ -120.647815, 41.1558338 ], [ -120.647863199999989, 41.1431129 ], [ -120.609089200000014, 41.1429746 ], [ -120.6090295, 41.135776799999988 ], [ -120.5607898, 41.1360062 ], [ -120.5608593, 41.1503147 ], [ -120.541574, 41.150425 ], [ -120.5419145, 41.1649982 ], [ -120.551550899999981, 41.1648595 ], [ -120.5516011, 41.1794166 ], [ -120.5708189, 41.1791987 ], [ -120.5708373, 41.1937549 ], [ -120.5901299, 41.193606 ], [ -120.5901481, 41.2227941 ], [ -120.609426700000014, 41.2224979 ], [ -120.6093717, 41.2079414 ], [ -120.63827950000001, 41.2081046 ], [ -120.6479565, 41.2552058 ], [ -120.7084566, 41.2662356 ], [ -120.7069689, 41.2986152 ], [ -120.726253899999989, 41.2975536 ], [ -120.7174328, 41.3527718 ], [ -120.736828500000016, 41.3491151 ], [ -120.736828599999981, 41.3707031 ], [ -120.7748814, 41.3996847 ], [ -120.8134226, 41.4069624 ], [ -120.813409799999988, 41.4142513 ], [ -120.8706929, 41.4141826 ], [ -120.8707918, 41.4033679 ], [ -120.9284503, 41.4001259 ], [ -120.918783, 41.5159953 ], [ -120.890358, 41.5087098 ], [ -120.8902297, 41.5158354 ], [ -120.5834346, 41.5156332 ], [ -120.583048399999981, 41.5594229 ], [ -120.4668, 41.5594971 ], [ -120.466806800000015, 41.6460248 ], [ -120.4863622, 41.6460163 ], [ -120.48641760000001, 41.6605187 ], [ -120.466834100000014, 41.6605835 ], [ -120.4671837, 41.7140326 ], [ -120.51334030000001, 41.7291854 ], [ -120.507433100000014, 41.7885503 ], [ -120.4870983, 41.7984194 ], [ -120.4660012, 41.7930045 ], [ -120.480790899999988, 41.8196674 ], [ -120.47864460000001, 41.849934399999988 ], [ -120.502877200000015, 41.8729397 ], [ -120.51632020000001, 41.9145324 ], [ -120.4949132, 41.9677911 ], [ -120.502784, 41.985834 ], [ -120.4870394, 41.9917661 ], [ -121.2419454, 41.9973348 ], [ -121.2426118, 41.9359401 ], [ -121.3203937, 41.9365715 ], [ -121.3114021, 41.8340339 ], [ -121.321125599999988, 41.8340166 ], [ -121.3211334, 41.8195225 ], [ -121.3405768, 41.8193589 ], [ -121.340815699999979, 41.8048319 ], [ -121.4376532, 41.8050724 ], [ -121.4374842, 41.8340193 ], [ -121.491999199999981, 41.8341584 ], [ -121.4996541, 41.8244268 ], [ -121.514223799999982, 41.8291082 ], [ -121.514243899999983, 41.8197852 ], [ -121.5306323, 41.8129373 ], [ -121.5689983, 41.8194893 ], [ -121.5689994, 41.8621411 ], [ -121.5856121, 41.8623911 ], [ -121.5853381, 41.8769699 ], [ -121.6047593, 41.8771147 ], [ -121.6042158, 41.9063088 ], [ -121.6428291, 41.906595499999987 ], [ -121.643058599999989, 41.8993177 ], [ -121.6824751, 41.8887919 ], [ -121.6823732, 41.7288472 ], [ -121.633059, 41.7285588 ], [ -121.6140049, 41.7137737 ], [ -121.6142706, 41.6991434 ], [ -121.604617499999989, 41.699059399999989 ], [ -121.604757299999989, 41.6045604 ], [ -121.6266173, 41.6044284 ], [ -121.658198200000015, 41.578702 ], [ -121.6052245, 41.5605606 ], [ -121.6102994, 41.5093498 ], [ -121.525759799999975, 41.4586086 ], [ -121.523978700000015, 41.3416951 ], [ -121.5140195, 41.3417539 ], [ -121.5086286, 41.2826024 ], [ -121.5047375, 41.3563508 ], [ -121.3310116, 41.3568302 ], [ -121.3348462, 41.2542588 ], [ -121.2578994, 41.2554842 ], [ -121.2580577, 41.2698108 ], [ -121.2392026, 41.2701284 ], [ -121.219862800000016, 41.2554255 ], [ -121.1818857, 41.2555369 ] ], [ [ -121.171286200000011, 41.8154494 ], [ -121.195489400000014, 41.8192683 ], [ -121.2004825, 41.8377279 ], [ -121.214647, 41.8451838 ], [ -121.228045499999979, 41.9032357 ], [ -121.2136966, 41.8994996 ], [ -121.199042399999982, 41.914042 ], [ -121.145867, 41.9026386 ], [ -121.1310597, 41.9280276 ], [ -121.1166965, 41.9171414 ], [ -121.087574800000013, 41.9243968 ], [ -121.0732303, 41.9026614 ], [ -121.0586444, 41.9062497 ], [ -121.0637403, 41.8880892 ], [ -121.0734232, 41.8881183 ], [ -121.0738198, 41.855495 ], [ -121.0595799, 41.8265086 ], [ -121.103128, 41.8337173 ], [ -121.1278317, 41.8010764 ], [ -121.166622299999986, 41.7937633 ], [ -121.171286200000011, 41.8154494 ] ], [ [ -121.3624748, 41.6479295 ], [ -121.3527781, 41.647827 ], [ -121.3534077, 41.61875 ], [ -121.3624748, 41.6479295 ] ], [ [ -121.4493597, 41.5608241 ], [ -121.449533, 41.6045584 ], [ -121.4357795, 41.6046217 ], [ -121.4358932, 41.5898693 ], [ -121.3821033, 41.5899756 ], [ -121.3820095, 41.575585 ], [ -121.3722585, 41.5756419 ], [ -121.377150199999974, 41.5609528 ], [ -121.4493597, 41.5608241 ] ] ] ] } },
{ "type": "Feature", "properties": { "name": "Six Rivers National Forest", "region": "05", "acres": 1273949.0, "type": "national_forest" }, "geometry": { "type": "MultiPolygon", "coordinates": [ [ [ [ -123.769162799999989, 40.669724 ], [ -123.743430199999978, 40.66863 ], [ -123.7405772, 40.6806958 ], [ -123.7313453, 40.6806539 ], [ -123.734770199999986, 40.6610275 ], [ -123.6640474, 40.6630317 ], [ -123.662777, 40.6403445 ], [ -123.6243743, 40.6336365 ], [ -123.6339664, 40.5890618 ], [ -123.6149491, 40.5887842 ], [ -123.6149006, 40.5750584 ], [ -123.6387107, 40.5670284 ], [ -123.634803, 40.5563224 ], [ -123.6447988, 40.5523304 ], [ -123.6260444, 40.5492588 ], [ -123.6249051, 40.5600707 ], [ -123.605937899999986, 40.5604524 ], [ -123.6073881, 40.5311584 ], [ -123.5879351, 40.5303766 ], [ -123.5891366, 40.5159978 ], [ -123.550010300000011, 40.5157385 ], [ -123.5496601, 40.5016587 ], [ -123.588692299999977, 40.5016123 ], [ -123.588581799999986, 40.4868893 ], [ -123.6078796, 40.4869294 ], [ -123.609396599999982, 40.4286497 ], [ -123.5516378, 40.4281412 ], [ -123.5540718, 40.3766329 ], [ -123.6062321, 40.3703982 ], [ -123.6064502, 40.3418227 ], [ -123.5995939, 40.327171 ], [ -123.589607, 40.3271463 ], [ -123.5912731, 40.3039524 ], [ -123.5820328, 40.3036078 ], [ -123.5848973, 40.2747188 ], [ -123.556946, 40.267488 ], [ -123.5569506, 40.2389183 ], [ -123.5370632, 40.2390295 ], [ -123.5172411, 40.2212598 ], [ -123.488149, 40.2177631 ], [ -123.468828, 40.1920954 ], [ -123.439947599999982, 40.1882622 ], [ -123.439878899999982, 40.1734734 ], [ -123.449329, 40.1735644 ], [ -123.440247, 40.1446241 ], [ -123.4313904, 40.1445931 ], [ -123.4399693, 40.1296568 ], [ -123.421466599999988, 40.122354 ], [ -123.416630500000011, 40.1081017 ], [ -123.4074113, 40.1083561 ], [ -123.4033286, 40.1213755 ], [ -123.4169436, 40.1225803 ], [ -123.4084824, 40.1448936 ], [ -123.417902, 40.151960699999989 ], [ -123.3877488, 40.152177 ], [ -123.3792782, 40.1040448 ], [ -123.4025567, 40.1009314 ], [ -123.4063456, 40.0701966 ], [ -123.3917922, 40.06284 ], [ -123.3969871, 40.0744077 ], [ -123.3825713, 40.07554 ], [ -123.3865353, 40.0181017 ], [ -123.3106046, 40.0195411 ], [ -123.311921799999979, 40.0488375 ], [ -123.169729499999988, 40.0572656 ], [ -123.185599400000015, 40.0681563 ], [ -123.1853787, 40.0886333 ], [ -123.149375, 40.0972585 ], [ -123.126540799999987, 40.135565199999988 ], [ -123.1459674, 40.2034277 ], [ -123.1744944, 40.2098017 ], [ -123.180545, 40.2223671 ], [ -123.2217864, 40.2303799 ], [ -123.2265364, 40.2482337 ], [ -123.2803131, 40.270893 ], [ -123.3420652, 40.3374801 ], [ -123.3920929, 40.3587198 ], [ -123.4350407, 40.3945352 ], [ -123.4712984, 40.4731206 ], [ -123.503473199999988, 40.5117477 ], [ -123.5130643, 40.5475021 ], [ -123.585676299999989, 40.6510071 ], [ -123.5535651, 40.6656066 ], [ -123.5631996, 40.6985317 ], [ -123.5559554, 40.707044 ], [ -123.4814613, 40.722351 ], [ -123.4771732, 40.7370167 ], [ -123.4899312, 40.7599262 ], [ -123.503981199999984, 40.7597936 ], [ -123.5326451, 40.8062117 ], [ -123.530192500000013, 40.8390946 ], [ -123.4751411, 40.8504779 ], [ -123.486648, 40.9053265 ], [ -123.4783435, 40.9276388 ], [ -123.447513699999973, 40.9440136 ], [ -123.4535153, 40.9633578 ], [ -123.436053, 40.9733883 ], [ -123.4205334, 41.0093345 ], [ -123.4057647, 41.0133962 ], [ -123.4234151, 41.058103 ], [ -123.4451079, 41.0616951 ], [ -123.463930699999977, 41.0767091 ], [ -123.4639618, 41.0951948 ], [ -123.4395849, 41.0924068 ], [ -123.4282254, 41.1256475 ], [ -123.4324762, 41.162737 ], [ -123.4173618, 41.165194 ], [ -123.408046500000012, 41.1799301 ], [ -123.434082300000014, 41.2228637 ], [ -123.4549708, 41.2362765 ], [ -123.4431891, 41.2498612 ], [ -123.4437991, 41.2729819 ], [ -123.463138299999983, 41.2855622 ], [ -123.3611799, 41.2987415 ], [ -123.3419152, 41.323045 ], [ -123.3141342, 41.334505899999989 ], [ -123.314354900000012, 41.3986811 ], [ -123.3428516, 41.398671 ], [ -123.348192399999974, 41.4217094 ], [ -123.3091353, 41.4297888 ], [ -123.2866949, 41.4219657 ], [ -123.261847399999979, 41.4512278 ], [ -123.279926800000013, 41.4825176 ], [ -123.2694665, 41.5597052 ], [ -123.31823030000001, 41.5600617 ], [ -123.3431603, 41.5500138 ], [ -123.3776073, 41.5729596 ], [ -123.4314553, 41.5696076 ], [ -123.4865536, 41.6162022 ], [ -123.5145598, 41.5845544 ], [ -123.5458522, 41.5681112 ], [ -123.568731199999988, 41.5729678 ], [ -123.572322199999988, 41.5855827 ], [ -123.6163788, 41.6172312 ], [ -123.6605389, 41.6357483 ], [ -123.680527399999974, 41.634014 ], [ -123.689749400000011, 41.6690776 ], [ -123.6630915, 41.6935447 ], [ -123.6701819, 41.7016729 ], [ -123.6599515, 41.7202776 ], [ -123.6785196, 41.7391109 ], [ -123.688007, 41.7807297 ], [ -123.672330399999979, 41.7960264 ], [ -123.689881700000015, 41.8029655 ], [ -123.7037967, 41.8293162 ], [ -123.671261199999989, 41.8351283 ], [ -123.661854399999982, 41.8564605 ], [ -123.649348, 41.860612 ], [ -123.6523848, 41.8789957 ], [ -123.6354464, 41.8962465 ], [ -123.64832530000001, 41.9069996 ], [ -123.6527509, 41.9392408 ], [ -123.727300700000015, 41.9545474 ], [ -123.771919200000013, 41.9780872 ], [ -123.7823639, 41.9744174 ], [ -123.788397, 41.9958182 ], [ -124.0766226, 41.9969761 ], [ -124.0554283, 41.9599818 ], [ -124.057632, 41.9101997 ], [ -124.0783316, 41.9027277 ], [ -124.0740508, 41.8731451 ], [ -124.0581811, 41.8728856 ], [ -124.0600957, 41.8581993 ], [ -124.074546399999988, 41.8546554 ], [ -124.064498, 41.8506882 ], [ -124.0650623, 41.8362154 ], [ -124.0748893, 41.8363413 ], [ -124.074378399999986, 41.8472589 ], [ -124.0845868, 41.8440431 ], [ -124.080123, 41.8144719 ], [ -124.0695555, 41.7955893 ], [ -124.05039, 41.7983397 ], [ -124.0595985, 41.7744942 ], [ -124.0266843, 41.7657548 ], [ -124.0317499, 41.7442441 ], [ -124.003873200000015, 41.7440882 ], [ -124.0032226, 41.7220698 ], [ -123.9937848, 41.7230082 ], [ -123.9932887, 41.7088674 ], [ -123.9826684, 41.7097411 ], [ -123.977945100000014, 41.6421543 ], [ -123.9398203, 41.6413953 ], [ -123.940933699999988, 41.5895894 ], [ -123.931061, 41.5894979 ], [ -123.931816, 41.5600874 ], [ -123.9218137, 41.5598204 ], [ -123.9219352, 41.5054586 ], [ -123.9129246, 41.4947091 ], [ -123.885267399999975, 41.4941751 ], [ -123.8857097, 41.4637303 ], [ -123.8519107, 41.4638125 ], [ -123.8374525, 41.4500434 ], [ -123.8185923, 41.4533049 ], [ -123.8193697, 41.4015248 ], [ -123.8095351, 41.3905311 ], [ -123.770067399999988, 41.3945175 ], [ -123.771592399999989, 41.3357719 ], [ -123.7797866, 41.3355353 ], [ -123.779687199999984, 41.3283067 ], [ -123.771729599999986, 41.3320602 ], [ -123.772888599999987, 41.2936997 ], [ -123.7173654, 41.2942011 ], [ -123.716327499999977, 41.2212866 ], [ -123.6879552, 41.220757399999989 ], [ -123.6879243, 41.2101337 ], [ -123.660054, 41.2213212 ], [ -123.6599844, 41.1920108 ], [ -123.5927835, 41.2078651 ], [ -123.534976699999987, 41.0390082 ], [ -123.7502614, 40.9916086 ], [ -123.754641100000015, 41.0035865 ], [ -123.755746199999976, 40.9614924 ], [ -123.7203449, 40.9695111 ], [ -123.7193425, 40.9376864 ], [ -123.7371448, 40.9395949 ], [ -123.7370745, 40.9247446 ], [ -123.6823782, 40.9203328 ], [ -123.6821566, 40.9101108 ], [ -123.7181109, 40.9100143 ], [ -123.7203326, 40.8958509 ], [ -123.7386945, 40.8963542 ], [ -123.736437599999988, 40.8750949 ], [ -123.746605299999985, 40.8715511 ], [ -123.7370663, 40.867908 ], [ -123.7388095, 40.8534852 ], [ -123.7210013, 40.8459622 ], [ -123.7208826, 40.8316022 ], [ -123.7021211, 40.8308623 ], [ -123.6977632, 40.7870442 ], [ -123.6929642, 40.8013682 ], [ -123.665100599999988, 40.794502 ], [ -123.664820099999986, 40.7006554 ], [ -123.7370229, 40.7061662 ], [ -123.7458578, 40.6990404 ], [ -123.7705248, 40.7132953 ], [ -123.779512, 40.705452199999989 ], [ -123.769162799999989, 40.669724 ] ] ] ] } },
{ "type": "Feature", "properties": { "name": "Plumas National Forest", "region": "05", "acres": 1431953.0, "type": "national_forest" }, "geometry": { "type": "MultiPolygon", "coordinates": [ [ [ [ -121.4867606, 39.7998802 ], [ -121.46819, 39.7996561 ], [ -121.468726800000013, 39.7829375 ], [ -121.4873409, 39.7825069 ], [ -121.48693560000001, 39.7683641 ], [ -121.4778021, 39.7686052 ], [ -121.4826069, 39.7790825 ], [ -121.468668600000015, 39.7688463 ], [ -121.4686256, 39.756273 ], [ -121.486582, 39.7544298 ], [ -121.4862508, 39.7405008 ], [ -121.468552899999978, 39.7334625 ], [ -121.4688158, 39.6687312 ], [ -121.4495845, 39.6688925 ], [ -121.449444299999982, 39.6549374 ], [ -121.4311444, 39.6513619 ], [ -121.3939121, 39.6553326 ], [ -121.3892516, 39.648202 ], [ -121.3846688, 39.655403199999988 ], [ -121.356554500000016, 39.6557574 ], [ -121.3563973, 39.6412668 ], [ -121.3378528, 39.6414157 ], [ -121.337466100000015, 39.6271572 ], [ -121.2975348, 39.6274721 ], [ -121.2974647, 39.61584 ], [ -121.2890714, 39.6178932 ], [ -121.2973378, 39.6067292 ], [ -121.2783915, 39.6071607 ], [ -121.2783333, 39.5964382 ], [ -121.2594815, 39.6001316 ], [ -121.258653599999988, 39.627864 ], [ -121.228516899999988, 39.6279072 ], [ -121.2281871, 39.6565162 ], [ -121.204652299999978, 39.660514299999988 ], [ -121.2092584, 39.6969139 ], [ -121.190385100000015, 39.7001128 ], [ -121.190334199999981, 39.7115002 ], [ -121.137827699999988, 39.7110574 ], [ -121.1358546, 39.6820712 ], [ -121.1360515, 39.7149249 ], [ -121.109531, 39.7151468 ], [ -121.1140196, 39.7047731 ], [ -121.10469, 39.704844 ], [ -121.100220599999986, 39.7152513 ], [ -121.0815768, 39.7154464 ], [ -121.081176, 39.6864995 ], [ -121.090564300000011, 39.6937958 ], [ -121.1185623, 39.6863446 ], [ -121.1186788, 39.6719576 ], [ -121.135998500000014, 39.671809 ], [ -121.1404609, 39.6642418 ], [ -121.1370499, 39.6285045 ], [ -121.165568, 39.6281854 ], [ -121.166753700000015, 39.5883157 ], [ -121.2034877, 39.5852273 ], [ -121.203648, 39.5559509 ], [ -121.1495201, 39.5553677 ], [ -121.1487922, 39.4798503 ], [ -121.128391799999974, 39.5018217 ], [ -121.127385100000012, 39.5213027 ], [ -121.101303199999975, 39.5297407 ], [ -121.0894739, 39.5195282 ], [ -121.0516375, 39.5233376 ], [ -121.05729310000001, 39.5401947 ], [ -120.9696627, 39.5917952 ], [ -120.9151285, 39.665432 ], [ -120.872876100000013, 39.6901532 ], [ -120.843322, 39.6935183 ], [ -120.8065686, 39.7206633 ], [ -120.79236610000001, 39.7097768 ], [ -120.7501696, 39.719637 ], [ -120.716479499999977, 39.7062781 ], [ -120.6706226, 39.6596189 ], [ -120.6336329, 39.6638351 ], [ -120.6049592, 39.6894453 ], [ -120.579996200000011, 39.6829728 ], [ -120.560294899999974, 39.6642724 ], [ -120.5000133, 39.6495085 ], [ -120.470991399999974, 39.6801917 ], [ -120.4887301, 39.691066 ], [ -120.487191599999989, 39.7043114 ], [ -120.5037477, 39.7078958 ], [ -120.4943326, 39.7007465 ], [ -120.498919, 39.6860992 ], [ -120.541326, 39.7111874 ], [ -120.5036011, 39.6824168 ], [ -120.522393099999974, 39.6750997 ], [ -120.5225395, 39.6895067 ], [ -120.564828100000014, 39.7040391 ], [ -120.569706, 39.7185766 ], [ -120.607959399999984, 39.7189354 ], [ -120.6079049, 39.7481145 ], [ -120.636319700000016, 39.751875 ], [ -120.6363371, 39.7629063 ], [ -120.6458254, 39.762952399999989 ], [ -120.645777, 39.7482224 ], [ -120.664840699999985, 39.7482044 ], [ -120.664962499999987, 39.7774898 ], [ -120.6411151, 39.7773924 ], [ -120.6411498, 39.7884438 ], [ -120.655437299999988, 39.7847832 ], [ -120.6650124, 39.7994638 ], [ -120.6220969, 39.7883714 ], [ -120.607892199999981, 39.7919828 ], [ -120.6078875, 39.7627816 ], [ -120.588904, 39.7626866 ], [ -120.588943700000016, 39.791958 ], [ -120.569944299999989, 39.7920052 ], [ -120.5656587, 39.7771633 ], [ -120.56561090000001, 39.7956168 ], [ -120.5426496, 39.7880699 ], [ -120.528558799999985, 39.7952694 ], [ -120.5284172, 39.8207102 ], [ -120.509515, 39.81348 ], [ -120.509534599999981, 39.8207714 ], [ -120.4953389, 39.8208402 ], [ -120.4953829, 39.8750692 ], [ -120.4570606, 39.8793083 ], [ -120.446513200000012, 39.854261 ], [ -120.324286, 39.8535072 ], [ -120.3242756, 39.8461892 ], [ -120.295627, 39.8533947 ], [ -120.2955267, 39.8388177 ], [ -120.243844200000012, 39.8386934 ], [ -120.24809, 39.8532851 ], [ -120.201578, 39.8529823 ], [ -120.2016541, 39.8383969 ], [ -120.182818900000015, 39.8237628 ], [ -120.145027099999979, 39.8526945 ], [ -120.145093, 39.837894 ], [ -120.1259999, 39.8376999 ], [ -120.1261836, 39.823368599999988 ], [ -120.0989184, 39.8236356 ], [ -120.0995448, 39.8670571 ], [ -120.0900944, 39.8670213 ], [ -120.0898748, 39.8816277 ], [ -120.061728899999977, 39.8816446 ], [ -120.042735, 39.932305 ], [ -120.079318099999981, 39.939495 ], [ -120.080011399999989, 39.9684393 ], [ -120.1078066, 39.9756814 ], [ -120.107210099999989, 39.9905837 ], [ -120.1355809, 39.9902965 ], [ -120.144931, 40.0124528 ], [ -120.1826153, 40.0204206 ], [ -120.182615200000015, 40.0130637 ], [ -120.201449, 40.0133543 ], [ -120.2015515, 40.0280745 ], [ -120.173213, 40.0276128 ], [ -120.1735142, 40.0563462 ], [ -120.2094612, 40.0564044 ], [ -120.209502299999983, 40.0713163 ], [ -120.2280457, 40.0713128 ], [ -120.228548, 40.1009851 ], [ -120.2375895, 40.1008253 ], [ -120.2470997, 40.1227837 ], [ -120.284591, 40.1305484 ], [ -120.284598199999976, 40.1385394 ], [ -120.3036101, 40.1389701 ], [ -120.3035908, 40.1462711 ], [ -120.369659, 40.147493 ], [ -120.3695322, 40.161894 ], [ -120.3979034, 40.1620251 ], [ -120.397708299999977, 40.1766961 ], [ -120.416865300000012, 40.1767047 ], [ -120.4165306, 40.1912457 ], [ -120.4359864, 40.1912512 ], [ -120.4355782, 40.2129325 ], [ -120.4732224, 40.2201916 ], [ -120.473092, 40.2490853 ], [ -120.49682, 40.2490006 ], [ -120.5017802, 40.2560632 ], [ -120.5109228, 40.2490315 ], [ -120.511348399999989, 40.263178 ], [ -120.530205599999988, 40.2635516 ], [ -120.530087, 40.2778906 ], [ -120.5490083, 40.2779105 ], [ -120.567676800000015, 40.2926045 ], [ -120.581632, 40.2854665 ], [ -120.627934599999989, 40.2860079 ], [ -120.6609595, 40.3083603 ], [ -120.6939276, 40.312607 ], [ -120.709175399999978, 40.2990556 ], [ -120.734444200000013, 40.3174708 ], [ -120.75663560000001, 40.3197695 ], [ -120.7878399, 40.283667 ], [ -120.8155884, 40.2776378 ], [ -120.8356422, 40.2459082 ], [ -120.8672385, 40.2393061 ], [ -120.896346, 40.1902111 ], [ -120.9249232, 40.1956993 ], [ -120.9434823, 40.2120837 ], [ -121.037705199999976, 40.2346986 ], [ -121.0329189, 40.2131829 ], [ -121.0234232, 40.2132036 ], [ -121.0232919, 40.1626642 ], [ -121.0420316, 40.1629486 ], [ -121.0419244, 40.1702177 ], [ -121.088691399999973, 40.1691936 ], [ -121.102925899999988, 40.1891038 ], [ -121.121969399999983, 40.1725698 ], [ -121.174054599999977, 40.168693 ], [ -121.1741094, 40.1758822 ], [ -121.18969, 40.1763521 ], [ -121.135788, 40.1127356 ], [ -121.1547723, 40.1126869 ], [ -121.157829799999988, 40.1245508 ], [ -121.174879299999986, 40.1304323 ], [ -121.196425800000014, 40.1644568 ], [ -121.1883082, 40.1796197 ], [ -121.2027223, 40.1795551 ], [ -121.202534199999988, 40.1649748 ], [ -121.2167484, 40.1613075 ], [ -121.1990761, 40.12692 ], [ -121.2357386, 40.1236534 ], [ -121.2348742, 40.0715203 ], [ -121.268991199999988, 40.064297 ], [ -121.275652799999975, 40.0411416 ], [ -121.2944764, 40.0338681 ], [ -121.313295, 40.0048892 ], [ -121.3132837, 39.9831562 ], [ -121.327340600000014, 39.9620787 ], [ -121.3367524, 39.9620896 ], [ -121.3413526, 39.9258829 ], [ -121.372978800000013, 39.9257942 ], [ -121.362784299999987, 39.8853283 ], [ -121.3920025, 39.8855976 ], [ -121.391888099999989, 39.9003295 ], [ -121.4107679, 39.9003642 ], [ -121.4107299, 39.8857282 ], [ -121.4756492, 39.8825153 ], [ -121.4846321, 39.8577639 ], [ -121.4656936, 39.8574869 ], [ -121.466415399999988, 39.8429679 ], [ -121.480408200000014, 39.8431295 ], [ -121.466684199999989, 39.8359318 ], [ -121.467569, 39.8142735 ], [ -121.4858563, 39.814302399999988 ], [ -121.4867606, 39.7998802 ] ], [ [ -120.6835438, 39.7920983 ], [ -120.7213654, 39.7993808 ], [ -120.71199940000001, 39.8433233 ], [ -120.75908410000001, 39.8431744 ], [ -120.7588255, 39.8650182 ], [ -120.726252699999989, 39.8656181 ], [ -120.7354426, 39.8799287 ], [ -120.7072305, 39.8803173 ], [ -120.7025347, 39.8655221 ], [ -120.6834456, 39.8618636 ], [ -120.6834825, 39.8508638 ], [ -120.6954239, 39.8471184 ], [ -120.683503699999989, 39.8435132 ], [ -120.6835438, 39.7920983 ] ], [ [ -120.7492999, 39.879742 ], [ -120.820944099999977, 39.8816179 ], [ -120.821339599999973, 39.9064581 ], [ -120.7398078, 39.9089667 ], [ -120.7445143, 39.8979703 ], [ -120.7587188, 39.8980039 ], [ -120.758727900000011, 39.8870088 ], [ -120.739818, 39.887032499999989 ], [ -120.7310325, 39.8691768 ], [ -120.758753399999989, 39.8686909 ], [ -120.7492999, 39.879742 ] ], [ [ -120.84913250000001, 40.062118 ], [ -120.882256399999989, 40.0620342 ], [ -120.8821046, 40.0691947 ], [ -120.9291612, 40.0762564 ], [ -120.9288439, 40.1342983 ], [ -120.9669339, 40.1340271 ], [ -120.966557599999987, 40.1629656 ], [ -120.9570378, 40.1630155 ], [ -120.954738400000011, 40.1485374 ], [ -120.9428014, 40.1521975 ], [ -120.947518, 40.1630653 ], [ -120.9093778, 40.1631933 ], [ -120.909806, 40.148665 ], [ -120.8540832, 40.1489301 ], [ -120.854366700000014, 40.1056622 ], [ -120.835304600000015, 40.1056625 ], [ -120.8350578, 40.0693571 ], [ -120.8491722, 40.0693402 ], [ -120.84913250000001, 40.062118 ] ], [ [ -120.8964486, 39.9245396 ], [ -120.9149466, 39.9208753 ], [ -120.905967300000015, 39.928194499999989 ], [ -120.9107816, 39.9391461 ], [ -120.9196665, 39.9245224 ], [ -120.947847700000011, 39.9208385 ], [ -120.947939599999984, 39.9281044 ], [ -120.9903086, 39.935213 ], [ -120.9903685, 39.9498091 ], [ -120.9622628, 39.953554 ], [ -120.9599672, 39.9644348 ], [ -120.938730799999988, 39.9572371 ], [ -120.9387743, 39.9645044 ], [ -120.8967751, 39.9650048 ], [ -120.896694, 39.9501872 ], [ -120.8823546, 39.9392705 ], [ -120.878275199999976, 39.9503444 ], [ -120.858568, 39.9431503 ], [ -120.858529, 39.9101507 ], [ -120.8971693, 39.9063974 ], [ -120.8964486, 39.9245396 ] ] ] ] } },
{ "type": "Feature", "properties": { "name": "San Bernardino National Forest", "region": "05", "acres": 805483.0, "type": "national_forest" }, "geometry": { "type": "MultiPolygon", "coordinates": [ [ [ [ -117.5451153, 34.179347199999988 ], [ -117.5499013, 34.1650566 ], [ -117.5432154, 34.1650086 ], [ -117.540734199999989, 34.1792652 ], [ -117.442462100000014, 34.1794146 ], [ -117.449670500000011, 34.200634 ], [ -117.432878799999983, 34.1914762 ], [ -117.4103991, 34.2026249 ], [ -117.4266299, 34.228079099999988 ], [ -117.41986679999998, 34.2470345 ], [ -117.3742981, 34.2281381 ], [ -117.359689399999979, 34.2084407 ], [ -117.3334565, 34.2084337 ], [ -117.3293563, 34.2154268 ], [ -117.3251091, 34.1943122 ], [ -117.3091906, 34.1941043 ], [ -117.243068, 34.1575648 ], [ -117.2259494, 34.1574978 ], [ -117.2259594, 34.1503481 ], [ -117.1735765, 34.1498971 ], [ -117.165094, 34.1353526 ], [ -117.139242, 34.1348826 ], [ -117.139081600000011, 34.1136714 ], [ -117.103722, 34.105679699999989 ], [ -117.1035676, 34.0911562 ], [ -117.0344847, 34.091856 ], [ -117.0342553, 34.0772625 ], [ -116.9993857, 34.0773974 ], [ -116.999285199999989, 34.0627599 ], [ -116.9559248, 34.0569098 ], [ -116.947235, 34.045884099999988 ], [ -116.9294712, 34.0496108 ], [ -116.9379229, 34.0047452 ], [ -116.903177700000015, 34.0051742 ], [ -116.9031624, 33.9979793 ], [ -116.8901403, 33.997998 ], [ -116.8944297, 33.9816936 ], [ -116.8853686, 33.9780431 ], [ -116.8880551, 33.9871205 ], [ -116.8768532, 33.9815265 ], [ -116.877175799999989, 34.0193826 ], [ -116.8597332, 34.0194443 ], [ -116.859361799999988, 34.005196 ], [ -116.842111, 34.0048627 ], [ -116.8423351, 34.0193358 ], [ -116.8248998, 34.0193632 ], [ -116.8248099, 34.0039025 ], [ -116.807242299999984, 34.0048264 ], [ -116.8072809, 34.0193634 ], [ -116.7722645, 34.0194344 ], [ -116.772182, 33.9759724 ], [ -116.7198931, 33.9762009 ], [ -116.7198364, 34.1197691 ], [ -116.6997952, 34.1197376 ], [ -116.6996667, 34.1487304 ], [ -116.6823733, 34.148732 ], [ -116.682353299999974, 34.1775754 ], [ -116.6476152, 34.1775262 ], [ -116.6476446, 34.2357822 ], [ -116.6650447, 34.2358365 ], [ -116.6650397, 34.2793356 ], [ -116.6825031, 34.2793478 ], [ -116.6825083, 34.2937118 ], [ -116.7184897, 34.2937041 ], [ -116.7184898, 34.3082115 ], [ -116.7359682, 34.3082115 ], [ -116.7359712, 34.3227154 ], [ -116.770934, 34.3227153 ], [ -116.7709455, 34.3412043 ], [ -116.7886436, 34.3412047 ], [ -116.7886355, 34.3557059 ], [ -116.961141900000015, 34.3522376 ], [ -116.959772399999977, 34.3664028 ], [ -117.103971800000011, 34.3674649 ], [ -117.1039541, 34.352973 ], [ -117.2416142, 34.3534962 ], [ -117.2588862, 34.3110109 ], [ -117.3983309, 34.3110257 ], [ -117.3985059, 34.3183354 ], [ -117.424739699999989, 34.325456 ], [ -117.4334478, 34.3541756 ], [ -117.4509993, 34.3540256 ], [ -117.450836199999983, 34.3684799 ], [ -117.4855152, 34.3685607 ], [ -117.4855871, 34.3829969 ], [ -117.5870345, 34.3829246 ], [ -117.586313, 34.3432405 ], [ -117.633977, 34.333105 ], [ -117.6070962, 34.3052706 ], [ -117.6161792, 34.2902792 ], [ -117.601600499999989, 34.2960675 ], [ -117.593849299999988, 34.2901635 ], [ -117.5915539, 34.2742738 ], [ -117.6045959, 34.2740759 ], [ -117.6056601, 34.265209299999988 ], [ -117.593906100000012, 34.235436899999989 ], [ -117.6283896, 34.2249266 ], [ -117.649913399999988, 34.2029449 ], [ -117.656548699999988, 34.1753312 ], [ -117.6514106, 34.1652482 ], [ -117.6278924, 34.1651601 ], [ -117.628014499999978, 34.1794717 ], [ -117.5580656, 34.1795341 ], [ -117.5586106, 34.1723803 ], [ -117.5451153, 34.179347199999988 ] ] ] ] } },
{ "type": "Feature", "properties": { "name": "Sequoia National Forest", "region": "05", "acres": 1160053.0, "type": "national_forest" }, "geometry": { "type": "MultiPolygon", "coordinates": [ [ [ [ -118.592019099999987, 36.3844621 ], [ -118.5800463, 36.3782887 ], [ -118.597281299999977, 36.3530327 ], [ -118.591875300000012, 36.3348783 ], [ -118.5708517, 36.3270571 ], [ -118.563919, 36.3077417 ], [ -118.5720421, 36.300149 ], [ -118.6063, 36.3035814 ], [ -118.6133191, 36.3143346 ], [ -118.627115300000014, 36.3074358 ], [ -118.68920270000001, 36.3139083 ], [ -118.6961114, 36.2948764 ], [ -118.7153573, 36.291687 ], [ -118.723532, 36.2952534 ], [ -118.719509199999976, 36.3146102 ], [ -118.7746892, 36.3101635 ], [ -118.77792119999998, 36.3246105 ], [ -118.813597099999981, 36.3250364 ], [ -118.814441399999978, 36.3096377 ], [ -118.849543, 36.3121224 ], [ -118.8496199, 36.2952952 ], [ -118.8317801, 36.2945916 ], [ -118.8319091, 36.28096 ], [ -118.761153600000014, 36.2808167 ], [ -118.761557200000013, 36.164397 ], [ -118.788479900000013, 36.1646774 ], [ -118.787984099999974, 36.1358468 ], [ -118.7653305, 36.1355848 ], [ -118.7708014, 36.0850631 ], [ -118.7540423, 36.0849847 ], [ -118.7540364, 36.0790637 ], [ -118.732212100000012, 36.0992532 ], [ -118.6872351, 36.1106211 ], [ -118.62702680000001, 36.1009343 ], [ -118.625863699999982, 35.9855555 ], [ -118.6469407, 35.9722283 ], [ -118.699501, 35.9736302 ], [ -118.6995226, 35.9489315 ], [ -118.6817086, 35.9489331 ], [ -118.6812041, 35.8333979 ], [ -118.663544399999978, 35.8329415 ], [ -118.6637056, 35.8183767 ], [ -118.6458161, 35.8184629 ], [ -118.6521531, 35.77483 ], [ -118.643372899999974, 35.7748032 ], [ -118.643538600000014, 35.7446657 ], [ -118.6256583, 35.7444784 ], [ -118.6248594, 35.7099281 ], [ -118.6429967, 35.7093328 ], [ -118.6426059, 35.6733575 ], [ -118.660031, 35.6730231 ], [ -118.6576409, 35.5579331 ], [ -118.6931899, 35.557968 ], [ -118.693104, 35.543556 ], [ -118.710901099999987, 35.5433439 ], [ -118.7108541, 35.5142113 ], [ -118.7374864, 35.5140901 ], [ -118.737715099999988, 35.4996526 ], [ -118.7634639, 35.4998835 ], [ -118.763436200000015, 35.4853809 ], [ -118.781144, 35.4854254 ], [ -118.781044600000016, 35.4709374 ], [ -118.7990752, 35.470989 ], [ -118.7989211, 35.4565048 ], [ -118.780960799999974, 35.4564504 ], [ -118.7807514, 35.4419676 ], [ -118.674587, 35.442023 ], [ -118.6746839, 35.4564594 ], [ -118.639186, 35.4567512 ], [ -118.639072, 35.4422024 ], [ -118.5962331, 35.4423332 ], [ -118.596559899999988, 35.4276244 ], [ -118.5544329, 35.4352728 ], [ -118.5529462, 35.5583217 ], [ -118.5190119, 35.5584391 ], [ -118.5195849, 35.5728241 ], [ -118.5019669, 35.5729322 ], [ -118.503961699999977, 35.6018989 ], [ -118.5211232, 35.6017341 ], [ -118.5216986, 35.6161888 ], [ -118.5390852, 35.616222 ], [ -118.534866799999989, 35.6601654 ], [ -118.5528905, 35.6601792 ], [ -118.5529496, 35.6896085 ], [ -118.518604599999989, 35.6892544 ], [ -118.520113099999989, 35.7181052 ], [ -118.5025651, 35.717943 ], [ -118.502450799999977, 35.7326739 ], [ -118.4502659, 35.7330553 ], [ -118.44966, 35.7626318 ], [ -118.413898, 35.7628749 ], [ -118.4140729, 35.7405392 ], [ -118.3962443, 35.7397803 ], [ -118.3964153, 35.7325724 ], [ -118.318816, 35.7323107 ], [ -118.316637, 35.7468094 ], [ -118.2900562, 35.7468005 ], [ -118.2814756, 35.7032904 ], [ -118.219148499999974, 35.703189 ], [ -118.2192645, 35.7176927 ], [ -118.183584, 35.7179902 ], [ -118.1836877, 35.7469929 ], [ -118.165952800000014, 35.7471043 ], [ -118.1658502, 35.9062595 ], [ -118.1477109, 35.9059863 ], [ -118.1320523, 36.0614788 ], [ -118.087487, 36.1438942 ], [ -118.0995747, 36.151474 ], [ -118.0987703, 36.167907 ], [ -118.1344318, 36.1852444 ], [ -118.185173600000013, 36.170374 ], [ -118.2097028, 36.1798922 ], [ -118.2768436, 36.1785016 ], [ -118.2887235, 36.1923296 ], [ -118.3023014, 36.1895596 ], [ -118.314229499999982, 36.2132199 ], [ -118.3535502, 36.2213825 ], [ -118.3793273, 36.2416153 ], [ -118.401455200000015, 36.2462445 ], [ -118.4051864, 36.3420189 ], [ -118.429655, 36.3323915 ], [ -118.4473446, 36.3119959 ], [ -118.4598773, 36.3117947 ], [ -118.485763699999978, 36.3328974 ], [ -118.4875996, 36.3577493 ], [ -118.5235852, 36.3859551 ], [ -118.5475816, 36.3898872 ], [ -118.550359499999985, 36.4047783 ], [ -118.5812668, 36.3983105 ], [ -118.592019099999987, 36.3844621 ] ] ] ] } },
{ "type": "Feature", "properties": { "name": "Shasta-Trinity National Forest", "region": "05", "acres": 2715500.0, "type": "national_forest" }, "geometry": { "type": "MultiPolygon", "coordinates": [ [ [ [ -122.4479015, 40.987478 ], [ -122.4396178, 41.0163285 ], [ -122.4581585, 41.0168409 ], [ -122.458299900000014, 41.0317756 ], [ -122.420064, 41.03022 ], [ -122.4209045, 41.0587254 ], [ -122.401691199999988, 41.0588442 ], [ -122.3981351, 41.0752778 ], [ -122.417480900000015, 41.0752501 ], [ -122.418120099999982, 41.0894167 ], [ -122.3845972, 41.0747205 ], [ -122.381108799999978, 41.0598657 ], [ -122.3504109, 41.073317 ], [ -122.3512346, 41.0875626 ], [ -122.3649026, 41.0884986 ], [ -122.364278500000012, 41.0811942 ], [ -122.3991251, 41.0850765 ], [ -122.3989738, 41.1030586 ], [ -122.3802937, 41.1031933 ], [ -122.3801587, 41.117403 ], [ -122.3607874, 41.1172251 ], [ -122.360911, 41.1317954 ], [ -122.34193, 41.1315667 ], [ -122.3425242, 41.145872 ], [ -122.3605693, 41.1456345 ], [ -122.361120700000015, 41.160485699999988 ], [ -122.3229, 41.1601351 ], [ -122.3132233, 41.1673781 ], [ -122.313593, 41.1812679 ], [ -122.323017799999974, 41.1813308 ], [ -122.3140291, 41.1916651 ], [ -122.3235353, 41.1953323 ], [ -122.32329, 41.2244662 ], [ -122.304277500000012, 41.2171203 ], [ -122.3043348, 41.2315379 ], [ -122.3426335, 41.2319658 ], [ -122.3426793, 41.2464424 ], [ -122.3233781, 41.24638 ], [ -122.321218799999983, 41.2672906 ], [ -122.3547016, 41.2621869 ], [ -122.3629274, 41.269429599999988 ], [ -122.367708100000016, 41.2947644 ], [ -122.3543297, 41.294753299999989 ], [ -122.362899, 41.3054193 ], [ -122.344760099999988, 41.3053791 ], [ -122.3446933, 41.3126497 ], [ -122.3724226, 41.3165128 ], [ -122.372385, 41.3417582 ], [ -122.419192900000013, 41.3349175 ], [ -122.4196593, 41.3490925 ], [ -122.439796500000014, 41.349168899999988 ], [ -122.439225, 41.4214064 ], [ -122.4582647, 41.4212478 ], [ -122.458162899999977, 41.4357998 ], [ -122.5346646, 41.4364591 ], [ -122.5350489, 41.4648768 ], [ -122.5958738, 41.4659401 ], [ -122.595423700000012, 41.424338 ], [ -122.570847199999989, 41.4108659 ], [ -122.565720899999988, 41.3919037 ], [ -122.5727236, 41.3655645 ], [ -122.585959, 41.3581365 ], [ -122.5885795, 41.3273936 ], [ -122.6275945, 41.3317869 ], [ -122.645102600000016, 41.3251044 ], [ -122.652559599999989, 41.288997 ], [ -122.712385500000011, 41.274416 ], [ -122.724425200000013, 41.2479264 ], [ -122.776939, 41.2309424 ], [ -122.80180630000001, 41.2032067 ], [ -122.8262639, 41.2096868 ], [ -122.8451219, 41.2000028 ], [ -122.886116899999976, 41.2051757 ], [ -122.929383099999981, 41.1787531 ], [ -122.9615017, 41.1814164 ], [ -122.9516284, 41.1503438 ], [ -122.965292600000012, 41.1382056 ], [ -122.9593198, 41.1237906 ], [ -122.9737037, 41.1113364 ], [ -122.9713305, 41.0909953 ], [ -122.9530773, 41.0742341 ], [ -122.9232605, 41.0719843 ], [ -122.896985, 41.0292286 ], [ -122.9174808, 40.993923 ], [ -122.941115599999975, 40.9924421 ], [ -122.9523524, 41.0068156 ], [ -122.981116500000013, 41.0144473 ], [ -123.0371372, 41.004134 ], [ -123.0552494, 41.0465923 ], [ -123.0963192, 41.0593656 ], [ -123.1092352, 41.0755598 ], [ -123.239384199999989, 41.0758121 ], [ -123.295398299999974, 41.1406749 ], [ -123.3247756, 41.1416134 ], [ -123.3535731, 41.1630934 ], [ -123.3811609, 41.151637 ], [ -123.407271599999987, 41.1802647 ], [ -123.4173618, 41.165194 ], [ -123.4324228, 41.1628324 ], [ -123.429110799999975, 41.1185946 ], [ -123.4431784, 41.089702 ], [ -123.4639618, 41.0951948 ], [ -123.463930699999977, 41.0767091 ], [ -123.4451079, 41.0616951 ], [ -123.4234151, 41.058103 ], [ -123.4057647, 41.0133962 ], [ -123.4205334, 41.0093345 ], [ -123.436053, 40.9733883 ], [ -123.4535153, 40.9633578 ], [ -123.447513699999973, 40.9440136 ], [ -123.4783435, 40.9276388 ], [ -123.486648, 40.9053265 ], [ -123.4751411, 40.8504779 ], [ -123.530192500000013, 40.8390946 ], [ -123.5326451, 40.8062117 ], [ -123.503981199999984, 40.7597936 ], [ -123.4899312, 40.7599262 ], [ -123.480407899999989, 40.7257156 ], [ -123.4841371, 40.7190516 ], [ -123.5562966, 40.7067991 ], [ -123.563186, 40.6983246 ], [ -123.5535651, 40.6656066 ], [ -123.585211199999989, 40.6492167 ], [ -123.5130643, 40.5475021 ], [ -123.503473199999988, 40.5117477 ], [ -123.4712984, 40.4731206 ], [ -123.4347354, 40.3942568 ], [ -123.3920929, 40.3587198 ], [ -123.3420652, 40.3374801 ], [ -123.2803131, 40.270893 ], [ -123.2265364, 40.2482337 ], [ -123.2217864, 40.2303799 ], [ -123.181788599999976, 40.2227905 ], [ -123.1744944, 40.2098017 ], [ -123.1472187, 40.2050069 ], [ -123.130569099999988, 40.1390098 ], [ -123.098807199999982, 40.1378618 ], [ -123.0794895, 40.1489589 ], [ -123.062017200000014, 40.1322164 ], [ -122.9942596, 40.1451371 ], [ -122.969312199999976, 40.139352 ], [ -122.9676227, 40.0880623 ], [ -122.9386604, 40.075336799999988 ], [ -122.8661649, 40.0957494 ], [ -122.85974130000001, 40.1093258 ], [ -122.817685399999988, 40.0972186 ], [ -122.818543799999986, 40.1114077 ], [ -122.7996233, 40.1116748 ], [ -122.7999679, 40.1255956 ], [ -122.7437387, 40.1275049 ], [ -122.743699299999989, 40.1418369 ], [ -122.7620507, 40.141063 ], [ -122.762299, 40.1702692 ], [ -122.8386253, 40.1766851 ], [ -122.837849100000014, 40.2277443 ], [ -122.8943763, 40.2248449 ], [ -122.895415, 40.2542064 ], [ -122.8779051, 40.254649 ], [ -122.877219, 40.2762894 ], [ -122.8585799, 40.2773043 ], [ -122.8584889, 40.2991583 ], [ -122.894866499999978, 40.2990628 ], [ -122.8962783, 40.3144549 ], [ -122.9325796, 40.3153167 ], [ -122.9317498, 40.3512535 ], [ -122.9130793, 40.350835 ], [ -122.9120737, 40.4278032 ], [ -122.9031242, 40.4291536 ], [ -122.893740499999979, 40.4558296 ], [ -122.877237799999989, 40.459366 ], [ -122.8773222, 40.4811209 ], [ -122.9123495, 40.4811397 ], [ -122.934596299999981, 40.4959123 ], [ -122.932504400000013, 40.5303193 ], [ -122.9143553, 40.5302671 ], [ -122.9146538, 40.5439963 ], [ -122.933273700000015, 40.5438675 ], [ -122.933540099999988, 40.559606 ], [ -122.9521171, 40.5604549 ], [ -122.9653944, 40.5301428 ], [ -122.9887594, 40.530204 ], [ -122.990563, 40.5765408 ], [ -123.01831390000001, 40.5764782 ], [ -123.0190608, 40.5931538 ], [ -123.0340105, 40.5914623 ], [ -123.0491692, 40.6115145 ], [ -123.0688426, 40.612455499999989 ], [ -123.0679317, 40.6605092 ], [ -123.0497636, 40.6603831 ], [ -123.049292799999989, 40.6398491 ], [ -123.029628100000011, 40.6395419 ], [ -123.0158494, 40.6518358 ], [ -122.9971802, 40.6500913 ], [ -122.997110899999981, 40.664636 ], [ -123.0250573, 40.6672667 ], [ -123.0258055, 40.6953319 ], [ -123.050386899999978, 40.6955751 ], [ -123.0503871, 40.7098463 ], [ -123.0706971, 40.7173411 ], [ -123.0695354, 40.7528477 ], [ -123.1080834, 40.7636055 ], [ -123.127048, 40.7605335 ], [ -123.116950800000012, 40.8357135 ], [ -123.0885153, 40.8369231 ], [ -123.0884002, 40.8089427 ], [ -123.069654199999974, 40.8094502 ], [ -123.0696688, 40.7809434 ], [ -123.0482982, 40.7747333 ], [ -123.0510164, 40.7465607 ], [ -123.0257533, 40.7552046 ], [ -122.9784575, 40.7530536 ], [ -122.977887399999986, 40.7385438 ], [ -122.9497023, 40.7309583 ], [ -122.930278, 40.7382994 ], [ -122.930357699999988, 40.7527787 ], [ -122.8714605, 40.75177 ], [ -122.8638169, 40.7664424 ], [ -122.8255598, 40.7676297 ], [ -122.815805499999982, 40.7165283 ], [ -122.79648, 40.7162083 ], [ -122.786513199999987, 40.7383413 ], [ -122.767771200000013, 40.7367365 ], [ -122.767986, 40.7533605 ], [ -122.7279988, 40.7510062 ], [ -122.7279978, 40.7667423 ], [ -122.7087541, 40.7667077 ], [ -122.708956500000014, 40.7521879 ], [ -122.634317, 40.7527133 ], [ -122.6343324, 40.7669417 ], [ -122.6154431, 40.767026699999988 ], [ -122.615365700000012, 40.8076076 ], [ -122.6343726, 40.8077405 ], [ -122.6246351, 40.827753199999989 ], [ -122.634091700000013, 40.8278234 ], [ -122.6354158, 40.8480549 ], [ -122.5797436, 40.8487395 ], [ -122.5789696, 40.8347221 ], [ -122.5409279, 40.8429289 ], [ -122.5419255, 40.8085862 ], [ -122.5234485, 40.8091231 ], [ -122.5224172, 40.7541023 ], [ -122.5600098, 40.7533495 ], [ -122.5593962, 40.7241956 ], [ -122.521064599999988, 40.724636 ], [ -122.52035, 40.7100333 ], [ -122.501102300000014, 40.707978 ], [ -122.375754499999985, 40.7094924 ], [ -122.3759061, 40.7238912 ], [ -122.3556996, 40.7241765 ], [ -122.241148200000012, 40.7235602 ], [ -122.240938899999975, 40.7090002 ], [ -122.145552900000013, 40.7089312 ], [ -122.145582300000015, 40.7233206 ], [ -122.126573399999984, 40.7231997 ], [ -122.126610500000012, 40.737543 ], [ -122.0887384, 40.7371934 ], [ -122.0887246, 40.751612 ], [ -122.070461099999974, 40.752298499999988 ], [ -122.070158800000016, 40.7665268 ], [ -122.04998160000001, 40.7678122 ], [ -122.0511921, 40.7808179 ], [ -121.98947, 40.7800582 ], [ -121.994146, 40.8085211 ], [ -121.9508524, 40.808533 ], [ -121.956687, 40.8381968 ], [ -121.9703645, 40.8381622 ], [ -121.9702298, 40.8515121 ], [ -121.9513511, 40.8448421 ], [ -121.9510713, 40.8819346 ], [ -121.9895547, 40.8815865 ], [ -121.9899856, 40.9277594 ], [ -121.9880166, 40.9849439 ], [ -121.969772299999974, 40.9843349 ], [ -121.9688317, 41.0136527 ], [ -121.9502424, 41.0137711 ], [ -121.940479099999976, 41.0316756 ], [ -121.9497022, 41.0561685 ], [ -121.93076090000001, 41.0575533 ], [ -121.9309102, 41.0429351 ], [ -121.8923198, 41.0428557 ], [ -121.8925066, 40.9991135 ], [ -121.8539884, 40.9991534 ], [ -121.8549174, 40.9258254 ], [ -121.816720199999978, 40.9256633 ], [ -121.8168249, 40.9401946 ], [ -121.78427, 40.9427337 ], [ -121.7842992, 40.9572821 ], [ -121.7654107, 40.9573184 ], [ -121.7654242, 40.9719352 ], [ -121.746340499999974, 40.9719129 ], [ -121.757780099999977, 41.0253152 ], [ -121.7793388, 41.0172851 ], [ -121.791743699999984, 41.0270365 ], [ -121.786032100000014, 41.0795525 ], [ -121.817025199999989, 41.0862451 ], [ -121.8174752, 41.1003448 ], [ -121.7866898, 41.0937498 ], [ -121.7868948, 41.1080111 ], [ -121.8370737, 41.1187498 ], [ -121.8273503, 41.1586446 ], [ -121.8371668, 41.1586245 ], [ -121.8370691, 41.1667263 ], [ -121.808114800000013, 41.1585235 ], [ -121.798628900000011, 41.1664126 ], [ -121.798741299999989, 41.1520491 ], [ -121.7728002, 41.15192 ], [ -121.7730807, 41.1664768 ], [ -121.753879, 41.1665138 ], [ -121.7540495, 41.181008 ], [ -121.773124400000015, 41.1810422 ], [ -121.773485, 41.2173531 ], [ -121.7542958, 41.217458199999989 ], [ -121.754339300000012, 41.2247298 ], [ -121.7735429, 41.2246084 ], [ -121.76931, 41.2935207 ], [ -121.7547188, 41.268191099999989 ], [ -121.7451519, 41.2682484 ], [ -121.745230599999985, 41.2826535 ], [ -121.7261206, 41.2971479 ], [ -121.725828299999989, 41.2828517 ], [ -121.697042, 41.2831633 ], [ -121.697061300000016, 41.2684865 ], [ -121.6677539, 41.2759029 ], [ -121.672593400000011, 41.2576098 ], [ -121.6629848, 41.2575635 ], [ -121.6629345, 41.2466545 ], [ -121.643564, 41.2539073 ], [ -121.633935900000012, 41.2393758 ], [ -121.6051844, 41.2393619 ], [ -121.618954, 41.3297595 ], [ -121.5743654, 41.3392634 ], [ -121.5430781, 41.3350808 ], [ -121.5349987, 41.352117 ], [ -121.524099799999973, 41.3500887 ], [ -121.525759799999975, 41.4586086 ], [ -121.6102994, 41.5093498 ], [ -121.6052245, 41.5605606 ], [ -121.6598338, 41.5832021 ], [ -121.684932299999986, 41.567779 ], [ -121.7012542, 41.5810427 ], [ -121.7450407, 41.5599884 ], [ -121.746037199999989, 41.5452502 ], [ -121.7648927, 41.552768 ], [ -121.7740769, 41.5426613 ], [ -121.8095299, 41.5458261 ], [ -121.822990699999977, 41.5261939 ], [ -121.8490313, 41.5305197 ], [ -121.8577106, 41.518212399999989 ], [ -121.886517, 41.5121718 ], [ -121.9110784, 41.4755134 ], [ -121.9564953, 41.4737186 ], [ -121.977988699999983, 41.4611483 ], [ -122.011771799999977, 41.4740178 ], [ -122.0461234, 41.4590943 ], [ -122.0489751, 41.4474803 ], [ -122.0989753, 41.4807236 ], [ -122.179793800000013, 41.5031259 ], [ -122.2092453, 41.5591223 ], [ -122.236193899999989, 41.5363659 ], [ -122.2706892, 41.5339935 ], [ -122.287301399999976, 41.523471699999988 ], [ -122.361594200000013, 41.5230525 ], [ -122.3617924, 41.4794948 ], [ -122.3423067, 41.4791519 ], [ -122.3427881, 41.4573968 ], [ -122.3524066, 41.4575736 ], [ -122.342825, 41.4501353 ], [ -122.3432112, 41.4067874 ], [ -122.30488720000001, 41.4071845 ], [ -122.3051028, 41.3779388 ], [ -122.324155, 41.3781684 ], [ -122.3292833, 41.3634975 ], [ -122.3252089, 41.3342161 ], [ -122.2878943, 41.334377499999988 ], [ -122.290303900000012, 41.3249706 ], [ -122.2685804, 41.3203626 ], [ -122.2754055, 41.3092967 ], [ -122.2543004, 41.2913436 ], [ -122.2495312, 41.3057187 ], [ -122.2318616, 41.3091729 ], [ -122.2317184, 41.2908403 ], [ -122.212164, 41.2909442 ], [ -122.212154399999989, 41.2763916 ], [ -122.182953900000015, 41.2815676 ], [ -122.1926681, 41.290722 ], [ -122.153828799999985, 41.2839122 ], [ -122.1536709, 41.2913028 ], [ -122.134724299999988, 41.2910234 ], [ -122.1346842, 41.3055587 ], [ -122.115405899999985, 41.3057901 ], [ -122.115674699999985, 41.3203031 ], [ -122.086451799999978, 41.3203046 ], [ -122.0815563, 41.3094568 ], [ -122.100983699999986, 41.3129929 ], [ -122.1009108, 41.2911168 ], [ -122.1394821, 41.2874487 ], [ -122.1443533, 41.2765067 ], [ -122.110895, 41.2801139 ], [ -122.1158818, 41.2691978 ], [ -122.07697060000001, 41.2692786 ], [ -122.0721505, 41.2619553 ], [ -122.052628899999988, 41.2692904 ], [ -122.0574633, 41.2581371 ], [ -122.0770109, 41.2581989 ], [ -122.0769388, 41.2473068 ], [ -122.0379587, 41.2470466 ], [ -122.035154100000014, 41.2327198 ], [ -122.0091875, 41.2423007 ], [ -122.0075314, 41.219609 ], [ -121.9478426, 41.2473437 ], [ -121.9272734, 41.2185124 ], [ -121.9226225, 41.2403335 ], [ -121.9036492, 41.2482108 ], [ -121.9037093, 41.2356971 ], [ -121.884070799999989, 41.2284255 ], [ -121.879291400000014, 41.2355958 ], [ -121.8792424, 41.2247617 ], [ -121.8601433, 41.221127 ], [ -121.8506621, 41.2392714 ], [ -121.8697052, 41.2392286 ], [ -121.8699325, 41.262707 ], [ -121.8891724, 41.2690729 ], [ -121.869976799999989, 41.2698963 ], [ -121.869845700000013, 41.3045358 ], [ -121.8409442, 41.3062284 ], [ -121.840966900000012, 41.2988667 ], [ -121.821961, 41.3024297 ], [ -121.802429600000011, 41.2391235 ], [ -121.831126900000015, 41.2174419 ], [ -121.8316552, 41.1956301 ], [ -121.903927, 41.1959822 ], [ -121.91325, 41.2117024 ], [ -121.9229732, 41.2040585 ], [ -121.980897899999988, 41.2035556 ], [ -121.9809422, 41.1889204 ], [ -122.000353300000015, 41.1886502 ], [ -122.000858699999981, 41.1732458 ], [ -122.2378393, 41.1755614 ], [ -122.2377319, 41.1930563 ], [ -122.2758098, 41.1875658 ], [ -122.284585299999989, 41.1744034 ], [ -122.2663803, 41.173069 ], [ -122.2669444, 41.1449274 ], [ -122.313804, 41.145313 ], [ -122.3068824, 41.1164471 ], [ -122.32296070000001, 41.1177723 ], [ -122.326585099999974, 41.0734459 ], [ -122.3454863, 41.073102 ], [ -122.3454368, 41.0592478 ], [ -122.3493204, 41.0520245 ], [ -122.36324110000001, 41.0556306 ], [ -122.3634503, 41.0449421 ], [ -122.382421799999989, 41.0443495 ], [ -122.3820752, 41.0019902 ], [ -122.4054655, 41.0017745 ], [ -122.405689400000014, 41.0126989 ], [ -122.4202012, 41.0163706 ], [ -122.419747199999975, 41.0018118 ], [ -122.438545, 41.0019152 ], [ -122.4388703, 40.9875002 ], [ -122.4479015, 40.987478 ] ], [ [ -122.326506900000012, 41.0591895 ], [ -122.325880200000014, 41.0450481 ], [ -122.344588, 41.0451631 ], [ -122.3454368, 41.0592478 ], [ -122.326506900000012, 41.0591895 ] ], [ [ -121.850600899999989, 41.3208497 ], [ -121.8318866, 41.3206036 ], [ -121.8316816, 41.3059981 ], [ -121.8409442, 41.3062284 ], [ -121.850600899999989, 41.3208497 ] ], [ [ -121.832397300000011, 41.3352089 ], [ -121.813059299999978, 41.3351159 ], [ -121.8130221, 41.3207028 ], [ -121.8318866, 41.3206036 ], [ -121.832397300000011, 41.3352089 ] ], [ [ -121.851402600000014, 41.3352358 ], [ -121.8518967, 41.3498648 ], [ -121.833491099999989, 41.3496534 ], [ -121.8334196, 41.3643731 ], [ -121.804582900000014, 41.3714661 ], [ -121.814202900000012, 41.3568722 ], [ -121.794893, 41.3495006 ], [ -121.794897899999981, 41.3424473 ], [ -121.8131083, 41.3424504 ], [ -121.81306739999998, 41.3495342 ], [ -121.8324217, 41.3496411 ], [ -121.832397300000011, 41.3352089 ], [ -121.851402600000014, 41.3352358 ] ], [ [ -121.852725199999981, 41.364325 ], [ -121.85261749999998, 41.3788981 ], [ -121.833426499999973, 41.3790113 ], [ -121.8334196, 41.3643731 ], [ -121.852725199999981, 41.364325 ] ], [ [ -121.8529352, 41.349876699999989 ], [ -121.8708938, 41.3498285 ], [ -121.8698245, 41.3350941 ], [ -121.903888, 41.3283553 ], [ -121.889349400000015, 41.3175813 ], [ -121.923112199999977, 41.321064199999988 ], [ -121.923196300000015, 41.3355428 ], [ -121.889391100000012, 41.3355709 ], [ -121.8898841, 41.3498126 ], [ -121.8719458, 41.3498256 ], [ -121.8718378, 41.3647583 ], [ -121.852725199999981, 41.364325 ], [ -121.8529352, 41.349876699999989 ] ], [ [ -121.7692615, 41.3022202 ], [ -121.786116400000012, 41.2830037 ], [ -121.7694842, 41.3027434 ], [ -121.747745, 41.29419 ], [ -121.7491614, 41.2913823 ], [ -121.7692615, 41.3022202 ] ], [ [ -121.734603299999989, 41.3217599 ], [ -121.7102661, 41.3391989 ], [ -121.7339629, 41.3214984 ], [ -121.7379958, 41.3135098 ], [ -121.734603299999989, 41.3217599 ] ], [ [ -121.9620289, 41.4372315 ], [ -121.9812798, 41.4371769 ], [ -121.981495699999982, 41.4517606 ], [ -121.962181, 41.4507949 ], [ -121.962003, 41.4643568 ], [ -121.9427386, 41.4643636 ], [ -121.942849400000014, 41.4508231 ], [ -121.9235494, 41.450901 ], [ -121.9233615, 41.4644618 ], [ -121.9040848, 41.4662301 ], [ -121.9041803, 41.451799 ], [ -121.8914066, 41.4518396 ], [ -121.8913449, 41.4662407 ], [ -121.872020299999988, 41.4661707 ], [ -121.8721657, 41.4805344 ], [ -121.891224099999974, 41.4804688 ], [ -121.8910921, 41.4952408 ], [ -121.8333815, 41.4952882 ], [ -121.8334144, 41.4805429 ], [ -121.8528425, 41.4805457 ], [ -121.852805800000013, 41.4660521 ], [ -121.8431143, 41.4659865 ], [ -121.8432206, 41.451791 ], [ -121.8528702, 41.4516817 ], [ -121.8530127, 41.3937664 ], [ -121.942459499999984, 41.3864929 ], [ -121.9425394, 41.3937406 ], [ -121.9618647, 41.3938455 ], [ -121.9615439, 41.3793751 ], [ -121.9714515, 41.3791989 ], [ -121.971495, 41.3863583 ], [ -122.010082, 41.3929185 ], [ -122.0101133, 41.4076248 ], [ -121.98574760000001, 41.4043399 ], [ -121.981422, 41.4226341 ], [ -121.962124499999987, 41.4227963 ], [ -121.9620289, 41.4372315 ] ], [ [ -122.0194005, 41.3640334 ], [ -122.00008, 41.3498029 ], [ -121.9998602, 41.3350246 ], [ -122.0380877, 41.3350335 ], [ -122.0390464, 41.4076534 ], [ -122.019647, 41.4074807 ], [ -122.0194005, 41.3640334 ] ], [ [ -122.0187457, 41.3201954 ], [ -122.018761900000015, 41.3057715 ], [ -122.02839130000001, 41.3202528 ], [ -122.0187457, 41.3201954 ] ], [ [ -122.076722899999979, 41.3058821 ], [ -122.076695, 41.3203408 ], [ -122.0573832, 41.3201986 ], [ -122.0381292, 41.3058557 ], [ -122.0380213, 41.2913165 ], [ -122.018778, 41.2910905 ], [ -122.0187992, 41.2764987 ], [ -122.037881899999988, 41.2768077 ], [ -122.0526337, 41.3058264 ], [ -122.076722899999979, 41.3058821 ] ], [ [ -123.048816, 40.5905979 ], [ -123.048651299999989, 40.5762993 ], [ -123.138799799999987, 40.5533389 ], [ -123.143421300000014, 40.5391016 ], [ -123.162739099999982, 40.5384614 ], [ -123.1626652, 40.5243721 ], [ -123.176729099999989, 40.5245126 ], [ -123.1767415, 40.5171866 ], [ -123.2344102, 40.5170197 ], [ -123.2384594, 40.5713128 ], [ -123.219459300000011, 40.5607082 ], [ -123.209888100000015, 40.5757343 ], [ -123.1911215, 40.5754547 ], [ -123.1816591, 40.5897071 ], [ -123.096008599999976, 40.5976942 ], [ -123.048816, 40.5905979 ] ] ] ] } },
{ "type": "Feature", "properties": { "name": "Sierra National Forest", "region": "05", "acres": 1418790.0, "type": "national_forest" }, "geometry": { "type": "MultiPolygon", "coordinates": [ [ [ [ -119.7239988, 37.4603615 ], [ -119.723067899999975, 37.4458662 ], [ -119.761974900000013, 37.446184 ], [ -119.762098599999987, 37.4170716 ], [ -119.7068844, 37.4168697 ], [ -119.706943099999975, 37.4097049 ], [ -119.6882708, 37.409915 ], [ -119.688612299999988, 37.3953885 ], [ -119.670363, 37.3955786 ], [ -119.6704577, 37.3883628 ], [ -119.6159028, 37.3890419 ], [ -119.616473899999988, 37.360048 ], [ -119.6006978, 37.359916 ], [ -119.591793599999988, 37.3146786 ], [ -119.600902300000016, 37.3152136 ], [ -119.600832499999981, 37.2930894 ], [ -119.6267462, 37.2935923 ], [ -119.618168, 37.2717401 ], [ -119.6542358, 37.2792149 ], [ -119.6546313, 37.2642244 ], [ -119.645641399999988, 37.2568917 ], [ -119.545953499999982, 37.2562927 ], [ -119.5458522, 37.2490109 ], [ -119.527642, 37.2490199 ], [ -119.5153077, 37.0964999 ], [ -119.476166599999985, 37.0968067 ], [ -119.4762694, 37.0675531 ], [ -119.458261499999978, 37.0675459 ], [ -119.4396425, 37.052747 ], [ -119.421410599999987, 37.037935 ], [ -119.4213015, 37.0235792 ], [ -119.3860628, 37.0238229 ], [ -119.3859177, 37.0090201 ], [ -119.3677959, 37.0091199 ], [ -119.3678258, 36.994355 ], [ -119.349820899999983, 36.9944009 ], [ -119.3497887, 36.9797269 ], [ -119.3137621, 36.9799196 ], [ -119.3134422, 36.8485698 ], [ -119.30016449999998, 36.8627712 ], [ -119.2822655, 36.8542295 ], [ -119.2636882, 36.8646698 ], [ -119.284977, 36.8781965 ], [ -119.2865645, 36.9001932 ], [ -119.235982599999986, 36.8854461 ], [ -119.2329326, 36.8689468 ], [ -119.156145099999989, 36.8867858 ], [ -119.137853599999985, 36.8674133 ], [ -119.0975195, 36.8564189 ], [ -119.09721230000001, 36.8423509 ], [ -119.0832006, 36.8447848 ], [ -119.088764500000011, 36.8071769 ], [ -119.1006572, 36.8108792 ], [ -119.080014599999984, 36.7880815 ], [ -119.0966549, 36.783721 ], [ -119.0861669, 36.7734048 ], [ -119.0608927, 36.7706228 ], [ -119.0496984, 36.7957911 ], [ -119.0302807, 36.8059695 ], [ -119.0280204, 36.7971102 ], [ -119.0201448, 36.8018115 ], [ -119.030780899999982, 36.8212643 ], [ -119.0114753, 36.8331817 ], [ -118.9943595, 36.8100406 ], [ -118.9777494, 36.810693199999989 ], [ -118.965397, 36.8240431 ], [ -118.9390162, 36.8172749 ], [ -118.9320687, 36.8270526 ], [ -118.916403100000011, 36.8237197 ], [ -118.9148583, 36.8098767 ], [ -118.9008308, 36.8337258 ], [ -118.890217299999989, 36.831641499999989 ], [ -118.8971829, 36.8217601 ], [ -118.885592100000011, 36.8204312 ], [ -118.8751852, 36.8322848 ], [ -118.8345325, 36.8132328 ], [ -118.831732300000013, 36.8189724 ], [ -118.8749199, 36.8381542 ], [ -118.79869690000001, 36.8367466 ], [ -118.753811899999974, 36.8502726 ], [ -118.733498099999977, 36.8689722 ], [ -118.7568267, 36.8848456 ], [ -118.801459, 36.8904786 ], [ -118.8000778, 36.8840035 ], [ -118.8356718, 36.9068199 ], [ -118.853788600000016, 36.9079099 ], [ -118.771188, 36.9639236 ], [ -118.7586877, 37.0171256 ], [ -118.732629799999984, 37.0357513 ], [ -118.7270562, 37.060646 ], [ -118.742855299999974, 37.0890233 ], [ -118.7925922, 37.1247054 ], [ -118.7914997, 37.1408915 ], [ -118.8111869, 37.1576605 ], [ -118.8052121, 37.1613219 ], [ -118.823895499999978, 37.1706461 ], [ -118.8355464, 37.1944255 ], [ -118.833200300000016, 37.2256443 ], [ -118.788215, 37.2260082 ], [ -118.7735056, 37.2369273 ], [ -118.7517163, 37.2217381 ], [ -118.7242505, 37.2243387 ], [ -118.712545, 37.2061847 ], [ -118.6931859, 37.2171878 ], [ -118.6780286, 37.2105896 ], [ -118.6842614, 37.241506 ], [ -118.6640551, 37.2612496 ], [ -118.7159339, 37.3285596 ], [ -118.73943460000001, 37.3159684 ], [ -118.786286100000012, 37.3435543 ], [ -118.7675381, 37.3681429 ], [ -118.7899688, 37.3939704 ], [ -118.7808711, 37.4204607 ], [ -118.767378900000011, 37.4238082 ], [ -118.7582964, 37.4432215 ], [ -118.7964439, 37.4894338 ], [ -118.849927, 37.4764884 ], [ -118.8660651, 37.4825079 ], [ -118.913615299999989, 37.4682031 ], [ -118.9916223, 37.5295247 ], [ -119.0388126, 37.5441396 ], [ -119.047573199999988, 37.5346607 ], [ -119.0859302, 37.5295738 ], [ -119.13234, 37.5445211 ], [ -119.1208901, 37.5479476 ], [ -119.118180599999988, 37.5854052 ], [ -119.1269145, 37.6013792 ], [ -119.157851, 37.6034581 ], [ -119.169766, 37.6220832 ], [ -119.170770799999985, 37.6553306 ], [ -119.2009554, 37.6833216 ], [ -119.1955015, 37.6978321 ], [ -119.2465073, 37.7292713 ], [ -119.258895599999974, 37.7242219 ], [ -119.263115099999979, 37.701135 ], [ -119.2907356, 37.690184 ], [ -119.295063, 37.6672292 ], [ -119.3232007, 37.652025 ], [ -119.327613199999973, 37.6333026 ], [ -119.3541606, 37.6268009 ], [ -119.3702026, 37.6320303 ], [ -119.388243499999987, 37.5532411 ], [ -119.407314299999982, 37.54405 ], [ -119.4220153, 37.554814 ], [ -119.4436999, 37.5359433 ], [ -119.5769091, 37.5328142 ], [ -119.5775312, 37.4922314 ], [ -119.662041099999982, 37.4966109 ], [ -119.6844721, 37.5476739 ], [ -119.7015463, 37.5512243 ], [ -119.6955985, 37.6146569 ], [ -119.7038055, 37.6227967 ], [ -119.695654, 37.629897 ], [ -119.7225117, 37.6297696 ], [ -119.722222099999982, 37.6441817 ], [ -119.71307, 37.6442629 ], [ -119.7176714, 37.6585086 ], [ -119.75886220000001, 37.6583552 ], [ -119.7595672, 37.6687608 ], [ -119.778769499999981, 37.6702615 ], [ -119.8082497, 37.6651793 ], [ -119.8321276, 37.6783426 ], [ -119.8466534, 37.6656686 ], [ -119.880997399999984, 37.6672769 ], [ -119.8879181, 37.6592073 ], [ -119.906216500000014, 37.6752219 ], [ -119.9278497, 37.670995 ], [ -119.920128499999976, 37.653215 ], [ -119.9261767, 37.5358176 ], [ -119.8355685, 37.5361463 ], [ -119.835135900000012, 37.5255064 ], [ -119.8176384, 37.5253023 ], [ -119.8175372, 37.503845 ], [ -119.7810978, 37.5078532 ], [ -119.7786741, 37.4677271 ], [ -119.7239988, 37.4603615 ] ] ] ] } },
{ "type": "Feature", "properties": { "name": "Stanislaus National Forest", "region": "05", "acres": 1090354.0, "type": "national_forest" }, "geometry": { "type": "MultiPolygon", "coordinates": [ [ [ [ -120.373240599999988, 38.3083136 ], [ -120.3818643, 38.283477 ], [ -120.373166200000014, 38.2759336 ], [ -120.3822504, 38.2683702 ], [ -120.373154599999978, 38.2686996 ], [ -120.373180299999987, 38.2579203 ], [ -120.409321, 38.2543006 ], [ -120.4012556, 38.2150098 ], [ -120.4106265, 38.2150856 ], [ -120.410401600000014, 38.1754155 ], [ -120.3734829, 38.1824066 ], [ -120.378236, 38.0923915 ], [ -120.396737, 38.0924232 ], [ -120.396339599999976, 38.0782768 ], [ -120.3778327, 38.0779791 ], [ -120.3774149, 38.0632134 ], [ -120.360094100000012, 38.0640158 ], [ -120.360095199999989, 38.0565276 ], [ -120.3028724, 38.0635313 ], [ -120.303879599999973, 38.0489606 ], [ -120.294554100000013, 38.0489039 ], [ -120.293771600000014, 38.063498599999988 ], [ -120.2213665, 38.0631516 ], [ -120.212225600000011, 38.0558608 ], [ -120.2121195, 38.0631047 ], [ -120.1753663, 38.0632103 ], [ -120.184632799999989, 38.0486908 ], [ -120.193813099999986, 38.0522995 ], [ -120.1937797, 38.0233976 ], [ -120.216784, 38.0163558 ], [ -120.2140871, 37.948113 ], [ -120.2232622, 37.9481108 ], [ -120.2234542, 37.9186337 ], [ -120.250199, 37.9187999 ], [ -120.2505887, 37.8861217 ], [ -120.2322251, 37.8751069 ], [ -120.2233996, 37.8789678 ], [ -120.231844599999974, 37.8897121 ], [ -120.1641608, 37.8848443 ], [ -120.159957299999988, 37.8904126 ], [ -120.1595824, 37.8246624 ], [ -120.187368, 37.8211296 ], [ -120.1963888, 37.8030889 ], [ -120.14822740000001, 37.7983521 ], [ -120.1489893, 37.6935398 ], [ -120.0388051, 37.6946118 ], [ -120.0382571, 37.6662959 ], [ -120.019084, 37.6658629 ], [ -120.018372, 37.6512175 ], [ -119.9260159, 37.646967 ], [ -119.9278497, 37.670995 ], [ -119.9114877, 37.6760448 ], [ -119.8879205, 37.6592071 ], [ -119.880997399999984, 37.6672769 ], [ -119.8466534, 37.6656686 ], [ -119.8321299, 37.6783426 ], [ -119.8115161, 37.671787 ], [ -119.8117312, 37.6811619 ], [ -119.760195, 37.6780092 ], [ -119.771896199999986, 37.6974811 ], [ -119.760613299999974, 37.6973455 ], [ -119.7604729, 37.7084018 ], [ -119.7788155, 37.7083341 ], [ -119.778155399999974, 37.7381139 ], [ -119.852653, 37.7382529 ], [ -119.852181699999988, 37.7614887 ], [ -119.861533900000012, 37.7612869 ], [ -119.8623081, 37.775546 ], [ -119.877514100000013, 37.7885914 ], [ -119.873105, 37.8101535 ], [ -119.8456966, 37.8182654 ], [ -119.845562, 37.8327835 ], [ -119.826989699999984, 37.8332613 ], [ -119.82732750000001, 37.8920185 ], [ -119.885176699999988, 37.8925608 ], [ -119.8861394, 37.9823659 ], [ -119.8754, 38.0228418 ], [ -119.882286099999973, 38.0291244 ], [ -119.8652272, 38.0479866 ], [ -119.8729367, 38.0563638 ], [ -119.836613199999988, 38.0909326 ], [ -119.736584299999976, 38.0969951 ], [ -119.6909932, 38.1340974 ], [ -119.6280699, 38.1490988 ], [ -119.6260106, 38.1628233 ], [ -119.596426599999987, 38.1830855 ], [ -119.6313013, 38.2015155 ], [ -119.625080799999978, 38.2288857 ], [ -119.6047758, 38.2351959 ], [ -119.6216453, 38.252168 ], [ -119.6131952, 38.2615063 ], [ -119.651372599999974, 38.2864971 ], [ -119.6279142, 38.3482619 ], [ -119.681009, 38.4021051 ], [ -119.686848200000014, 38.4305277 ], [ -119.678220400000015, 38.4368505 ], [ -119.687898499999989, 38.447872 ], [ -119.705469799999989, 38.4542059 ], [ -119.729002799999989, 38.4432882 ], [ -119.735078, 38.4714798 ], [ -119.766574600000013, 38.4754042 ], [ -119.7576086, 38.4915445 ], [ -119.7730288, 38.5012323 ], [ -119.7690888, 38.5165281 ], [ -119.7897451, 38.5223081 ], [ -119.7994569, 38.5400805 ], [ -119.83292, 38.5511615 ], [ -119.840391199999985, 38.5819622 ], [ -119.8510683, 38.5695132 ], [ -119.929861699999989, 38.5406271 ], [ -120.0047679, 38.5801032 ], [ -120.0378964, 38.566046 ], [ -120.056029, 38.5165558 ], [ -120.1181429, 38.4965973 ], [ -120.2123652, 38.4997009 ], [ -120.2759455, 38.4758269 ], [ -120.3801182, 38.4610042 ], [ -120.423861099999982, 38.4731651 ], [ -120.4278703, 38.4634487 ], [ -120.3909007, 38.4631816 ], [ -120.373146299999988, 38.4486953 ], [ -120.3920277, 38.4379185 ], [ -120.3735096, 38.4414565 ], [ -120.3773182, 38.3234994 ], [ -120.394773, 38.3202937 ], [ -120.401473, 38.3066851 ], [ -120.373240599999988, 38.3083136 ] ], [ [ -120.3734287, 38.2077836 ], [ -120.3825639, 38.196698 ], [ -120.3919192, 38.2002543 ], [ -120.3734287, 38.2077836 ] ] ] ] } },
{ "type": "Feature", "properties": { "name": "Tahoe National Forest", "region": "05", "acres": 1181140.0, "type": "national_forest" }, "geometry": { "type": "MultiPolygon", "coordinates": [ [ [ [ -120.9411241, 39.2870987 ], [ -120.908475, 39.2947199 ], [ -120.9074114, 39.2297252 ], [ -120.8722579, 39.2288174 ], [ -120.87086570000001, 39.2143413 ], [ -120.8512361, 39.2154216 ], [ -120.8517982, 39.2297146 ], [ -120.83184150000001, 39.2302482 ], [ -120.83266, 39.2447715 ], [ -120.811217500000012, 39.2439014 ], [ -120.811703799999989, 39.2581666 ], [ -120.7853421, 39.2605857 ], [ -120.7938691, 39.2445406 ], [ -120.7752604, 39.2443939 ], [ -120.7751862, 39.2588914 ], [ -120.765822899999989, 39.258904 ], [ -120.765751, 39.2661118 ], [ -120.7751836, 39.2591385 ], [ -120.7741584, 39.2880007 ], [ -120.755467, 39.3024896 ], [ -120.7461922, 39.2951918 ], [ -120.7647962, 39.2880278 ], [ -120.770336899999975, 39.2732679 ], [ -120.7324732, 39.2807915 ], [ -120.7368437, 39.3023653 ], [ -120.703925, 39.2951635 ], [ -120.699260599999988, 39.3134488 ], [ -120.6804202, 39.3172139 ], [ -120.6803848, 39.2951862 ], [ -120.6992397, 39.2951818 ], [ -120.71826369999998, 39.2808247 ], [ -120.7184823, 39.2728294 ], [ -120.699450099999979, 39.2807679 ], [ -120.699829099999988, 39.2298571 ], [ -120.7187118, 39.2298869 ], [ -120.718733499999985, 39.2152817 ], [ -120.7375089, 39.2153497 ], [ -120.7375159, 39.2007774 ], [ -120.7892511, 39.2008716 ], [ -120.7893511, 39.1665966 ], [ -120.808096600000013, 39.1677394 ], [ -120.808212599999976, 39.1200101 ], [ -120.789448799999988, 39.1083826 ], [ -120.803469499999977, 39.1055823 ], [ -120.806965599999984, 39.1125904 ], [ -120.808205699999974, 39.1021999 ], [ -120.7894942, 39.1011087 ], [ -120.789539599999983, 39.0938348 ], [ -120.7899795, 39.0793796 ], [ -120.8088292, 39.0801825 ], [ -120.8093758, 39.0690913 ], [ -120.7178053, 39.0677814 ], [ -120.719134900000014, 39.0531534 ], [ -120.7374003, 39.0483391 ], [ -120.738309, 39.037477 ], [ -120.756675699999988, 39.0364957 ], [ -120.756235, 39.0473137 ], [ -120.7855358, 39.0348686 ], [ -120.798189899999983, 38.9960604 ], [ -120.767853800000012, 39.0094043 ], [ -120.761788, 39.0018007 ], [ -120.7462531, 39.0102954 ], [ -120.7480481, 39.003074399999988 ], [ -120.736154, 39.0007024 ], [ -120.7183834, 39.0136461 ], [ -120.6578682, 39.0205124 ], [ -120.6416101, 39.0421383 ], [ -120.598929599999977, 39.024690799999988 ], [ -120.559118, 39.0283699 ], [ -120.5188578, 39.0595587 ], [ -120.489151, 39.1000584 ], [ -120.346458099999978, 39.0986208 ], [ -120.342955800000013, 39.0725187 ], [ -120.3223023, 39.069574 ], [ -120.2598372, 39.0271935 ], [ -120.198960199999988, 39.0338427 ], [ -120.1982119, 39.0659138 ], [ -120.2251772, 39.0638835 ], [ -120.2521905, 39.0839442 ], [ -120.2335145, 39.1121284 ], [ -120.2477009, 39.1249067 ], [ -120.2461757, 39.1478635 ], [ -120.1890878, 39.1836233 ], [ -120.17690589999998, 39.2169628 ], [ -120.1443397, 39.2205335 ], [ -120.1400317, 39.2413671 ], [ -120.0582636, 39.2649334 ], [ -120.048955800000016, 39.2869146 ], [ -120.0179763, 39.2917386 ], [ -120.005506900000015, 39.2800527 ], [ -120.005355400000013, 39.3091316 ], [ -120.0302591, 39.3596132 ], [ -120.1047114, 39.3594727 ], [ -120.1172038, 39.3694063 ], [ -120.10455730000001, 39.3813598 ], [ -120.085867799999988, 39.3814575 ], [ -120.085845400000011, 39.3888664 ], [ -120.0671381, 39.3888195 ], [ -120.060338800000011, 39.3705424 ], [ -120.034539099999989, 39.3743679 ], [ -120.034508800000012, 39.3816403 ], [ -120.048562, 39.3815615 ], [ -120.0391088, 39.396173 ], [ -120.0483051, 39.4326715 ], [ -120.057590499999989, 39.4326798 ], [ -120.0528561, 39.4621432 ], [ -120.039133, 39.4659658 ], [ -120.0392053, 39.4986676 ], [ -120.0669161, 39.5347205 ], [ -120.085563600000015, 39.534614399999988 ], [ -120.085575600000013, 39.578271199999989 ], [ -120.1042728, 39.5783237 ], [ -120.1043482, 39.6183371 ], [ -120.1296052, 39.635798 ], [ -120.1385297, 39.6652624 ], [ -120.221818399999975, 39.6646832 ], [ -120.2220127, 39.6501706 ], [ -120.2407093, 39.650161 ], [ -120.240606899999989, 39.6647281 ], [ -120.3341889, 39.6649713 ], [ -120.343545299999988, 39.6576879 ], [ -120.343613, 39.6216055 ], [ -120.354083, 39.6216084 ], [ -120.3540731, 39.614352 ], [ -120.3446834, 39.6143557 ], [ -120.3447556, 39.5926144 ], [ -120.307123600000011, 39.5926394 ], [ -120.307168300000015, 39.5781878 ], [ -120.3448618, 39.5781043 ], [ -120.3630497, 39.5634531 ], [ -120.3813683, 39.5635552 ], [ -120.3813529, 39.574404 ], [ -120.4042852, 39.5707904 ], [ -120.404339399999984, 39.5779506 ], [ -120.4180887, 39.5778974 ], [ -120.4180227, 39.5636107 ], [ -120.4362807, 39.5636501 ], [ -120.4369759, 39.6214328 ], [ -120.4606978, 39.6249769 ], [ -120.4608474, 39.6392829 ], [ -120.442053, 39.643014 ], [ -120.4323687, 39.6357581 ], [ -120.4276772, 39.6466201 ], [ -120.4517214, 39.6501633 ], [ -120.465499699999981, 39.6642667 ], [ -120.4278956, 39.6683814 ], [ -120.4374352, 39.6936092 ], [ -120.428025499999976, 39.693639 ], [ -120.4276334, 39.7378506 ], [ -120.418133399999974, 39.7378197 ], [ -120.4274599, 39.7595904 ], [ -120.4084886, 39.7668268 ], [ -120.4083823, 39.7813626 ], [ -120.389588099999983, 39.7812957 ], [ -120.3895394, 39.7957714 ], [ -120.4523055, 39.7612653 ], [ -120.471568499999989, 39.7634989 ], [ -120.4956105, 39.7503451 ], [ -120.499387899999988, 39.7356183 ], [ -120.4849174, 39.7225831 ], [ -120.489338, 39.6922278 ], [ -120.470965, 39.6803833 ], [ -120.501169499999989, 39.6488128 ], [ -120.560442799999976, 39.6643296 ], [ -120.579996200000011, 39.6829728 ], [ -120.6047426, 39.6894318 ], [ -120.6336329, 39.6638351 ], [ -120.6706226, 39.6596189 ], [ -120.716479499999977, 39.7062781 ], [ -120.7501696, 39.719637 ], [ -120.79236610000001, 39.7097768 ], [ -120.807026, 39.7205187 ], [ -120.843322, 39.6935183 ], [ -120.872876100000013, 39.6901532 ], [ -120.9151285, 39.665432 ], [ -120.9696627, 39.5917952 ], [ -121.05729310000001, 39.5401947 ], [ -121.0516375, 39.5233376 ], [ -121.0894739, 39.5195282 ], [ -121.101303199999975, 39.5297407 ], [ -121.127385100000012, 39.5213027 ], [ -121.128391799999974, 39.5018217 ], [ -121.146858, 39.4770254 ], [ -121.162098299999982, 39.4753759 ], [ -121.1578725, 39.4552944 ], [ -121.1392622, 39.4554602 ], [ -121.1487438, 39.4705693 ], [ -121.1298605, 39.4555094 ], [ -121.131623499999989, 39.4017518 ], [ -121.138528900000011, 39.4121821 ], [ -121.1450603, 39.4089819 ], [ -121.13638850000001, 39.3944276 ], [ -121.1429055, 39.3699707 ], [ -121.105957499999974, 39.3749403 ], [ -121.1058242, 39.3818428 ], [ -121.0872233, 39.3749729 ], [ -121.0872353, 39.3893901 ], [ -121.0014323, 39.3879049 ], [ -121.0009394, 39.4017733 ], [ -120.982130699999985, 39.402017 ], [ -120.98242590000001, 39.3911411 ], [ -120.963673, 39.3875831 ], [ -120.9637156, 39.3802651 ], [ -120.90711, 39.3729407 ], [ -120.9075127, 39.3979887 ], [ -120.8595107, 39.4021057 ], [ -120.868958299999989, 39.395211 ], [ -120.8595556, 39.3875444 ], [ -120.8783017, 39.3875574 ], [ -120.8952706, 39.3715618 ], [ -120.8879846, 39.3700127 ], [ -120.9077876, 39.3634115 ], [ -120.891532399999974, 39.3588542 ], [ -120.926803199999981, 39.3590019 ], [ -120.9265189, 39.3454185 ], [ -120.9084667, 39.3448952 ], [ -120.9082426, 39.3163686 ], [ -120.899059799999989, 39.3164216 ], [ -120.8860944, 39.3448233 ], [ -120.832469, 39.3457831 ], [ -120.8331298, 39.3324878 ], [ -120.8755193, 39.3272628 ], [ -120.8434594, 39.3290332 ], [ -120.8533289, 39.3181628 ], [ -120.8434534, 39.3143917 ], [ -120.851728799999989, 39.3039633 ], [ -120.8338199, 39.3053512 ], [ -120.843527099999989, 39.2904965 ], [ -120.815356799999975, 39.296219799999989 ], [ -120.815343, 39.2889077 ], [ -120.78758280000001, 39.2902587 ], [ -120.7818816, 39.2817189 ], [ -120.8144689, 39.2736508 ], [ -120.8130864, 39.2659087 ], [ -120.8331157, 39.266077599999988 ], [ -120.8341849, 39.287982 ], [ -120.871712, 39.287754199999988 ], [ -120.8716799, 39.3033482 ], [ -120.8992691, 39.3019357 ], [ -120.9083373, 39.3097955 ], [ -120.9411241, 39.2870987 ] ], [ [ -120.066474199999988, 39.4911454 ], [ -120.066577299999977, 39.4765637 ], [ -120.085402500000015, 39.4763275 ], [ -120.085416, 39.4909382 ], [ -120.066474199999988, 39.4911454 ] ], [ [ -120.1371244, 39.5343801 ], [ -120.1326062, 39.5052199 ], [ -120.161034699999988, 39.5087005 ], [ -120.1371244, 39.5343801 ] ], [ [ -120.14656979999998, 39.5527621 ], [ -120.1561239, 39.5563975 ], [ -120.1465837, 39.5600835 ], [ -120.14656979999998, 39.5527621 ] ], [ [ -120.1454245, 39.4432404 ], [ -120.122797299999988, 39.4469488 ], [ -120.1182791, 39.4324472 ], [ -120.1467301, 39.4359938 ], [ -120.1454245, 39.4432404 ] ], [ [ -120.118728099999984, 39.3667883 ], [ -120.118741299999982, 39.3594601 ], [ -120.188522299999974, 39.3592829 ], [ -120.1838979, 39.3702798 ], [ -120.1604442, 39.3649265 ], [ -120.151175799999976, 39.3740424 ], [ -120.118728099999984, 39.3667883 ] ], [ [ -120.198348899999985, 39.5123533 ], [ -120.179689499999981, 39.5160001 ], [ -120.179696799999988, 39.5051344 ], [ -120.1983397, 39.5050939 ], [ -120.198348899999985, 39.5123533 ] ], [ [ -120.1843667, 39.4760832 ], [ -120.184368299999988, 39.4697161 ], [ -120.2169874, 39.4614845 ], [ -120.2311604, 39.4614916 ], [ -120.231161199999988, 39.4760259 ], [ -120.2169999, 39.4687476 ], [ -120.1843667, 39.4760832 ] ], [ [ -120.2030183, 39.5305062 ], [ -120.217109600000015, 39.5269519 ], [ -120.2171346, 39.5342386 ], [ -120.2030183, 39.5305062 ] ], [ [ -120.2774013, 39.5082511 ], [ -120.2540995, 39.5051359 ], [ -120.2541453, 39.4978554 ], [ -120.2820498, 39.4974508 ], [ -120.2774013, 39.5082511 ] ], [ [ -120.2588443, 39.486891 ], [ -120.2635031, 39.479578 ], [ -120.268152, 39.4904441 ], [ -120.2588443, 39.486891 ] ], [ [ -120.2913201, 39.5190617 ], [ -120.2820211, 39.5192099 ], [ -120.2820276, 39.5082261 ], [ -120.291338, 39.5081791 ], [ -120.2913201, 39.5190617 ] ], [ [ -120.2912633, 39.3697594 ], [ -120.291527699999989, 39.405916 ], [ -120.2729481, 39.4052013 ], [ -120.272657599999988, 39.4160196 ], [ -120.2496997, 39.4174853 ], [ -120.2539534, 39.4028371 ], [ -120.268196499999974, 39.3984762 ], [ -120.253884, 39.395469 ], [ -120.25381, 39.3735571 ], [ -120.2355109, 39.3736352 ], [ -120.235559599999988, 39.3590317 ], [ -120.3100205, 39.3589815 ], [ -120.310026399999984, 39.3662237 ], [ -120.2912633, 39.3697594 ] ], [ [ -120.3103874, 39.4611015 ], [ -120.2728761, 39.461323 ], [ -120.27297609999998, 39.4462214 ], [ -120.291563499999981, 39.4463971 ], [ -120.2915889, 39.4317542 ], [ -120.3103375, 39.4319738 ], [ -120.3103874, 39.4611015 ] ], [ [ -120.3231045, 39.497194 ], [ -120.3102062, 39.4947546 ], [ -120.3170575, 39.4881543 ], [ -120.3231045, 39.497194 ] ], [ [ -120.465486, 39.6895101 ], [ -120.4561351, 39.6860764 ], [ -120.465490300000013, 39.6823135 ], [ -120.465486, 39.6895101 ] ], [ [ -121.0284587, 39.4657606 ], [ -121.0334562, 39.4501157 ], [ -121.0519277, 39.4494692 ], [ -121.052025, 39.4641924 ], [ -121.0284587, 39.4657606 ] ] ] ] } },
{ "type": "Feature", "properties": { "name": "Lake Tahoe Basin Management Unit", "region": "05", "acres": 331808.0, "type": "national_forest" }, "geometry": { "type": "MultiPolygon", "coordinates": [ [ [ [ -119.9435425, 39.3239365 ], [ -119.959831200000011, 39.2910919 ], [ -119.9751892, 39.2935333 ], [ -120.0015411, 39.2776604 ], [ -120.0179763, 39.2917386 ], [ -120.048955800000016, 39.2869146 ], [ -120.0582636, 39.2649334 ], [ -120.1400317, 39.2413671 ], [ -120.1443397, 39.2205335 ], [ -120.17690589999998, 39.2169628 ], [ -120.1890878, 39.1836233 ], [ -120.2002843, 39.1833783 ], [ -120.219258599999989, 39.1590368 ], [ -120.24703, 39.1453915 ], [ -120.2477009, 39.1249067 ], [ -120.2335145, 39.1121284 ], [ -120.2520589, 39.0836906 ], [ -120.2251772, 39.0638835 ], [ -120.1981499, 39.0658553 ], [ -120.1893737, 39.029198 ], [ -120.206127, 39.0204272 ], [ -120.2041482, 39.011817 ], [ -120.1843289, 38.9832735 ], [ -120.1584717, 38.9814066 ], [ -120.1413133, 38.9659163 ], [ -120.151312800000014, 38.948657 ], [ -120.1465645, 38.9345748 ], [ -120.1644509, 38.9228099 ], [ -120.1526847, 38.8852333 ], [ -120.1127164, 38.8549893 ], [ -120.0987396, 38.8294357 ], [ -120.0446981, 38.8314684 ], [ -120.030136399999989, 38.8226063 ], [ -120.028216, 38.8078081 ], [ -120.0536176, 38.7953116 ], [ -120.046148599999981, 38.76585 ], [ -120.0541009, 38.7494703 ], [ -120.005555500000014, 38.7042433 ], [ -119.9858243, 38.7155826 ], [ -119.981774699999988, 38.7615596 ], [ -119.9480298, 38.7815742 ], [ -119.922943, 38.8294835 ], [ -119.9084315, 38.834379 ], [ -119.90572, 38.8557395 ], [ -119.8777645, 38.867751299999988 ], [ -119.8888455, 38.8791449 ], [ -119.879720100000014, 38.8994784 ], [ -119.9000236, 38.9250115 ], [ -119.8900249, 38.9250077 ], [ -119.880552099999989, 38.946736 ], [ -119.862239800000012, 38.9467072 ], [ -119.8623503, 38.9576309 ], [ -119.853193800000014, 38.9576327 ], [ -119.8531828, 38.9685954 ], [ -119.8887558, 38.9753609 ], [ -119.877967799999979, 38.9873238 ], [ -119.8902359, 38.9934883 ], [ -119.8931732, 39.0362854 ], [ -119.884346, 39.0441132 ], [ -119.892395, 39.0717163 ], [ -119.878807099999989, 39.0818977 ], [ -119.893569899999989, 39.0885429 ], [ -119.9037933, 39.1188621 ], [ -119.8852615, 39.1435318 ], [ -119.882659899999979, 39.1800079 ], [ -119.9103928, 39.2027893 ], [ -119.8973999, 39.2286415 ], [ -119.906395, 39.2360535 ], [ -119.897354100000015, 39.2903557 ], [ -119.9142685, 39.2927818 ], [ -119.9309702, 39.3222772 ], [ -119.9435425, 39.3239365 ] ] ] ] } },
{ "type": "Feature", "properties": { "name": "Deschutes National Forest", "region": "06", "acres": 1870116.0, "type": "national_forest" }, "geometry": { "type": "MultiPolygon", "coordinates": [ [ [ [ -121.596995499999977, 44.619806499999989 ], [ -121.6200197, 44.5759492 ], [ -121.6407319, 44.5679783 ], [ -121.6749422, 44.589058 ], [ -121.6839414, 44.6184712 ], [ -121.7128562, 44.6408087 ], [ -121.7795659, 44.6329472 ], [ -121.7998948, 44.6461672 ], [ -121.811484600000014, 44.6158731 ], [ -121.7939125, 44.5941304 ], [ -121.8163168, 44.537376 ], [ -121.8095095, 44.5141591 ], [ -121.8492438, 44.4846603 ], [ -121.8412968, 44.28582 ], [ -121.825430799999978, 44.283256 ], [ -121.819175800000011, 44.261961 ], [ -121.7894949, 44.2491005 ], [ -121.7781441, 44.2214065 ], [ -121.7855853, 44.2077448 ], [ -121.7715786, 44.1672966 ], [ -121.78425750000001, 44.1481247 ], [ -121.772639899999987, 44.1395685 ], [ -121.768986399999989, 44.1017271 ], [ -121.802467400000012, 44.0524302 ], [ -121.834333099999981, 44.0400702 ], [ -121.8222286, 44.0128159 ], [ -121.8334053, 43.9912972 ], [ -121.8281558, 43.9727205 ], [ -121.8580411, 43.9643119 ], [ -121.8692024, 43.9119285 ], [ -121.881571599999987, 43.9078996 ], [ -121.9206975, 43.921557 ], [ -121.9395832, 43.901095 ], [ -121.929061599999983, 43.8942344 ], [ -121.9628806, 43.8772608 ], [ -121.9753955, 43.8569539 ], [ -121.9759663, 43.8083184 ], [ -121.9608005, 43.7638356 ], [ -121.9812041, 43.7429396 ], [ -121.9733592, 43.7061402 ], [ -121.9912147, 43.6829694 ], [ -121.9805716, 43.6398125 ], [ -121.964701799999986, 43.6268934 ], [ -121.999939900000015, 43.626358499999988 ], [ -122.010818599999979, 43.6092971 ], [ -122.071726199999986, 43.587672 ], [ -122.071248200000014, 43.5796795 ], [ -122.104044699999989, 43.5743047 ], [ -122.131006500000012, 43.5572993 ], [ -122.1495449, 43.5207763 ], [ -122.1286522, 43.497024 ], [ -122.13676, 43.4563489 ], [ -122.1529927, 43.4473905 ], [ -122.1016603, 43.424929 ], [ -122.0913683, 43.4287576 ], [ -122.0571153, 43.3995459 ], [ -122.056012700000011, 43.3812351 ], [ -122.0323361, 43.3686449 ], [ -122.0336606, 43.3566707 ], [ -122.021788, 43.3621306 ], [ -122.0081743, 43.3372119 ], [ -122.0159703, 43.3238079 ], [ -121.999414, 43.3088971 ], [ -122.007652799999974, 43.2881684 ], [ -121.9742606, 43.261694 ], [ -121.9863916, 43.256262 ], [ -121.943642700000012, 43.256262 ], [ -121.9436417, 43.2694126 ], [ -121.7058141, 43.268728 ], [ -121.706102699999974, 43.3412427 ], [ -121.6867861, 43.3413254 ], [ -121.6866796, 43.3558275 ], [ -121.6652505, 43.3558578 ], [ -121.6653678, 43.3704218 ], [ -121.6455299, 43.370387 ], [ -121.645406199999982, 43.384909 ], [ -121.60538050000001, 43.3847809 ], [ -121.605552, 43.399206299999989 ], [ -121.5853551, 43.399185599999988 ], [ -121.584861499999988, 43.4137761 ], [ -121.466626600000012, 43.413832899999989 ], [ -121.4667706, 43.4577659 ], [ -121.432314, 43.457887 ], [ -121.431915499999988, 43.4432892 ], [ -121.3823179, 43.450907 ], [ -121.382399299999989, 43.4365477 ], [ -121.3519741, 43.4503392 ], [ -121.3523055, 43.4581611 ], [ -121.332657900000015, 43.4580725 ], [ -121.332650699999988, 43.4362927 ], [ -121.312620299999978, 43.4362745 ], [ -121.312707899999978, 43.429075399999988 ], [ -121.3326073, 43.4290288 ], [ -121.322492299999979, 43.4144784 ], [ -121.2528852, 43.4145945 ], [ -121.2528231, 43.3784385 ], [ -121.2428475, 43.3784191 ], [ -121.2528458, 43.35658 ], [ -121.1929089, 43.3565225 ], [ -121.1830759, 43.407208 ], [ -121.163185500000012, 43.4143944 ], [ -121.1533528, 43.4432323 ], [ -121.133434, 43.4431618 ], [ -121.133796600000011, 43.4574663 ], [ -121.0936198, 43.4577665 ], [ -121.093655499999983, 43.4722649 ], [ -121.0740361, 43.4721932 ], [ -121.0741064, 43.4867107 ], [ -121.0542531, 43.4866408 ], [ -121.0544022, 43.5011357 ], [ -121.034329, 43.501102 ], [ -121.034336, 43.5083605 ], [ -121.0045282, 43.515625 ], [ -120.994567299999986, 43.5444882 ], [ -120.893817, 43.5429451 ], [ -120.8938144, 43.5285273 ], [ -120.793989299999978, 43.5283573 ], [ -120.7939119, 43.5573274 ], [ -120.773931099999984, 43.5573238 ], [ -120.773806, 43.6008167 ], [ -120.753914699999982, 43.6117375 ], [ -120.7537662, 43.6445185 ], [ -120.7837807, 43.6446474 ], [ -120.8038724, 43.6592303 ], [ -120.8038061, 43.6738205 ], [ -120.7738358, 43.6883172 ], [ -120.7838442, 43.7100915 ], [ -120.8039468, 43.717412 ], [ -120.8039674, 43.7246436 ], [ -120.7888955, 43.721008 ], [ -120.788926300000014, 43.7282801 ], [ -120.80397760000001, 43.728259 ], [ -120.79394210000001, 43.7608499 ], [ -120.834135499999988, 43.753853299999989 ], [ -120.8340849, 43.7465231 ], [ -120.853467899999984, 43.7466102 ], [ -120.8535077, 43.7611636 ], [ -120.913407399999983, 43.7612658 ], [ -120.9078467, 43.8008557 ], [ -120.8675083, 43.8076753 ], [ -120.8672927, 43.8290898 ], [ -120.9874961, 43.8305324 ], [ -120.987603099999987, 43.816085 ], [ -121.038059199999978, 43.8168386 ], [ -121.0379914, 43.831297 ], [ -121.0577432, 43.8458098 ], [ -121.077679799999984, 43.8459791 ], [ -121.0775575, 43.8604211 ], [ -121.0974761, 43.8748041 ], [ -121.097473899999983, 43.8966047 ], [ -121.117756799999981, 43.8967415 ], [ -121.1177894, 43.9112172 ], [ -121.147877, 43.9259351 ], [ -121.148051599999988, 43.9405181 ], [ -121.1761922, 43.9551777 ], [ -121.173973499999988, 43.9642294 ], [ -121.2041037, 43.9641906 ], [ -121.204103, 43.9750766 ], [ -121.244434500000011, 43.9787785 ], [ -121.244308800000013, 43.9861056 ], [ -121.289275499999988, 43.9862288 ], [ -121.299323, 43.9789697 ], [ -121.299256199999988, 43.9862133 ], [ -121.3241753, 43.9862876 ], [ -121.3245471, 43.964545 ], [ -121.3648499, 43.9644706 ], [ -121.3639536, 44.0225205 ], [ -121.368804, 44.0369507 ], [ -121.383824100000012, 44.0368614 ], [ -121.3886648, 44.1021535 ], [ -121.4037273, 44.109353 ], [ -121.4037438, 44.1310167 ], [ -121.4539555, 44.1381824 ], [ -121.4542886, 44.1526301 ], [ -121.4441031, 44.1562567 ], [ -121.465063599999979, 44.1671755 ], [ -121.464835799999989, 44.2186618 ], [ -121.4881292, 44.2186557 ], [ -121.4935046, 44.2623448 ], [ -121.5136357, 44.2623724 ], [ -121.5137889, 44.3208664 ], [ -121.533943199999982, 44.3204549 ], [ -121.5340656, 44.3351706 ], [ -121.4731129, 44.3351129 ], [ -121.473037299999987, 44.436775 ], [ -121.4585631, 44.4370199 ], [ -121.4531377, 44.4734473 ], [ -121.4632032, 44.4945446 ], [ -121.472450199999983, 44.4945682 ], [ -121.472217199999989, 44.516367 ], [ -121.432848099999987, 44.5236398 ], [ -121.412185, 44.5932238 ], [ -121.429482100000016, 44.5941437 ], [ -121.437398500000015, 44.5850374 ], [ -121.4631411, 44.6158083 ], [ -121.5568733, 44.675249 ], [ -121.6128735, 44.6496266 ], [ -121.596995499999977, 44.619806499999989 ] ], [ [ -120.7838205, 43.6154857 ], [ -120.7837994, 43.6062704 ], [ -120.7987716, 43.6154927 ], [ -120.7838205, 43.6154857 ] ], [ [ -121.4468734, 43.7903138 ], [ -121.4475758, 43.7472234 ], [ -121.437372, 43.747157 ], [ -121.4476702, 43.7254208 ], [ -121.4272712, 43.72531 ], [ -121.427368699999988, 43.7180829 ], [ -121.4425752, 43.7181336 ], [ -121.447650799999977, 43.6890639 ], [ -121.457671, 43.6890542 ], [ -121.471260599999979, 43.6600266 ], [ -121.471312399999988, 43.6456088 ], [ -121.4472668, 43.6456018 ], [ -121.447397299999977, 43.638319 ], [ -121.4664364, 43.6310947 ], [ -121.4664658, 43.616607 ], [ -121.486187199999989, 43.6167081 ], [ -121.486637, 43.5947862 ], [ -121.466728499999974, 43.5949192 ], [ -121.4668152, 43.5080084 ], [ -121.496553, 43.5079177 ], [ -121.5163639, 43.4934572 ], [ -121.5362633, 43.4934958 ], [ -121.526281399999988, 43.4861751 ], [ -121.536402099999989, 43.464465 ], [ -121.5462773, 43.4645025 ], [ -121.546237599999984, 43.4862757 ], [ -121.5843944, 43.4789792 ], [ -121.604161, 43.4862976 ], [ -121.5753364, 43.5551752 ], [ -121.555462299999988, 43.5589886 ], [ -121.5555268, 43.573449599999989 ], [ -121.6133398, 43.580447 ], [ -121.613523799999982, 43.5444504 ], [ -121.6334674, 43.5299226 ], [ -121.6486449, 43.529896 ], [ -121.6487087, 43.5157082 ], [ -121.673388800000012, 43.5155356 ], [ -121.6733304, 43.5300234 ], [ -121.6831428, 43.530091899999988 ], [ -121.683155500000012, 43.544359199999988 ], [ -121.6533975, 43.5443603 ], [ -121.6533186, 43.5588631 ], [ -121.683271600000012, 43.5588776 ], [ -121.6823177, 43.6093428 ], [ -121.5743401, 43.6164503 ], [ -121.574372699999984, 43.645221 ], [ -121.5549942, 43.660008 ], [ -121.5553245, 43.6742262 ], [ -121.5454442, 43.6743273 ], [ -121.5454591, 43.6888126 ], [ -121.5554968, 43.6888461 ], [ -121.5459062, 43.7614958 ], [ -121.5617224, 43.7760069 ], [ -121.5840513, 43.7723572 ], [ -121.584737699999977, 43.7908935 ], [ -121.4468734, 43.7903138 ] ] ] ] } },
{ "type": "Feature", "properties": { "name": "Fremont-Winema National Forest", "region": "06", "acres": 2815968.0, "type": "national_forest" }, "geometry": { "type": "MultiPolygon", "coordinates": [ [ [ [ -121.9809602, 42.6971938 ], [ -121.9611568, 42.6972693 ], [ -121.9611227, 42.6827554 ], [ -121.9363086, 42.6645622 ], [ -121.9362538, 42.6572769 ], [ -121.949779, 42.6573023 ], [ -121.9457266, 42.646430699999989 ], [ -121.93126, 42.6536781 ], [ -121.940901400000016, 42.646392899999988 ], [ -121.935266699999985, 42.6061256 ], [ -121.8916978, 42.6062456 ], [ -121.891686600000014, 42.59896 ], [ -121.9158463, 42.5986131 ], [ -121.8965488, 42.5952467 ], [ -121.9158337, 42.5878371 ], [ -121.9061261, 42.5734313 ], [ -121.881669, 42.5734201 ], [ -121.8868665, 42.6027545 ], [ -121.8770939, 42.6025449 ], [ -121.887997599999977, 42.6171377 ], [ -121.8791558, 42.6357546 ], [ -121.8988383, 42.6606986 ], [ -121.8792285, 42.6606663 ], [ -121.874696500000013, 42.6424495 ], [ -121.8606469, 42.64159 ], [ -121.867148199999988, 42.6352441 ], [ -121.8527564, 42.6352756 ], [ -121.853836799999982, 42.6534075 ], [ -121.833651199999977, 42.6423813 ], [ -121.828583799999976, 42.6206547 ], [ -121.8551728, 42.618867699999988 ], [ -121.8524585, 42.5734251 ], [ -121.874553100000014, 42.558837 ], [ -121.877161199999989, 42.517019499999989 ], [ -121.867000299999987, 42.5024435 ], [ -121.866463200000013, 42.4367417 ], [ -121.8119378, 42.382697799999988 ], [ -121.8097209, 42.4008482 ], [ -121.633957299999977, 42.4000347 ], [ -121.6438179, 42.417691 ], [ -121.624101799999977, 42.4178478 ], [ -121.6094114, 42.4105105 ], [ -121.6192227, 42.4050865 ], [ -121.581193, 42.4002221 ], [ -121.5811848, 42.3838126 ], [ -121.487078400000016, 42.3836689 ], [ -121.487224200000014, 42.3690837 ], [ -121.3697721, 42.3694277 ], [ -121.369734, 42.3403966 ], [ -121.2137136, 42.3395912 ], [ -121.2137476, 42.3691889 ], [ -121.1527446, 42.3689016 ], [ -121.1152851, 42.3980889 ], [ -121.114973400000011, 42.4306328 ], [ -121.1345136, 42.4379931 ], [ -121.2174973, 42.4380631 ], [ -121.212538, 42.4307598 ], [ -121.2321902, 42.427219 ], [ -121.2322421, 42.3982726 ], [ -121.2640205, 42.398367 ], [ -121.270020300000013, 42.3690522 ], [ -121.2821888, 42.3691498 ], [ -121.291480299999975, 42.390937699999988 ], [ -121.331319, 42.3837244 ], [ -121.350295, 42.3985728 ], [ -121.360078, 42.3948296 ], [ -121.357592900000014, 42.3784899 ], [ -121.367391500000011, 42.3785036 ], [ -121.3699217, 42.3986142 ], [ -121.3894575, 42.3912151 ], [ -121.384585199999989, 42.4130547 ], [ -121.3943217, 42.4131299 ], [ -121.3990328, 42.4276713 ], [ -121.4626052, 42.431818 ], [ -121.501929600000011, 42.4285251 ], [ -121.501957, 42.4213561 ], [ -121.5189885, 42.4214387 ], [ -121.5214577, 42.428587899999989 ], [ -121.5286613, 42.4214689 ], [ -121.5310789, 42.4394686 ], [ -121.5311769, 42.4250349 ], [ -121.5651964, 42.4291403 ], [ -121.5651329, 42.472321199999989 ], [ -121.5895791, 42.4722034 ], [ -121.594257699999986, 42.4939308 ], [ -121.6089697, 42.4921904 ], [ -121.6038856, 42.5047767 ], [ -121.618692200000012, 42.5229181 ], [ -121.603656, 42.5300272 ], [ -121.613834200000014, 42.5301302 ], [ -121.6134303, 42.5445816 ], [ -121.6329678, 42.5449055 ], [ -121.6328946, 42.5592715 ], [ -121.6085185, 42.555340199999989 ], [ -121.607045, 42.542607 ], [ -121.6036407, 42.5552907 ], [ -121.58895, 42.5556369 ], [ -121.5890254, 42.5411236 ], [ -121.5644057, 42.5448213 ], [ -121.5350938, 42.5337975 ], [ -121.5253246, 42.5337097 ], [ -121.5253006, 42.5445515 ], [ -121.4957736, 42.5446386 ], [ -121.49090289999998, 42.5518888 ], [ -121.4713762, 42.5518903 ], [ -121.4762469, 42.5446857 ], [ -121.4180424, 42.5439508 ], [ -121.4032904, 42.5511315 ], [ -121.403189399999988, 42.5729387 ], [ -121.3202815, 42.5723892 ], [ -121.310581200000016, 42.59432 ], [ -121.300723, 42.5943481 ], [ -121.310432100000014, 42.5722308 ], [ -121.2903485, 42.572074 ], [ -121.290401299999985, 42.5576644 ], [ -121.270769800000011, 42.5577536 ], [ -121.2707925, 42.5721746 ], [ -121.2318349, 42.5722685 ], [ -121.227057, 42.5286994 ], [ -121.2003087, 42.5254203 ], [ -121.1930436, 42.514618 ], [ -121.1147444, 42.5142996 ], [ -121.114802699999984, 42.4851616 ], [ -121.0561366, 42.4849214 ], [ -121.056227299999989, 42.47058 ], [ -121.01702920000001, 42.4709348 ], [ -121.0170471, 42.4414535 ], [ -120.997546599999978, 42.4412523 ], [ -120.997733, 42.4267539 ], [ -120.938557, 42.4264683 ], [ -120.939184, 42.3827601 ], [ -120.9981912, 42.3831833 ], [ -120.9984102, 42.3687445 ], [ -121.1155077, 42.3690575 ], [ -121.115506, 42.3545285 ], [ -121.1546353, 42.3542857 ], [ -121.1546118, 42.3396676 ], [ -121.174234200000015, 42.3396847 ], [ -121.174009399999989, 42.311163 ], [ -121.27219310000001, 42.3111251 ], [ -121.272075899999976, 42.2966609 ], [ -121.330894, 42.2965829 ], [ -121.3310298, 42.2821266 ], [ -121.350188300000013, 42.2821411 ], [ -121.350205, 42.2677288 ], [ -121.369689600000015, 42.2675461 ], [ -121.3694993, 42.209491799999988 ], [ -121.2528209, 42.2093651 ], [ -121.2528699, 42.1948458 ], [ -121.2136801, 42.1948804 ], [ -121.2136926, 42.1658529 ], [ -121.174726, 42.1658678 ], [ -121.1746688, 42.1804512 ], [ -121.19424, 42.1804567 ], [ -121.184412, 42.2240814 ], [ -121.1941734, 42.2240559 ], [ -121.1939031, 42.2531984 ], [ -121.096276, 42.2528417 ], [ -121.076600500000012, 42.2237492 ], [ -120.9985136, 42.2236077 ], [ -120.9983454, 42.1655123 ], [ -120.9683558, 42.1654334 ], [ -120.968356199999988, 42.1073116 ], [ -120.9390517, 42.1072833 ], [ -120.9388442, 42.0635981 ], [ -120.880164600000015, 42.0637049 ], [ -120.8800343, 42.0492358 ], [ -120.8995434, 42.0491888 ], [ -120.8994786, 42.0202235 ], [ -120.9188749, 42.0202178 ], [ -120.9189146, 42.0347075 ], [ -120.938358900000011, 42.0347213 ], [ -120.9480018, 41.9933091 ], [ -120.591004699999985, 41.9929712 ], [ -120.591050200000012, 42.018573 ], [ -120.571680699999987, 42.0183538 ], [ -120.561959, 42.0548521 ], [ -120.552250199999989, 42.0548259 ], [ -120.5521387, 42.1206009 ], [ -120.648999199999977, 42.1210533 ], [ -120.6483038, 42.1802396 ], [ -120.5514544, 42.1790834 ], [ -120.5514193, 42.1942838 ], [ -120.5322584, 42.193241199999989 ], [ -120.5322171, 42.2368518 ], [ -120.4737158, 42.2368509 ], [ -120.474031700000012, 42.2809459 ], [ -120.454282699999979, 42.2807687 ], [ -120.454023099999986, 42.2956067 ], [ -120.4345213, 42.2954392 ], [ -120.4345997, 42.3101361 ], [ -120.414906800000011, 42.3098279 ], [ -120.415044, 42.3389778 ], [ -120.395362600000013, 42.338857 ], [ -120.395392399999977, 42.3536991 ], [ -120.3563199, 42.3534954 ], [ -120.356332400000014, 42.3387498 ], [ -120.3171052, 42.338785 ], [ -120.3168775, 42.3753812 ], [ -120.336543299999988, 42.3755082 ], [ -120.3364842, 42.3975282 ], [ -120.3167806, 42.3973058 ], [ -120.316804499999989, 42.411701 ], [ -120.2971178, 42.4114946 ], [ -120.2978414, 42.4405197 ], [ -120.4149843, 42.4413741 ], [ -120.414602, 42.455078 ], [ -120.444290599999988, 42.4621756 ], [ -120.4741292, 42.527853 ], [ -120.5033658, 42.5274685 ], [ -120.5137238, 42.5572855 ], [ -120.533246299999988, 42.5708184 ], [ -120.532454, 42.6424016 ], [ -120.6114391, 42.6427902 ], [ -120.611442900000014, 42.6569602 ], [ -120.6239692, 42.6569477 ], [ -120.6236913, 42.6850413 ], [ -120.6827574, 42.692524299999988 ], [ -120.6826427, 42.6997465 ], [ -120.7315984, 42.6998447 ], [ -120.7417369, 42.7288632 ], [ -120.7612435, 42.7290694 ], [ -120.761160800000013, 42.7435532 ], [ -120.780971099999988, 42.7435453 ], [ -120.7908505, 42.7725374 ], [ -120.8006712, 42.7726326 ], [ -120.8005266, 42.8307619 ], [ -120.8203253, 42.8308814 ], [ -120.820382799999976, 42.9184092 ], [ -120.8105753, 42.9184194 ], [ -120.8006329, 42.9620883 ], [ -120.7907954, 42.9620667 ], [ -120.791032699999988, 43.0129376 ], [ -120.8009397, 43.0202765 ], [ -120.958347199999977, 43.0202818 ], [ -120.958041600000016, 43.0490992 ], [ -120.9876144, 43.0491185 ], [ -120.987570300000016, 43.0562806 ], [ -121.036411, 43.0487981 ], [ -121.0460635, 43.0560475 ], [ -121.113933, 43.0565122 ], [ -121.113988100000014, 43.0493269 ], [ -121.191983600000015, 43.056812199999989 ], [ -121.1919933, 43.0496332 ], [ -121.2217441, 43.0492369 ], [ -121.2310235, 43.0783793 ], [ -121.2507448, 43.0786511 ], [ -121.2506158, 43.1071677 ], [ -121.230861, 43.1070576 ], [ -121.230794499999988, 43.1213413 ], [ -121.2109709, 43.121354499999988 ], [ -121.211234100000013, 43.1499919 ], [ -121.2307726, 43.1500964 ], [ -121.2304851, 43.1787798 ], [ -121.1912005, 43.178840199999989 ], [ -121.1911816, 43.1931056 ], [ -121.1616804, 43.192897 ], [ -121.1617247, 43.2219433 ], [ -121.191101499999988, 43.222089 ], [ -121.1916858, 43.3565207 ], [ -121.2528458, 43.35658 ], [ -121.2428475, 43.3784191 ], [ -121.2528231, 43.3784385 ], [ -121.2528852, 43.4145945 ], [ -121.322492299999979, 43.4144784 ], [ -121.3326073, 43.4290288 ], [ -121.312707899999978, 43.429075399999988 ], [ -121.312620299999978, 43.4362745 ], [ -121.332650699999988, 43.4362927 ], [ -121.332657900000015, 43.4580725 ], [ -121.3523055, 43.4581611 ], [ -121.3519741, 43.4503392 ], [ -121.382399299999989, 43.4365477 ], [ -121.3823179, 43.450907 ], [ -121.431915499999988, 43.4432892 ], [ -121.432314, 43.457887 ], [ -121.4667706, 43.4577659 ], [ -121.466626600000012, 43.413832899999989 ], [ -121.584861499999988, 43.4137761 ], [ -121.5853551, 43.399185599999988 ], [ -121.605552, 43.399206299999989 ], [ -121.60538050000001, 43.3847809 ], [ -121.645406199999982, 43.384909 ], [ -121.6455299, 43.370387 ], [ -121.6653678, 43.3704218 ], [ -121.6652505, 43.3558578 ], [ -121.6866796, 43.3558275 ], [ -121.6867861, 43.3413254 ], [ -121.706102699999974, 43.3412427 ], [ -121.7058141, 43.268728 ], [ -121.9436417, 43.2694126 ], [ -121.943642700000012, 43.256262 ], [ -121.9863916, 43.256262 ], [ -122.0022302, 43.2345379 ], [ -122.0406758, 43.2181132 ], [ -122.038987899999981, 43.1914 ], [ -122.090707200000011, 43.0888548 ], [ -122.004570699999988, 43.087871 ], [ -121.9997191, 42.9856512 ], [ -121.978119100000015, 42.979907 ], [ -121.9788963, 42.9422183 ], [ -121.9661297, 42.9216173 ], [ -121.9997536, 42.8933421 ], [ -121.9859604, 42.857 ], [ -121.966120600000011, 42.8498007 ], [ -121.9661264, 42.8440349 ], [ -121.9997517, 42.8497819 ], [ -121.996024399999982, 42.7774138 ], [ -121.9366754, 42.7627543 ], [ -121.936641399999985, 42.7481845 ], [ -121.92224539999998, 42.7482364 ], [ -121.9223814, 42.7700032 ], [ -121.912907, 42.7700337 ], [ -121.912764, 42.748281299999988 ], [ -121.8979588, 42.7483118 ], [ -121.8780608, 42.7337982 ], [ -121.8786705, 42.7410781 ], [ -121.868261699999977, 42.7410874 ], [ -121.8780849, 42.758407 ], [ -121.8584076, 42.7592175 ], [ -121.8581742, 42.8063842 ], [ -121.873004400000013, 42.8100971 ], [ -121.872996300000011, 42.821042 ], [ -121.858177599999976, 42.8245206 ], [ -121.8629861, 42.864419 ], [ -121.887638599999988, 42.8645746 ], [ -121.907608900000014, 42.8499374 ], [ -121.907564099999988, 42.8645035 ], [ -121.923648599999979, 42.8645259 ], [ -121.9234429, 42.9043486 ], [ -121.887473699999987, 42.9078081 ], [ -121.8847534, 42.9359606 ], [ -121.8748979, 42.935956 ], [ -121.8748314, 42.9648802 ], [ -121.9041558, 42.9793734 ], [ -121.9037322, 43.0808153 ], [ -121.8840116, 43.080815 ], [ -121.8840718, 43.1821519 ], [ -121.844781399999988, 43.1822146 ], [ -121.8446886, 43.1967424 ], [ -121.8097895, 43.1967661 ], [ -121.8047954, 43.1821566 ], [ -121.8048594, 43.1967882 ], [ -121.7652139, 43.1966428 ], [ -121.765206799999987, 43.1530919 ], [ -121.745544, 43.153158 ], [ -121.745526900000016, 43.1386938 ], [ -121.725747, 43.1387376 ], [ -121.7257952, 43.1096951 ], [ -121.745542300000011, 43.1096877 ], [ -121.745533900000012, 43.0951912 ], [ -121.7258022, 43.0951611 ], [ -121.7255584, 43.0807222 ], [ -121.651710200000011, 43.080391 ], [ -121.6666134, 43.0370528 ], [ -121.6565441, 43.0225192 ], [ -121.6418033, 43.0406843 ], [ -121.6442879, 43.0658898 ], [ -121.607173, 43.0658446 ], [ -121.5972385, 43.0514099 ], [ -121.6071201, 43.0441251 ], [ -121.5971475, 43.0368618 ], [ -121.6022373, 42.9970451 ], [ -121.58721220000001, 42.967919 ], [ -121.5683638, 42.9822501 ], [ -121.53864369999998, 42.9856488 ], [ -121.5386107, 42.9929889 ], [ -121.4991035, 42.9927469 ], [ -121.489394, 42.9782254 ], [ -121.459377799999984, 42.9852444 ], [ -121.4593823, 42.9707255 ], [ -121.4494758, 42.9706943 ], [ -121.469309, 42.9489692 ], [ -121.4651561, 42.9073851 ], [ -121.494957699999986, 42.9069917 ], [ -121.4791851, 42.9200709 ], [ -121.479231, 42.9345445 ], [ -121.4891808, 42.934654 ], [ -121.4892739, 42.9545845 ], [ -121.5189477, 42.9746512 ], [ -121.538678100000013, 42.9711538 ], [ -121.5386916, 42.9495231 ], [ -121.5510144, 42.949590699999987 ], [ -121.5510294, 42.9568187 ], [ -121.5782358, 42.9533158 ], [ -121.5756065, 42.938784 ], [ -121.554851299999982, 42.935098 ], [ -121.567981800000013, 42.9242295 ], [ -121.5780544, 42.9387975 ], [ -121.5969253, 42.9296678 ], [ -121.626511, 42.935176 ], [ -121.626486199999988, 42.9424185 ], [ -121.66157170000001, 42.9425514 ], [ -121.6566428, 42.9212818 ], [ -121.6329456, 42.8998399 ], [ -121.6376258, 42.8908362 ], [ -121.652505, 42.8997968 ], [ -121.6687679, 42.8761815 ], [ -121.658249200000014, 42.8453047 ], [ -121.642432199999988, 42.8380426 ], [ -121.6423118, 42.8163378 ], [ -121.652144600000014, 42.8163549 ], [ -121.664620899999989, 42.8437243 ], [ -121.689559599999981, 42.859365 ], [ -121.7027144, 42.8526655 ], [ -121.7007549, 42.8254758 ], [ -121.713252700000012, 42.8225521 ], [ -121.727972799999989, 42.8273601 ], [ -121.73009949999998, 42.8383138 ], [ -121.7547018, 42.838375 ], [ -121.7447705, 42.834745399999989 ], [ -121.7454975, 42.8129694 ], [ -121.7700706, 42.7984875 ], [ -121.7749118, 42.7839605 ], [ -121.760214100000013, 42.7839246 ], [ -121.7502028, 42.7656805 ], [ -121.740378599999985, 42.7729103 ], [ -121.740308, 42.7584024 ], [ -121.7748544, 42.7621663 ], [ -121.779653, 42.754824 ], [ -121.789616099999989, 42.7621894 ], [ -121.7945212, 42.7549295 ], [ -121.7945431, 42.7621973 ], [ -121.819071600000015, 42.7622938 ], [ -121.819117299999988, 42.7484256 ], [ -121.828961400000011, 42.7483914 ], [ -121.8234323, 42.7009345 ], [ -121.8383982, 42.700969099999988 ], [ -121.848482800000014, 42.671666 ], [ -121.858434, 42.6716125 ], [ -121.8485819, 42.7229981 ], [ -121.8680455, 42.712087 ], [ -121.8681072, 42.7266654 ], [ -121.8779126, 42.7265464 ], [ -121.8970664, 42.7049182 ], [ -121.9117569, 42.7049294 ], [ -121.9116098, 42.6976475 ], [ -121.897062100000014, 42.7012738 ], [ -121.8971456, 42.6828208 ], [ -121.9260065, 42.6902871 ], [ -121.9288434, 42.7089986 ], [ -121.9809981, 42.7079803 ], [ -121.9809602, 42.6971938 ] ], [ [ -121.448278300000013, 42.7611186 ], [ -121.448533, 42.8011456 ], [ -121.4534752, 42.7865845 ], [ -121.4584393, 42.7974893 ], [ -121.4436493, 42.8120479 ], [ -121.4560169, 42.8265563 ], [ -121.4387338, 42.8211242 ], [ -121.433755499999975, 42.8047912 ], [ -121.439438199999984, 42.8954617 ], [ -121.465111799999988, 42.8991801 ], [ -121.459040299999984, 42.9199133 ], [ -121.4097222, 42.9197689 ], [ -121.3899502, 42.9063244 ], [ -121.2322467, 42.9063294 ], [ -121.2322653, 42.9208647 ], [ -121.193449500000014, 42.9210202 ], [ -121.1930386, 42.8336008 ], [ -121.1635509, 42.8409734 ], [ -121.173361499999984, 42.8555603 ], [ -121.1537024, 42.855451 ], [ -121.1437824, 42.8773631 ], [ -121.114954, 42.8700415 ], [ -121.119511800000012, 42.6777079 ], [ -121.1538729, 42.6777197 ], [ -121.1587864, 42.6632363 ], [ -121.139159599999985, 42.659594 ], [ -121.1438044, 42.652221399999988 ], [ -121.1707928, 42.6522793 ], [ -121.17055830000001, 42.645053 ], [ -121.1776924, 42.6560645 ], [ -121.232314699999989, 42.6559916 ], [ -121.2322432, 42.6892061 ], [ -121.14403320000001, 42.6921977 ], [ -121.1389603, 42.717612 ], [ -121.124299, 42.7176756 ], [ -121.1242272, 42.7375918 ], [ -121.139049799999981, 42.7393239 ], [ -121.153652099999988, 42.7176166 ], [ -121.1732888, 42.7320521 ], [ -121.192965199999989, 42.7321193 ], [ -121.1880175, 42.7467142 ], [ -121.178105699999989, 42.7467085 ], [ -121.1831658, 42.7756377 ], [ -121.1733401, 42.7756238 ], [ -121.1733894, 42.8227886 ], [ -121.1832221, 42.82635 ], [ -121.1930626, 42.8263005 ], [ -121.1929915, 42.7756516 ], [ -121.2321982, 42.775659 ], [ -121.232106, 42.746760699999989 ], [ -121.4283757, 42.7466118 ], [ -121.4234896, 42.7230345 ], [ -121.4481362, 42.7211815 ], [ -121.4382905, 42.7393521 ], [ -121.4482853, 42.7574759 ], [ -121.4847675, 42.7513188 ], [ -121.4936518, 42.759231 ], [ -121.448278300000013, 42.7611186 ] ], [ [ -121.465289399999989, 42.8554621 ], [ -121.4493729, 42.8481795 ], [ -121.439478900000012, 42.8663691 ], [ -121.446906, 42.8481791 ], [ -121.439497, 42.8445548 ], [ -121.4592114, 42.8372891 ], [ -121.449371, 42.8445494 ], [ -121.465281, 42.8445631 ], [ -121.465289399999989, 42.8554621 ] ], [ [ -121.459188700000013, 42.8918449 ], [ -121.4492936, 42.8918305 ], [ -121.4493565, 42.8699959 ], [ -121.4592045, 42.8700056 ], [ -121.459188700000013, 42.8918449 ] ], [ [ -121.2870285, 42.3582689 ], [ -121.301703, 42.3583045 ], [ -121.2920004, 42.3691478 ], [ -121.2870285, 42.3582689 ] ], [ [ -121.642491299999989, 42.6171883 ], [ -121.642432899999989, 42.6316651 ], [ -121.6131381, 42.6388644 ], [ -121.6082384, 42.660615 ], [ -121.6180365, 42.6678634 ], [ -121.603312699999989, 42.667833 ], [ -121.613113899999988, 42.6316207 ], [ -121.6326463, 42.6303686 ], [ -121.6326972, 42.6171794 ], [ -121.642491299999989, 42.6171883 ] ], [ [ -121.6768048, 42.7550067 ], [ -121.676823399999989, 42.7477861 ], [ -121.700973, 42.7477271 ], [ -121.7009103, 42.7185515 ], [ -121.7206969, 42.7512846 ], [ -121.6768048, 42.7550067 ] ], [ [ -121.637626200000014, 42.6497599 ], [ -121.6473999, 42.6497989 ], [ -121.6475868, 42.6607237 ], [ -121.637626200000014, 42.6497599 ] ], [ [ -121.6451369, 42.6679549 ], [ -121.6574519, 42.671616899999989 ], [ -121.6525334, 42.6788549 ], [ -121.6451369, 42.6679549 ] ], [ [ -121.7012129, 42.610179 ], [ -121.693778400000014, 42.6174479 ], [ -121.688915600000016, 42.6101793 ], [ -121.6766503, 42.6246276 ], [ -121.6620322, 42.6028576 ], [ -121.679151, 42.5956636 ], [ -121.666968899999986, 42.5883655 ], [ -121.696418799999975, 42.5666867 ], [ -121.6964807, 42.5558248 ], [ -121.711161699999977, 42.5594982 ], [ -121.7110766, 42.570384 ], [ -121.7355188, 42.563247 ], [ -121.745403, 42.5774772 ], [ -121.7550256, 42.5738808 ], [ -121.7551697, 42.5415461 ], [ -121.76494, 42.5415682 ], [ -121.7600332, 42.5883043 ], [ -121.7895639, 42.6101324 ], [ -121.769899200000012, 42.6102828 ], [ -121.7551808, 42.6247855 ], [ -121.7598836, 42.6537384 ], [ -121.7501986, 42.6537489 ], [ -121.750262800000016, 42.6202089 ], [ -121.7012129, 42.610179 ] ] ] ] } },
{ "type": "Feature", "properties": { "name": "Uinta-Wasatch-Cache National Forest", "region": "04", "acres": 2912960.0, "type": "national_forest" }, "geometry": { "type": "MultiPolygon", "coordinates": [ [ [ [ -111.930048899999989, 41.161269 ], [ -111.9108004, 41.1611367 ], [ -111.9108349, 41.1394421 ], [ -111.891565899999989, 41.1396909 ], [ -111.906508500000015, 41.1179948 ], [ -111.8968231, 41.0092171 ], [ -111.8730509, 40.9766188 ], [ -111.863115799999989, 40.9001465 ], [ -111.8436417, 40.8964544 ], [ -111.8532898, 40.8346556 ], [ -111.9009021, 40.8272782 ], [ -111.9056691, 40.8056538 ], [ -111.8341933, 40.7912035 ], [ -111.8310762, 40.7695149 ], [ -111.8198325, 40.7695164 ], [ -111.810294399999989, 40.7549637 ], [ -111.796153499999988, 40.7549436 ], [ -111.787157900000011, 40.7694879 ], [ -111.7634069, 40.7694542 ], [ -111.7586663, 40.7837884 ], [ -111.7399478, 40.7837158 ], [ -111.740171, 40.7944667 ], [ -111.702897799999988, 40.7982775 ], [ -111.7022655, 40.7840515 ], [ -111.6838739, 40.7841129 ], [ -111.6829745, 40.7396058 ], [ -111.7116837, 40.7396982 ], [ -111.7114177, 40.7251322 ], [ -111.7394921, 40.725939 ], [ -111.739733, 40.7331823 ], [ -111.7722305, 40.7259386 ], [ -111.7588563, 40.7368374 ], [ -111.7491488, 40.7331885 ], [ -111.749497, 40.7440598 ], [ -111.721105, 40.7693402 ], [ -111.7399519, 40.769383 ], [ -111.7399795, 40.7621157 ], [ -111.7635512, 40.7549929 ], [ -111.7914624, 40.7549132 ], [ -111.777606299999988, 40.747722 ], [ -111.7774509, 40.7404639 ], [ -111.7959897, 40.7403659 ], [ -111.7960328, 40.7222085 ], [ -111.7771076, 40.7223212 ], [ -111.7817079, 40.7077815 ], [ -111.7912343, 40.7077312 ], [ -111.7911288, 40.696796 ], [ -111.776818, 40.6969206 ], [ -111.7768851, 40.6674454 ], [ -111.798994, 40.6638333 ], [ -111.805568900000011, 40.6531161 ], [ -111.7771604, 40.6164675 ], [ -111.7866359, 40.6165265 ], [ -111.7865176, 40.5514166 ], [ -111.839072699999988, 40.515036 ], [ -111.834474, 40.500362 ], [ -111.7546119, 40.4866991 ], [ -111.7448654, 40.3994221 ], [ -111.7157854, 40.3764718 ], [ -111.7055386, 40.3484258 ], [ -111.658315699999989, 40.3337248 ], [ -111.6581456, 40.319268 ], [ -111.643559599999989, 40.3120244 ], [ -111.622673800000015, 40.202993 ], [ -111.5792581, 40.159438 ], [ -111.541669, 40.1595418 ], [ -111.5601169, 40.101262 ], [ -111.5781811, 40.0789941 ], [ -111.560637199999988, 40.0567585 ], [ -111.5032196, 40.0272179 ], [ -111.4939415, 40.0015523 ], [ -111.3840556, 39.9959168 ], [ -111.3835452, 39.9812087 ], [ -111.3298769, 39.9786845 ], [ -111.3117867, 39.9592906 ], [ -111.2852796, 39.9593021 ], [ -111.2852853, 39.952059 ], [ -111.243243299999989, 39.9594946 ], [ -111.195768199999989, 39.9518338 ], [ -111.186336700000012, 39.9300046 ], [ -111.1674953, 39.9301063 ], [ -111.153532, 39.9442953 ], [ -111.035621, 39.9431669 ], [ -111.0359459, 39.8997614 ], [ -110.9595902, 39.8996534 ], [ -110.993793599999989, 40.0005128 ], [ -110.9914877, 40.022337 ], [ -111.0192073, 40.0456897 ], [ -111.0389404, 40.0456467 ], [ -111.0086899, 40.0619926 ], [ -111.0009079, 40.0821777 ], [ -111.0472956, 40.0821174 ], [ -111.047376, 40.1109934 ], [ -111.0852231, 40.1109904 ], [ -111.0850756, 40.0966135 ], [ -111.1038388, 40.0965887 ], [ -111.103794799999989, 40.1397945 ], [ -111.0662431, 40.1398194 ], [ -111.0662364, 40.1281403 ], [ -111.0391746, 40.1290669 ], [ -111.037967, 40.1191402 ], [ -111.032099699999989, 40.1308925 ], [ -111.0214716, 40.1263933 ], [ -111.0203318, 40.1797584 ], [ -111.0662483, 40.1905341 ], [ -111.0662905, 40.2122704 ], [ -111.0098271, 40.20506 ], [ -111.0098924, 40.2267489 ], [ -111.0287737, 40.2267598 ], [ -111.02900480000001, 40.2688443 ], [ -110.991076299999989, 40.2588772 ], [ -110.9911271, 40.2703242 ], [ -110.9739075, 40.2703258 ], [ -111.0114801, 40.2995563 ], [ -111.010056299999988, 40.3429103 ], [ -110.9579722, 40.342894 ], [ -110.9579801, 40.3501402 ], [ -111.000643, 40.3682553 ], [ -111.014848, 40.4044429 ], [ -110.9816502, 40.4117172 ], [ -110.9531984, 40.4044743 ], [ -110.9596955, 40.4602149 ], [ -110.9028539, 40.4602353 ], [ -110.9028285, 40.4892094 ], [ -110.9502494, 40.5034734 ], [ -110.9181398, 40.5231683 ], [ -110.9261743, 40.5376864 ], [ -110.965112, 40.5616815 ], [ -110.890485399999989, 40.561186 ], [ -110.8881323, 40.6057559 ], [ -110.8405646, 40.6057897 ], [ -110.828559900000016, 40.6246376 ], [ -110.8310776, 40.6562805 ], [ -110.774597199999988, 40.6694908 ], [ -110.7659759, 40.6812935 ], [ -110.7661438, 40.7063408 ], [ -110.7852167, 40.7336146 ], [ -110.7660215, 40.7422683 ], [ -110.7156775, 40.7482474 ], [ -110.656705, 40.7399746 ], [ -110.6231838, 40.7692937 ], [ -110.600582, 40.7559331 ], [ -110.5855475, 40.7617937 ], [ -110.5618968, 40.7569099 ], [ -110.5470353, 40.7722713 ], [ -110.521042799999989, 40.7588301 ], [ -110.487711, 40.7805958 ], [ -110.4374949, 40.7796845 ], [ -110.4239569, 40.7927261 ], [ -110.4052969, 40.7850562 ], [ -110.3618887, 40.7884094 ], [ -110.3495576, 40.8208534 ], [ -110.2586861, 40.833846 ], [ -110.167541199999988, 40.812502 ], [ -110.0578444, 40.8102137 ], [ -110.0401611, 40.8321876 ], [ -110.0551605, 40.8558121 ], [ -110.029602, 40.8762588 ], [ -110.0214462, 40.8996506 ], [ -110.0312347, 40.9201126 ], [ -110.059555, 40.9213142 ], [ -110.056789, 40.9720395 ], [ -110.1042371, 40.9719066 ], [ -110.1040142, 40.9574472 ], [ -110.1422672, 40.9575749 ], [ -110.1421456, 40.9431682 ], [ -110.2186249, 40.9435141 ], [ -110.2185676, 40.9580032 ], [ -110.2378033, 40.9580564 ], [ -110.2378396, 40.9725604 ], [ -110.2762602, 40.9726576 ], [ -110.2641876, 41.0695651 ], [ -110.2976472, 41.0695505 ], [ -110.2976524, 41.0841251 ], [ -110.369447, 41.0692111 ], [ -110.3693593, 41.0619718 ], [ -110.460140599999988, 41.0690326 ], [ -110.4695744, 41.0544738 ], [ -110.5078161, 41.0543189 ], [ -110.512708600000011, 41.06884 ], [ -110.545963, 41.0724056 ], [ -110.5460486, 40.9963389 ], [ -110.5774038, 40.9962959 ], [ -110.5723953, 41.030365 ], [ -110.5891783, 41.0266151 ], [ -110.5855789, 40.9962848 ], [ -110.8186291, 40.9969459 ], [ -110.8092881, 40.9455279 ], [ -110.8663695, 40.9457165 ], [ -110.8666189, 40.9023799 ], [ -110.9095047, 40.9024901 ], [ -110.909458199999989, 40.909710499999989 ], [ -110.9285714, 40.9097578 ], [ -110.9284685, 40.9242115 ], [ -111.0094773, 40.9277699 ], [ -111.0094895, 40.9168968 ], [ -111.0380883, 40.9095397 ], [ -111.0476875, 40.895056 ], [ -111.0856971, 40.8947232 ], [ -111.0938861, 40.8727312 ], [ -111.1224872, 40.8511727 ], [ -111.1604685, 40.8436346 ], [ -111.160359899999989, 40.8216922 ], [ -111.0748317, 40.8297205 ], [ -111.074888, 40.8442164 ], [ -110.9987185, 40.8369881 ], [ -110.9988385, 40.7936338 ], [ -111.0605844, 40.7988219 ], [ -111.0935211, 40.7899208 ], [ -111.0934094, 40.7714178 ], [ -111.2031949, 40.7703033 ], [ -111.2118903, 40.7561585 ], [ -111.230665, 40.7562729 ], [ -111.230557, 40.7418031 ], [ -111.2427488, 40.7418897 ], [ -111.2429851, 40.7240093 ], [ -111.2524811, 40.7239889 ], [ -111.2428774, 40.7130925 ], [ -111.2471832, 40.6581037 ], [ -111.232827, 40.6544375 ], [ -111.2324643, 40.624882 ], [ -111.2038758, 40.6176206 ], [ -111.2071477, 40.420693 ], [ -111.3216539, 40.4207252 ], [ -111.3219038, 40.3345644 ], [ -111.4520358, 40.3342779 ], [ -111.452235699999989, 40.3617256 ], [ -111.4709807, 40.3619671 ], [ -111.4702112, 40.3763407 ], [ -111.5082778, 40.3762434 ], [ -111.5094372, 40.4051476 ], [ -111.5279994, 40.4047547 ], [ -111.532793, 40.3902723 ], [ -111.5464921, 40.3899181 ], [ -111.5476368, 40.5930272 ], [ -111.5607204, 40.5956684 ], [ -111.56068, 40.6435276 ], [ -111.5886205, 40.6434933 ], [ -111.5978709, 40.6906104 ], [ -111.6272732, 40.6979788 ], [ -111.627606899999989, 40.7700449 ], [ -111.636803199999989, 40.7700326 ], [ -111.637487400000012, 40.8310607 ], [ -111.6465591, 40.8308264 ], [ -111.6483272, 40.8530219 ], [ -111.6669038, 40.8539836 ], [ -111.666512, 40.8684591 ], [ -111.7409834, 40.8678501 ], [ -111.7410705, 40.8823941 ], [ -111.759759, 40.8822134 ], [ -111.7591038, 41.0019581 ], [ -111.7775168, 41.0021831 ], [ -111.777766899999989, 41.1039128 ], [ -111.7969981, 41.1187706 ], [ -111.79702, 41.1478062 ], [ -111.7678905, 41.1477861 ], [ -111.7677239, 41.1332999 ], [ -111.6022122, 41.1327279 ], [ -111.6021197, 41.1472273 ], [ -111.5829917, 41.1472562 ], [ -111.5829831, 41.1617413 ], [ -111.5638588, 41.1618438 ], [ -111.5636929, 41.2062567 ], [ -111.2088264, 41.2036412 ], [ -111.2088587, 41.2327756 ], [ -111.247430099999988, 41.2328464 ], [ -111.2473009, 41.3349062 ], [ -111.286458, 41.3352515 ], [ -111.2865311, 41.3498519 ], [ -111.3058377, 41.350032 ], [ -111.3056634, 41.3644281 ], [ -111.3251732, 41.3647905 ], [ -111.3250166, 41.3792989 ], [ -111.4343965, 41.3791707 ], [ -111.4343716, 41.4369032 ], [ -111.4215369, 41.4368239 ], [ -111.4233271, 41.5400437 ], [ -111.4044544, 41.5398046 ], [ -111.404190899999989, 41.5541914 ], [ -111.3807612, 41.553968 ], [ -111.3800652, 41.5975596 ], [ -111.3640137, 41.5974395 ], [ -111.361717399999989, 41.6411633 ], [ -111.342195499999988, 41.640712 ], [ -111.3429379, 41.6845037 ], [ -111.3619164, 41.6844236 ], [ -111.3620446, 41.698854 ], [ -111.400252099999989, 41.6983869 ], [ -111.4009529, 41.7288026 ], [ -111.4390543, 41.7286009 ], [ -111.4396056, 42.0004013 ], [ -111.7395222, 41.9991538 ], [ -111.7397, 41.9799157 ], [ -111.7590448, 41.9798599 ], [ -111.7493431, 41.9762739 ], [ -111.7484116, 41.9041172 ], [ -111.7631152, 41.9042144 ], [ -111.7572383, 41.8600554 ], [ -111.7767099, 41.8606546 ], [ -111.7659941, 41.7949121 ], [ -111.7756459, 41.7583029 ], [ -111.7853802, 41.7583381 ], [ -111.7854552, 41.7294098 ], [ -111.7951185, 41.7293731 ], [ -111.7948091, 41.6856303 ], [ -111.804473, 41.6855004 ], [ -111.8091052, 41.663558 ], [ -111.8086661, 41.6416831 ], [ -111.794333, 41.6416343 ], [ -111.7940274, 41.4958413 ], [ -111.871632300000016, 41.4958702 ], [ -111.8715927, 41.5103983 ], [ -111.8909095, 41.5104252 ], [ -111.8908464, 41.568497 ], [ -111.9392381, 41.5758473 ], [ -111.9395376, 41.597696 ], [ -111.949232900000013, 41.5976575 ], [ -111.944371, 41.6181443 ], [ -111.9587574, 41.625436799999989 ], [ -111.9686668, 41.6702565 ], [ -111.9881133, 41.6701553 ], [ -111.9983307, 41.7136267 ], [ -112.0274683, 41.7352835 ], [ -112.0277025, 41.7571801 ], [ -112.0858782, 41.7567478 ], [ -112.0848315, 41.6767286 ], [ -112.0704885, 41.6697182 ], [ -112.0649922, 41.6115421 ], [ -112.0455332, 41.6042877 ], [ -112.0454886, 41.5897704 ], [ -112.02624320000001, 41.5824153 ], [ -112.0162946, 41.5535374 ], [ -112.006549299999989, 41.5534629 ], [ -112.007994, 41.4664393 ], [ -112.0251684, 41.4662816 ], [ -112.0254762, 41.3498395 ], [ -111.9861283, 41.3505335 ], [ -111.98627110000001, 41.3287138 ], [ -111.9281025, 41.3206997 ], [ -111.9382885, 41.2919958 ], [ -111.9290358, 41.2919555 ], [ -111.9291139, 41.2773641 ], [ -111.9476836, 41.2738509 ], [ -111.9431736, 41.2628894 ], [ -111.9292014, 41.2628334 ], [ -111.930048899999989, 41.161269 ] ], [ [ -111.5403484, 41.6394031 ], [ -111.520853699999989, 41.6394545 ], [ -111.5213924, 41.624962 ], [ -111.5403239, 41.6247739 ], [ -111.5403484, 41.6394031 ] ], [ [ -111.7397615, 41.2350068 ], [ -111.7587459, 41.2351703 ], [ -111.7587095, 41.2278947 ], [ -111.7969735, 41.227959899999988 ], [ -111.7968469, 41.249559 ], [ -111.7651629, 41.2461796 ], [ -111.7871409, 41.2609244 ], [ -111.770517399999989, 41.2642295 ], [ -111.7772503, 41.293038 ], [ -111.8302428, 41.3005583 ], [ -111.8351122, 41.2897194 ], [ -111.8446286, 41.3078926 ], [ -111.8735733, 41.307993 ], [ -111.8831212, 41.3226466 ], [ -111.891785, 41.321326299999988 ], [ -111.8829032, 41.3513171 ], [ -111.9010007, 41.3650071 ], [ -111.8914832, 41.3656061 ], [ -111.8913532, 41.380035 ], [ -111.872125, 41.3799715 ], [ -111.873188, 41.3663783 ], [ -111.8537531, 41.3590664 ], [ -111.8539216, 41.3445196 ], [ -111.834867, 41.3297393 ], [ -111.8155956, 41.3295085 ], [ -111.8156429, 41.3150133 ], [ -111.7770958, 41.314976 ], [ -111.7675642, 41.3002745 ], [ -111.7388536, 41.3002724 ], [ -111.7491923, 41.2787296 ], [ -111.6819872, 41.2713033 ], [ -111.6820318, 41.2567108 ], [ -111.7015673, 41.2565904 ], [ -111.7015105, 41.231339 ], [ -111.7397316, 41.2277978 ], [ -111.7397615, 41.2350068 ] ] ] ] } },
{ "type": "Feature", "properties": { "name": "Angeles National Forest", "region": "05", "acres": 706719.0, "type": "national_forest" }, "geometry": { "type": "MultiPolygon", "coordinates": [ [ [ [ -118.079651399999989, 34.4662085 ], [ -118.1496488, 34.4664353 ], [ -118.1496497, 34.4520228 ], [ -118.1847079, 34.4520217 ], [ -118.1839557, 34.4238199 ], [ -118.2545752, 34.4232637 ], [ -118.2545823, 34.4376641 ], [ -118.3072969, 34.441402 ], [ -118.342716, 34.4359573 ], [ -118.342798, 34.4286306 ], [ -118.378996099999981, 34.4309465 ], [ -118.379125099999982, 34.4236928 ], [ -118.397628700000013, 34.4238359 ], [ -118.398055699999986, 34.3817946 ], [ -118.4844806, 34.3799868 ], [ -118.4844508, 34.3303028 ], [ -118.47587750000001, 34.337166499999988 ], [ -118.4272578, 34.3373284 ], [ -118.422667600000011, 34.3298987 ], [ -118.405167, 34.3298187 ], [ -118.397043700000012, 34.3376734 ], [ -118.400866900000011, 34.3042188 ], [ -118.391166500000011, 34.2897373 ], [ -118.3602894, 34.2933442 ], [ -118.360451399999988, 34.2788878 ], [ -118.29075970000001, 34.2788387 ], [ -118.2652826, 34.2523658 ], [ -118.2213679, 34.2520978 ], [ -118.2229708, 34.2303159 ], [ -118.217453, 34.2375214 ], [ -118.1864775, 34.2375734 ], [ -118.187070299999988, 34.2082077 ], [ -118.1309142, 34.2075416 ], [ -118.1178407, 34.2039487 ], [ -118.1178066, 34.1932342 ], [ -118.0835254, 34.193718 ], [ -118.0786392, 34.1790426 ], [ -117.9775285, 34.1797685 ], [ -117.9775285, 34.165113 ], [ -117.885720299999988, 34.1651275 ], [ -117.8899074, 34.154061899999988 ], [ -117.8813452, 34.1542609 ], [ -117.881317200000012, 34.1651436 ], [ -117.8200841, 34.1652019 ], [ -117.8116317, 34.1433167 ], [ -117.8071786, 34.1505015 ], [ -117.7853728, 34.1430748 ], [ -117.7808927, 34.1505726 ], [ -117.7502846, 34.1509408 ], [ -117.7504327, 34.1654133 ], [ -117.6514106, 34.1652482 ], [ -117.649685100000013, 34.2032761 ], [ -117.625603699999985, 34.2272733 ], [ -117.5940407, 34.2351498 ], [ -117.6056601, 34.265209299999988 ], [ -117.6045959, 34.2740759 ], [ -117.5915539, 34.2742738 ], [ -117.593849299999988, 34.2901635 ], [ -117.601600499999989, 34.2960675 ], [ -117.6161792, 34.2902792 ], [ -117.6070962, 34.3052706 ], [ -117.633977, 34.333105 ], [ -117.586313, 34.3432405 ], [ -117.5870345, 34.3829246 ], [ -117.624513499999978, 34.3829443 ], [ -117.6419564, 34.3973052 ], [ -117.6767292, 34.404562 ], [ -117.676958399999975, 34.4260041 ], [ -117.9227098, 34.4264869 ], [ -117.9402294, 34.431780599999989 ], [ -117.9402325, 34.4390353 ], [ -117.9761586, 34.439115 ], [ -117.9768219, 34.4702589 ], [ -117.992493399999987, 34.4702618 ], [ -117.9925166, 34.4992442 ], [ -118.0797056, 34.4992583 ], [ -118.079651399999989, 34.4662085 ] ] ] ] } },
{ "type": "Feature", "properties": { "name": "Cleveland National Forest", "region": "05", "acres": 561887.0, "type": "national_forest" }, "geometry": { "type": "MultiPolygon", "coordinates": [ [ [ [ -116.6589736, 33.1062103 ], [ -116.667729799999975, 33.0944036 ], [ -116.6849434, 33.0946711 ], [ -116.6864349, 33.0720847 ], [ -116.720647699999986, 33.0722257 ], [ -116.7209253, 33.028340199999988 ], [ -116.7717628, 33.0295699 ], [ -116.7712911, 33.0058317 ], [ -116.7571701, 32.9980754 ], [ -116.7798632, 32.9907208 ], [ -116.779874399999983, 32.9786212 ], [ -116.79742370000001, 32.9785236 ], [ -116.8065848, 32.9353151 ], [ -116.8241665, 32.9350631 ], [ -116.8239977, 32.8736928 ], [ -116.7723546, 32.8738254 ], [ -116.736569199999977, 32.8392829 ], [ -116.7359435, 32.8160578 ], [ -116.745502, 32.8097428 ], [ -116.796783199999979, 32.8027382 ], [ -116.796794, 32.7735112 ], [ -116.7543418, 32.7728839 ], [ -116.752579099999977, 32.7592632 ], [ -116.735276899999988, 32.7593837 ], [ -116.7203446, 32.7441908 ], [ -116.7194397, 32.7297807 ], [ -116.736995100000016, 32.7297145 ], [ -116.737212, 32.6863642 ], [ -116.708285499999988, 32.683023 ], [ -116.707969, 32.6683948 ], [ -116.6071102, 32.6685584 ], [ -116.6071308, 32.6541754 ], [ -116.505239, 32.660204 ], [ -116.5052894, 32.6892577 ], [ -116.4709998, 32.689244 ], [ -116.470997900000015, 32.7037908 ], [ -116.419462599999989, 32.7037425 ], [ -116.4119033, 32.7487731 ], [ -116.377835599999983, 32.7488357 ], [ -116.3774445, 32.8149615 ], [ -116.411506199999977, 32.8149898 ], [ -116.4128957, 32.9018096 ], [ -116.4478859, 32.9018447 ], [ -116.4474016, 32.931476599999989 ], [ -116.5085179, 32.934401 ], [ -116.5167546, 32.9016834 ], [ -116.533782500000015, 32.9014833 ], [ -116.5747886, 32.8540654 ], [ -116.615854200000015, 32.8446972 ], [ -116.6090921, 33.001949599999989 ], [ -116.6005788, 33.021158 ], [ -116.5666702, 33.0211199 ], [ -116.567093699999987, 33.049769 ], [ -116.5842019, 33.0498028 ], [ -116.5839494, 33.063905 ], [ -116.6607272, 33.0641264 ], [ -116.6589736, 33.1062103 ] ], [ [ -116.7363095, 32.9778115 ], [ -116.739052699999988, 32.9359034 ], [ -116.7215806, 32.9349362 ], [ -116.72043140000001, 32.9206396 ], [ -116.686971700000015, 32.9201526 ], [ -116.6856329, 32.8884144 ], [ -116.789615500000011, 32.8883986 ], [ -116.7893568, 32.9500134 ], [ -116.773285699999988, 32.9498774 ], [ -116.766942899999989, 32.9786919 ], [ -116.7363095, 32.9778115 ] ] ] ] } },
{ "type": "Feature", "properties": { "name": "Eldorado National Forest", "region": "05", "acres": 793653.0, "type": "national_forest" }, "geometry": { "type": "MultiPolygon", "coordinates": [ [ [ [ -120.748156900000012, 38.8221379 ], [ -120.7469501, 38.8083101 ], [ -120.7237143, 38.8035443 ], [ -120.6912532, 38.8070575 ], [ -120.6883984, 38.7789078 ], [ -120.7122863, 38.7752967 ], [ -120.7129462, 38.7820626 ], [ -120.731417900000011, 38.7824385 ], [ -120.7161805, 38.7686957 ], [ -120.617770100000016, 38.7540193 ], [ -120.617496, 38.7648402 ], [ -120.635829699999988, 38.7643711 ], [ -120.6305864, 38.7754071 ], [ -120.6081246, 38.7721693 ], [ -120.608127599999989, 38.7791042 ], [ -120.5889859, 38.7794333 ], [ -120.5801567, 38.7646904 ], [ -120.523453599999982, 38.7609527 ], [ -120.524075299999978, 38.750078 ], [ -120.4760093, 38.7506776 ], [ -120.476520099999988, 38.7305099 ], [ -120.4907014, 38.7300332 ], [ -120.476623300000014, 38.7161599 ], [ -120.5043408, 38.7147829 ], [ -120.495383299999986, 38.7401589 ], [ -120.5095302, 38.7295732 ], [ -120.53772069999998, 38.7320387 ], [ -120.546834100000012, 38.7173889 ], [ -120.5186863, 38.7258047 ], [ -120.5274121, 38.7125811 ], [ -120.5410685, 38.7060211 ], [ -120.5702865, 38.7135476 ], [ -120.564504, 38.6954907 ], [ -120.5985339, 38.700901 ], [ -120.602595099999988, 38.685629 ], [ -120.6162493, 38.6864838 ], [ -120.625560599999986, 38.6687438 ], [ -120.5937431, 38.6674794 ], [ -120.5935033, 38.6849862 ], [ -120.575256399999986, 38.6810499 ], [ -120.564815, 38.6879436 ], [ -120.546760600000013, 38.6876113 ], [ -120.556242, 38.6770324 ], [ -120.5369251, 38.6724411 ], [ -120.5609878, 38.6735987 ], [ -120.5707201, 38.6667336 ], [ -120.5753959, 38.654617 ], [ -120.539084, 38.657759 ], [ -120.532712499999988, 38.6656688 ], [ -120.5353986, 38.6430261 ], [ -120.531114100000011, 38.6664506 ], [ -120.5074977, 38.6665646 ], [ -120.507664799999986, 38.634985 ], [ -120.540669899999983, 38.6320117 ], [ -120.5440544, 38.6213318 ], [ -120.5499398, 38.6283696 ], [ -120.5501522, 38.620992 ], [ -120.5738021, 38.6212907 ], [ -120.594182, 38.6095213 ], [ -120.589018, 38.5883317 ], [ -120.5533397, 38.5916082 ], [ -120.556831, 38.5809847 ], [ -120.5296365, 38.5778119 ], [ -120.539436400000014, 38.5393402 ], [ -120.5298689, 38.5247774 ], [ -120.511367399999983, 38.5422709 ], [ -120.4881951, 38.5358337 ], [ -120.5003072, 38.5566065 ], [ -120.515690400000011, 38.5531193 ], [ -120.5200159, 38.5605149 ], [ -120.491121299999989, 38.5572875 ], [ -120.4875344, 38.5467401 ], [ -120.4665421, 38.5538172 ], [ -120.471735699999982, 38.5433704 ], [ -120.4531, 38.545994 ], [ -120.453522, 38.5358875 ], [ -120.4444666, 38.5354864 ], [ -120.4448284, 38.5453004 ], [ -120.42646280000001, 38.5453087 ], [ -120.426520199999985, 38.5525772 ], [ -120.417176, 38.5453998 ], [ -120.3784348, 38.5460791 ], [ -120.432723199999984, 38.5279757 ], [ -120.3695871, 38.5426254 ], [ -120.3719773, 38.4739648 ], [ -120.404602199999985, 38.4704273 ], [ -120.422860700000015, 38.4815425 ], [ -120.446067899999989, 38.4670926 ], [ -120.4166124, 38.4736272 ], [ -120.3804624, 38.4609939 ], [ -120.3308014, 38.4652423 ], [ -120.2412704, 38.4852499 ], [ -120.2123652, 38.4997009 ], [ -120.1183512, 38.4965484 ], [ -120.056029, 38.5165558 ], [ -120.0378964, 38.566046 ], [ -120.0048607, 38.5800785 ], [ -119.929861699999989, 38.5406271 ], [ -119.8510683, 38.5695132 ], [ -119.840391199999985, 38.5819622 ], [ -119.8534927, 38.6025334 ], [ -119.8830643, 38.6057765 ], [ -119.908005, 38.5962194 ], [ -119.924883400000013, 38.6115874 ], [ -119.9135402, 38.6227929 ], [ -119.9246506, 38.6358247 ], [ -119.9508106, 38.6448891 ], [ -119.961930099999989, 38.6628276 ], [ -119.9723061, 38.6562862 ], [ -119.985694, 38.6627948 ], [ -119.9925988, 38.7083338 ], [ -120.0168047, 38.7093783 ], [ -120.0515598, 38.7404961 ], [ -120.053729800000013, 38.7949317 ], [ -120.028216, 38.8078081 ], [ -120.0293056, 38.8210432 ], [ -120.0446981, 38.8314684 ], [ -120.0987396, 38.8294357 ], [ -120.1244094, 38.8668265 ], [ -120.1476633, 38.8774221 ], [ -120.1644509, 38.9228099 ], [ -120.1465645, 38.9345748 ], [ -120.151312800000014, 38.948657 ], [ -120.1412069, 38.9655632 ], [ -120.1564392, 38.9804105 ], [ -120.1723078, 38.9781094 ], [ -120.1934502, 38.9934485 ], [ -120.2070182, 39.0185981 ], [ -120.1893737, 39.029198 ], [ -120.1951522, 39.0380252 ], [ -120.259638700000011, 39.0271095 ], [ -120.3223023, 39.069574 ], [ -120.342955800000013, 39.0725187 ], [ -120.346458099999978, 39.0986208 ], [ -120.4907559, 39.0997396 ], [ -120.5188578, 39.0595587 ], [ -120.559118, 39.0283699 ], [ -120.598929599999977, 39.024690799999988 ], [ -120.6414767, 39.0421559 ], [ -120.657715700000011, 39.0205659 ], [ -120.7183834, 39.0136461 ], [ -120.735829099999989, 39.0007502 ], [ -120.7480481, 39.003074399999988 ], [ -120.747195499999989, 39.0104398 ], [ -120.761788, 39.0018007 ], [ -120.7649214, 39.0097446 ], [ -120.7977267, 38.9961057 ], [ -120.813180299999985, 38.9997031 ], [ -120.834481700000012, 38.9717933 ], [ -120.850241799999978, 38.9762181 ], [ -120.8591102, 38.9519817 ], [ -120.8768576, 38.9527936 ], [ -120.8750825, 38.9392812 ], [ -120.8199621, 38.9397069 ], [ -120.820955, 38.9542172 ], [ -120.8023154, 38.9536106 ], [ -120.801748799999984, 38.9393735 ], [ -120.784022, 38.9400412 ], [ -120.7840702, 38.9256914 ], [ -120.802186299999974, 38.9252751 ], [ -120.8024416, 38.9108746 ], [ -120.8198083, 38.9002048 ], [ -120.821808499999975, 38.8754522 ], [ -120.8121975, 38.8677314 ], [ -120.8034015, 38.8820744 ], [ -120.7823136, 38.8820729 ], [ -120.7828488, 38.8678951 ], [ -120.766319, 38.8680682 ], [ -120.7800909, 38.8496004 ], [ -120.7666014, 38.8459935 ], [ -120.7663487, 38.8202198 ], [ -120.748156900000012, 38.8221379 ] ], [ [ -120.5329273, 38.7021259 ], [ -120.527984899999979, 38.6773513 ], [ -120.498546199999979, 38.6771476 ], [ -120.4977414, 38.670546 ], [ -120.5369043, 38.6724401 ], [ -120.5329273, 38.7021259 ] ], [ [ -120.3689877, 38.557168 ], [ -120.383914, 38.5496279 ], [ -120.389507900000012, 38.5603523 ], [ -120.3689877, 38.557168 ] ], [ [ -120.4279017, 38.5738686 ], [ -120.442414199999988, 38.5739456 ], [ -120.4328567, 38.5812309 ], [ -120.4279017, 38.5738686 ] ], [ [ -120.4780908, 38.6914615 ], [ -120.4784459, 38.6841978 ], [ -120.4881865, 38.6874252 ], [ -120.4780908, 38.6914615 ] ], [ [ -120.470306, 38.5781251 ], [ -120.4563118, 38.577483 ], [ -120.4748929, 38.5686848 ], [ -120.470306, 38.5781251 ] ], [ [ -120.4861475, 38.5786617 ], [ -120.485804, 38.5719361 ], [ -120.4995357, 38.5708235 ], [ -120.500527799999986, 38.5778523 ], [ -120.4861475, 38.5786617 ] ], [ [ -120.5320326, 38.6102854 ], [ -120.4992365, 38.613057 ], [ -120.495036499999983, 38.598762 ], [ -120.5093522, 38.5943952 ], [ -120.532109599999984, 38.6030244 ], [ -120.5320326, 38.6102854 ] ], [ [ -120.572650699999983, 38.5984441 ], [ -120.5693341, 38.6088277 ], [ -120.5457973, 38.6103727 ], [ -120.551071, 38.5974208 ], [ -120.572650699999983, 38.5984441 ] ], [ [ -120.611529399999981, 38.682431699999988 ], [ -120.597944500000011, 38.6815576 ], [ -120.6117691, 38.6747571 ], [ -120.611529399999981, 38.682431699999988 ] ] ] ] } },
{ "type": "Feature", "properties": { "name": "Inyo National Forest", "region": "05", "acres": 2097006.0, "type": "national_forest" }, "geometry": { "type": "MultiPolygon", "coordinates": [ [ [ [ -119.1411338, 38.0500119 ], [ -119.14100590000001, 38.0398751 ], [ -119.1640586, 38.0444202 ], [ -119.177378899999979, 38.0290529 ], [ -119.177465200000015, 38.039872 ], [ -119.222221099999985, 38.0490392 ], [ -119.3074937, 38.0301482 ], [ -119.3236271, 37.9703209 ], [ -119.309413800000016, 37.9461447 ], [ -119.26629, 37.9270353 ], [ -119.2639528, 37.9120654 ], [ -119.210302399999975, 37.8999832 ], [ -119.199507700000012, 37.8846319 ], [ -119.210376799999977, 37.8800487 ], [ -119.2166181, 37.853501 ], [ -119.2154957, 37.847142 ], [ -119.2019356, 37.8481984 ], [ -119.2175864, 37.8186897 ], [ -119.2051287, 37.8119578 ], [ -119.202997, 37.7953086 ], [ -119.24261319999998, 37.7700513 ], [ -119.2679334, 37.7381927 ], [ -119.257476699999984, 37.7250264 ], [ -119.239306200000016, 37.7274557 ], [ -119.1974777, 37.6999873 ], [ -119.200840899999989, 37.683108 ], [ -119.1667034, 37.645409 ], [ -119.1660008, 37.612609 ], [ -119.154975799999974, 37.6019517 ], [ -119.1269145, 37.6013792 ], [ -119.118180599999988, 37.5854052 ], [ -119.1208906, 37.5479479 ], [ -119.13234, 37.5445211 ], [ -119.0859302, 37.5295738 ], [ -119.047573199999988, 37.5346607 ], [ -119.0388126, 37.5441396 ], [ -118.9916223, 37.5295247 ], [ -118.913615299999989, 37.4682031 ], [ -118.8660651, 37.4825079 ], [ -118.849927, 37.4764884 ], [ -118.7962254, 37.4892839 ], [ -118.7582964, 37.4432215 ], [ -118.767378900000011, 37.4238082 ], [ -118.7808711, 37.4204607 ], [ -118.7899688, 37.3939704 ], [ -118.7675381, 37.3681429 ], [ -118.786286100000012, 37.3435543 ], [ -118.73943460000001, 37.3159684 ], [ -118.7159339, 37.3285596 ], [ -118.6641483, 37.2614024 ], [ -118.685983100000016, 37.2282324 ], [ -118.6662029, 37.1898995 ], [ -118.666224700000015, 37.153504 ], [ -118.6411522, 37.1370435 ], [ -118.592844, 37.1380798 ], [ -118.5654693, 37.1137653 ], [ -118.53097529999998, 37.1121508 ], [ -118.48561669999998, 37.0774482 ], [ -118.4363624, 37.060523 ], [ -118.438515599999974, 37.0399641 ], [ -118.4126917, 36.9994963 ], [ -118.4208131, 36.9908543 ], [ -118.3613542, 36.8882496 ], [ -118.3704571, 36.8714239 ], [ -118.36166870000001, 36.8446535 ], [ -118.3931644, 36.8306418 ], [ -118.3740087, 36.8003242 ], [ -118.380326, 36.7832144 ], [ -118.369390599999988, 36.7499246 ], [ -118.338698099999988, 36.7286118 ], [ -118.3338995, 36.7062831 ], [ -118.3662959, 36.6910158 ], [ -118.3290631, 36.6679451 ], [ -118.338789, 36.6564603 ], [ -118.318021799999983, 36.6399156 ], [ -118.3213552, 36.628151 ], [ -118.2748209, 36.5977013 ], [ -118.2890787, 36.590562 ], [ -118.2915212, 36.5593995 ], [ -118.2522708, 36.5416441 ], [ -118.2500228, 36.5248553 ], [ -118.237452800000014, 36.5203437 ], [ -118.234898, 36.493831 ], [ -118.267930599999985, 36.468289 ], [ -118.363607799999983, 36.4368115 ], [ -118.3814817, 36.3688793 ], [ -118.4060866, 36.349319199999989 ], [ -118.401455200000015, 36.2462445 ], [ -118.3793273, 36.2416153 ], [ -118.3535502, 36.2213825 ], [ -118.314229499999982, 36.2132199 ], [ -118.309653199999985, 36.1942755 ], [ -118.2887235, 36.1923296 ], [ -118.2768436, 36.1785016 ], [ -118.2097028, 36.1798922 ], [ -118.1831284, 36.1704123 ], [ -118.1346323, 36.1852605 ], [ -118.09916530000001, 36.1683271 ], [ -118.0995747, 36.151474 ], [ -118.087487, 36.1438942 ], [ -118.102295499999983, 36.1060031 ], [ -118.1165084, 36.0968564 ], [ -118.1138611, 36.0832318 ], [ -118.1282443, 36.0762727 ], [ -118.1350926, 36.0389702 ], [ -118.1142771, 36.038859599999988 ], [ -118.114327099999983, 36.0461871 ], [ -118.032487800000013, 36.046217399999989 ], [ -118.032498099999984, 36.0577009 ], [ -117.9972302, 36.0576403 ], [ -117.9986048, 36.1442343 ], [ -118.020278099999985, 36.1442433 ], [ -118.0202717, 36.2315903 ], [ -118.0381279, 36.2315663 ], [ -118.0371187, 36.4200176 ], [ -118.055264099999988, 36.420016 ], [ -118.054452, 36.4924922 ], [ -118.094108, 36.4925002 ], [ -118.120654500000015, 36.5287496 ], [ -118.1386539, 36.5286952 ], [ -118.1476434, 36.5504564 ], [ -118.1747206, 36.5576412 ], [ -118.182675300000014, 36.6014821 ], [ -118.218931199999986, 36.6084912 ], [ -118.218975, 36.6666172 ], [ -118.2322769, 36.6680471 ], [ -118.2459197, 36.69561 ], [ -118.254920899999988, 36.695615 ], [ -118.247521400000011, 36.8549196 ], [ -118.2723326, 36.8548079 ], [ -118.2720152, 36.949202 ], [ -118.290028599999985, 36.9491839 ], [ -118.2899181, 37.0142344 ], [ -118.3262018, 37.0145459 ], [ -118.3258817, 37.159016 ], [ -118.350398899999988, 37.1601344 ], [ -118.344177500000015, 37.202398099999989 ], [ -118.3672862, 37.2096535 ], [ -118.367429, 37.2246893 ], [ -118.385746200000014, 37.2247624 ], [ -118.385723499999983, 37.2608798 ], [ -118.394749100000013, 37.2609732 ], [ -118.394783699999977, 37.2748363 ], [ -118.409388, 37.2749139 ], [ -118.4092494, 37.2891377 ], [ -118.422225, 37.2891928 ], [ -118.4227085, 37.3179578 ], [ -118.496841100000012, 37.3183328 ], [ -118.496745, 37.3328863 ], [ -118.514997, 37.3329143 ], [ -118.5151544, 37.3473673 ], [ -118.5511951, 37.3474629 ], [ -118.550745600000013, 37.3615639 ], [ -118.605110599999989, 37.3615849 ], [ -118.604939099999982, 37.3760858 ], [ -118.6231175, 37.3761428 ], [ -118.623118100000013, 37.390373 ], [ -118.6412424, 37.3903733 ], [ -118.641240299999978, 37.437483 ], [ -118.622816899999989, 37.4374778 ], [ -118.6227692, 37.4447228 ], [ -118.6412396, 37.444744 ], [ -118.6407774, 37.5063874 ], [ -118.5858432, 37.506553 ], [ -118.585735, 37.5210474 ], [ -118.5493021, 37.521061 ], [ -118.5486101, 37.5504242 ], [ -118.53479489999998, 37.5504603 ], [ -118.5342874, 37.7675638 ], [ -118.611057699999989, 37.7658804 ], [ -118.6114895, 37.8519175 ], [ -118.6654675, 37.8520141 ], [ -118.6652717, 37.8665029 ], [ -118.720478700000015, 37.8660085 ], [ -118.719664, 37.8951321 ], [ -118.863558900000015, 37.894726 ], [ -118.8315573, 37.9092443 ], [ -118.8678576, 37.9094084 ], [ -118.8672529, 37.887879 ], [ -118.9407176, 37.8876944 ], [ -118.9406667, 37.9094672 ], [ -118.9590358, 37.9094675 ], [ -118.959011, 37.9383949 ], [ -118.9406879, 37.9384011 ], [ -118.94069469999998, 37.9528828 ], [ -118.922516, 37.9528785 ], [ -118.9225852, 37.9673138 ], [ -118.904298699999984, 37.9672324 ], [ -118.9043116, 37.9813894 ], [ -118.8860065, 37.9813816 ], [ -118.8850363, 38.0539242 ], [ -118.903346899999988, 38.0538659 ], [ -118.925693799999976, 38.1118847 ], [ -118.948055599999989, 38.1119062 ], [ -119.1411338, 38.0500119 ] ], [ [ -118.717436799999987, 37.7237281 ], [ -118.717446700000011, 37.6369697 ], [ -118.6996821, 37.6371231 ], [ -118.6987387, 37.5505538 ], [ -118.735649099999989, 37.5501958 ], [ -118.735568499999985, 37.564818 ], [ -118.772016900000011, 37.5645738 ], [ -118.771991700000015, 37.579006 ], [ -118.790122200000013, 37.5791433 ], [ -118.7901061, 37.5935455 ], [ -118.808208900000011, 37.593615 ], [ -118.808149199999988, 37.6082014 ], [ -118.827141, 37.608113 ], [ -118.8267452, 37.7203331 ], [ -118.717436799999987, 37.7237281 ] ], [ [ -119.11513930000001, 37.9675569 ], [ -119.1061451, 37.9677586 ], [ -119.096994099999989, 37.9166811 ], [ -119.050519099999988, 37.9166443 ], [ -119.050527, 37.9109421 ], [ -119.091269, 37.8864157 ], [ -119.088012, 37.8696017 ], [ -119.123263099999988, 37.8660044 ], [ -119.1237286, 37.9057606 ], [ -119.100907600000014, 37.9131263 ], [ -119.11513930000001, 37.9675569 ] ], [ [ -119.082833799999989, 37.5971315 ], [ -119.09194380000001, 37.5971315 ], [ -119.0919491, 37.633374 ], [ -119.0828347, 37.633374 ], [ -119.082833799999989, 37.5971315 ] ] ] ] } },
{ "type": "Feature", "properties": { "name": "Klamath National Forest", "region": "05", "acres": 1705452.0, "type": "national_forest" }, "geometry": { "type": "MultiPolygon", "coordinates": [ [ [ [ -122.839049, 41.6860205 ], [ -122.839160799999988, 41.700351 ], [ -122.8202119, 41.7007943 ], [ -122.820079600000014, 41.6824595 ], [ -122.804922099999985, 41.6825544 ], [ -122.8057934, 41.697242 ], [ -122.78684410000001, 41.6973978 ], [ -122.7861653, 41.6863231 ], [ -122.776499699999974, 41.6863408 ], [ -122.7668557, 41.6899395 ], [ -122.7679985, 41.7045366 ], [ -122.7473929, 41.7048053 ], [ -122.7474784, 41.7265287 ], [ -122.680566499999983, 41.7279176 ], [ -122.6706693, 41.7580994 ], [ -122.6514623, 41.7578344 ], [ -122.652673, 41.7859131 ], [ -122.636602599999989, 41.7859371 ], [ -122.6354474, 41.8008477 ], [ -122.6155231, 41.800311 ], [ -122.622667100000015, 41.8307448 ], [ -122.6148322, 41.8726467 ], [ -122.593282, 41.8726275 ], [ -122.5935342, 41.8798014 ], [ -122.6162432, 41.8833668 ], [ -122.6222201, 41.8726533 ], [ -122.636382700000013, 41.8726659 ], [ -122.6344633, 41.8868971 ], [ -122.7159167, 41.902275 ], [ -122.710504899999989, 41.9439145 ], [ -122.7286025, 41.9446833 ], [ -122.728978900000016, 41.9589111 ], [ -122.7478152, 41.9589362 ], [ -122.7478071, 41.9730304 ], [ -122.728981499999975, 41.9733469 ], [ -122.728740699999989, 42.0024806 ], [ -122.678139699999988, 42.004569 ], [ -122.6785462, 42.0256758 ], [ -122.659450499999977, 42.0401368 ], [ -122.6595991, 42.054649 ], [ -122.640129799999983, 42.0549455 ], [ -122.6402476, 42.0693788 ], [ -122.6790388, 42.061856 ], [ -122.701828, 42.082114399999988 ], [ -122.732434900000015, 42.0863595 ], [ -122.7590861, 42.068459399999988 ], [ -122.794984199999973, 42.0616837 ], [ -122.7975572, 42.0499257 ], [ -122.841725599999975, 42.0525433 ], [ -122.8593662, 42.0454914 ], [ -122.8993579, 41.9947579 ], [ -122.9575564, 41.9544615 ], [ -122.9663406, 41.9320645 ], [ -122.979257, 41.9375074 ], [ -123.000295, 41.9313304 ], [ -123.0160888, 41.9488021 ], [ -123.0731296, 41.9558588 ], [ -123.11440060000001, 41.9372438 ], [ -123.1643963, 41.9394974 ], [ -123.203122, 41.9171615 ], [ -123.2418101, 41.9240034 ], [ -123.276299299999977, 41.9483152 ], [ -123.303663500000013, 41.9460008 ], [ -123.302938900000015, 41.9618962 ], [ -123.3369442, 41.9736178 ], [ -123.351263499999988, 41.9993292 ], [ -123.5178189, 42.0007559 ], [ -123.5409307, 41.9854387 ], [ -123.533232, 41.9550629 ], [ -123.554441700000012, 41.9301036 ], [ -123.559523399999989, 41.905987 ], [ -123.5936179, 41.9062275 ], [ -123.6065906, 41.8806434 ], [ -123.642620600000015, 41.8896249 ], [ -123.649348, 41.860612 ], [ -123.661854399999982, 41.8564605 ], [ -123.6710069, 41.8353222 ], [ -123.7037967, 41.8293162 ], [ -123.689881700000015, 41.8029655 ], [ -123.672330399999979, 41.7960264 ], [ -123.688007, 41.7807297 ], [ -123.6785196, 41.7391109 ], [ -123.6599515, 41.7202776 ], [ -123.6701819, 41.7016729 ], [ -123.6630915, 41.6935447 ], [ -123.689749400000011, 41.6690776 ], [ -123.680527399999974, 41.634014 ], [ -123.6605389, 41.6357483 ], [ -123.6163788, 41.6172312 ], [ -123.572322199999988, 41.5855827 ], [ -123.568731199999988, 41.5729678 ], [ -123.5458522, 41.5681112 ], [ -123.5145598, 41.5845544 ], [ -123.4865536, 41.6162022 ], [ -123.4314553, 41.5696076 ], [ -123.3776073, 41.5729596 ], [ -123.3431603, 41.5500138 ], [ -123.31823030000001, 41.5600617 ], [ -123.2694665, 41.5597052 ], [ -123.279926800000013, 41.4825176 ], [ -123.261847399999979, 41.4512278 ], [ -123.2866949, 41.4219657 ], [ -123.3091353, 41.4297888 ], [ -123.348192399999974, 41.4217094 ], [ -123.3428516, 41.398671 ], [ -123.3143548, 41.3986811 ], [ -123.3141342, 41.334505899999989 ], [ -123.3419152, 41.323045 ], [ -123.3611799, 41.2987415 ], [ -123.463138299999983, 41.2855622 ], [ -123.4437991, 41.2729819 ], [ -123.4431891, 41.2498612 ], [ -123.4547778, 41.23598 ], [ -123.434082300000014, 41.2228637 ], [ -123.434981, 41.2126724 ], [ -123.3812684, 41.1516817 ], [ -123.3535731, 41.1630934 ], [ -123.3247756, 41.1416134 ], [ -123.295207399999981, 41.1405852 ], [ -123.239384199999989, 41.0758121 ], [ -123.1092352, 41.0755598 ], [ -123.0963192, 41.0593656 ], [ -123.0552494, 41.0465923 ], [ -123.0369609, 41.0040985 ], [ -122.981116500000013, 41.0144473 ], [ -122.934481399999981, 40.9924656 ], [ -122.9174808, 40.993923 ], [ -122.8969257, 41.0290753 ], [ -122.9232605, 41.0719843 ], [ -122.9530773, 41.0742341 ], [ -122.9713305, 41.0909953 ], [ -122.9737037, 41.1113364 ], [ -122.9593198, 41.1237906 ], [ -122.965292600000012, 41.1382056 ], [ -122.9516284, 41.1503438 ], [ -122.961406400000016, 41.1814975 ], [ -122.929383099999981, 41.1787531 ], [ -122.886116899999976, 41.2051757 ], [ -122.8451219, 41.2000028 ], [ -122.8262639, 41.2096868 ], [ -122.80180630000001, 41.2032067 ], [ -122.776939, 41.2309424 ], [ -122.724425200000013, 41.2479264 ], [ -122.712385500000011, 41.274416 ], [ -122.652559599999989, 41.288997 ], [ -122.645102600000016, 41.3251044 ], [ -122.6275945, 41.3317869 ], [ -122.5885795, 41.3273936 ], [ -122.585959, 41.3581365 ], [ -122.565839199999985, 41.3813202 ], [ -122.5708, 41.4107847 ], [ -122.595423700000012, 41.424338 ], [ -122.5959359, 41.436887399999989 ], [ -122.634363799999988, 41.4370721 ], [ -122.633421199999987, 41.3936157 ], [ -122.652671699999985, 41.3935863 ], [ -122.652616099999989, 41.365535 ], [ -122.6910208, 41.3659937 ], [ -122.706648499999986, 41.3357177 ], [ -122.744841, 41.3360578 ], [ -122.7439983, 41.3228727 ], [ -122.763139199999983, 41.3228493 ], [ -122.7633649, 41.2943324 ], [ -122.8010546, 41.2940231 ], [ -122.8010028, 41.3083918 ], [ -122.8416807, 41.3085057 ], [ -122.841948199999976, 41.3517209 ], [ -122.8725665, 41.3516161 ], [ -122.8773815, 41.3588016 ], [ -122.885446, 41.3410233 ], [ -122.9191135, 41.3366365 ], [ -122.9190669, 41.3511097 ], [ -122.9348359, 41.3512683 ], [ -122.935051, 41.3653732 ], [ -122.9540927, 41.3665276 ], [ -122.953963, 41.3809768 ], [ -122.9353155, 41.379561 ], [ -122.9349322, 41.4236068 ], [ -122.9539938, 41.4238085 ], [ -122.9544232, 41.4674282 ], [ -122.9927489, 41.4686243 ], [ -122.992920799999979, 41.4831876 ], [ -123.031522099999989, 41.4842907 ], [ -123.0313843, 41.4699483 ], [ -123.0502742, 41.47058 ], [ -123.0508858, 41.5132992 ], [ -123.0318639, 41.5129653 ], [ -123.0320111, 41.5274163 ], [ -123.05112219999998, 41.5275405 ], [ -123.0495289, 41.6853149 ], [ -123.030827399999978, 41.685515099999989 ], [ -123.030235300000015, 41.6999417 ], [ -122.8581062, 41.699904 ], [ -122.8579134, 41.6853896 ], [ -122.839049, 41.6860205 ] ], [ [ -122.698748200000011, 42.0691505 ], [ -122.6985996, 42.0544515 ], [ -122.7181694, 42.0543885 ], [ -122.7182758, 42.069001799999988 ], [ -122.698748200000011, 42.0691505 ] ], [ [ -122.739207099999987, 42.0108569 ], [ -122.7100241, 42.0327526 ], [ -122.719846599999983, 42.010871 ], [ -122.739207099999987, 42.0108569 ] ], [ [ -122.74244920000001, 42.0579947 ], [ -122.7519225, 42.0543356 ], [ -122.758424, 42.0615816 ], [ -122.74244920000001, 42.0579947 ] ] ] ] } },
{ "type": "Feature", "properties": { "name": "Lassen National Forest", "region": "05", "acres": 1488712.0, "type": "national_forest" }, "geometry": { "type": "MultiPolygon", "coordinates": [ [ [ [ -121.782018600000015, 40.2724583 ], [ -121.7817244, 40.2797227 ], [ -121.800417399999986, 40.2796434 ], [ -121.8003713, 40.3013166 ], [ -121.8194035, 40.3013374 ], [ -121.8193418, 40.3161498 ], [ -121.912688, 40.317052 ], [ -121.9120974, 40.1429419 ], [ -121.8191894, 40.1429861 ], [ -121.819191199999977, 40.1574326 ], [ -121.8003441, 40.1573582 ], [ -121.8003558, 40.1429936 ], [ -121.767660100000015, 40.1429398 ], [ -121.767916199999988, 40.10999 ], [ -121.8053379, 40.0994032 ], [ -121.80550310000001, 40.0851798 ], [ -121.8237351, 40.0851061 ], [ -121.8425398, 40.0706489 ], [ -121.8424627, 40.0561833 ], [ -121.8614077, 40.0562728 ], [ -121.861410800000016, 40.048907 ], [ -121.8425126, 40.0489286 ], [ -121.842571199999981, 40.028135299999988 ], [ -121.8071612, 40.0350213 ], [ -121.8070958, 39.9772516 ], [ -121.733309199999979, 39.9770207 ], [ -121.734824499999988, 40.0427012 ], [ -121.7064544, 40.0424614 ], [ -121.706670800000012, 40.0496474 ], [ -121.674445, 40.048930299999988 ], [ -121.6746373, 40.0418418 ], [ -121.635461899999981, 40.047637 ], [ -121.6353737, 40.0571088 ], [ -121.6510637, 40.0570676 ], [ -121.6525439, 40.0800596 ], [ -121.634001, 40.0871084 ], [ -121.6338486, 40.1013269 ], [ -121.6526387, 40.100254 ], [ -121.6524125, 40.1156158 ], [ -121.6144442, 40.1154755 ], [ -121.6144998, 40.1226474 ], [ -121.633444700000013, 40.1228747 ], [ -121.633541600000015, 40.1445428 ], [ -121.6526685, 40.1439667 ], [ -121.652238, 40.1582953 ], [ -121.6616607, 40.1579442 ], [ -121.6621828, 40.1437141 ], [ -121.688814799999989, 40.1430061 ], [ -121.707722, 40.142841499999989 ], [ -121.707172700000015, 40.157352 ], [ -121.688231, 40.1573928 ], [ -121.680229900000015, 40.1683999 ], [ -121.6868387, 40.1860611 ], [ -121.669802, 40.1866131 ], [ -121.669856, 40.2013125 ], [ -121.5767817, 40.2100552 ], [ -121.581570299999981, 40.1604607 ], [ -121.557998500000011, 40.1586975 ], [ -121.557796, 40.1438531 ], [ -121.5384453, 40.1447745 ], [ -121.538474499999978, 40.1153176 ], [ -121.5049962, 40.1153774 ], [ -121.5002443, 40.1080702 ], [ -121.5098772, 40.100723 ], [ -121.500296699999979, 40.0971378 ], [ -121.50032, 40.0712456 ], [ -121.519252099999989, 40.0713637 ], [ -121.522984, 40.0572453 ], [ -121.5227313, 39.9728992 ], [ -121.4665908, 39.9729602 ], [ -121.4667007, 39.958559 ], [ -121.4481118, 39.9586585 ], [ -121.4481697, 39.9440137 ], [ -121.4295954, 39.9439415 ], [ -121.429415800000015, 39.958558 ], [ -121.3731146, 39.9580218 ], [ -121.372978800000013, 39.9257942 ], [ -121.3413526, 39.9258829 ], [ -121.3367524, 39.9620896 ], [ -121.327340600000014, 39.9620787 ], [ -121.3132837, 39.9831562 ], [ -121.313295, 40.0048892 ], [ -121.2944764, 40.0338681 ], [ -121.275652799999975, 40.0411416 ], [ -121.268991199999988, 40.064297 ], [ -121.2348742, 40.0715203 ], [ -121.2357386, 40.1236534 ], [ -121.250175, 40.1162306 ], [ -121.2501228, 40.0869604 ], [ -121.269026599999989, 40.0869022 ], [ -121.2690534, 40.1014871 ], [ -121.2974534, 40.1013884 ], [ -121.2975247, 40.108771 ], [ -121.3259564, 40.1012214 ], [ -121.325974500000015, 40.1160767 ], [ -121.2833262, 40.1198215 ], [ -121.2785622, 40.1125147 ], [ -121.278599500000013, 40.1271447 ], [ -121.2596215, 40.1271954 ], [ -121.273894399999989, 40.1344624 ], [ -121.2835632, 40.1720643 ], [ -121.3024854, 40.1755919 ], [ -121.3025295, 40.1865068 ], [ -121.2742043, 40.1866619 ], [ -121.2696353, 40.2197113 ], [ -121.250453799999988, 40.2158265 ], [ -121.2504621, 40.2231473 ], [ -121.264829299999988, 40.2232858 ], [ -121.2695759, 40.2341662 ], [ -121.2981988, 40.2343425 ], [ -121.2838916, 40.2233419 ], [ -121.307676, 40.2233626 ], [ -121.3168437, 40.2048602 ], [ -121.32631210000001, 40.2048684 ], [ -121.326662200000015, 40.2345193 ], [ -121.346065, 40.2348898 ], [ -121.345806299999978, 40.2492486 ], [ -121.3084732, 40.2487062 ], [ -121.3082544, 40.2711818 ], [ -121.289527, 40.2702074 ], [ -121.2799985, 40.2924187 ], [ -121.270318499999988, 40.292377 ], [ -121.2697616, 40.306795 ], [ -121.2888604, 40.3069319 ], [ -121.284006800000014, 40.3180321 ], [ -121.293498499999984, 40.3180275 ], [ -121.279273100000012, 40.3217504 ], [ -121.2887036, 40.3290708 ], [ -121.2888692, 40.365447499999988 ], [ -121.2142085, 40.365753 ], [ -121.2142264, 40.3802499 ], [ -121.195015, 40.3803901 ], [ -121.194434500000014, 40.3365488 ], [ -121.1798997, 40.3255537 ], [ -121.175294099999988, 40.3363268 ], [ -121.155906399999978, 40.3366528 ], [ -121.1568457, 40.3806072 ], [ -121.042183200000011, 40.3807059 ], [ -121.0422425, 40.3662787 ], [ -121.0225072, 40.3659732 ], [ -121.022428, 40.3513925 ], [ -120.9852421, 40.3509974 ], [ -120.9852834, 40.3947774 ], [ -120.92865, 40.3952525 ], [ -120.9278993, 40.4248712 ], [ -120.9088216, 40.4246737 ], [ -120.909267199999988, 40.3223438 ], [ -120.8717792, 40.3227403 ], [ -120.871522899999988, 40.2923488 ], [ -120.8529651, 40.2925107 ], [ -120.852826499999978, 40.2779286 ], [ -120.871723, 40.277942 ], [ -120.8718594, 40.2634031 ], [ -120.8908375, 40.2635625 ], [ -120.8910479, 40.2210375 ], [ -120.9085627, 40.2210252 ], [ -120.9085629, 40.2345804 ], [ -120.965338, 40.234676 ], [ -120.970769499999989, 40.2490088 ], [ -120.9753696, 40.2418069 ], [ -120.9903081, 40.2493332 ], [ -121.0040854, 40.2344552 ], [ -121.023422, 40.234693799999988 ], [ -120.8963481, 40.190211 ], [ -120.8672385, 40.2393061 ], [ -120.8356422, 40.2459082 ], [ -120.8166436, 40.2766487 ], [ -120.7878399, 40.283667 ], [ -120.7575253, 40.3196306 ], [ -120.734444200000013, 40.3174708 ], [ -120.709175399999978, 40.2990556 ], [ -120.6939276, 40.312607 ], [ -120.6611461, 40.3084091 ], [ -120.627934599999989, 40.2860079 ], [ -120.581632, 40.2854665 ], [ -120.572415, 40.2963758 ], [ -120.5868525, 40.296896 ], [ -120.5869407, 40.307414 ], [ -120.6242153, 40.308201 ], [ -120.624339799999987, 40.3227555 ], [ -120.7549528, 40.3233027 ], [ -120.774082799999988, 40.3340779 ], [ -120.773810599999976, 40.3233253 ], [ -120.815194299999987, 40.3231379 ], [ -120.81500530000001, 40.3375695 ], [ -120.7958725, 40.3376017 ], [ -120.7956575, 40.3664351 ], [ -120.7843914, 40.3666505 ], [ -120.7848008, 40.3810806 ], [ -120.795536499999983, 40.3809602 ], [ -120.790404200000012, 40.3991174 ], [ -120.8141752, 40.4061722 ], [ -120.8141746, 40.4243145 ], [ -120.852161, 40.4242878 ], [ -120.851884, 40.438825199999989 ], [ -120.8706771, 40.4392151 ], [ -120.870608800000014, 40.4538311 ], [ -120.908811300000011, 40.4537029 ], [ -120.908958899999988, 40.4975651 ], [ -120.921667199999987, 40.4974554 ], [ -120.9215471, 40.5120289 ], [ -120.8925549, 40.5157045 ], [ -120.9020274, 40.5197588 ], [ -120.9023585, 40.5852137 ], [ -120.8199934, 40.5837128 ], [ -120.8389269, 40.5652345 ], [ -120.814738, 40.5471175 ], [ -120.7771306, 40.5469579 ], [ -120.7772329, 40.5543509 ], [ -120.758150699999987, 40.5577954 ], [ -120.7580946, 40.57013 ], [ -120.7917857, 40.5481543 ], [ -120.833326, 40.564723 ], [ -120.768298699999988, 40.6117317 ], [ -120.764275399999988, 40.6263998 ], [ -120.744019099999988, 40.6342479 ], [ -120.7622119, 40.632251 ], [ -120.768974199999974, 40.6621062 ], [ -120.791481699999977, 40.6826061 ], [ -120.786148699999984, 40.6885571 ], [ -120.7482026, 40.6839311 ], [ -120.744279, 40.6901947 ], [ -120.787152800000015, 40.6946562 ], [ -120.7869498, 40.7590033 ], [ -120.834695900000014, 40.7590234 ], [ -120.845266599999988, 40.801485899999989 ], [ -120.8642918, 40.8017611 ], [ -120.8643852, 40.8166895 ], [ -120.845249, 40.8164656 ], [ -120.8453407, 40.8458102 ], [ -120.8263493, 40.8456304 ], [ -120.826023400000011, 40.8820423 ], [ -120.960129200000011, 40.8823529 ], [ -120.960040299999974, 40.84612 ], [ -121.1508562, 40.846021 ], [ -121.1508087, 40.8751252 ], [ -121.169937499999989, 40.875815 ], [ -121.1696515, 40.8906258 ], [ -121.207138899999975, 40.8900927 ], [ -121.2067484, 40.9045991 ], [ -121.3597319, 40.905897 ], [ -121.359541799999988, 40.9131516 ], [ -121.387553799999978, 40.9131424 ], [ -121.3960956, 40.8665932 ], [ -121.4151453, 40.8665514 ], [ -121.4151434, 40.8738836 ], [ -121.43420780000001, 40.8737199 ], [ -121.4334873, 40.9058711 ], [ -121.458800299999979, 40.9057481 ], [ -121.458932499999989, 40.9280212 ], [ -121.51661, 40.9279536 ], [ -121.5165, 40.8880499 ], [ -121.53714140000001, 40.8850823 ], [ -121.53592780000001, 40.8442407 ], [ -121.5564065, 40.8413831 ], [ -121.5563486, 40.8272349 ], [ -121.6709477, 40.8269961 ], [ -121.671067, 40.7980722 ], [ -121.689991599999985, 40.7982253 ], [ -121.6902171, 40.7544737 ], [ -121.6521605, 40.7543915 ], [ -121.6518324, 40.725956 ], [ -121.6711707, 40.7256855 ], [ -121.6710602, 40.696627 ], [ -121.690120799999988, 40.6966378 ], [ -121.690074599999988, 40.6677995 ], [ -121.6733967, 40.6678418 ], [ -121.6630992, 40.6164575 ], [ -121.687813499999976, 40.6165079 ], [ -121.687122100000011, 40.5731956 ], [ -121.6533741, 40.5728538 ], [ -121.653291799999977, 40.543834 ], [ -121.634322, 40.5436732 ], [ -121.634448600000013, 40.4853494 ], [ -121.6496266, 40.4854529 ], [ -121.6490387, 40.4083734 ], [ -121.668229099999976, 40.4083303 ], [ -121.6655139, 40.3945628 ], [ -121.6468786, 40.3872449 ], [ -121.6490936, 40.3372409 ], [ -121.6679621, 40.3378633 ], [ -121.668089200000011, 40.3234122 ], [ -121.6777088, 40.3233936 ], [ -121.66818, 40.2869997 ], [ -121.6871357, 40.2835493 ], [ -121.6490084, 40.2728395 ], [ -121.649287500000014, 40.287108599999989 ], [ -121.630390800000015, 40.286924 ], [ -121.6300845, 40.272728199999989 ], [ -121.6110775, 40.2723778 ], [ -121.6110287, 40.2437821 ], [ -121.62996480000001, 40.2441457 ], [ -121.6299714, 40.2297619 ], [ -121.72470890000001, 40.2292546 ], [ -121.7249718, 40.2724454 ], [ -121.782018600000015, 40.2724583 ] ], [ [ -121.370435500000013, 40.5849654 ], [ -121.2844938, 40.5847856 ], [ -121.275277300000013, 40.54165 ], [ -121.2467602, 40.5410919 ], [ -121.2509229, 40.4238935 ], [ -121.3271092, 40.4240476 ], [ -121.351044099999982, 40.4385639 ], [ -121.3651056, 40.4278118 ], [ -121.363672399999984, 40.4092636 ], [ -121.4399444, 40.4089364 ], [ -121.4398096, 40.4235573 ], [ -121.5722182, 40.4235547 ], [ -121.571904600000011, 40.4859393 ], [ -121.5584324, 40.4857842 ], [ -121.558546299999989, 40.5144964 ], [ -121.5776119, 40.5145112 ], [ -121.5777216, 40.5507816 ], [ -121.5586844, 40.5508187 ], [ -121.558723199999974, 40.558094 ], [ -121.5394451, 40.558113299999988 ], [ -121.5347021, 40.5724275 ], [ -121.5204166, 40.5724573 ], [ -121.487404, 40.5436997 ], [ -121.463472200000012, 40.5438303 ], [ -121.463552799999988, 40.5555938 ], [ -121.4470382, 40.5559972 ], [ -121.4468959, 40.5631026 ], [ -121.3705692, 40.5631277 ], [ -121.370435500000013, 40.5849654 ] ], [ [ -121.3071969, 40.1683282 ], [ -121.3166584, 40.1537842 ], [ -121.28820420000001, 40.153922699999988 ], [ -121.283421800000013, 40.1417083 ], [ -121.3213886, 40.1501255 ], [ -121.330835900000011, 40.1646849 ], [ -121.3450251, 40.161059 ], [ -121.3308397, 40.1719533 ], [ -121.3071969, 40.1683282 ] ] ] ] } },
{ "type": "Feature", "properties": { "name": "Los Padres National Forest", "region": "05", "acres": 1970266.0, "type": "national_forest" }, "geometry": { "type": "MultiPolygon", "coordinates": [ [ [ [ -120.8022196, 35.4853099 ], [ -120.802102799999986, 35.4409384 ], [ -120.7902022, 35.4410133 ], [ -120.789922300000015, 35.4267185 ], [ -120.772746399999974, 35.4267495 ], [ -120.773509599999983, 35.411973599999989 ], [ -120.7558407, 35.4123076 ], [ -120.7553038, 35.3975587 ], [ -120.7361669, 35.3968067 ], [ -120.7366991, 35.3823388 ], [ -120.7188253, 35.3823257 ], [ -120.7189884, 35.3681219 ], [ -120.6839939, 35.3683388 ], [ -120.684082, 35.3536879 ], [ -120.6306228, 35.338767 ], [ -120.630976, 35.3229341 ], [ -120.6132512, 35.3229331 ], [ -120.613331300000013, 35.3084013 ], [ -120.5957756, 35.3086652 ], [ -120.5959128, 35.2797916 ], [ -120.5594613, 35.2798445 ], [ -120.5595104, 35.2651897 ], [ -120.54160659999998, 35.2651417 ], [ -120.5416405, 35.2797175 ], [ -120.524015799999987, 35.2795705 ], [ -120.523694299999974, 35.2194362 ], [ -120.4875887, 35.2195301 ], [ -120.4875806, 35.2342499 ], [ -120.4704157, 35.2341948 ], [ -120.4705999, 35.21971 ], [ -120.41854739999998, 35.2218265 ], [ -120.418630100000016, 35.2494311 ], [ -120.3677286, 35.2499191 ], [ -120.3655228, 35.2349575 ], [ -120.3434638, 35.2352286 ], [ -120.343636499999988, 35.2279482 ], [ -120.3305647, 35.2315583 ], [ -120.330971499999976, 35.2209746 ], [ -120.314042699999987, 35.2210267 ], [ -120.313804499999989, 35.1785131 ], [ -120.242914399999989, 35.178681 ], [ -120.24320130000001, 35.1207762 ], [ -120.312917699999986, 35.120857799999989 ], [ -120.3104574, 35.0929534 ], [ -120.278553800000012, 35.0929454 ], [ -120.2784263, 35.0793247 ], [ -120.2604557, 35.0788922 ], [ -120.2615314, 35.0645138 ], [ -120.2090163, 35.064486 ], [ -120.2090173, 35.0788077 ], [ -120.191854899999981, 35.0790302 ], [ -120.1918448, 35.0642654 ], [ -120.139778799999974, 35.0644488 ], [ -120.1401641, 35.0064859 ], [ -120.191665500000013, 35.0073118 ], [ -120.192387699999983, 34.8966506 ], [ -120.0211957, 34.8375644 ], [ -120.065431100000012, 34.7715399 ], [ -120.000930699999984, 34.7206572 ], [ -119.9837281, 34.7201182 ], [ -119.9831809, 34.6781125 ], [ -119.9511319, 34.6777647 ], [ -119.9517298, 34.6636257 ], [ -119.847556699999984, 34.661991 ], [ -119.7991534, 34.6354368 ], [ -119.763089099999974, 34.5989534 ], [ -119.79804870000001, 34.5568686 ], [ -119.8213675, 34.543321399999989 ], [ -119.8494118, 34.5390037 ], [ -119.917799, 34.5493805 ], [ -119.9710342, 34.572153 ], [ -119.9711132, 34.553704 ], [ -120.0689974, 34.5323042 ], [ -120.1555922, 34.538093 ], [ -120.15598150000001, 34.5235536 ], [ -120.1908594, 34.523457199999989 ], [ -120.22078, 34.4951532 ], [ -120.0611645, 34.4936308 ], [ -120.0616194, 34.5008457 ], [ -119.9620657, 34.4944768 ], [ -119.9620916, 34.4686062 ], [ -119.7410588, 34.4718674 ], [ -119.732201799999984, 34.4611655 ], [ -119.5663475, 34.450736899999988 ], [ -119.566367799999981, 34.4254937 ], [ -119.521921, 34.425173 ], [ -119.4825207, 34.410690099999989 ], [ -119.464819600000013, 34.4142644 ], [ -119.440187600000016, 34.3945635 ], [ -119.3771851, 34.3917377 ], [ -119.369138, 34.421686799999989 ], [ -119.2883723, 34.4669878 ], [ -119.162665499999989, 34.4626056 ], [ -119.1622895, 34.4479912 ], [ -119.1126916, 34.4516202 ], [ -119.112375599999979, 34.4370469 ], [ -119.077529199999987, 34.436939 ], [ -119.0600175, 34.4223758 ], [ -118.9553564, 34.422483 ], [ -118.9550414, 34.444034 ], [ -118.9376027, 34.444401 ], [ -118.936813500000014, 34.4684908 ], [ -118.7711588, 34.4677892 ], [ -118.7659446, 34.4825885 ], [ -118.7123937, 34.5155941 ], [ -118.7130927, 34.5475766 ], [ -118.7305312, 34.5476026 ], [ -118.7306569, 34.5593348 ], [ -118.7482297, 34.5593552 ], [ -118.7488111, 34.6078407 ], [ -118.795749, 34.6435371 ], [ -118.7960237, 34.6520244 ], [ -118.8135623, 34.6559791 ], [ -118.8381819, 34.7069125 ], [ -118.8645699, 34.7143477 ], [ -118.8732129, 34.7301263 ], [ -118.890813099999988, 34.7301902 ], [ -118.8906898, 34.7448814 ], [ -118.908218799999986, 34.7593823 ], [ -118.8901637, 34.7741846 ], [ -118.907587, 34.7887703 ], [ -118.9064376, 34.883767899999988 ], [ -118.933432299999978, 34.8838824 ], [ -118.941433699999976, 34.8696311 ], [ -118.9587546, 34.8696464 ], [ -118.9589144, 34.8840451 ], [ -118.9766898, 34.884005099999989 ], [ -118.9766506, 34.8976822 ], [ -119.0650582, 34.8976189 ], [ -119.0650771, 34.905224 ], [ -119.453279200000011, 34.9013116 ], [ -119.453321800000012, 34.8801475 ], [ -119.470877699999988, 34.8802072 ], [ -119.4708587, 34.8546425 ], [ -119.4886404, 34.855239 ], [ -119.488727, 34.8479573 ], [ -119.4532818, 34.8510273 ], [ -119.453269600000013, 34.8292524 ], [ -119.435656900000012, 34.829252 ], [ -119.43640139999998, 34.7773902 ], [ -119.4536814, 34.7775886 ], [ -119.453612799999988, 34.7923532 ], [ -119.471276, 34.7926909 ], [ -119.4712739, 34.8158192 ], [ -119.496748200000013, 34.8158277 ], [ -119.505629399999975, 34.8411871 ], [ -119.549583399999989, 34.840015699999988 ], [ -119.5497867, 34.8543106 ], [ -119.567192799999987, 34.8549655 ], [ -119.566737, 34.8688499 ], [ -119.6577854, 34.8693774 ], [ -119.6579287, 34.8548796 ], [ -119.6754708, 34.8548924 ], [ -119.6753571, 34.8838947 ], [ -119.728315200000011, 34.8842102 ], [ -119.728270099999989, 34.8914757 ], [ -119.7634493, 34.8985413 ], [ -119.764593, 34.911359 ], [ -119.7989521, 34.9124011 ], [ -119.799049099999976, 34.9264617 ], [ -119.869904599999984, 34.9351042 ], [ -119.8699608, 34.9423161 ], [ -119.8878794, 34.94246 ], [ -119.8880237, 34.956961 ], [ -119.924171699999988, 34.9574294 ], [ -119.9244756, 34.972189 ], [ -119.941919499999983, 34.9723338 ], [ -119.9420661, 34.9866885 ], [ -119.959683399999975, 34.9867144 ], [ -119.9596936, 35.0013545 ], [ -119.9772883, 35.0013427 ], [ -119.9772611, 35.0159843 ], [ -119.992927299999977, 35.0167673 ], [ -120.0099765, 35.0540019 ], [ -120.0843358, 35.1059975 ], [ -120.006271699999985, 35.091614 ], [ -120.0062437, 35.1040444 ], [ -119.987801800000014, 35.1034032 ], [ -119.987731, 35.1763885 ], [ -120.1122113, 35.177548 ], [ -120.1125746, 35.1918454 ], [ -120.0950985, 35.1917492 ], [ -120.094852, 35.2209004 ], [ -120.112579, 35.2209054 ], [ -120.112494, 35.2354267 ], [ -120.1303439, 35.235483 ], [ -120.130352899999977, 35.264628699999989 ], [ -120.165981399999978, 35.2645689 ], [ -120.1658372, 35.3231018 ], [ -120.20159, 35.3228725 ], [ -120.201911599999988, 35.3522629 ], [ -120.2372463, 35.3526733 ], [ -120.237378, 35.3817465 ], [ -120.2548109, 35.3817138 ], [ -120.2552169, 35.3963157 ], [ -120.3083152, 35.4037109 ], [ -120.308941, 35.4407475 ], [ -120.4335204, 35.4405291 ], [ -120.437089899999989, 35.3959756 ], [ -120.3989662, 35.3914545 ], [ -120.398918299999977, 35.3769056 ], [ -120.3810025, 35.3770215 ], [ -120.380786599999979, 35.3625697 ], [ -120.3621628, 35.3621586 ], [ -120.362093, 35.3477746 ], [ -120.3444507, 35.3475513 ], [ -120.34418239999998, 35.33288 ], [ -120.3264903, 35.3323068 ], [ -120.326309099999975, 35.31804 ], [ -120.3078071, 35.3171203 ], [ -120.3077847, 35.305456 ], [ -120.2899678, 35.3054362 ], [ -120.2900187, 35.2904899 ], [ -120.4187114, 35.2863264 ], [ -120.4978055, 35.2947083 ], [ -120.5757663, 35.3530157 ], [ -120.6123959, 35.3533628 ], [ -120.611981700000015, 35.3688456 ], [ -120.6463812, 35.3691307 ], [ -120.6644188, 35.3969334 ], [ -120.646696, 35.3967094 ], [ -120.64712489999998, 35.4185772 ], [ -120.6830754, 35.4185003 ], [ -120.6827123, 35.4299912 ], [ -120.706021299999989, 35.4406762 ], [ -120.7483801, 35.4438313 ], [ -120.7499731, 35.4612191 ], [ -120.8022196, 35.4853099 ] ], [ [ -120.2969086, 35.2249882 ], [ -120.2969088, 35.2177359 ], [ -120.305744, 35.2211891 ], [ -120.2969086, 35.2249882 ] ] ] ] } },
{ "type": "Feature", "properties": { "name": "Mendocino National Forest", "region": "05", "acres": 1073580.0, "type": "national_forest" }, "geometry": { "type": "MultiPolygon", "coordinates": [ [ [ [ -122.220127699999978, 40.1788371 ], [ -122.215596300000016, 40.1648528 ], [ -122.215292300000016, 40.1647317 ], [ -122.220127699999978, 40.1788371 ] ] ], [ [ [ -123.098807199999982, 40.1378618 ], [ -123.1236721, 40.1406234 ], [ -123.149375, 40.0972585 ], [ -123.185296, 40.0886747 ], [ -123.1881395, 40.0787586 ], [ -123.171390699999989, 40.0560508 ], [ -123.1514853, 40.0560301 ], [ -123.156185900000011, 40.0268903 ], [ -123.175009100000011, 40.0232825 ], [ -123.1655908, 40.0123983 ], [ -123.1467524, 40.0124104 ], [ -123.151794700000011, 39.9688516 ], [ -123.1419989, 39.9689142 ], [ -123.1418295, 39.9469117 ], [ -123.1218203, 39.926644599999989 ], [ -123.122742800000012, 39.8927515 ], [ -123.0765288, 39.8872996 ], [ -123.0790933, 39.7570474 ], [ -123.060395, 39.7495538 ], [ -123.0600997, 39.7279902 ], [ -123.0610316, 39.6845307 ], [ -123.0797006, 39.6848043 ], [ -123.080492, 39.6270407 ], [ -123.0161194, 39.6272428 ], [ -123.015967300000014, 39.5822522 ], [ -123.157548, 39.5760992 ], [ -123.167573600000011, 39.5189195 ], [ -123.148796499999989, 39.5186444 ], [ -123.149118, 39.4971256 ], [ -123.1302634, 39.4966289 ], [ -123.139358799999982, 39.4681867 ], [ -123.120401699999988, 39.4606258 ], [ -123.1245725, 39.4306514 ], [ -123.0932182, 39.4218041 ], [ -123.0379543, 39.422861 ], [ -123.038838500000011, 39.3713142 ], [ -123.057366500000015, 39.3713615 ], [ -123.056662, 39.3218464 ], [ -123.0193371, 39.3216251 ], [ -123.0201626, 39.2778706 ], [ -123.005667500000015, 39.2780632 ], [ -123.0036797, 39.2568884 ], [ -122.9664891, 39.2501642 ], [ -122.966584200000014, 39.2354053 ], [ -122.9848975, 39.2350728 ], [ -122.9848465, 39.2208626 ], [ -122.9667342, 39.2209298 ], [ -122.9666451, 39.2069439 ], [ -122.893362799999977, 39.2070512 ], [ -122.8927878, 39.1925556 ], [ -122.8549748, 39.1925957 ], [ -122.8554028, 39.1572492 ], [ -122.836699199999984, 39.156602 ], [ -122.8368242, 39.1420838 ], [ -122.803786899999977, 39.1405105 ], [ -122.799775700000012, 39.112479 ], [ -122.7833468, 39.1123581 ], [ -122.782155300000014, 39.0985346 ], [ -122.7625282, 39.0989123 ], [ -122.7600659, 39.0710695 ], [ -122.7040587, 39.0705954 ], [ -122.7034969, 39.114338 ], [ -122.666634499999986, 39.1135418 ], [ -122.66707289999998, 39.0996361 ], [ -122.6292628, 39.0990378 ], [ -122.6293966, 39.1127159 ], [ -122.5930954, 39.1114204 ], [ -122.5936978, 39.1403983 ], [ -122.6476422, 39.1414304 ], [ -122.6475728, 39.1570618 ], [ -122.6651819, 39.1574354 ], [ -122.6654628, 39.1719855 ], [ -122.6826829, 39.172236399999989 ], [ -122.6833354, 39.1907968 ], [ -122.647754800000016, 39.1905287 ], [ -122.6476811, 39.1716235 ], [ -122.577244, 39.1701467 ], [ -122.5768192, 39.1897551 ], [ -122.5439198, 39.1896636 ], [ -122.5450487, 39.319205 ], [ -122.5637064, 39.3192248 ], [ -122.563056, 39.3479394 ], [ -122.580209700000012, 39.3492906 ], [ -122.5810279, 39.450937 ], [ -122.599635400000011, 39.4509761 ], [ -122.6062829, 39.5372541 ], [ -122.615255, 39.5371397 ], [ -122.616690600000013, 39.6172322 ], [ -122.606936499999989, 39.6171569 ], [ -122.6084189, 39.639008 ], [ -122.589279799999986, 39.646193 ], [ -122.590215, 39.7124914 ], [ -122.6080481, 39.7123114 ], [ -122.607784400000014, 39.7268982 ], [ -122.5890872, 39.7269163 ], [ -122.5885786, 39.7995257 ], [ -122.6075198, 39.7994137 ], [ -122.6077804, 39.8286465 ], [ -122.625570599999989, 39.8284924 ], [ -122.6252199, 39.8432493 ], [ -122.6629032, 39.8431052 ], [ -122.6629019, 39.873316 ], [ -122.643686699999989, 39.8724241 ], [ -122.6466459, 39.9146078 ], [ -122.664781499999989, 39.9154413 ], [ -122.6658015, 40.0563068 ], [ -122.819172599999987, 40.0559473 ], [ -122.8184371, 40.0696251 ], [ -122.7627187, 40.0703844 ], [ -122.7622496, 40.0921092 ], [ -122.780612, 40.0900241 ], [ -122.7805107, 40.0828712 ], [ -122.8173156, 40.084158 ], [ -122.817685399999988, 40.0972186 ], [ -122.8592454, 40.109345 ], [ -122.866294599999975, 40.095696 ], [ -122.951554500000015, 40.0773547 ], [ -122.9676227, 40.0880623 ], [ -122.9687384, 40.1391482 ], [ -122.9942596, 40.1451371 ], [ -123.062017200000014, 40.1322164 ], [ -123.0775211, 40.1484706 ], [ -123.098807199999982, 40.1378618 ] ] ] ] } },
{ "type": "Feature", "properties": { "name": "Mt. Hood National Forest", "region": "06", "acres": 1060160.0, "type": "national_forest" }, "geometry": { "type": "MultiPolygon", "coordinates": [ [ [ [ -122.273500899999974, 45.1431648 ], [ -122.2734472, 45.1286623 ], [ -122.2530333, 45.1286988 ], [ -122.2530348, 45.1142226 ], [ -122.273544, 45.1141711 ], [ -122.2735333, 45.0997063 ], [ -122.2530363, 45.0997464 ], [ -122.2531496, 45.0543381 ], [ -122.229684599999985, 45.0579742 ], [ -122.23477960000001, 45.0398411 ], [ -122.2245804, 45.0362281 ], [ -122.2531592, 45.0398973 ], [ -122.253116799999987, 45.0254217 ], [ -122.2347888, 45.0108635 ], [ -122.20417350000001, 45.0070872 ], [ -122.2042324, 44.9827291 ], [ -122.2353107, 44.9608101 ], [ -122.2482968, 44.9020641 ], [ -122.260334499999985, 44.8986831 ], [ -122.1997426, 44.8793433 ], [ -122.2077296, 44.86491 ], [ -122.1348007, 44.865269 ], [ -122.1396698, 44.8267269 ], [ -122.0882167, 44.8373879 ], [ -122.0576508, 44.8348619 ], [ -122.0136321, 44.8493995 ], [ -122.016123899999982, 44.8383071 ], [ -121.9944444, 44.8204431 ], [ -121.9646509, 44.8157278 ], [ -121.944959399999973, 44.8227918 ], [ -121.923542, 44.8065983 ], [ -121.8635525, 44.8102866 ], [ -121.815468799999977, 44.7714469 ], [ -121.7885828, 44.7644574 ], [ -121.7194055, 45.1547674 ], [ -121.4678587, 45.1034591 ], [ -121.4617235, 45.114314 ], [ -121.4414791, 45.1144338 ], [ -121.4407043, 45.1721429 ], [ -121.3588494, 45.1720827 ], [ -121.358385, 45.2445822 ], [ -121.338144700000015, 45.2447283 ], [ -121.338097099999985, 45.2592695 ], [ -121.2971968, 45.2589314 ], [ -121.297108600000016, 45.3312479 ], [ -121.3176256, 45.3310509 ], [ -121.3178888, 45.3455583 ], [ -121.3586675, 45.3456673 ], [ -121.3588497, 45.3746563 ], [ -121.343764899999982, 45.3747312 ], [ -121.333283200000011, 45.3856265 ], [ -121.338560099999981, 45.396367 ], [ -121.297254, 45.4014777 ], [ -121.29202380000001, 45.4217688 ], [ -121.358527099999989, 45.4077226 ], [ -121.35926929999998, 45.4758587 ], [ -121.4004356, 45.4759992 ], [ -121.4006673, 45.4902521 ], [ -121.4208481, 45.490447599999989 ], [ -121.421073399999983, 45.5194083 ], [ -121.482403100000013, 45.519604699999988 ], [ -121.4823374, 45.54905 ], [ -121.505533299999982, 45.5489185 ], [ -121.5064789, 45.5781363 ], [ -121.52728470000001, 45.5781049 ], [ -121.526993099999984, 45.563900499999988 ], [ -121.5473052, 45.5634419 ], [ -121.546718500000011, 45.4599103 ], [ -121.566414, 45.4598865 ], [ -121.56694490000001, 45.446131 ], [ -121.5868886, 45.4464242 ], [ -121.586424900000011, 45.4320741 ], [ -121.6067791, 45.4319564 ], [ -121.606379499999989, 45.5197099 ], [ -121.756788, 45.5204143 ], [ -121.756817200000015, 45.5767012 ], [ -121.730993399999988, 45.5782437 ], [ -121.7308047, 45.5924488 ], [ -121.6505868, 45.5909173 ], [ -121.6505675, 45.606912 ], [ -121.7004236, 45.6071579 ], [ -121.699533699999989, 45.634195299999988 ], [ -121.6762464, 45.6488518 ], [ -121.6479503, 45.6491579 ], [ -121.648056, 45.663645699999989 ], [ -121.718266, 45.6625599 ], [ -121.7511883, 45.6475491 ], [ -121.7467342, 45.6683694 ], [ -121.7704351, 45.6523389 ], [ -121.8080294, 45.676970399999988 ], [ -121.8333721, 45.6683964 ], [ -121.859981800000014, 45.6381867 ], [ -121.870147299999985, 45.644611 ], [ -121.8705381, 45.6365091 ], [ -121.8953943, 45.6307794 ], [ -121.8767044, 45.5987607 ], [ -121.909647599999985, 45.6292571 ], [ -121.9253708, 45.6147643 ], [ -121.9443615, 45.615082799999989 ], [ -121.941449599999984, 45.5987118 ], [ -121.9815772, 45.5901806 ], [ -121.986847, 45.5759957 ], [ -122.0221888, 45.5756296 ], [ -122.0326922, 45.5505303 ], [ -122.0532796, 45.5504714 ], [ -122.0533595, 45.5398126 ], [ -122.083458900000011, 45.5264938 ], [ -122.125420299999988, 45.540082 ], [ -122.126448, 45.4749058 ], [ -122.167377, 45.475618 ], [ -122.168293800000015, 45.4318823 ], [ -122.209406500000014, 45.4322571 ], [ -122.209132099999977, 45.4180183 ], [ -122.1270835, 45.417699299999988 ], [ -122.1272665, 45.403399199999988 ], [ -122.00400350000001, 45.403791 ], [ -122.004027, 45.3894051 ], [ -121.9838119, 45.389563599999981 ], [ -121.983861499999989, 45.3679969 ], [ -121.9215216, 45.375525499999988 ], [ -121.9227611, 45.3607029 ], [ -121.9429448, 45.3608468 ], [ -121.9519454, 45.3281895 ], [ -121.942509199999989, 45.327528199999989 ], [ -121.9424439, 45.316483 ], [ -121.9832996, 45.324866 ], [ -121.9838416, 45.3390969 ], [ -122.003846, 45.331190299999989 ], [ -122.0042041, 45.3445381 ], [ -122.1272792, 45.3447614 ], [ -122.127459, 45.2477596 ], [ -122.147944, 45.247842 ], [ -122.12742990000001, 45.2441599 ], [ -122.1274114, 45.2297615 ], [ -122.189189899999988, 45.230029 ], [ -122.1890536, 45.2444262 ], [ -122.2302245, 45.2442937 ], [ -122.2300058, 45.229966 ], [ -122.250201, 45.229695299999989 ], [ -122.250213799999983, 45.1716462 ], [ -122.273541, 45.1716652 ], [ -122.273606199999989, 45.157660799999988 ], [ -122.29415539999998, 45.1574886 ], [ -122.2941894, 45.143105399999989 ], [ -122.273500899999974, 45.1431648 ] ], [ [ -122.273555, 45.1576672 ], [ -122.2531949, 45.1575727 ], [ -122.2531142, 45.1431357 ], [ -122.273500899999974, 45.1431648 ], [ -122.273555, 45.1576672 ] ] ] ] } },
{ "type": "Feature", "properties": { "name": "Umatilla National Forest", "region": "06", "acres": 1498101.0, "type": "national_forest" }, "geometry": { "type": "MultiPolygon", "coordinates": [ [ [ [ -118.015188199999983, 45.6601683 ], [ -117.99442, 45.6599828 ], [ -117.994082299999988, 45.6890441 ], [ -117.953635100000014, 45.6892903 ], [ -117.953078600000012, 45.7036863 ], [ -117.9323893, 45.7037823 ], [ -117.9319555, 45.7579139 ], [ -117.911057700000015, 45.7613968 ], [ -117.910689600000012, 45.7879591 ], [ -117.8698662, 45.788153199999982 ], [ -117.8697629, 45.7614654 ], [ -117.8089711, 45.7611646 ], [ -117.8089133, 45.7538669 ], [ -117.774496200000016, 45.7472384 ], [ -117.760784699999988, 45.7577702 ], [ -117.74976190000001, 45.7984505 ], [ -117.7407273, 45.7990901 ], [ -117.753620500000011, 45.820352099999987 ], [ -117.742342900000011, 45.8471031 ], [ -117.674834199999978, 45.881002 ], [ -117.625591699999987, 45.8622925 ], [ -117.625433199999989, 45.8903806 ], [ -117.6043288, 45.905055 ], [ -117.5837129, 45.9048912 ], [ -117.5840004, 45.9192628 ], [ -117.499723399999979, 45.9190754 ], [ -117.4996271, 45.941339299999989 ], [ -117.4738227, 45.944771599999989 ], [ -117.4995882, 45.9493041 ], [ -117.5100649, 45.9734267 ], [ -117.5464139, 45.9806802 ], [ -117.5419959, 46.0227538 ], [ -117.459347099999988, 46.0298295 ], [ -117.459272200000015, 46.0440901 ], [ -117.376560200000014, 46.0442763 ], [ -117.376690599999975, 46.073096 ], [ -117.3564809, 46.073046399999988 ], [ -117.3566983, 46.0887184 ], [ -117.2522088, 46.089114 ], [ -117.250609399999988, 46.1412224 ], [ -117.2612613, 46.1485791 ], [ -117.3348823, 46.1491205 ], [ -117.3361114, 46.206617 ], [ -117.3569087, 46.2066713 ], [ -117.356870199999989, 46.1953027 ], [ -117.382785, 46.195311599999989 ], [ -117.362057400000012, 46.1988967 ], [ -117.362076300000012, 46.206651 ], [ -117.377896, 46.2065888 ], [ -117.3779144, 46.2211217 ], [ -117.356942600000011, 46.221083799999988 ], [ -117.356771099999975, 46.2574768 ], [ -117.398587, 46.2611396 ], [ -117.3567547, 46.261113899999984 ], [ -117.3567752, 46.2793344 ], [ -117.461462399999988, 46.2791738 ], [ -117.4613686, 46.2646839 ], [ -117.482335, 46.2648503 ], [ -117.4821867, 46.2788523 ], [ -117.497671499999981, 46.27889 ], [ -117.4926884, 46.2942633 ], [ -117.6387849, 46.2941564 ], [ -117.6690762, 46.2509462 ], [ -117.725912, 46.2257765 ], [ -117.7259254, 46.2330043 ], [ -117.6794267, 46.2508907 ], [ -117.6593754, 46.2868132 ], [ -117.664624, 46.2941277 ], [ -117.7378814, 46.2950149 ], [ -117.7384255, 46.2510346 ], [ -117.7595257, 46.250905 ], [ -117.7593917, 46.2360262 ], [ -117.8020445, 46.2362648 ], [ -117.8032998, 46.1639834 ], [ -117.866366, 46.1637073 ], [ -117.867214299999986, 46.1205219 ], [ -117.9293909, 46.1203771 ], [ -117.9301798, 46.0918421 ], [ -117.9712482, 46.0913647 ], [ -117.9719083, 46.0629792 ], [ -117.9932766, 46.0636223 ], [ -117.993107099999989, 46.0337937 ], [ -118.013187699999975, 46.0340343 ], [ -118.013906100000014, 46.0200442 ], [ -118.0544375, 46.0205384 ], [ -118.0578609, 45.9878343 ], [ -118.0997391, 45.979139499999988 ], [ -118.110344, 45.9630894 ], [ -118.1000629, 45.9629611 ], [ -118.1029514, 45.9488082 ], [ -118.0721293, 45.9464549 ], [ -118.071767799999975, 45.925038 ], [ -118.0830403, 45.925077099999989 ], [ -118.0820974, 45.8892527 ], [ -118.1024964, 45.8894877 ], [ -118.102791, 45.8607218 ], [ -118.1121063, 45.8607276 ], [ -118.117782199999979, 45.8350034 ], [ -118.127299299999976, 45.8349832 ], [ -118.1282277, 45.7736528 ], [ -118.2009157, 45.773626299999989 ], [ -118.2117595, 45.7663491 ], [ -118.2117373, 45.7372903 ], [ -118.2527752, 45.7374929 ], [ -118.252685, 45.7303806 ], [ -118.3237351, 45.7101279 ], [ -118.3952593, 45.5730315 ], [ -118.3732473, 45.5733889 ], [ -118.3502779, 45.5585934 ], [ -118.3498434, 45.5294788 ], [ -118.372845599999977, 45.5296301 ], [ -118.3666814, 45.471571 ], [ -118.384032800000014, 45.4715492 ], [ -118.378851700000013, 45.4571635 ], [ -118.3663729, 45.464374 ], [ -118.361214100000012, 45.4544807 ], [ -118.324969700000011, 45.4582134 ], [ -118.3353445, 45.4436869 ], [ -118.303665, 45.443739 ], [ -118.299949199999986, 45.4230538 ], [ -118.257253, 45.4341577 ], [ -118.227696, 45.4279715 ], [ -118.2275482, 45.4484243 ], [ -118.2020688, 45.4517202 ], [ -118.1926594, 45.4716717 ], [ -118.1596662, 45.4930884 ], [ -118.076548599999981, 45.4999985 ], [ -118.0760434, 45.5146073 ], [ -118.097740800000011, 45.5145632 ], [ -118.097706, 45.587255 ], [ -117.994360499999985, 45.5871474 ], [ -117.994346600000014, 45.6017162 ], [ -118.0098088, 45.6016875 ], [ -118.015188199999983, 45.6601683 ] ], [ [ -117.3882452, 46.2465775 ], [ -117.372583100000014, 46.2465947 ], [ -117.372687, 46.2356934 ], [ -117.398724699999974, 46.2320195 ], [ -117.3882452, 46.2465775 ] ], [ [ -117.5568345, 45.9552953 ], [ -117.5567284, 45.9662255 ], [ -117.5360195, 45.969846499999989 ], [ -117.5206947, 45.9517142 ], [ -117.530968800000011, 45.9480723 ], [ -117.536115799999976, 45.9553328 ], [ -117.5568345, 45.9552953 ] ], [ [ -117.5786582, 45.9301631 ], [ -117.5629654, 45.9301349 ], [ -117.578698, 45.922879699999989 ], [ -117.5786582, 45.9301631 ] ], [ [ -117.7168068, 46.2116271 ], [ -117.706522400000011, 46.205723 ], [ -117.7169484, 46.204645299999989 ], [ -117.7168068, 46.2116271 ] ] ] ] } },
{ "type": "Feature", "properties": { "name": "Umpqua National Forest", "region": "06", "acres": 1035837.0, "type": "national_forest" }, "geometry": { "type": "MultiPolygon", "coordinates": [ [ [ [ -122.9225665, 42.9165814 ], [ -122.9621639, 42.9240608 ], [ -122.9621789, 42.9167925 ], [ -122.981068, 42.9168016 ], [ -123.0128931, 42.8421292 ], [ -123.0523026, 42.84914 ], [ -123.0716302, 42.8417872 ], [ -123.0716485, 42.8272499 ], [ -123.091269, 42.8271435 ], [ -123.0911512, 42.8126235 ], [ -123.0811965, 42.8129789 ], [ -123.088314, 42.7377051 ], [ -123.0483986, 42.734467 ], [ -122.9901786, 42.7523019 ], [ -122.9902843, 42.7378596 ], [ -122.952507700000012, 42.7379896 ], [ -122.9511682, 42.7496387 ], [ -122.9319211, 42.749716 ], [ -122.933117, 42.7380183 ], [ -122.8736593, 42.7380912 ], [ -122.8734543, 42.774510899999989 ], [ -122.8531709, 42.7655304 ], [ -122.8339719, 42.7826604 ], [ -122.8106818, 42.773442 ], [ -122.7947797, 42.7782204 ], [ -122.7800439, 42.8183658 ], [ -122.760869899999975, 42.8266003 ], [ -122.766085100000012, 42.8452772 ], [ -122.7427062, 42.8505896 ], [ -122.7430229, 42.8623692 ], [ -122.696879900000013, 42.8868227 ], [ -122.5938693, 42.9017043 ], [ -122.5926619, 42.9162659 ], [ -122.564017299999989, 42.9266964 ], [ -122.547556399999976, 42.9450795 ], [ -122.488229799999985, 42.9555907 ], [ -122.4773303, 43.0031467 ], [ -122.453138099999975, 43.0290358 ], [ -122.45805, 43.056848699999989 ], [ -122.3891958, 43.0987623 ], [ -122.3511157, 43.1074495 ], [ -122.335922599999989, 43.0981774 ], [ -122.2732227, 43.133172099999989 ], [ -122.2538139, 43.1197695 ], [ -122.2255429, 43.1214998 ], [ -122.1970595, 43.1112767 ], [ -122.1793837, 43.0888291 ], [ -122.090707200000011, 43.0888548 ], [ -122.038987899999981, 43.1914 ], [ -122.0406971, 43.2180819 ], [ -122.002326, 43.2344712 ], [ -121.9742606, 43.261694 ], [ -122.007652799999974, 43.2881684 ], [ -121.999414, 43.3088971 ], [ -122.0159703, 43.3238079 ], [ -122.0081743, 43.3372119 ], [ -122.02174909999998, 43.3620762 ], [ -122.0336606, 43.3566707 ], [ -122.0323361, 43.3686449 ], [ -122.066450800000013, 43.3963948 ], [ -122.1052861, 43.3801172 ], [ -122.132809399999985, 43.3786175 ], [ -122.1467088, 43.3920689 ], [ -122.201500099999976, 43.4059627 ], [ -122.2314003, 43.3812147 ], [ -122.300492299999974, 43.3634605 ], [ -122.3385917, 43.3650494 ], [ -122.3456419, 43.3559894 ], [ -122.4050862, 43.3869857 ], [ -122.421582099999981, 43.3802394 ], [ -122.438450300000014, 43.3981518 ], [ -122.4781506, 43.4042951 ], [ -122.479286099999982, 43.4144742 ], [ -122.462395199999989, 43.4209775 ], [ -122.4494052, 43.4423145 ], [ -122.4756013, 43.4569703 ], [ -122.482931, 43.4788246 ], [ -122.5148022, 43.4811635 ], [ -122.492765800000015, 43.5157164 ], [ -122.5647342, 43.5805603 ], [ -122.5290185, 43.6221121 ], [ -122.5395964, 43.6341213 ], [ -122.5652444, 43.6399963 ], [ -122.5682838, 43.7076961 ], [ -122.5911475, 43.7202845 ], [ -122.595418599999988, 43.7440531 ], [ -122.673511600000012, 43.7976992 ], [ -122.695188699999989, 43.7906017 ], [ -122.7270069, 43.7954258 ], [ -122.7447331, 43.7847424 ], [ -122.7514027, 43.5583813 ], [ -122.7819629, 43.5372136 ], [ -122.7762714, 43.5234092 ], [ -122.741892, 43.5164156 ], [ -122.7408977, 43.3499126 ], [ -122.7607413, 43.3499556 ], [ -122.761087499999988, 43.3606699 ], [ -122.795716, 43.3715811 ], [ -122.800534500000012, 43.364285699999989 ], [ -122.8737799, 43.3641384 ], [ -122.872027, 43.2429072 ], [ -122.951592, 43.2427388 ], [ -122.95155840000001, 43.23557 ], [ -122.9317839, 43.2357192 ], [ -122.931739400000012, 43.1763569 ], [ -122.9918111, 43.1697261 ], [ -122.992115, 43.1263971 ], [ -123.011595899999989, 43.126403 ], [ -123.011520199999978, 43.1128466 ], [ -122.9919776, 43.1128411 ], [ -122.991885599999989, 43.0983865 ], [ -122.952416599999978, 43.0982778 ], [ -122.942575499999975, 43.0910505 ], [ -122.922368400000011, 43.0300481 ], [ -122.9124822, 43.0300448 ], [ -122.912398599999989, 43.0047077 ], [ -122.8827571, 43.004667 ], [ -122.8828, 42.9754133 ], [ -122.902928300000013, 42.9754052 ], [ -122.9028798, 42.9644776 ], [ -122.8829148, 42.9608219 ], [ -122.8829879, 42.9460929 ], [ -122.9028342, 42.946097699999989 ], [ -122.902856, 42.9312705 ], [ -122.9225762, 42.9312908 ], [ -122.9225665, 42.9165814 ] ] ] ] } },
{ "type": "Feature", "properties": { "name": "Wallowa-Whitman National Forest", "region": "06", "acres": 2525293.0, "type": "national_forest" }, "geometry": { "type": "MultiPolygon", "coordinates": [ [ [ [ -117.3556335, 45.861635799999988 ], [ -117.416505199999989, 45.8615777 ], [ -117.416246300000012, 45.8530744 ], [ -117.3951373, 45.8532784 ], [ -117.395400599999988, 45.8386046 ], [ -117.4784055, 45.8381525 ], [ -117.478641299999978, 45.8527752 ], [ -117.5018327, 45.8526161 ], [ -117.5011705, 45.6923649 ], [ -117.4743462, 45.6922475 ], [ -117.4801931, 45.670516 ], [ -117.433424, 45.6631055 ], [ -117.4280545, 45.677707 ], [ -117.443287200000015, 45.6813572 ], [ -117.442671800000014, 45.6922314 ], [ -117.3646095, 45.6922644 ], [ -117.3648662, 45.6775343 ], [ -117.291091, 45.6772604 ], [ -117.2911134, 45.662577 ], [ -117.270669, 45.6624876 ], [ -117.270807300000016, 45.6117693 ], [ -117.2499332, 45.6118519 ], [ -117.2498948, 45.6046641 ], [ -117.1655065, 45.604713 ], [ -117.165445499999976, 45.6338259 ], [ -117.1345522, 45.6339857 ], [ -117.134626399999974, 45.6926077 ], [ -117.160170699999981, 45.692563299999989 ], [ -117.1660038, 45.7072577 ], [ -117.1245396, 45.707231 ], [ -117.124666600000012, 45.7218392 ], [ -116.9999709, 45.7268289 ], [ -116.999681899999985, 45.6905432 ], [ -116.9493113, 45.6899745 ], [ -116.938812200000015, 45.682567299999988 ], [ -116.9389963, 45.6897864 ], [ -116.8769066, 45.6891828 ], [ -116.8768508, 45.6528573 ], [ -116.817109499999987, 45.6517814 ], [ -116.8066914, 45.5584615 ], [ -116.8771449, 45.5587472 ], [ -116.878087799999989, 45.4953838 ], [ -116.919348500000012, 45.4963001 ], [ -116.919287099999977, 45.4814362 ], [ -116.939769, 45.4808987 ], [ -116.9403789, 45.423910899999989 ], [ -116.9609875, 45.4244133 ], [ -116.9703872, 45.3949988 ], [ -116.8989147, 45.395319 ], [ -116.8987771, 45.3810144 ], [ -116.9192655, 45.3807227 ], [ -116.9193349, 45.3661406 ], [ -116.940044, 45.3659597 ], [ -116.939959699999974, 45.3514689 ], [ -117.0017911, 45.3511126 ], [ -117.0020578, 45.2933524 ], [ -117.022474100000011, 45.2932007 ], [ -117.022434800000013, 45.271443399999988 ], [ -117.1249525, 45.2712021 ], [ -117.1249226, 45.2783695 ], [ -117.1600613, 45.2790242 ], [ -117.176821, 45.2893908 ], [ -117.1761716, 45.2787725 ], [ -117.2226348, 45.2643002 ], [ -117.2176598, 45.300219399999989 ], [ -117.2428066, 45.3001903 ], [ -117.2610033, 45.3217868 ], [ -117.2763404, 45.3218587 ], [ -117.286638199999985, 45.336251399999988 ], [ -117.317549699999987, 45.3488763 ], [ -117.3175101, 45.3599655 ], [ -117.3328652, 45.3521195 ], [ -117.332885199999978, 45.3817204 ], [ -117.369142199999985, 45.3817843 ], [ -117.364386, 45.3961323 ], [ -117.385048399999974, 45.3960362 ], [ -117.3798784, 45.4069415 ], [ -117.415704799999986, 45.4106729 ], [ -117.415699, 45.3961372 ], [ -117.436389399999982, 45.396093 ], [ -117.435128, 45.4413689 ], [ -117.4806414, 45.4419799 ], [ -117.4800907, 45.4712386 ], [ -117.5011458, 45.4749469 ], [ -117.5011115, 45.4825085 ], [ -117.5064702, 45.471587 ], [ -117.5422706, 45.471607 ], [ -117.5524008, 45.4790558 ], [ -117.5422106, 45.4825135 ], [ -117.562556299999983, 45.4862254 ], [ -117.5622279, 45.5006021 ], [ -117.603749, 45.5005928 ], [ -117.60382079999998, 45.5150632 ], [ -117.747414800000016, 45.5145486 ], [ -117.7476964, 45.4276901 ], [ -117.8295716, 45.4275985 ], [ -117.8294365, 45.3980752 ], [ -117.80921, 45.3984614 ], [ -117.808680400000014, 45.3549449 ], [ -117.777998799999978, 45.3476748 ], [ -117.7779874, 45.3260518 ], [ -117.747199400000014, 45.3112637 ], [ -117.7468533, 45.2835244 ], [ -117.733725, 45.2799812 ], [ -117.733679099999989, 45.2658998 ], [ -117.7047081, 45.2519909 ], [ -117.693614599999989, 45.2233794 ], [ -117.6833901, 45.2232322 ], [ -117.684551200000016, 45.1805824 ], [ -117.6742509, 45.1805631 ], [ -117.6737071, 45.162477599999988 ], [ -117.70417350000001, 45.1518515 ], [ -117.703793300000015, 45.1374258 ], [ -117.6731205, 45.1450703 ], [ -117.6626116, 45.1230861 ], [ -117.652639799999989, 45.1304712 ], [ -117.6426941, 45.1161167 ], [ -117.660266, 45.1176239 ], [ -117.7037257, 45.101134699999989 ], [ -117.693699699999982, 45.101210599999987 ], [ -117.6938508, 45.0829846 ], [ -117.6736011, 45.0794682 ], [ -117.668418199999977, 45.0904763 ], [ -117.6458212, 45.0795211 ], [ -117.6458793, 45.0508167 ], [ -117.6255678, 45.0504159 ], [ -117.625272400000014, 45.0216291 ], [ -117.594022200000012, 45.021736 ], [ -117.5945318, 44.9928538 ], [ -117.584365600000012, 44.9928577 ], [ -117.5744031, 44.9492759 ], [ -117.5642881, 44.9419774 ], [ -117.4510388, 44.9341207 ], [ -117.4428485, 44.8904265 ], [ -117.4017501, 44.8903885 ], [ -117.4013041, 44.9196803 ], [ -117.391110399999974, 44.919666 ], [ -117.384533100000013, 44.9057814 ], [ -117.3739512, 44.9054621 ], [ -117.374772100000015, 44.8912065 ], [ -117.3455771, 44.8839819 ], [ -117.345630899999975, 44.8765285 ], [ -117.2258746, 44.877104 ], [ -117.226063200000013, 44.8627368 ], [ -117.2053614, 44.8628766 ], [ -117.204447300000012, 44.8480808 ], [ -117.1433528, 44.8484193 ], [ -117.149063799999979, 44.8808401 ], [ -117.1643493, 44.8991207 ], [ -117.1898294, 44.9057903 ], [ -117.185119499999985, 44.9497277 ], [ -117.1238323, 44.9430798 ], [ -117.1237597, 44.9284678 ], [ -116.9663427, 44.9350335 ], [ -116.9663129, 44.9457966 ], [ -116.9562573, 44.9350056 ], [ -116.9013712, 44.9349343 ], [ -116.901484599999989, 44.9940878 ], [ -116.881149799999974, 45.013798699999988 ], [ -116.880442, 45.064559 ], [ -116.860449899999978, 45.0642288 ], [ -116.8603461, 45.0786696 ], [ -116.8398512, 45.0782355 ], [ -116.8398676, 45.0936453 ], [ -116.7989872, 45.0936453 ], [ -116.798992399999989, 45.1081235 ], [ -116.756744399999988, 45.1115494 ], [ -116.7298456, 45.1417158 ], [ -116.7001026, 45.2443129 ], [ -116.635406599999982, 45.2588363 ], [ -116.6343436, 45.2220256 ], [ -116.6130066, 45.2063092 ], [ -116.6169501, 45.1538543 ], [ -116.5849777, 45.1526519 ], [ -116.565925600000014, 45.1410069 ], [ -116.5570402, 45.14536 ], [ -116.55635070000001, 45.1650192 ], [ -116.5322052, 45.1860551 ], [ -116.5213394, 45.2473707 ], [ -116.541026099999982, 45.290042799999988 ], [ -116.5251753, 45.294241899999989 ], [ -116.5247768, 45.306589099999989 ], [ -116.4962054, 45.3261865 ], [ -116.5087345, 45.3485288 ], [ -116.4818685, 45.3884402 ], [ -116.4739737, 45.4421158 ], [ -116.4602879, 45.4626562 ], [ -116.4416405, 45.4701999 ], [ -116.4507725, 45.5007135 ], [ -116.423150399999983, 45.513251 ], [ -116.4086295, 45.5550586 ], [ -116.378640899999979, 45.5790581 ], [ -116.3905618, 45.6074481 ], [ -116.3791548, 45.6184939 ], [ -116.3808695, 45.6421754 ], [ -116.3983592, 45.6745546 ], [ -116.4278701, 45.6928426 ], [ -116.4167139, 45.7139417 ], [ -116.5348367, 45.7130764 ], [ -116.5246059, 45.7384122 ], [ -116.5920054, 45.7853833 ], [ -116.6587522, 45.783143599999988 ], [ -116.705379400000012, 45.8304398 ], [ -116.777252100000013, 45.8265414 ], [ -116.7823991, 45.859105799999988 ], [ -116.8574869, 45.9099295 ], [ -116.8734615, 45.9770511 ], [ -116.909142, 45.9956763 ], [ -116.999994699999988, 45.9968994 ], [ -116.9999826, 45.9802206 ], [ -116.9740825, 45.971118499999989 ], [ -116.979284499999977, 45.9494742 ], [ -117.00002090000001, 45.9494756 ], [ -116.999855, 45.9196238 ], [ -117.123816499999975, 45.9196189 ], [ -117.1237542, 45.9056452 ], [ -117.186151200000012, 45.9056266 ], [ -117.1862794, 45.8909192 ], [ -117.2070583, 45.891043 ], [ -117.2070488, 45.8764096 ], [ -117.2278837, 45.8765899 ], [ -117.228067799999977, 45.8617245 ], [ -117.261338900000013, 45.8603928 ], [ -117.266388600000013, 45.8312464 ], [ -117.256109099999989, 45.831210299999988 ], [ -117.2511573, 45.780311 ], [ -117.333780300000015, 45.7802072 ], [ -117.3340779, 45.8094426 ], [ -117.3749222, 45.809636399999988 ], [ -117.374981, 45.8459578 ], [ -117.370381, 45.8387336 ], [ -117.3499672, 45.845998099999989 ], [ -117.339488300000014, 45.8313898 ], [ -117.3556335, 45.861635799999988 ] ], [ [ -117.3613536, 45.3759133 ], [ -117.3457697, 45.3759722 ], [ -117.3614199, 45.368745 ], [ -117.3613536, 45.3759133 ] ], [ [ -117.390162499999988, 45.3960945 ], [ -117.40038220000001, 45.3961488 ], [ -117.395249299999989, 45.4033777 ], [ -117.390162499999988, 45.3960945 ] ], [ [ -117.6227785, 45.101306799999982 ], [ -117.622727699999984, 45.0940751 ], [ -117.63276110000001, 45.0977642 ], [ -117.6227785, 45.101306799999982 ] ], [ [ -117.6731802, 45.152273699999988 ], [ -117.6630025, 45.1487465 ], [ -117.6679708, 45.1379063 ], [ -117.6731802, 45.152273699999988 ] ] ] ] } },
{ "type": "Feature", "properties": { "name": "Okanogan-Wenatchee National Forest", "region": "06", "acres": 3858129.0, "type": "national_forest" }, "geometry": { "type": "MultiPolygon", "coordinates": [ [ [ [ -121.2067676, 47.190761699999989 ], [ -121.2175377, 47.1767227 ], [ -121.260191800000015, 47.1764748 ], [ -121.2599456, 47.1910282 ], [ -121.280678599999987, 47.191044299999987 ], [ -121.2800176, 47.2486624 ], [ -121.264905399999989, 47.2487834 ], [ -121.2798217, 47.2549249 ], [ -121.25634, 47.2487852 ], [ -121.2798017, 47.2574188 ], [ -121.2384972, 47.248558 ], [ -121.2384293, 47.2615331 ], [ -121.153467, 47.2610911 ], [ -121.1536653, 47.2342465 ], [ -121.1330251, 47.2340786 ], [ -121.129022399999982, 47.2208043 ], [ -121.1118898, 47.2229099 ], [ -121.1115628, 47.2484265 ], [ -121.1011095, 47.2483527 ], [ -121.1114481, 47.255646 ], [ -121.1008053, 47.2608064 ], [ -121.0851787, 47.2374376 ], [ -121.0678605, 47.24275 ], [ -121.055961899999986, 47.2336296 ], [ -121.0632546, 47.2606324 ], [ -121.0195903, 47.260462 ], [ -121.0199886, 47.2894492 ], [ -120.998893, 47.2893797 ], [ -120.9989268, 47.3037961 ], [ -120.9828221, 47.2963823 ], [ -120.982758600000011, 47.3037016 ], [ -120.9564385, 47.3035906 ], [ -120.9563938, 47.3178302 ], [ -120.914288200000016, 47.3177868 ], [ -120.914235, 47.3322692 ], [ -120.8513685, 47.3321559 ], [ -120.8513066, 47.3466471 ], [ -120.8300946, 47.3430123 ], [ -120.8300965, 47.3322049 ], [ -120.8087918, 47.3321819 ], [ -120.8089228, 47.2597712 ], [ -120.7726949, 47.2599228 ], [ -120.7726886, 47.2475088 ], [ -120.73546850000001, 47.2474674 ], [ -120.735579, 47.2330398 ], [ -120.708949300000015, 47.229261699999988 ], [ -120.6823134, 47.2474165 ], [ -120.698469500000016, 47.2185543 ], [ -120.6451946, 47.2185602 ], [ -120.6453129, 47.204299299999988 ], [ -120.6772718, 47.204313 ], [ -120.66657690000001, 47.1934768 ], [ -120.6878995, 47.1970139 ], [ -120.6878772, 47.1897423 ], [ -120.645338299999977, 47.1898564 ], [ -120.6456044, 47.175432 ], [ -120.5179771, 47.1754363 ], [ -120.5132531, 47.1901599 ], [ -120.4920243, 47.1899713 ], [ -120.4918816, 47.2046862 ], [ -120.513510400000015, 47.204618 ], [ -120.513199899999989, 47.2191267 ], [ -120.4919519, 47.2189423 ], [ -120.491985899999975, 47.2334046 ], [ -120.5132474, 47.233652199999987 ], [ -120.512405, 47.248216899999989 ], [ -120.5018725, 47.2479966 ], [ -120.5120498, 47.2604343 ], [ -120.428035599999987, 47.2604502 ], [ -120.4282983, 47.2481544 ], [ -120.4070231, 47.2481741 ], [ -120.4066587, 47.2608276 ], [ -120.38740030000001, 47.2609433 ], [ -120.3874106, 47.2753691 ], [ -120.3665916, 47.2753152 ], [ -120.387631399999975, 47.2895791 ], [ -120.3879624, 47.346887799999983 ], [ -120.4312323, 47.347029299999988 ], [ -120.4319895, 47.3803603 ], [ -120.4100343, 47.3766445 ], [ -120.43229860000001, 47.3914358 ], [ -120.4156176, 47.3915107 ], [ -120.409598699999989, 47.4361982 ], [ -120.4312844, 47.4359124 ], [ -120.4314083, 47.4503403 ], [ -120.452888699999988, 47.4503338 ], [ -120.4528601, 47.4356651 ], [ -120.4961827, 47.4351306 ], [ -120.496176800000015, 47.4799533 ], [ -120.5434115, 47.4744783 ], [ -120.5433193, 47.484761899999988 ], [ -120.563782, 47.4811177 ], [ -120.5537967, 47.4527211 ], [ -120.585443, 47.4524203 ], [ -120.584891699999986, 47.466518699999988 ], [ -120.605842, 47.4666882 ], [ -120.606238199999979, 47.495303199999988 ], [ -120.6257863, 47.5100941 ], [ -120.634063399999974, 47.5064498 ], [ -120.627158, 47.481232399999989 ], [ -120.6489681, 47.4815648 ], [ -120.6362636, 47.510058699999988 ], [ -120.6479776, 47.5170621 ], [ -120.6363039, 47.5170515 ], [ -120.625574, 47.5386739 ], [ -120.6474354, 47.5533694 ], [ -120.6906666, 47.5535058 ], [ -120.6905766, 47.568063699999989 ], [ -120.6796564, 47.5680097 ], [ -120.679270300000013, 47.6133454 ], [ -120.654686699999985, 47.6131377 ], [ -120.6528878, 47.6795095 ], [ -120.6420805, 47.6761204 ], [ -120.6418425, 47.6832108 ], [ -120.6527325, 47.6867545 ], [ -120.6521184, 47.701341899999989 ], [ -120.631051199999987, 47.7012552 ], [ -120.6334364, 47.6131016 ], [ -120.602971599999989, 47.6131753 ], [ -120.603670299999976, 47.5825363 ], [ -120.5823103, 47.5823354 ], [ -120.5826195, 47.5678227 ], [ -120.518008099999989, 47.5673916 ], [ -120.5181843, 47.545704099999988 ], [ -120.453219499999989, 47.5377462 ], [ -120.4528976, 47.5305716 ], [ -120.4425665, 47.5377745 ], [ -120.3890285, 47.5388399 ], [ -120.3892847, 47.5241641 ], [ -120.325753, 47.5286882 ], [ -120.3277342, 47.5675241 ], [ -120.283158199999988, 47.5677228 ], [ -120.2824146, 47.5823328 ], [ -120.260615, 47.5791459 ], [ -120.25907380000001, 47.612508399999989 ], [ -120.283341900000011, 47.612222 ], [ -120.2837224, 47.6417967 ], [ -120.327179199999989, 47.6415263 ], [ -120.3274192, 47.6564924 ], [ -120.3488578, 47.6566344 ], [ -120.3465071, 47.7094294 ], [ -120.3576127, 47.7073715 ], [ -120.365645199999989, 47.7236338 ], [ -120.386676799999989, 47.7232823 ], [ -120.3650828, 47.7273463 ], [ -120.3748496, 47.7308456 ], [ -120.3717854, 47.7604755 ], [ -120.339936600000016, 47.7607405 ], [ -120.338906, 47.7680371 ], [ -120.3048936, 47.7644088 ], [ -120.319768199999984, 47.7610002 ], [ -120.3215289, 47.7463554 ], [ -120.3418505, 47.746036 ], [ -120.3438478, 47.7313335 ], [ -120.323012299999988, 47.7317897 ], [ -120.3246766, 47.7172507 ], [ -120.2990739, 47.7164438 ], [ -120.2818187, 47.730744699999988 ], [ -120.282945500000011, 47.7198065 ], [ -120.3038998, 47.7129444 ], [ -120.304621399999988, 47.7019424 ], [ -120.2841715, 47.701145199999985 ], [ -120.2826619, 47.7159663 ], [ -120.261497100000014, 47.7158455 ], [ -120.2609471, 47.7317062 ], [ -120.245338300000014, 47.7306576 ], [ -120.2396675, 47.7152728 ], [ -120.229286, 47.715225 ], [ -120.2350207, 47.7382067 ], [ -120.2174794, 47.7693413 ], [ -120.2384183, 47.7788376 ], [ -120.248582200000016, 47.7736549 ], [ -120.2481902, 47.7813439 ], [ -120.2167732, 47.7732862 ], [ -120.215645899999984, 47.789008599999981 ], [ -120.2052049, 47.7809618 ], [ -120.1995511, 47.7887923 ], [ -120.1727391, 47.7890481 ], [ -120.167527299999989, 47.781972499999981 ], [ -120.167192, 47.7926323 ], [ -120.1458992, 47.7889549 ], [ -120.1725585, 47.8107708 ], [ -120.183376, 47.8071989 ], [ -120.1889619, 47.8362052 ], [ -120.2049771, 47.836199099999988 ], [ -120.2048832, 47.8144833 ], [ -120.17801, 47.7927004 ], [ -120.210178299999981, 47.7927677 ], [ -120.215663800000016, 47.8652821 ], [ -120.2368581, 47.87186 ], [ -120.2368932, 47.8784249 ], [ -120.214691800000011, 47.87859 ], [ -120.2365117, 47.8930024 ], [ -120.2363978, 47.9076044 ], [ -120.2153432, 47.9075407 ], [ -120.2156776, 47.9609354 ], [ -120.1450947, 47.9606889 ], [ -120.1295084, 47.944831199999989 ], [ -120.1256918, 47.9606738 ], [ -120.109545299999979, 47.9606231 ], [ -120.1096394, 47.9489732 ], [ -120.1257959, 47.944851799999988 ], [ -120.109642499999978, 47.9414469 ], [ -120.1203554, 47.9341224 ], [ -120.1095636, 47.9305953 ], [ -120.0987716, 47.9307073 ], [ -120.1042322, 47.9527794 ], [ -120.072038599999985, 47.960658 ], [ -120.082483099999976, 47.9308554 ], [ -120.0450826, 47.9309047 ], [ -120.0399071, 47.9201181 ], [ -120.0559088, 47.9236905 ], [ -120.056143, 47.9164665 ], [ -120.0345201, 47.916536299999983 ], [ -120.034508499999987, 47.9237289 ], [ -120.0183216, 47.9237617 ], [ -120.011935200000011, 47.9891792 ], [ -119.96984639999998, 47.989236899999987 ], [ -119.9589724, 47.9677681 ], [ -119.926907799999981, 47.9677267 ], [ -119.9271443, 48.0254933 ], [ -119.9488027, 48.0255514 ], [ -119.9483792, 48.0482507 ], [ -119.971846399999976, 48.0483369 ], [ -119.9716219, 48.0628272 ], [ -120.02545, 48.0774616 ], [ -120.025072400000013, 48.1207766 ], [ -120.0358921, 48.1208636 ], [ -120.0361066, 48.1354978 ], [ -120.068598400000013, 48.1356034 ], [ -120.0793742, 48.1646392 ], [ -120.1228613, 48.1647241 ], [ -120.1224169, 48.193891099999988 ], [ -120.1327718, 48.1938325 ], [ -120.1329767, 48.2226942 ], [ -120.1433545, 48.222732799999989 ], [ -120.143543, 48.2809046 ], [ -120.122583400000011, 48.280884199999988 ], [ -120.1222427, 48.3026989 ], [ -120.100556199999986, 48.3027283 ], [ -120.100876399999976, 48.3378514 ], [ -120.144248100000013, 48.3378966 ], [ -120.144131, 48.3524359 ], [ -120.1605224, 48.3634599 ], [ -120.1714234, 48.3634898 ], [ -120.165967200000011, 48.3526137 ], [ -120.187542900000011, 48.3526268 ], [ -120.187713699999975, 48.3671321 ], [ -120.209525899999988, 48.3671644 ], [ -120.2094899, 48.3815616 ], [ -120.2528224, 48.3816834 ], [ -120.2528694, 48.3963277 ], [ -120.2312211, 48.3962909 ], [ -120.2311501, 48.4252 ], [ -120.252719899999988, 48.425253 ], [ -120.263205, 48.48342 ], [ -120.29572, 48.483511 ], [ -120.29561, 48.51243 ], [ -120.31741, 48.52689 ], [ -120.33939, 48.52692 ], [ -120.3501899, 48.5560697 ], [ -120.38289, 48.55636 ], [ -120.38316, 48.57066 ], [ -120.33947, 48.5707 ], [ -120.317499699999985, 48.534155 ], [ -120.27357, 48.53415 ], [ -120.2734916, 48.551933299999988 ], [ -120.262832, 48.55561 ], [ -120.27344, 48.555605 ], [ -120.27333, 48.57005 ], [ -120.14298, 48.57002 ], [ -120.14342, 48.51093 ], [ -120.12269, 48.51085 ], [ -120.12281, 48.49662 ], [ -120.10056, 48.4961301 ], [ -120.0843745, 48.456964299999989 ], [ -120.0572041, 48.4533487 ], [ -120.0351711, 48.4316606 ], [ -120.0189425, 48.4390217 ], [ -120.035222599999983, 48.4280161 ], [ -120.035272600000013, 48.4099798 ], [ -120.0134667, 48.4099833 ], [ -120.0134724, 48.3954296 ], [ -119.971533600000015, 48.3953438 ], [ -119.9715827, 48.3591517 ], [ -120.0135488, 48.3591291 ], [ -120.0135382, 48.2951968 ], [ -120.035258, 48.2952095 ], [ -120.0353111, 48.2807489 ], [ -120.0569696, 48.2808996 ], [ -120.0570636, 48.251616399999989 ], [ -120.035562399999989, 48.251639399999988 ], [ -120.0355693, 48.237147899999989 ], [ -120.0139389, 48.2369139 ], [ -120.0139175, 48.2212294 ], [ -119.8843893, 48.2214309 ], [ -119.884530399999989, 48.3082822 ], [ -119.873643800000011, 48.3082619 ], [ -119.873649700000016, 48.3372305 ], [ -119.8845162, 48.3372103 ], [ -119.884318900000011, 48.417162 ], [ -119.863846599999974, 48.431285699999989 ], [ -119.8202667, 48.4312549 ], [ -119.820331, 48.439846899999985 ], [ -119.847384100000014, 48.4379264 ], [ -119.865332200000012, 48.45806 ], [ -119.8745166, 48.4987517 ], [ -119.895709399999987, 48.4986059 ], [ -119.9442387, 48.5300172 ], [ -119.9616184, 48.58321 ], [ -119.944204899999988, 48.6003036 ], [ -119.951011600000015, 48.610229 ], [ -119.9363889, 48.611865 ], [ -119.946086099999988, 48.6206034 ], [ -119.9812037, 48.6205944 ], [ -119.980847, 48.635252799999989 ], [ -119.962905599999985, 48.645632 ], [ -119.982865600000011, 48.6772077 ], [ -119.971790199999987, 48.7031691 ], [ -119.998886399999975, 48.7160149 ], [ -120.0102463, 48.7495586 ], [ -120.057337300000015, 48.755912099999989 ], [ -120.0365425, 48.7722961 ], [ -120.046708700000011, 48.780076 ], [ -120.002397499999987, 48.805007599999989 ], [ -119.9918511, 48.8336511 ], [ -120.021107199999989, 48.8701404 ], [ -120.0176209, 48.8944906 ], [ -120.0001239, 48.9086668 ], [ -120.011062200000012, 48.9100847 ], [ -120.011275, 48.926938299999989 ], [ -120.0440281, 48.969895699999988 ], [ -120.0270884, 48.978008 ], [ -120.0243664, 48.9994401 ], [ -121.0194902, 49.0001205 ], [ -121.0033888, 48.9714607 ], [ -120.9804482, 48.9623449 ], [ -120.9771503, 48.9172919 ], [ -120.9589808, 48.8869682 ], [ -120.9933232, 48.868758799999988 ], [ -120.9903035, 48.8420491 ], [ -121.0062024, 48.825195699999981 ], [ -121.01052, 48.7907322 ], [ -120.9626099, 48.727542799999988 ], [ -120.9596454, 48.681660099999988 ], [ -120.922701, 48.6616193 ], [ -120.9291816, 48.6273237 ], [ -120.865324500000014, 48.6009701 ], [ -120.856211500000015, 48.5791319 ], [ -120.825303300000016, 48.5644817 ], [ -120.8099181, 48.5147148 ], [ -120.7705935, 48.5078557 ], [ -120.74882740000001, 48.4853984 ], [ -120.654349700000012, 48.4858638 ], [ -120.631888199999977, 48.469363199999989 ], [ -120.6686568, 48.4498125 ], [ -120.651214599999975, 48.43662 ], [ -120.650608199999979, 48.39777 ], [ -120.6219481, 48.3987208 ], [ -120.5631394, 48.3723216 ], [ -120.5599804, 48.3606984 ], [ -120.5894459, 48.3229045 ], [ -120.5617752, 48.3156866 ], [ -120.5451842, 48.2901127 ], [ -120.5742935, 48.2687272 ], [ -120.618148799999986, 48.266501 ], [ -120.6128784, 48.2581196 ], [ -120.6239742, 48.2520517 ], [ -120.6273541, 48.2639607 ], [ -120.6411155, 48.2527062 ], [ -120.653261199999989, 48.258443299999989 ], [ -120.688106099999985, 48.2467186 ], [ -120.6974863, 48.2857877 ], [ -120.683561, 48.3095882 ], [ -120.70070410000001, 48.3188847 ], [ -120.73108, 48.3165366 ], [ -120.7319785, 48.3447677 ], [ -120.7530892, 48.33598929999998 ], [ -120.7648441, 48.3483142 ], [ -120.800706, 48.3386408 ], [ -120.820280699999984, 48.3561798 ], [ -120.8519676, 48.360737 ], [ -120.874665100000016, 48.4074804 ], [ -120.8959608, 48.4014011 ], [ -120.905480799999978, 48.3876132 ], [ -120.9567194, 48.3919249 ], [ -120.9571266, 48.4323571 ], [ -121.025903099999979, 48.4337376 ], [ -121.0424784, 48.4306453 ], [ -121.0415868, 48.4112003 ], [ -121.062372400000015, 48.4054414 ], [ -121.0620039, 48.3794135 ], [ -121.040527, 48.3485056 ], [ -121.069674, 48.3388159 ], [ -121.0717253, 48.3175433 ], [ -121.0031286, 48.2988565 ], [ -121.0119527, 48.2795198 ], [ -120.9594409, 48.2276793 ], [ -120.9643458, 48.210867 ], [ -120.9192738, 48.1909973 ], [ -120.906663499999979, 48.1647887 ], [ -120.9546095, 48.1523484 ], [ -120.9649423, 48.133999499999987 ], [ -120.9472872, 48.1128108 ], [ -120.97238, 48.1086264 ], [ -121.0157581, 48.0749251 ], [ -121.096610899999988, 48.0645389 ], [ -121.1528876, 48.040856 ], [ -121.1170052, 47.9998341 ], [ -121.165054699999985, 47.9560143 ], [ -121.180728599999981, 47.8981173 ], [ -121.1670253, 47.8795264 ], [ -121.157263, 47.882225 ], [ -121.1535769, 47.8453234 ], [ -121.1131385, 47.8297144 ], [ -121.0701386, 47.830146 ], [ -121.1205479, 47.7837487 ], [ -121.110370100000011, 47.7580193 ], [ -121.0939972, 47.7584711 ], [ -121.079109099999982, 47.7392292 ], [ -121.0873729, 47.7284292 ], [ -121.0668222, 47.7065743 ], [ -121.0903231, 47.7028642 ], [ -121.1287902, 47.6762488 ], [ -121.133707500000014, 47.6456521 ], [ -121.11312070000001, 47.6190001 ], [ -121.119594, 47.5913451 ], [ -121.172124700000012, 47.5901882 ], [ -121.1801541, 47.564863 ], [ -121.229073, 47.5655146 ], [ -121.2426052, 47.5360478 ], [ -121.2919382, 47.5134727 ], [ -121.3121552, 47.4791695 ], [ -121.338597799999988, 47.4763255 ], [ -121.3792369, 47.4543396 ], [ -121.3820998, 47.4391638 ], [ -121.3565056, 47.4297428 ], [ -121.359729699999988, 47.4013004 ], [ -121.3763017, 47.40124 ], [ -121.402653, 47.3724941 ], [ -121.448750699999977, 47.3688145 ], [ -121.4641787, 47.3542767 ], [ -121.4306007, 47.3347166 ], [ -121.445260199999979, 47.3098957 ], [ -121.4269312, 47.288801 ], [ -121.372113399999989, 47.2850792 ], [ -121.361661, 47.2918337 ], [ -121.3414572, 47.2816346 ], [ -121.332223599999978, 47.256983899999987 ], [ -121.3606815, 47.2405385 ], [ -121.365163, 47.224383599999989 ], [ -121.3111134, 47.2075731 ], [ -121.3061363, 47.187847 ], [ -121.31793279999998, 47.1736452 ], [ -121.29751730000001, 47.1486108 ], [ -121.3156454, 47.1338349 ], [ -121.3649209, 47.1417061 ], [ -121.4058896, 47.120881 ], [ -121.402639799999989, 47.0982939 ], [ -121.3768735, 47.0904068 ], [ -121.374348499999982, 47.0566689 ], [ -121.4002317, 47.0335893 ], [ -121.407283, 46.9981237 ], [ -121.446097099999989, 46.9800757 ], [ -121.442057399999982, 46.972897 ], [ -121.457407, 46.964220499999989 ], [ -121.456237, 46.923872 ], [ -121.49633390000001, 46.908898 ], [ -121.5226158, 46.8734432 ], [ -121.4955235, 46.8627721 ], [ -121.474265699999975, 46.8203366 ], [ -121.4430736, 46.7934378 ], [ -121.455152399999989, 46.7805645 ], [ -121.4423846, 46.758422 ], [ -121.424548699999988, 46.7567929 ], [ -121.429307, 46.7392287 ], [ -121.4067736, 46.7270003 ], [ -121.3689133, 46.726026399999988 ], [ -121.3527209, 46.712179 ], [ -121.379826, 46.7022941 ], [ -121.376959, 46.6861916 ], [ -121.3993596, 46.6879843 ], [ -121.4130763, 46.6758621 ], [ -121.4157261, 46.6510518 ], [ -121.3948722, 46.6461137 ], [ -121.38735, 46.6195346 ], [ -121.4080371, 46.6019931 ], [ -121.407102099999989, 46.5810916 ], [ -121.424848399999973, 46.5701036 ], [ -121.412496599999983, 46.5581694 ], [ -121.4167797, 46.5476457 ], [ -121.4521884, 46.5363732 ], [ -121.4562172, 46.514375899999983 ], [ -121.3802832, 46.4679317 ], [ -121.3184714, 46.4549742 ], [ -121.2707265, 46.4689041 ], [ -121.270698, 46.4889098 ], [ -121.2109829, 46.5108171 ], [ -121.2092506, 46.5539418 ], [ -121.1567569, 46.5539506 ], [ -121.1567355, 46.5644324 ], [ -121.116416899999976, 46.5642951 ], [ -121.1164827, 46.5788781 ], [ -121.0851516, 46.5787494 ], [ -121.0747078, 46.6077028 ], [ -121.0537503, 46.607658099999988 ], [ -121.0430391, 46.6367742 ], [ -121.011775, 46.6367018 ], [ -121.012418, 46.651192699999989 ], [ -120.887315799999982, 46.6518593 ], [ -120.8877429, 46.7397077 ], [ -121.013555, 46.739847399999988 ], [ -121.013455600000015, 46.8265605 ], [ -120.9907184, 46.8303174 ], [ -120.9907536, 46.884545 ], [ -121.0135674, 46.8846701 ], [ -121.0132413, 46.9113514 ], [ -120.99040020000001, 46.9112897 ], [ -120.9908771, 46.8990527 ], [ -120.948534, 46.8986884 ], [ -120.9483922, 46.8699661 ], [ -120.9274138, 46.8699941 ], [ -120.9274523, 46.8267242 ], [ -120.8853566, 46.8267117 ], [ -120.8856421, 46.9112449 ], [ -120.89815440000001, 46.9172759 ], [ -120.899796400000014, 47.1021298 ], [ -120.8898502, 47.1021719 ], [ -120.8897914, 47.1166997 ], [ -120.8999172, 47.1166204 ], [ -120.9001359, 47.1461816 ], [ -121.027882, 47.1467876 ], [ -121.0277517, 47.1613996 ], [ -121.0911999, 47.1611822 ], [ -121.091137, 47.1759473 ], [ -121.112070099999983, 47.1759095 ], [ -121.153899400000014, 47.2051392 ], [ -121.175029, 47.2051717 ], [ -121.1749936, 47.190782 ], [ -121.2067676, 47.190761699999989 ] ], [ [ -121.153839100000013, 47.1906591 ], [ -121.1542041, 47.1762866 ], [ -121.175318899999979, 47.176341099999988 ], [ -121.1749936, 47.190782 ], [ -121.153839100000013, 47.1906591 ] ], [ [ -120.220910100000012, 47.8073542 ], [ -120.2262686, 47.7927829 ], [ -120.2479839, 47.792884099999988 ], [ -120.2478549, 47.807372 ], [ -120.2316541, 47.8000662 ], [ -120.2316745, 47.8109496 ], [ -120.220910100000012, 47.8073542 ] ], [ [ -120.258681399999986, 47.8046813 ], [ -120.2590662, 47.7898606 ], [ -120.2783411, 47.7899099 ], [ -120.278140600000015, 47.8047306 ], [ -120.258681399999986, 47.8046813 ] ], [ [ -120.3679388, 47.8419199 ], [ -120.3675171, 47.8345583 ], [ -120.3995949, 47.8346282 ], [ -120.3999594, 47.8420558 ], [ -120.3679388, 47.8419199 ] ], [ [ -120.4223286, 47.8481395 ], [ -120.4041957, 47.8410674 ], [ -120.3991694, 47.8273027 ], [ -120.376698199999979, 47.8271782 ], [ -120.3753666, 47.8049211 ], [ -120.409511199999983, 47.8083649 ], [ -120.377517199999986, 47.775216099999987 ], [ -120.393968699999988, 47.7754243 ], [ -120.3901489, 47.7863744 ], [ -120.4306829, 47.8192748 ], [ -120.4223286, 47.8481395 ] ], [ [ -120.3612241, 47.7753735 ], [ -120.3597415, 47.760883 ], [ -120.372072399999979, 47.760806 ], [ -120.37209750000001, 47.7752991 ], [ -120.3612241, 47.7753735 ] ], [ [ -120.412852, 47.7009921 ], [ -120.410306800000015, 47.7158723 ], [ -120.376828699999976, 47.7197731 ], [ -120.390819799999989, 47.701010599999989 ], [ -120.412852, 47.7009921 ] ], [ [ -120.369866, 47.671408 ], [ -120.3700447, 47.656501299999988 ], [ -120.380710900000011, 47.6564619 ], [ -120.38062570000001, 47.6714067 ], [ -120.369866, 47.671408 ] ] ] ] } },
{ "type": "Feature", "properties": { "name": "Willamette National Forest", "region": "06", "acres": 1801292.0, "type": "national_forest" }, "geometry": { "type": "MultiPolygon", "coordinates": [ [ [ [ -122.2904202, 44.8789292 ], [ -122.3314991, 44.8717435 ], [ -122.3507934, 44.8570744 ], [ -122.340617599999987, 44.8424916 ], [ -122.350829600000012, 44.8275042 ], [ -122.3404192, 44.827741 ], [ -122.3363833, 44.8098167 ], [ -122.3565324, 44.8096999 ], [ -122.3569155, 44.795396499999988 ], [ -122.2970073, 44.7896745 ], [ -122.2970989, 44.7973882 ], [ -122.2578495, 44.799476 ], [ -122.254084299999988, 44.6546109 ], [ -122.2836682, 44.6542068 ], [ -122.2744697, 44.6690751 ], [ -122.3005746, 44.6760203 ], [ -122.3063649, 44.6974236 ], [ -122.336763499999989, 44.6970001 ], [ -122.326406, 44.689828 ], [ -122.3308701, 44.6680044 ], [ -122.3049976, 44.6611425 ], [ -122.304695200000012, 44.6537655 ], [ -122.324898499999989, 44.6533871 ], [ -122.32593, 44.5955571 ], [ -122.335885100000013, 44.5956003 ], [ -122.3456534, 44.5596479 ], [ -122.306233, 44.5596358 ], [ -122.3065114, 44.5466145 ], [ -122.265860300000014, 44.5464915 ], [ -122.2645054, 44.474557 ], [ -122.3041463, 44.4736869 ], [ -122.3048637, 44.4879621 ], [ -122.3244752, 44.487389 ], [ -122.3239641, 44.4732532 ], [ -122.4421009, 44.4719808 ], [ -122.441712199999984, 44.3732978 ], [ -122.3919301, 44.3740044 ], [ -122.391939900000011, 44.3595655 ], [ -122.3818363, 44.3598709 ], [ -122.38458270000001, 44.2533379 ], [ -122.3640492, 44.2531113 ], [ -122.364062, 44.2384918 ], [ -122.3845888, 44.2388196 ], [ -122.384573199999977, 44.2094784 ], [ -122.396835799999977, 44.2095966 ], [ -122.3971391, 44.2022053 ], [ -122.383153299999989, 44.1944162 ], [ -122.446680299999983, 44.1883075 ], [ -122.4464204, 44.1703911 ], [ -122.4662241, 44.1701916 ], [ -122.4662076, 44.1808702 ], [ -122.481146400000014, 44.180862 ], [ -122.49093, 44.1737989 ], [ -122.4858153, 44.1630795 ], [ -122.520930600000014, 44.1555469 ], [ -122.5262062, 44.1450853 ], [ -122.44612, 44.1632146 ], [ -122.425979500000011, 44.1452626 ], [ -122.410902799999974, 44.1451533 ], [ -122.426060299999975, 44.1344744 ], [ -122.4111221, 44.1235334 ], [ -122.4058085, 44.1487229 ], [ -122.3591535, 44.1596251 ], [ -122.3395873, 44.1559907 ], [ -122.3498848, 44.1666295 ], [ -122.3340741, 44.1661018 ], [ -122.3329496, 44.1857363 ], [ -122.314841, 44.1846172 ], [ -122.3237946, 44.1724333 ], [ -122.2989533, 44.1789299 ], [ -122.3041694, 44.1693191 ], [ -122.3290716, 44.1659834 ], [ -122.3295628, 44.1556828 ], [ -122.314517799999976, 44.1557829 ], [ -122.2840933, 44.169948 ], [ -122.2939101, 44.186186 ], [ -122.273844, 44.1845002 ], [ -122.2637552, 44.1935288 ], [ -122.279035, 44.16568 ], [ -122.320987699999989, 44.1494757 ], [ -122.3574537, 44.1487727 ], [ -122.3397264, 44.1413863 ], [ -122.353926699999988, 44.1194899 ], [ -122.3388543, 44.1225287 ], [ -122.334679, 44.1124507 ], [ -122.3242639, 44.1226739 ], [ -122.3237879, 44.0844552 ], [ -122.2640127, 44.0849447 ], [ -122.26369170000001, 44.0418733 ], [ -122.3763642, 44.0424342 ], [ -122.385768899999988, 44.0849802 ], [ -122.4006047, 44.0881138 ], [ -122.425082, 44.0844052 ], [ -122.4254272, 44.0537721 ], [ -122.440572300000014, 44.0531025 ], [ -122.4410749, 44.0424975 ], [ -122.6206765, 44.0429237 ], [ -122.6277683, 43.8669804 ], [ -122.745186300000015, 43.8665174 ], [ -122.7442871, 43.8239342 ], [ -122.7071418, 43.8133552 ], [ -122.7070794, 43.7964603 ], [ -122.6953934, 43.7906006 ], [ -122.6743192, 43.7977115 ], [ -122.656500799999989, 43.791239 ], [ -122.636802, 43.7662219 ], [ -122.595418599999988, 43.7440531 ], [ -122.5911475, 43.7202845 ], [ -122.568175599999975, 43.7075196 ], [ -122.5652444, 43.6399963 ], [ -122.5395964, 43.6341213 ], [ -122.5290185, 43.6221121 ], [ -122.5647342, 43.5805603 ], [ -122.492765800000015, 43.5157164 ], [ -122.5148022, 43.4811635 ], [ -122.482931, 43.4788246 ], [ -122.4756013, 43.4569703 ], [ -122.4494052, 43.4423145 ], [ -122.462395199999989, 43.4209775 ], [ -122.479286099999982, 43.4144742 ], [ -122.4781506, 43.4042951 ], [ -122.438450300000014, 43.3981518 ], [ -122.421582099999981, 43.3802394 ], [ -122.4050862, 43.3869857 ], [ -122.3456419, 43.3559894 ], [ -122.3385917, 43.3650494 ], [ -122.300492299999974, 43.3634605 ], [ -122.2314003, 43.3812147 ], [ -122.201500099999976, 43.4059627 ], [ -122.1467088, 43.3920689 ], [ -122.132809399999985, 43.3786175 ], [ -122.1052861, 43.3801172 ], [ -122.05711380000001, 43.399491 ], [ -122.0913683, 43.4287576 ], [ -122.1016603, 43.424929 ], [ -122.1529927, 43.4473905 ], [ -122.13676, 43.4563489 ], [ -122.1286522, 43.497024 ], [ -122.1495449, 43.5207763 ], [ -122.131006500000012, 43.5572993 ], [ -122.104044699999989, 43.5743047 ], [ -122.071248200000014, 43.5796795 ], [ -122.071726199999986, 43.587672 ], [ -122.010818599999979, 43.6092971 ], [ -121.999939900000015, 43.626358499999988 ], [ -121.964701799999986, 43.6268934 ], [ -121.9805716, 43.6398125 ], [ -121.9912147, 43.6829694 ], [ -121.9733592, 43.7061402 ], [ -121.9812041, 43.7429396 ], [ -121.9608005, 43.7638356 ], [ -121.9759663, 43.8083184 ], [ -121.9753955, 43.8569539 ], [ -121.9628806, 43.8772608 ], [ -121.929061599999983, 43.8942344 ], [ -121.9395832, 43.901095 ], [ -121.9206975, 43.921557 ], [ -121.881571599999987, 43.9078996 ], [ -121.8692024, 43.9119285 ], [ -121.8580411, 43.9643119 ], [ -121.8281558, 43.9727205 ], [ -121.8334053, 43.9912972 ], [ -121.8222286, 44.0128159 ], [ -121.834333099999981, 44.0400702 ], [ -121.802467400000012, 44.0524302 ], [ -121.7725695, 44.090812 ], [ -121.768009699999979, 44.1143657 ], [ -121.78425750000001, 44.1481247 ], [ -121.7715786, 44.1672966 ], [ -121.7894949, 44.2491005 ], [ -121.819175800000011, 44.261961 ], [ -121.825430799999978, 44.283256 ], [ -121.8412968, 44.28582 ], [ -121.836731799999981, 44.3568191 ], [ -121.845874799999976, 44.3667021 ], [ -121.849449100000015, 44.4670842 ], [ -121.8466884, 44.4911023 ], [ -121.809266900000011, 44.5151423 ], [ -121.8163168, 44.537376 ], [ -121.7939125, 44.5941304 ], [ -121.811484600000014, 44.6158731 ], [ -121.7979152, 44.6402977 ], [ -121.7842226, 44.7675654 ], [ -121.815468799999977, 44.7714469 ], [ -121.8635525, 44.8102866 ], [ -121.923542, 44.8065983 ], [ -121.944959399999973, 44.8227918 ], [ -121.9646509, 44.8157278 ], [ -121.9944444, 44.8204431 ], [ -122.016123899999982, 44.8383071 ], [ -122.0136321, 44.8493995 ], [ -122.0576508, 44.8348619 ], [ -122.0882167, 44.8373879 ], [ -122.1396698, 44.8267269 ], [ -122.1348007, 44.865269 ], [ -122.2077296, 44.86491 ], [ -122.1997426, 44.8793433 ], [ -122.255101, 44.8998944 ], [ -122.2904202, 44.8789292 ] ], [ [ -122.2638677, 44.1701092 ], [ -122.2639454, 44.1633044 ], [ -122.274033499999987, 44.1665661 ], [ -122.2638677, 44.1701092 ] ], [ [ -122.2939466, 44.1339434 ], [ -122.2641386, 44.1401132 ], [ -122.263848599999989, 44.1275087 ], [ -122.3035827, 44.1264239 ], [ -122.299333100000013, 44.1409868 ], [ -122.2939466, 44.1339434 ] ], [ [ -122.313912500000015, 44.1264536 ], [ -122.3242446, 44.1264855 ], [ -122.314445299999988, 44.1343775 ], [ -122.313912500000015, 44.1264536 ] ] ] ] } },
{ "type": "Feature", "properties": { "name": "Colville National Forest", "region": "06", "acres": 1752995.0, "type": "national_forest" }, "geometry": { "type": "MultiPolygon", "coordinates": [ [ [ [ -117.683226300000015, 48.30857 ], [ -117.65071, 48.30846 ], [ -117.65053, 48.2812 ], [ -117.67758, 48.2811995 ], [ -117.677747599999989, 48.266719699999989 ], [ -117.62924, 48.26723 ], [ -117.62873, 48.22325 ], [ -117.56514, 48.22036 ], [ -117.5558414, 48.2052237 ], [ -117.57583, 48.1919 ], [ -117.5649715, 48.19185 ], [ -117.5643899, 48.1437053 ], [ -117.502229799999981, 48.1586011 ], [ -117.50233, 48.15136 ], [ -117.52396, 48.15145 ], [ -117.5131443, 48.1349204 ], [ -117.376277, 48.1329603 ], [ -117.37026, 48.24111 ], [ -117.3914302, 48.244746 ], [ -117.3806435, 48.25201 ], [ -117.3916201, 48.2594012 ], [ -117.39194, 48.2883199 ], [ -117.41348, 48.2920197 ], [ -117.39203, 48.291929499999988 ], [ -117.40335, 48.30898 ], [ -117.39185, 48.3379099 ], [ -117.37018, 48.33803 ], [ -117.37058, 48.3964 ], [ -117.34862, 48.3964996 ], [ -117.34875, 48.41085 ], [ -117.370565, 48.410895 ], [ -117.3705693, 48.421644 ], [ -117.34898, 48.42542 ], [ -117.3491301, 48.45447 ], [ -117.3274, 48.45482 ], [ -117.32749, 48.46916 ], [ -117.3054801, 48.4730237 ], [ -117.3055201, 48.5129 ], [ -117.332575799999987, 48.5128499 ], [ -117.32712, 48.52728 ], [ -117.338073199999982, 48.5310111 ], [ -117.3270798, 48.5309938 ], [ -117.32693, 48.54182 ], [ -117.3379877, 48.5418767 ], [ -117.336591, 48.5552761 ], [ -117.3065896, 48.5453555 ], [ -117.300385599999984, 48.5287543 ], [ -117.2662537, 48.5052307 ], [ -117.2632688, 48.484821 ], [ -117.278147, 48.4731467 ], [ -117.261900299999979, 48.4841614 ], [ -117.240449900000016, 48.4840612 ], [ -117.24033, 48.469405 ], [ -117.26193, 48.46951 ], [ -117.26199, 48.455 ], [ -117.240275, 48.4548999 ], [ -117.24055, 48.440445 ], [ -117.26231, 48.44039 ], [ -117.26202, 48.42588 ], [ -117.2402401, 48.42594 ], [ -117.24021, 48.41172 ], [ -117.2671743, 48.4150267 ], [ -117.2777485, 48.3893132 ], [ -117.26089, 48.3713499 ], [ -117.266408399999989, 48.3386132 ], [ -117.2613265, 48.3203824 ], [ -117.2500232, 48.3203825 ], [ -117.258249, 48.3095024 ], [ -117.2307998, 48.2474035 ], [ -117.205595800000012, 48.235872 ], [ -117.164847499999979, 48.2447257 ], [ -117.0885046, 48.2311811 ], [ -117.0465704, 48.2080063 ], [ -117.0371029, 48.2721588 ], [ -117.065309199999987, 48.296304 ], [ -117.064629900000014, 48.3146296 ], [ -117.086588, 48.3368544 ], [ -117.1288878, 48.3314415 ], [ -117.1525847, 48.3561343 ], [ -117.1336712, 48.3886031 ], [ -117.141373500000014, 48.4646858 ], [ -117.1173626, 48.5124954 ], [ -117.156123, 48.5464233 ], [ -117.158192, 48.5844806 ], [ -117.1384936, 48.6286794 ], [ -117.1713644, 48.6749647 ], [ -117.1843008, 48.678313599999989 ], [ -117.1660005, 48.6971602 ], [ -117.190614700000012, 48.7314234 ], [ -117.1452729, 48.7655247 ], [ -117.1589838, 48.780911 ], [ -117.1330793, 48.7940742 ], [ -117.110922800000012, 48.8360169 ], [ -117.059889399999975, 48.8873729 ], [ -117.053716099999974, 48.9291252 ], [ -117.0323416, 48.946462499999988 ], [ -117.032416099999978, 48.999196 ], [ -117.36139, 48.99993 ], [ -117.36137690000001, 48.9930466 ], [ -117.372609200000014, 48.99993 ], [ -117.49563, 48.9999201 ], [ -117.4957, 48.96681 ], [ -117.5612999, 48.96674 ], [ -117.5608939, 48.836589599999989 ], [ -117.62962, 48.83673 ], [ -117.629516, 48.8113126 ], [ -117.6402835, 48.8185181 ], [ -117.6511501, 48.8074952 ], [ -117.65161, 48.7426911 ], [ -117.747621099999989, 48.7496998 ], [ -117.7476337, 48.735301799999988 ], [ -117.7639103, 48.7317782 ], [ -117.75865, 48.74987 ], [ -117.8246201, 48.74363 ], [ -117.8247789, 48.627155 ], [ -117.7901881, 48.6343616 ], [ -117.7846401, 48.6235497 ], [ -117.7955227, 48.616303 ], [ -117.7684083, 48.6199405 ], [ -117.7845996, 48.6091227 ], [ -117.78506, 48.56897 ], [ -117.6922369, 48.57161 ], [ -117.69821, 48.55432 ], [ -117.6869816, 48.5506066 ], [ -117.67601, 48.558693 ], [ -117.6433302, 48.5586312 ], [ -117.6359393, 48.5751718 ], [ -117.619676399999989, 48.5787997 ], [ -117.6197106, 48.6005801 ], [ -117.50076, 48.6043198 ], [ -117.5137222, 48.5670454 ], [ -117.49615270000001, 48.527961499999989 ], [ -117.5143305, 48.4979106 ], [ -117.5434909, 48.494350399999981 ], [ -117.5408098, 48.4482923 ], [ -117.5540726, 48.4236573 ], [ -117.5846706, 48.4298524 ], [ -117.6313423, 48.415431 ], [ -117.648709400000016, 48.4172964 ], [ -117.6627615, 48.4321798 ], [ -117.687970600000014, 48.4203882 ], [ -117.724753799999974, 48.4288539 ], [ -117.7595563, 48.410619 ], [ -117.8084981, 48.416953 ], [ -117.797904100000011, 48.4059727 ], [ -117.8189651, 48.3916886 ], [ -117.835134599999975, 48.3954516 ], [ -117.830014, 48.3596141 ], [ -117.813685100000015, 48.3593829 ], [ -117.824221799999975, 48.3344077 ], [ -117.8082525, 48.3230822 ], [ -117.7980075, 48.3554129 ], [ -117.792825600000015, 48.3368995 ], [ -117.76095, 48.33741 ], [ -117.7561275, 48.3481766 ], [ -117.7401096, 48.3480271 ], [ -117.7409, 48.36611 ], [ -117.7192996, 48.369725 ], [ -117.735485, 48.3877648 ], [ -117.729975099999976, 48.39498 ], [ -117.70891, 48.38055 ], [ -117.697519199999988, 48.39506 ], [ -117.6834597, 48.39504 ], [ -117.6781036, 48.3841409 ], [ -117.6889537, 48.3841664 ], [ -117.6984909, 48.36609 ], [ -117.683977, 48.36632 ], [ -117.69796, 48.3588801 ], [ -117.6973408, 48.33737 ], [ -117.688753199999979, 48.3445149 ], [ -117.683379199999976, 48.33737 ], [ -117.683226300000015, 48.30857 ] ], [ [ -117.661917799999983, 48.355421199999988 ], [ -117.645711, 48.3517 ], [ -117.6510001, 48.3444252 ], [ -117.60795, 48.35137 ], [ -117.602440399999978, 48.337 ], [ -117.683379199999976, 48.33737 ], [ -117.661917799999983, 48.355421199999988 ] ], [ [ -117.347529600000016, 48.5743304 ], [ -117.354442100000014, 48.5816284 ], [ -117.37071, 48.5780378 ], [ -117.37095, 48.59997 ], [ -117.39226, 48.5999 ], [ -117.392539899999989, 48.65615 ], [ -117.41053, 48.6562004 ], [ -117.4106, 48.67065 ], [ -117.432399, 48.6707001 ], [ -117.4324955, 48.6924535 ], [ -117.4543, 48.6924605 ], [ -117.4380157, 48.710536499999989 ], [ -117.4433706, 48.728670799999989 ], [ -117.45439, 48.721370099999987 ], [ -117.4544, 48.73583 ], [ -117.4324795, 48.7395538 ], [ -117.43278, 48.80107 ], [ -117.41649, 48.8010502 ], [ -117.4110503, 48.8119775 ], [ -117.4327999, 48.8120799 ], [ -117.42736, 48.8229503 ], [ -117.4655972, 48.8296613 ], [ -117.4655909, 48.8369102 ], [ -117.43277, 48.836951 ], [ -117.43274, 48.8555923 ], [ -117.38905, 48.85916 ], [ -117.38893, 48.90246 ], [ -117.36699, 48.90238 ], [ -117.36712, 48.917009 ], [ -117.34532, 48.91329 ], [ -117.3452118, 48.9241757 ], [ -117.35617, 48.924193 ], [ -117.34515, 48.93142 ], [ -117.3451026, 48.9745389 ], [ -117.330374800000016, 48.9539964 ], [ -117.33429, 48.915217399999989 ], [ -117.3889053, 48.842641199999989 ], [ -117.384089100000011, 48.8228186 ], [ -117.4208245, 48.78656 ], [ -117.3963604, 48.765879 ], [ -117.4085994, 48.7554772 ], [ -117.4067182, 48.718626 ], [ -117.388359, 48.6996757 ], [ -117.392588499999988, 48.6851713 ], [ -117.3750702, 48.6690335 ], [ -117.347529600000016, 48.5743304 ] ], [ [ -117.26172, 48.40416 ], [ -117.26189, 48.3968103 ], [ -117.2726152, 48.4003542 ], [ -117.26172, 48.40416 ] ] ] ] } },
{ "type": "Feature", "properties": { "name": "Columbia River Gorge National Scenic Area", "region": "06", "acres": 292682.0, "type": "national_forest" }, "geometry": { "type": "MultiPolygon", "coordinates": [ [ [ [ -122.371019899999979, 45.5262489 ], [ -122.1565939, 45.5257844 ], [ -122.1357645, 45.5545387 ], [ -122.1255733, 45.5544562 ], [ -122.125420299999988, 45.540082 ], [ -122.0838812, 45.5263523 ], [ -122.0533595, 45.5398126 ], [ -122.0532796, 45.5504714 ], [ -122.0326922, 45.5505303 ], [ -122.0221888, 45.5756296 ], [ -121.986847, 45.5759957 ], [ -121.9815772, 45.5901806 ], [ -121.941449599999984, 45.5987118 ], [ -121.9443615, 45.615082799999989 ], [ -121.9253708, 45.6147643 ], [ -121.9120279, 45.6284883 ], [ -121.8767044, 45.5987607 ], [ -121.8953943, 45.6307794 ], [ -121.8705381, 45.6365091 ], [ -121.870147299999985, 45.644611 ], [ -121.859981800000014, 45.6381867 ], [ -121.8333721, 45.6683964 ], [ -121.8080294, 45.676970399999988 ], [ -121.7704351, 45.6523389 ], [ -121.7467342, 45.6683694 ], [ -121.7511883, 45.6475491 ], [ -121.718266, 45.6625599 ], [ -121.646862499999983, 45.6636521 ], [ -121.6062372, 45.6931135 ], [ -121.511156, 45.693044 ], [ -121.514061700000013, 45.687877899999989 ], [ -121.4648815, 45.6836863 ], [ -121.4742919, 45.6688727 ], [ -121.462328500000012, 45.6228123 ], [ -121.4403891, 45.625844 ], [ -121.4383951, 45.6375592 ], [ -121.4041514, 45.6530789 ], [ -121.3869092, 45.678868099999988 ], [ -121.3478684, 45.664206 ], [ -121.273575699999981, 45.6639337 ], [ -121.2717331, 45.6494971 ], [ -121.306895700000013, 45.6294199 ], [ -121.2691831, 45.6277087 ], [ -121.2431811, 45.6161154 ], [ -121.2434379, 45.597673199999988 ], [ -121.2611662, 45.5820937 ], [ -121.2476152, 45.5794138 ], [ -121.2491473, 45.5683952 ], [ -121.2291427, 45.5721528 ], [ -121.2154225, 45.538962399999988 ], [ -121.173129599999982, 45.5775377 ], [ -121.1011318, 45.587358599999988 ], [ -121.0864634, 45.6001457 ], [ -121.0969331, 45.6116794 ], [ -121.0784255, 45.637707299999988 ], [ -121.018140699999989, 45.6406383 ], [ -120.9745285, 45.6330532 ], [ -120.927833400000011, 45.6028988 ], [ -120.904375, 45.615745 ], [ -120.915851, 45.6412061 ], [ -120.895575, 45.642945 ], [ -120.871123, 45.660467 ], [ -120.8855582, 45.6621309 ], [ -120.885421399999984, 45.6938266 ], [ -120.89579950000001, 45.686693 ], [ -120.9474799, 45.6867803 ], [ -120.9895601, 45.6984618 ], [ -121.05153, 45.6947281 ], [ -121.0723641, 45.7091515 ], [ -121.092976100000016, 45.709234 ], [ -121.0929284, 45.7164799 ], [ -121.124437300000011, 45.7165638 ], [ -121.124506599999989, 45.7093103 ], [ -121.175994799999984, 45.7023617 ], [ -121.176049, 45.6951757 ], [ -121.2294316, 45.6957147 ], [ -121.273149600000011, 45.7130627 ], [ -121.2810401, 45.7269978 ], [ -121.270851099999987, 45.7466331 ], [ -121.300704400000015, 45.7528962 ], [ -121.300582699999978, 45.7674794 ], [ -121.362792399999989, 45.7610821 ], [ -121.3636163, 45.787274499999988 ], [ -121.3427469, 45.8047135 ], [ -121.3556739, 45.8040739 ], [ -121.3743814, 45.7928074 ], [ -121.3840406, 45.7718944 ], [ -121.4099912, 45.7888342 ], [ -121.415140600000015, 45.7653785 ], [ -121.383936600000013, 45.7575151 ], [ -121.3837727, 45.746595 ], [ -121.4149363, 45.746403699999988 ], [ -121.404535700000011, 45.7391995 ], [ -121.4142476, 45.7209292 ], [ -121.4453926, 45.724357 ], [ -121.4454985, 45.7390048 ], [ -121.47612789999998, 45.7388953 ], [ -121.486585, 45.757358499999988 ], [ -121.507290500000011, 45.7659178 ], [ -121.540784399999978, 45.769303099999988 ], [ -121.553889900000016, 45.7498504 ], [ -121.5926081, 45.763722 ], [ -121.6091212, 45.7434516 ], [ -121.624738900000011, 45.741478799999989 ], [ -121.6377245, 45.7485764 ], [ -121.627009, 45.7618796 ], [ -121.6338362, 45.768716399999988 ], [ -121.639776399999988, 45.74093 ], [ -121.6690891, 45.7300396 ], [ -121.7122635, 45.7538799 ], [ -121.707499500000011, 45.7827534 ], [ -121.734045900000012, 45.7859954 ], [ -121.7591008, 45.7709491 ], [ -121.808762, 45.771053 ], [ -121.8146581, 45.754559 ], [ -121.855483799999988, 45.753051899999988 ], [ -121.8559877, 45.745230299999982 ], [ -121.8978472, 45.7475096 ], [ -121.9137151, 45.7202119 ], [ -122.000111599999983, 45.7184491 ], [ -122.0038182, 45.6950471 ], [ -122.085130299999989, 45.6726284 ], [ -122.084691400000011, 45.6508445 ], [ -122.1054914, 45.6508246 ], [ -122.1047246, 45.633972799999988 ], [ -122.1976618, 45.5854266 ], [ -122.277685799999986, 45.6031521 ], [ -122.315633799999986, 45.578198199999989 ], [ -122.3218517, 45.5657399 ], [ -122.3131711, 45.5589274 ], [ -122.3354287, 45.5628904 ], [ -122.3403833, 45.5569991 ], [ -122.352313899999984, 45.569285199999989 ], [ -122.3800922, 45.5757851 ], [ -122.400894, 45.5652823 ], [ -122.381603700000014, 45.5557052 ], [ -122.3869299, 45.547389699999989 ], [ -122.3704478, 45.5155581 ], [ -122.371019899999979, 45.5262489 ] ] ], [ [ [ -122.367855100000014, 45.5105482 ], [ -122.3586666, 45.5169571 ], [ -122.3695186, 45.5137627 ], [ -122.367855100000014, 45.5105482 ] ] ] ] } },
{ "type": "Feature", "properties": { "name": "National Forests in Alabama", "region": "08", "acres": 1289513.0, "type": "national_forest" }, "geometry": { "type": "MultiPolygon", "coordinates": [ [ [ [ -85.5323297, 33.903605 ], [ -85.6540276, 33.8979253 ], [ -85.6716228, 33.8835387 ], [ -85.6892504, 33.8836182 ], [ -85.6894102, 33.8691015 ], [ -85.7068367, 33.8692182 ], [ -85.7069296, 33.8619936 ], [ -85.6895439, 33.8617602 ], [ -85.6897955, 33.8471241 ], [ -85.7246536, 33.8474811 ], [ -85.7251684, 33.788779 ], [ -85.7076394, 33.7885811 ], [ -85.7077597, 33.8031738 ], [ -85.6376586, 33.8025004 ], [ -85.6466523, 33.7733676 ], [ -85.6553397, 33.7733612 ], [ -85.6558827, 33.6270957 ], [ -85.6907365, 33.6277835 ], [ -85.690203, 33.6165869 ], [ -85.7250201, 33.6172679 ], [ -85.7246568, 33.6030156 ], [ -85.7423712, 33.6035436 ], [ -85.742515400000016, 33.5817013 ], [ -85.7603312, 33.581515 ], [ -85.7608753, 33.5706985 ], [ -85.7953858, 33.5710241 ], [ -85.7961963, 33.5562831 ], [ -85.8832203, 33.55669 ], [ -85.8839404, 33.5422288 ], [ -85.9103005, 33.5420995 ], [ -85.9118691, 33.5131298 ], [ -85.9532853, 33.5127197 ], [ -85.9797062, 33.4217114 ], [ -86.0100128, 33.4189263 ], [ -86.010623, 33.3966977 ], [ -86.0280146, 33.396842 ], [ -86.0282342, 33.389558799999989 ], [ -86.0807228, 33.3831635 ], [ -86.1167213, 33.3477549 ], [ -86.133802500000016, 33.3480583 ], [ -86.143861199999989, 33.3119269 ], [ -86.1640295, 33.3124492 ], [ -86.2103629, 33.2731213 ], [ -86.1928822, 33.2213594 ], [ -86.2418997, 33.1846911 ], [ -86.2351782, 33.1378511 ], [ -86.2005364, 33.1226195 ], [ -86.1838196, 33.1315174 ], [ -86.1738651, 33.1226871 ], [ -86.1046611, 33.1216094 ], [ -86.104261799999989, 33.1362041 ], [ -86.0438424, 33.1353453 ], [ -86.0446762, 33.1207253 ], [ -86.0191343, 33.1203593 ], [ -86.0167049, 33.2223295 ], [ -85.9128952, 33.2221979 ], [ -85.9100466, 33.3220622 ], [ -85.8063671, 33.3234743 ], [ -85.8019296, 33.4112804 ], [ -85.7498655, 33.4108857 ], [ -85.7490763, 33.4546839 ], [ -85.7141765, 33.4612595 ], [ -85.7136251, 33.4831788 ], [ -85.6962277, 33.482410699999988 ], [ -85.6959683, 33.4971518 ], [ -85.6436359, 33.4957833 ], [ -85.6383463, 33.5833187 ], [ -85.6031981, 33.5829316 ], [ -85.6038451, 33.6699282 ], [ -85.517226, 33.6692459 ], [ -85.5166591, 33.786409899999988 ], [ -85.4771673, 33.7859177 ], [ -85.479701, 33.9061104 ], [ -85.4709335, 33.9094446 ], [ -85.4787458, 33.940712399999988 ], [ -85.4612877, 33.9405129 ], [ -85.4594609, 33.974269 ], [ -85.5284411, 33.9780497 ], [ -85.5323297, 33.903605 ] ] ] ] } },
{ "type": "Feature", "properties": { "name": "Daniel Boone National Forest", "region": "08", "acres": 2043073.0, "type": "national_forest" }, "geometry": { "type": "MultiPolygon", "coordinates": [ [ [ [ -84.1321187, 36.9713386 ], [ -84.1432785, 36.9583003 ], [ -84.142446, 36.9709202 ], [ -84.16446, 36.9689354 ], [ -84.1611673, 36.987846 ], [ -84.1931418, 37.0369014 ], [ -84.1478347, 37.0617871 ], [ -84.1317012, 37.0846918 ], [ -84.1485608, 37.10314 ], [ -84.1470189, 37.1250869 ], [ -84.157807, 37.119923 ], [ -84.1726302, 37.1256406 ], [ -84.1652426, 37.1484766 ], [ -84.1946863, 37.1561199 ], [ -84.1802329, 37.1859536 ], [ -84.1543506, 37.1878432 ], [ -84.1623115, 37.2026084 ], [ -84.1495061, 37.2038945 ], [ -84.1511561, 37.213556 ], [ -84.1231807, 37.2167868 ], [ -84.1502913, 37.2409402 ], [ -84.1387291, 37.2720493 ], [ -84.1218791, 37.2700084 ], [ -84.1135264, 37.2776369 ], [ -84.1256568, 37.3126383 ], [ -84.1379331, 37.3197778 ], [ -84.1284061, 37.3340411 ], [ -84.1188122, 37.3357367 ], [ -84.1074241, 37.3206303 ], [ -84.0474431, 37.3184862 ], [ -84.0053925, 37.3498709 ], [ -83.9946991, 37.3366784 ], [ -83.9775062, 37.3345487 ], [ -83.9698894, 37.3536442 ], [ -83.9532292, 37.3483737 ], [ -83.9275499, 37.3762672 ], [ -83.9491258, 37.4005978 ], [ -83.9406628, 37.4183517 ], [ -83.9476299, 37.4218175 ], [ -83.9161695, 37.4194338 ], [ -83.8977855, 37.4276609 ], [ -83.8952663, 37.410785 ], [ -83.8809665, 37.4284627 ], [ -83.8663394, 37.420251 ], [ -83.8629701, 37.4304575 ], [ -83.8413983, 37.4315872 ], [ -83.8451083, 37.4370338 ], [ -83.8150863, 37.449585 ], [ -83.8255056, 37.4650968 ], [ -83.8117981, 37.4813502 ], [ -83.8302535, 37.4921687 ], [ -83.8042236, 37.5044688 ], [ -83.8237279, 37.5197499 ], [ -83.8093, 37.5178062 ], [ -83.8085643, 37.5381577 ], [ -83.7936372, 37.5279629 ], [ -83.7816228, 37.5380078 ], [ -83.7700172, 37.5339772 ], [ -83.7596064, 37.5200377 ], [ -83.7546337, 37.5349667 ], [ -83.7073074, 37.559775099999989 ], [ -83.7236482, 37.5789216 ], [ -83.7078433, 37.5714235 ], [ -83.6998731, 37.5765302 ], [ -83.6845895, 37.6186163 ], [ -83.6489693, 37.6423634 ], [ -83.6603617, 37.7132882 ], [ -83.6437055, 37.7419831 ], [ -83.604755, 37.753363199999988 ], [ -83.5740704, 37.7455047 ], [ -83.5555192, 37.7600035 ], [ -83.545282899999989, 37.7535786 ], [ -83.5356843, 37.7624079 ], [ -83.5390525, 37.7832515 ], [ -83.522083100000017, 37.7887067 ], [ -83.5258244, 37.8048218 ], [ -83.5177994, 37.7951386 ], [ -83.5223473, 37.8096355 ], [ -83.5330224, 37.8055666 ], [ -83.5290016, 37.8302889 ], [ -83.5484152, 37.8243436 ], [ -83.5422448, 37.8556161 ], [ -83.5695255, 37.8529483 ], [ -83.5659707, 37.8634176 ], [ -83.5434684, 37.8644152 ], [ -83.569158, 37.8681896 ], [ -83.5482964, 37.913866 ], [ -83.5039485, 37.9155664 ], [ -83.472958, 37.9478044 ], [ -83.4315563, 37.9608242 ], [ -83.4205049, 37.974783 ], [ -83.4049527, 37.9636887 ], [ -83.423518, 37.968524599999988 ], [ -83.4116925, 37.962184199999989 ], [ -83.4202421, 37.959016 ], [ -83.410491, 37.9560824 ], [ -83.4188619, 37.9534081 ], [ -83.4145988, 37.9406239 ], [ -83.4321419, 37.9406153 ], [ -83.4129678, 37.9362559 ], [ -83.4000275, 37.9713652 ], [ -83.382291, 37.9662602 ], [ -83.375174500000014, 37.9719396 ], [ -83.3745941, 37.9541636 ], [ -83.3653514, 37.9535448 ], [ -83.3687348, 37.968004 ], [ -83.3515526, 37.9791203 ], [ -83.3612264, 37.9825391 ], [ -83.3700197, 37.9710211 ], [ -83.375868, 37.9851797 ], [ -83.3572852, 37.9998481 ], [ -83.3433381, 37.9985295 ], [ -83.3325922, 38.0239356 ], [ -83.3129029, 38.0411954 ], [ -83.296323199999989, 38.0436744 ], [ -83.3012299, 38.0780533 ], [ -83.2590935, 38.1200832 ], [ -83.2868773, 38.1312833 ], [ -83.299177899999989, 38.1187661 ], [ -83.3420945, 38.1507394 ], [ -83.3039631, 38.1718935 ], [ -83.3140876, 38.1884787 ], [ -83.3531131, 38.1863851 ], [ -83.3472421, 38.2133697 ], [ -83.3305179, 38.226145 ], [ -83.3501288, 38.2417009 ], [ -83.35024580000001, 38.2709091 ], [ -83.3262202, 38.2906984 ], [ -83.3412836, 38.319576 ], [ -83.3640469, 38.3282294 ], [ -83.3635099, 38.3428027 ], [ -83.4120824, 38.3964849 ], [ -83.452905, 38.3818273 ], [ -83.4649225, 38.3717935 ], [ -83.4633719, 38.3583424 ], [ -83.481319, 38.3596635 ], [ -83.4992422, 38.3492242 ], [ -83.4880724, 38.3244173 ], [ -83.5014074, 38.3161184 ], [ -83.5123927, 38.2847645 ], [ -83.4891069, 38.2698069 ], [ -83.4787255, 38.2245509 ], [ -83.4691609, 38.2213781 ], [ -83.43867, 38.2481935 ], [ -83.4383295, 38.2385107 ], [ -83.5097399, 38.1499717 ], [ -83.5478103, 38.1411942 ], [ -83.538912, 38.1137299 ], [ -83.554819, 38.1114891 ], [ -83.5776107, 38.1329662 ], [ -83.6246727, 38.1120886 ], [ -83.6159384, 38.1212716 ], [ -83.6353151, 38.1344971 ], [ -83.6458608, 38.119986 ], [ -83.673285, 38.1133543 ], [ -83.6883669, 38.127144799999989 ], [ -83.710152, 38.1076111 ], [ -83.7038145, 38.0877221 ], [ -83.7263637, 38.0635101 ], [ -83.7355908, 38.0659673 ], [ -83.740906, 38.0551036 ], [ -83.7181335, 38.0176639 ], [ -83.7217396, 37.9932661 ], [ -83.7091509, 37.9908653 ], [ -83.6991299, 37.9704175 ], [ -83.674523600000015, 37.9715168 ], [ -83.6464536, 37.9521389 ], [ -83.6887463, 37.9137245 ], [ -83.7344443, 37.9186528 ], [ -83.7385066, 37.902188699999989 ], [ -83.7816671, 37.8556647 ], [ -83.7552584, 37.8442275 ], [ -83.7530523, 37.8624073 ], [ -83.7438293, 37.8626727 ], [ -83.7238038, 37.8416616 ], [ -83.7344529, 37.8403094 ], [ -83.7436993, 37.8562705 ], [ -83.760586500000016, 37.8273689 ], [ -83.7736259, 37.8418994 ], [ -83.789082, 37.8274265 ], [ -83.8135055, 37.83416 ], [ -83.8185968, 37.8204456 ], [ -83.809368100000015, 37.8040291 ], [ -83.8272076, 37.788626 ], [ -83.8316699, 37.7622187 ], [ -83.9139016, 37.8050435 ], [ -83.9347173, 37.7799085 ], [ -83.9530548, 37.7803707 ], [ -83.9667205, 37.7696276 ], [ -83.9518478, 37.7446996 ], [ -83.9818589, 37.7250292 ], [ -83.980111100000016, 37.714832 ], [ -83.9702723, 37.7217526 ], [ -83.9654561, 37.7140198 ], [ -83.9523587, 37.7158882 ], [ -83.970836, 37.7042587 ], [ -83.9456212, 37.688365 ], [ -83.9183605, 37.7083076 ], [ -83.9083247, 37.7058729 ], [ -83.9432721, 37.6801301 ], [ -83.9183854, 37.6819414 ], [ -83.8911621, 37.6687764 ], [ -83.8591814, 37.680534099999988 ], [ -83.8574878, 37.6698438 ], [ -83.8754525, 37.6588768 ], [ -83.8661502, 37.6497753 ], [ -83.8754551, 37.6436459 ], [ -83.9215928, 37.6739947 ], [ -83.9858151, 37.6768024 ], [ -83.9950608, 37.6708441 ], [ -83.9819236, 37.6600853 ], [ -83.9862334, 37.6516507 ], [ -83.9525789, 37.6211264 ], [ -83.9269045, 37.6165133 ], [ -83.9207223, 37.6016676 ], [ -83.9450857, 37.6179391 ], [ -83.9589965, 37.6161526 ], [ -83.9740647, 37.633442099999989 ], [ -84.0517314, 37.5922245 ], [ -84.0545745, 37.5832556 ], [ -84.1107049, 37.58506 ], [ -84.1253297, 37.5682722 ], [ -84.1182607, 37.5508704 ], [ -84.142698, 37.5492124 ], [ -84.1167374, 37.520629 ], [ -84.0848918, 37.5152228 ], [ -84.0386544, 37.5249781 ], [ -84.0301332, 37.5098597 ], [ -84.0814214, 37.4837279 ], [ -84.113588299999989, 37.4830857 ], [ -84.1307597, 37.4595802 ], [ -84.1520363, 37.4724633 ], [ -84.1650661, 37.4651421 ], [ -84.1813322, 37.470811 ], [ -84.2303838, 37.4638575 ], [ -84.2536704, 37.4744817 ], [ -84.2817642, 37.425769 ], [ -84.2973042, 37.4196976 ], [ -84.2889136, 37.3821274 ], [ -84.267999, 37.3733799 ], [ -84.2910066, 37.3510037 ], [ -84.288777, 37.3428399 ], [ -84.2641487, 37.3200777 ], [ -84.3065002, 37.3019125 ], [ -84.3093167, 37.274562 ], [ -84.2964536, 37.2414088 ], [ -84.3062231, 37.2456378 ], [ -84.3271221, 37.2366145 ], [ -84.3251616, 37.2174201 ], [ -84.360552, 37.1791258 ], [ -84.3341999, 37.1582907 ], [ -84.3930642, 37.1255892 ], [ -84.3879699, 37.105388499999989 ], [ -84.4134635, 37.092842 ], [ -84.4271634, 37.0707844 ], [ -84.412552, 37.0600002 ], [ -84.4244462, 37.0624884 ], [ -84.4323069, 37.0462568 ], [ -84.4636381, 37.0379797 ], [ -84.4521969, 37.0237983 ], [ -84.4612639, 37.016003 ], [ -84.444311399999989, 37.0094437 ], [ -84.492511, 36.9988338 ], [ -84.4966795, 36.9484774 ], [ -84.5257242, 36.9447062 ], [ -84.5204922, 36.9648984 ], [ -84.5526146, 36.9673037 ], [ -84.5581603, 36.957059 ], [ -84.5803795, 36.9511339 ], [ -84.5710177, 36.9388993 ], [ -84.582158, 36.9307585 ], [ -84.5734874, 36.9272633 ], [ -84.6002157, 36.9177371 ], [ -84.5990143, 36.9013181 ], [ -84.619848499999989, 36.8972785 ], [ -84.6028315, 36.8791273 ], [ -84.5823056, 36.8927234 ], [ -84.5898548, 36.882541 ], [ -84.5784181, 36.8643147 ], [ -84.5919557, 36.8609353 ], [ -84.5724811, 36.8459583 ], [ -84.5956305, 36.8379962 ], [ -84.5778507, 36.824899 ], [ -84.5883163, 36.8095188 ], [ -84.5816291, 36.8036583 ], [ -84.6027599, 36.8073966 ], [ -84.596349, 36.7991061 ], [ -84.6241812, 36.7935612 ], [ -84.6344398, 36.7688157 ], [ -84.653392, 36.7679536 ], [ -84.6651801, 36.756371 ], [ -84.6774276, 36.7598407 ], [ -84.674274, 36.7392128 ], [ -84.6949397, 36.741603 ], [ -84.6922452, 36.7269957 ], [ -84.6986809, 36.7309375 ], [ -84.7085551, 36.717324 ], [ -84.7238858, 36.7144428 ], [ -84.7108803, 36.7037065 ], [ -84.7249285, 36.6902247 ], [ -84.718606799999989, 36.6855767 ], [ -84.7341102, 36.6850826 ], [ -84.7352084, 36.6766346 ], [ -84.7394236, 36.689452 ], [ -84.7580833, 36.6827788 ], [ -84.7891253, 36.6484822 ], [ -84.8163303, 36.6582659 ], [ -84.8274389, 36.6539257 ], [ -84.8364097, 36.6341748 ], [ -84.8628367, 36.625071 ], [ -84.8801423, 36.6079368 ], [ -84.1261754, 36.5913123 ], [ -84.1107931, 36.6283136 ], [ -84.1330078, 36.6583626 ], [ -84.125789200000014, 36.6782236 ], [ -84.1409999, 36.6882267 ], [ -84.1599172, 36.7269196 ], [ -84.1874575, 36.7268826 ], [ -84.169458, 36.7348447 ], [ -84.1762841, 36.7450926 ], [ -84.1990648, 36.7643311 ], [ -84.2238125, 36.7659726 ], [ -84.2168361, 36.7743081 ], [ -84.2350264, 36.798267599999988 ], [ -84.2300374, 36.8092877 ], [ -84.247513, 36.8637721 ], [ -84.2150935, 36.870532 ], [ -84.1520159, 36.9098227 ], [ -84.1346187, 36.9364358 ], [ -84.1470854, 36.9551736 ], [ -84.1325038, 36.9577607 ], [ -84.132891200000017, 36.9667615 ], [ -84.115836, 36.9637072 ], [ -84.1321187, 36.9713386 ] ] ], [ [ [ -83.3595123, 37.9428033 ], [ -83.3571409, 37.9409365 ], [ -83.3418667, 37.9519723 ], [ -83.3435784, 37.952087 ], [ -83.3595123, 37.9428033 ] ] ] ] } },
{ "type": "Feature", "properties": { "name": "Chattahoochee-Oconee National Forests", "region": "08", "acres": 1796317.0, "type": "national_forest" }, "geometry": { "type": "MultiPolygon", "coordinates": [ [ [ [ -83.727358700000011, 34.9876321 ], [ -83.7505611, 34.972428 ], [ -83.7540651, 34.9507823 ], [ -83.7302097, 34.9247509 ], [ -83.7108437, 34.9201884 ], [ -83.7105264, 34.906203 ], [ -83.7224018, 34.9030696 ], [ -83.7315973, 34.9218533 ], [ -83.7635909, 34.9356684 ], [ -83.7683347, 34.9612187 ], [ -83.797824, 34.9729451 ], [ -83.8451104, 34.9633236 ], [ -83.8488929, 34.9305968 ], [ -83.8634502, 34.9141023 ], [ -83.851895399999989, 34.9540729 ], [ -83.8939886, 34.987119899999989 ], [ -84.1294403, 34.987545 ], [ -84.1790085, 34.9500008 ], [ -84.1611328, 34.9270172 ], [ -84.1254196, 34.9088364 ], [ -84.1081383, 34.8878496 ], [ -84.1116466, 34.8753653 ], [ -84.1877585, 34.8874333 ], [ -84.2437628, 34.8752265 ], [ -84.272971, 34.8873126 ], [ -84.2865129, 34.8733358 ], [ -84.3126177, 34.8730854 ], [ -84.3284988, 34.8473586 ], [ -84.3436082, 34.8552263 ], [ -84.3294923, 34.8732483 ], [ -84.3401867, 34.8735865 ], [ -84.3736105, 34.9037619 ], [ -84.3807617, 34.9421013 ], [ -84.367511, 34.9574083 ], [ -84.3829106, 34.9880251 ], [ -84.7290994, 34.988081 ], [ -84.747813, 34.9343052 ], [ -84.7529991, 34.8680144 ], [ -84.73287, 34.8554677 ], [ -84.7243513, 34.8319675 ], [ -84.6960574, 34.819229 ], [ -84.6933801, 34.8032431 ], [ -84.7355761, 34.7875994 ], [ -84.7552066, 34.7693072 ], [ -84.7538341, 34.7527642 ], [ -84.7051852, 34.6878065 ], [ -84.6937816, 34.6904367 ], [ -84.6594652, 34.6650039 ], [ -84.6231305, 34.6805225 ], [ -84.6092196, 34.6942361 ], [ -84.6127304, 34.7092537 ], [ -84.5677355, 34.7263838 ], [ -84.5597541, 34.7558031 ], [ -84.5506431, 34.7480514 ], [ -84.5306391, 34.7490438 ], [ -84.4771447, 34.68627 ], [ -84.4594793, 34.6850608 ], [ -84.445066, 34.6594738 ], [ -84.4026652, 34.6337061 ], [ -84.3824568, 34.6252528 ], [ -84.345377700000014, 34.6465128 ], [ -84.3334912, 34.6418502 ], [ -84.3267693, 34.5955355 ], [ -84.3083809, 34.5902714 ], [ -84.3092189, 34.5671936 ], [ -84.2926459, 34.5539313 ], [ -84.2647024, 34.5388271 ], [ -84.254096, 34.554916 ], [ -84.2347495, 34.5512106 ], [ -84.2046616, 34.5338352 ], [ -84.1756697, 34.5292027 ], [ -84.1512881, 34.5495012 ], [ -84.088032500000011, 34.547414 ], [ -84.0740999, 34.5603284 ], [ -84.0653156, 34.5509451 ], [ -84.0646711, 34.5704906 ], [ -84.0349596, 34.5703553 ], [ -84.0393201, 34.5953411 ], [ -83.9701399, 34.5952008 ], [ -83.956676, 34.590922 ], [ -83.9566999, 34.5800623 ], [ -83.9343994, 34.5815886 ], [ -83.9201334, 34.6050911 ], [ -83.9226715, 34.6225398 ], [ -83.9390368, 34.6281877 ], [ -83.9337784, 34.6352017 ], [ -83.9178819, 34.6324529 ], [ -83.9065261, 34.6514859 ], [ -83.8411104, 34.6515556 ], [ -83.8263446, 34.6349325 ], [ -83.7980379, 34.6384385 ], [ -83.7943449, 34.6562838 ], [ -83.760721100000012, 34.6591871 ], [ -83.7605836, 34.668602 ], [ -83.7506955, 34.6683201 ], [ -83.7481847, 34.7117303 ], [ -83.7041543, 34.7295686 ], [ -83.6675086, 34.6954912 ], [ -83.639492, 34.7070762 ], [ -83.6321362, 34.7207963 ], [ -83.6143447, 34.7204394 ], [ -83.615998499999989, 34.6892708 ], [ -83.6022519, 34.6683437 ], [ -83.5044192, 34.7133771 ], [ -83.4898503, 34.6905891 ], [ -83.4510503, 34.7076536 ], [ -83.427654, 34.6759495 ], [ -83.4345051, 34.6611566 ], [ -83.4808101, 34.6316771 ], [ -83.4970767, 34.6107695 ], [ -83.4805213, 34.587025 ], [ -83.4504828, 34.5969446 ], [ -83.424087899999989, 34.5817595 ], [ -83.4387724, 34.5811374 ], [ -83.4735324, 34.5579874 ], [ -83.4667905, 34.5357159 ], [ -83.5161546, 34.513442499999989 ], [ -83.5169831, 34.5042306 ], [ -83.5293385, 34.5010914 ], [ -83.5299234, 34.4829036 ], [ -83.5181427, 34.4760067 ], [ -83.5018981, 34.4282366 ], [ -83.4877442, 34.4205316 ], [ -83.4723708, 34.4291107 ], [ -83.441073, 34.4214966 ], [ -83.3924882, 34.463297 ], [ -83.3366464, 34.4734477 ], [ -83.3539513, 34.4974495 ], [ -83.3535012, 34.5303199 ], [ -83.3664411, 34.5364041 ], [ -83.3460698, 34.5669743 ], [ -83.3438189, 34.5892779 ], [ -83.3242333, 34.5930542 ], [ -83.3091796, 34.5780439 ], [ -83.2382006, 34.6157741 ], [ -83.2547419, 34.6371971 ], [ -83.2912652, 34.653039299999989 ], [ -83.305021599999989, 34.6699069 ], [ -83.3409571, 34.6794894 ], [ -83.340278200000014, 34.6914331 ], [ -83.3538593, 34.6981083 ], [ -83.3494516, 34.7363139 ], [ -83.3187912, 34.7576909 ], [ -83.3240543, 34.7895748 ], [ -83.3009408, 34.8043754 ], [ -83.30304, 34.8189269 ], [ -83.295779600000017, 34.8131298 ], [ -83.2892906, 34.8246768 ], [ -83.2686638, 34.820720099999988 ], [ -83.2680869, 34.8471634 ], [ -83.248818, 34.845403 ], [ -83.2482366, 34.8655852 ], [ -83.2348199, 34.8708591 ], [ -83.2427067, 34.8778606 ], [ -83.2200325, 34.8780743 ], [ -83.2142382, 34.8885994 ], [ -83.2055093, 34.8801283 ], [ -83.203601, 34.893487199999988 ], [ -83.1972613, 34.8907965 ], [ -83.1687772, 34.9192785 ], [ -83.1571975, 34.9149793 ], [ -83.1568119, 34.930887 ], [ -83.1416595, 34.9245153 ], [ -83.1274809, 34.9386257 ], [ -83.1118831, 34.9349311 ], [ -83.1276545, 34.9499121 ], [ -83.1141843, 34.950188 ], [ -83.1220353, 34.9648201 ], [ -83.0983298, 34.9907211 ], [ -83.1085615, 35.0006592 ], [ -83.727358700000011, 34.9876321 ] ] ] ] } },
{ "type": "Feature", "properties": { "name": "Cherokee National Forest", "region": "08", "acres": 1228298.0, "type": "national_forest" }, "geometry": { "type": "MultiPolygon", "coordinates": [ [ [ [ -82.0030757, 36.5951323 ], [ -82.0467815, 36.5944157 ], [ -82.0702801, 36.5652752 ], [ -82.1035976, 36.551073099999989 ], [ -82.09832, 36.5382481 ], [ -82.1151142, 36.5305538 ], [ -82.108593, 36.5052891 ], [ -82.1373272, 36.5157528 ], [ -82.1515064, 36.4914455 ], [ -82.2181549, 36.4746456 ], [ -82.2128906, 36.4409657 ], [ -82.2329941, 36.4372349 ], [ -82.250761, 36.4198551 ], [ -82.2136764, 36.3740444 ], [ -82.1620102, 36.3806515 ], [ -82.1631432, 36.3689785 ], [ -82.1566448, 36.3722515 ], [ -82.1497841, 36.3622837 ], [ -82.1671352, 36.31563 ], [ -82.2204494, 36.2881603 ], [ -82.2313652, 36.2976627 ], [ -82.254631, 36.293066 ], [ -82.2609387, 36.2700138 ], [ -82.2847748, 36.2623196 ], [ -82.2978687, 36.2678051 ], [ -82.3193893, 36.2505054 ], [ -82.3191433, 36.2813663 ], [ -82.3498879, 36.3021298 ], [ -82.459198, 36.219511 ], [ -82.4489365, 36.2160244 ], [ -82.4531231, 36.1910419 ], [ -82.468296, 36.2050076 ], [ -82.5201702, 36.1749592 ], [ -82.5283012, 36.1828518 ], [ -82.5176239, 36.1877918 ], [ -82.525465, 36.1873035 ], [ -82.5398617, 36.1769047 ], [ -82.5335407, 36.1720295 ], [ -82.5681667, 36.14995 ], [ -82.5914688, 36.1493664 ], [ -82.5979977, 36.1358433 ], [ -82.6146622, 36.1386547 ], [ -82.624364900000018, 36.1265888 ], [ -82.7050991, 36.1315403 ], [ -82.7003861, 36.1060925 ], [ -82.7090645, 36.0966968 ], [ -82.7233486, 36.0874081 ], [ -82.7417088, 36.0999775 ], [ -82.7621975, 36.090128 ], [ -82.7640438, 36.0576534 ], [ -82.7975407, 36.0477886 ], [ -82.8079433, 36.0249691 ], [ -82.823389, 36.0276508 ], [ -82.837211599999989, 36.0179462 ], [ -82.9025555, 36.0240383 ], [ -82.9220562, 35.9969158 ], [ -82.9385223, 36.0026264 ], [ -83.0083637, 35.9809399 ], [ -83.017519, 35.9885693 ], [ -83.0477829, 35.9600849 ], [ -83.0597477, 35.9750194 ], [ -83.0705662, 35.9742908 ], [ -83.105608, 35.9543056 ], [ -83.1313209, 35.9525509 ], [ -83.1313515, 35.9372616 ], [ -83.1725979, 35.9116306 ], [ -83.1636334, 35.9016438 ], [ -83.1877289, 35.8777981 ], [ -83.1845226, 35.8435764 ], [ -83.2318249, 35.8394871 ], [ -83.2488041, 35.8035946 ], [ -83.2207928, 35.7835369 ], [ -83.1677971, 35.7818241 ], [ -83.1446991, 35.789110199999989 ], [ -83.1112747, 35.7707386 ], [ -83.0744591, 35.7900677 ], [ -82.9921101, 35.7739496 ], [ -82.9617534, 35.7909938 ], [ -82.9458468, 35.8244147 ], [ -82.9163425, 35.8416985 ], [ -82.9208302, 35.8682136 ], [ -82.8961731, 35.8795245 ], [ -82.9068792, 35.8839586 ], [ -82.9011889, 35.8927124 ], [ -82.9199642, 35.9287072 ], [ -82.9023217, 35.9267335 ], [ -82.898277, 35.9440665 ], [ -82.8743153, 35.9527302 ], [ -82.8460426, 35.946207 ], [ -82.8219471, 35.9218655 ], [ -82.805086, 35.9271733 ], [ -82.806166, 35.9377989 ], [ -82.7750874, 35.9718647 ], [ -82.7856884, 35.9777794 ], [ -82.7760031, 36.0002898 ], [ -82.7503938, 36.0059223 ], [ -82.6375351, 36.0657406 ], [ -82.5907021, 36.033220299999989 ], [ -82.6141567, 36.00407 ], [ -82.6044121, 35.987501 ], [ -82.6107483, 35.9672948 ], [ -82.5804615, 35.9652843 ], [ -82.5580585, 35.9539 ], [ -82.4606126, 36.0077117 ], [ -82.4098931, 36.0828957 ], [ -82.3527627, 36.1164579 ], [ -82.3361453, 36.1146729 ], [ -82.2894039, 36.1357326 ], [ -82.266837200000012, 36.126919 ], [ -82.2545834, 36.1359882 ], [ -82.2453117, 36.1312351 ], [ -82.2132053, 36.1590862 ], [ -82.1774197, 36.1423244 ], [ -82.148777, 36.1498241 ], [ -82.1291981, 36.1041355 ], [ -82.0810795, 36.1032047 ], [ -82.0541573, 36.1266804 ], [ -82.0338402, 36.1205044 ], [ -81.9080684, 36.3020519 ], [ -81.8793298, 36.3139321 ], [ -81.8550654, 36.337282 ], [ -81.7936399, 36.3622402 ], [ -81.7907848, 36.3520603 ], [ -81.756176, 36.371774699999989 ], [ -81.7561855, 36.3997059 ], [ -81.780241, 36.432394 ], [ -81.714901, 36.4887867 ], [ -81.6961784, 36.4920292 ], [ -81.7080946, 36.5358795 ], [ -81.695488, 36.5297375 ], [ -81.691721, 36.5670872 ], [ -81.6770554, 36.5708294 ], [ -81.6799927, 36.5858479 ], [ -81.6633727, 36.5878 ], [ -81.6707558, 36.5932826 ], [ -81.646658, 36.611948 ], [ -81.9227848, 36.6162395 ], [ -81.9345169, 36.5942936 ], [ -82.0007341, 36.5944911 ], [ -81.9898319, 36.6032848 ], [ -81.9794388, 36.6000233 ], [ -81.9829596, 36.60791 ], [ -82.0030757, 36.5951323 ] ] ] ] } },
{ "type": "Feature", "properties": { "name": "National Forests in Florida", "region": "08", "acres": 1423183.0, "type": "national_forest" }, "geometry": { "type": "MultiPolygon", "coordinates": [ [ [ [ -84.5676224, 30.4033829 ], [ -84.6504803, 30.3859683 ], [ -84.693423, 30.3891425 ], [ -84.6828344, 30.354787 ], [ -84.715129, 30.3330514 ], [ -84.7011733, 30.3180558 ], [ -84.7378017, 30.2659337 ], [ -84.6984514, 30.245663 ], [ -84.6962447, 30.2130924 ], [ -84.7466583, 30.2126803 ], [ -84.7468498, 30.2271756 ], [ -84.7813786, 30.2269108 ], [ -84.7815085, 30.3288289 ], [ -84.8811793, 30.3283385 ], [ -84.881273299999989, 30.2993541 ], [ -85.01926, 30.2991239 ], [ -85.0195166, 30.2569359 ], [ -85.0530853, 30.2574482 ], [ -85.051569, 30.2402949 ], [ -85.0178706, 30.2402057 ], [ -85.0178894, 30.1966535 ], [ -85.0845682, 30.1965435 ], [ -85.0849766, 30.1526546 ], [ -85.0933743, 30.1525933 ], [ -85.101885200000012, 30.1318644 ], [ -85.1022036, 30.1015189 ], [ -85.1189363, 30.1015922 ], [ -85.1189304, 30.06522 ], [ -85.1106793, 30.0651762 ], [ -85.11841, 30.0562833 ], [ -85.085668, 30.0465298 ], [ -85.0857201, 30.0360973 ], [ -85.0644253, 30.0359739 ], [ -85.0500095, 29.9905665 ], [ -85.029426300000011, 29.9878292 ], [ -85.0127721, 29.9430473 ], [ -85.0137509, 29.9042356 ], [ -84.9355821, 29.9038998 ], [ -84.9352814, 30.0350685 ], [ -84.8200397, 30.033537 ], [ -84.8082158, 30.0119142 ], [ -84.799494, 30.0167797 ], [ -84.7547467, 29.9985473 ], [ -84.7199723, 29.9555004 ], [ -84.7367728, 29.938951 ], [ -84.7378471, 29.8797292 ], [ -84.7250704, 29.9018931 ], [ -84.732563900000017, 29.9368284 ], [ -84.7171813, 29.9546578 ], [ -84.7225694, 29.9795755 ], [ -84.753702, 30.0076936 ], [ -84.7395377, 30.0338801 ], [ -84.5951009, 30.0331309 ], [ -84.5698233, 30.0167394 ], [ -84.5624335, 30.0227913 ], [ -84.5462641, 30.0154839 ], [ -84.5426374, 30.0025232 ], [ -84.526814, 30.006714 ], [ -84.5190901, 29.9951207 ], [ -84.5252027, 29.9831327 ], [ -84.5128586, 29.9814687 ], [ -84.5133084, 29.9897322 ], [ -84.502091299999989, 29.9881649 ], [ -84.4900216, 30.0601987 ], [ -84.3879102, 30.0837369 ], [ -84.3739906, 30.1244976 ], [ -84.3860424, 30.1247031 ], [ -84.3880018, 30.1460755 ], [ -84.3623619, 30.2172998 ], [ -84.3617832, 30.2694135 ], [ -84.3409944, 30.3142532 ], [ -84.3258422, 30.3319715 ], [ -84.251325, 30.3318472 ], [ -84.2700991, 30.3758496 ], [ -84.3110586, 30.3760381 ], [ -84.3110095, 30.3981454 ], [ -84.3445799, 30.3979505 ], [ -84.3445727, 30.4198239 ], [ -84.3612607, 30.4198625 ], [ -84.3614618, 30.4349888 ], [ -84.3922419, 30.4429961 ], [ -84.5182613, 30.4369558 ], [ -84.5676224, 30.4033829 ] ] ] ] } },
{ "type": "Feature", "properties": { "name": "Kisatchie National Forest", "region": "08", "acres": 1063029.0, "type": "national_forest" }, "geometry": { "type": "MultiPolygon", "coordinates": [ [ [ [ -93.0833485, 32.1481493 ], [ -93.0834492, 32.1043158 ], [ -93.0663518, 32.104371 ], [ -93.0663537, 32.0899551 ], [ -93.0320449, 32.0895367 ], [ -93.0323231, 32.0605112 ], [ -93.0135582, 32.0605333 ], [ -93.0129045, 32.031198 ], [ -92.99578, 32.030881 ], [ -92.9955863, 32.0164437 ], [ -92.978379, 32.0164079 ], [ -92.9783106, 32.0019646 ], [ -92.9265228, 32.0018795 ], [ -92.9264112, 31.9727811 ], [ -92.8924097, 31.9727367 ], [ -92.8924032, 31.957518 ], [ -92.8722592, 31.946937 ], [ -92.885383, 31.9450175 ], [ -92.8997177, 31.9220569 ], [ -92.907052299999989, 31.9297667 ], [ -92.9021892, 31.9003808 ], [ -92.9119775, 31.9065458 ], [ -92.9193875, 31.896809 ], [ -92.9062523, 31.8826747 ], [ -92.9236707, 31.8709203 ], [ -92.9118783, 31.8741316 ], [ -92.9050515, 31.8527133 ], [ -92.9500552, 31.8558137 ], [ -92.9384242, 31.8231454 ], [ -92.9507529, 31.8257853 ], [ -92.9419731, 31.8145146 ], [ -92.9521229, 31.7845654 ], [ -92.9678274, 31.7810334 ], [ -92.9717812, 31.7099643 ], [ -92.8239988, 31.7090936 ], [ -92.8240373, 31.7494283 ], [ -92.772639, 31.7535063 ], [ -92.7724622, 31.7680555 ], [ -92.82396, 31.7677832 ], [ -92.8238526, 31.7970192 ], [ -92.7553535, 31.7970442 ], [ -92.7551894, 31.8408121 ], [ -92.7710483, 31.842575 ], [ -92.7216544, 31.855314 ], [ -92.7215529, 31.7681905 ], [ -92.6745548, 31.7682997 ], [ -92.6585253, 31.7596196 ], [ -92.6586041, 31.7535169 ], [ -92.6789439, 31.7532972 ], [ -92.6790488, 31.7457973 ], [ -92.6715263, 31.7457462 ], [ -92.6716873, 31.7089898 ], [ -92.6546336, 31.7091217 ], [ -92.6539268, 31.6360896 ], [ -92.5864251, 31.6361406 ], [ -92.5860307, 31.5853619 ], [ -92.6027719, 31.5852203 ], [ -92.6037803, 31.5104172 ], [ -92.5913232, 31.5104724 ], [ -92.6044567, 31.4899135 ], [ -92.6040299, 31.447154 ], [ -92.3992474, 31.4462488 ], [ -92.382235799999989, 31.4207646 ], [ -92.3821947, 31.4025369 ], [ -92.3137154, 31.402629 ], [ -92.3310392, 31.4718971 ], [ -92.2968604, 31.4719375 ], [ -92.2970052, 31.497559 ], [ -92.3141067, 31.4974127 ], [ -92.3143323, 31.5340297 ], [ -92.348464800000016, 31.5339746 ], [ -92.3486789, 31.5484319 ], [ -92.3823444, 31.548586900000011 ], [ -92.3825817, 31.5922083 ], [ -92.4159869, 31.5995499 ], [ -92.4157818, 31.6883697 ], [ -92.3996554, 31.7089441 ], [ -92.4156667, 31.7090935 ], [ -92.415307399999989, 31.7969146 ], [ -92.4664064, 31.7969632 ], [ -92.4665457, 31.840316 ], [ -92.5172115, 31.8405556 ], [ -92.5174234, 31.8696791 ], [ -92.6196512, 31.8697498 ], [ -92.6194784, 31.8408353 ], [ -92.6451453, 31.8451849 ], [ -92.6536539, 31.8844723 ], [ -92.7047744, 31.8846752 ], [ -92.7004976, 31.9137258 ], [ -92.6877476, 31.9136931 ], [ -92.688092, 31.9909266 ], [ -92.6998925, 31.9899739 ], [ -92.7217499, 32.0077815 ], [ -92.7659599, 32.0138159 ], [ -92.7793536, 32.025838899999989 ], [ -92.7839879, 32.052219199999989 ], [ -92.80186, 32.0591111 ], [ -92.7985023, 32.0928629 ], [ -92.814172, 32.1303405 ], [ -92.8103818, 32.1435448 ], [ -93.0833485, 32.1481493 ] ] ] ] } },
{ "type": "Feature", "properties": { "name": "Gifford Pinchot National Forest", "region": "06", "acres": 1496308.0, "type": "national_forest" }, "geometry": { "type": "MultiPolygon", "coordinates": [ [ [ [ -121.918522099999976, 46.8204993 ], [ -121.9396554, 46.8206565 ], [ -121.9396144, 46.8350651 ], [ -121.961286, 46.8350358 ], [ -121.9608237, 46.8208315 ], [ -121.9820415, 46.8210191 ], [ -121.990339, 46.5611656 ], [ -122.0319449, 46.5615401 ], [ -122.031993899999989, 46.6047448 ], [ -122.095206100000013, 46.604833 ], [ -122.0952447, 46.5904305 ], [ -122.1162069, 46.5904271 ], [ -122.1162404, 46.57622 ], [ -122.0952623, 46.5761326 ], [ -122.0953464, 46.5616553 ], [ -122.052976499999986, 46.5563826 ], [ -122.0319091, 46.5420759 ], [ -121.94893, 46.5509931 ], [ -121.938791399999985, 46.5346441 ], [ -121.918307399999989, 46.542924 ], [ -121.865731, 46.5437763 ], [ -121.8212349, 46.5336495 ], [ -121.810900899999979, 46.5449537 ], [ -121.7691515, 46.5447694 ], [ -121.7691101, 46.5521492 ], [ -121.7078456, 46.5743101 ], [ -121.7188166, 46.6027133 ], [ -121.708331, 46.6028751 ], [ -121.697420099999988, 46.6320061 ], [ -121.6554318, 46.6392868 ], [ -121.6446456, 46.653648 ], [ -121.6134035, 46.6538151 ], [ -121.613379, 46.6427816 ], [ -121.634492400000013, 46.6390783 ], [ -121.6345598, 46.6246896 ], [ -121.6500896, 46.6245774 ], [ -121.6505927, 46.6062966 ], [ -121.6962239, 46.5739677 ], [ -121.696715700000013, 46.563137399999988 ], [ -121.7641098, 46.537594 ], [ -121.768966100000014, 46.5236124 ], [ -121.821586299999979, 46.5129632 ], [ -121.88650220000001, 46.514367799999988 ], [ -121.9068306, 46.4996521 ], [ -121.927563, 46.4995044 ], [ -121.927678700000016, 46.5065366 ], [ -121.9481376, 46.4988428 ], [ -121.9591436, 46.5057056 ], [ -121.958855199999988, 46.4986457 ], [ -121.9900945, 46.4948445 ], [ -121.989548899999988, 46.4165711 ], [ -122.010308099999989, 46.4172874 ], [ -122.010577099999978, 46.4320206 ], [ -122.0317496, 46.4317877 ], [ -122.0314821, 46.4459988 ], [ -122.052884299999988, 46.4458384 ], [ -122.0528721, 46.4314748 ], [ -122.0736698, 46.4313242 ], [ -122.073679899999988, 46.446250199999987 ], [ -122.0947546, 46.4458781 ], [ -122.0945589, 46.4607606 ], [ -122.1987162, 46.4602976 ], [ -122.198689099999982, 46.4437531 ], [ -122.2197565, 46.4435664 ], [ -122.2194688, 46.4295299 ], [ -122.241324, 46.4293355 ], [ -122.241002599999987, 46.320182599999988 ], [ -122.261543800000013, 46.30554 ], [ -122.2826852, 46.310635 ], [ -122.303023400000015, 46.2964406 ], [ -122.313622599999988, 46.3062977 ], [ -122.3353873, 46.3045877 ], [ -122.345239600000014, 46.2878436 ], [ -122.3856708, 46.2913582 ], [ -122.3649264, 46.2698024 ], [ -122.3087109, 46.2694018 ], [ -122.297779299999988, 46.2443363 ], [ -122.2622805, 46.2208092 ], [ -122.2620887, 46.2115354 ], [ -122.287712899999988, 46.2115769 ], [ -122.287757099999979, 46.1860279 ], [ -122.3694932, 46.1862016 ], [ -122.3690929, 46.1425222 ], [ -122.349819400000015, 46.1424652 ], [ -122.3496156, 46.1266789 ], [ -122.2877576, 46.127026 ], [ -122.287626899999978, 46.113096399999989 ], [ -122.2714599, 46.1060101 ], [ -122.271427299999985, 46.0983958 ], [ -122.2873322, 46.0982423 ], [ -122.287292599999986, 46.069430399999987 ], [ -122.26543430000001, 46.0634219 ], [ -122.2049851, 46.0694779 ], [ -122.205138300000016, 46.1129814 ], [ -122.163141, 46.1130374 ], [ -122.1632625, 46.0984434 ], [ -122.10121740000001, 46.0982944 ], [ -122.1014082, 46.0838916 ], [ -122.0804851, 46.0838836 ], [ -122.0804751, 46.0692999 ], [ -122.059825, 46.0695423 ], [ -122.0598384, 46.0548954 ], [ -122.0283815, 46.0549319 ], [ -122.0283422, 46.0839569 ], [ -121.9972186, 46.0839527 ], [ -121.9972468, 46.0403364 ], [ -122.18387989999998, 46.0403729 ], [ -122.1835847, 45.9536351 ], [ -122.245766499999988, 45.9535208 ], [ -122.2500596, 45.7690699 ], [ -122.2598722, 45.7690906 ], [ -122.265828299999981, 45.7548511 ], [ -122.2596973, 45.7224363 ], [ -122.176552099999981, 45.7224706 ], [ -122.1670168, 45.7368695 ], [ -122.1467069, 45.7367166 ], [ -122.147075, 45.7439543 ], [ -122.168027199999983, 45.7441189 ], [ -122.167763099999988, 45.779010799999988 ], [ -122.1061914, 45.7788329 ], [ -122.1069314, 45.7502489 ], [ -122.086676700000012, 45.7504687 ], [ -122.0867983, 45.7300734 ], [ -122.055555399999989, 45.7381712 ], [ -122.0446999, 45.7670598 ], [ -121.9931427, 45.7666933 ], [ -121.993116, 45.7522093 ], [ -121.9620318, 45.7523033 ], [ -121.961970699999981, 45.7378931 ], [ -121.920801899999987, 45.7375787 ], [ -121.9207769, 45.7519246 ], [ -121.9516658, 45.75235 ], [ -121.951442700000015, 45.7738982 ], [ -121.9617554, 45.7801246 ], [ -121.8558501, 45.783655 ], [ -121.855913899999976, 45.7750048 ], [ -121.794485599999987, 45.7672731 ], [ -121.7591008, 45.7709491 ], [ -121.734045900000012, 45.7859954 ], [ -121.5999852, 45.7824549 ], [ -121.6086774, 45.8400619 ], [ -121.599754199999978, 45.8400524 ], [ -121.589058099999988, 45.8700213 ], [ -121.5698057, 45.8699361 ], [ -121.5698463, 45.927841 ], [ -121.5497897, 45.9277474 ], [ -121.55013790000001, 45.9415863 ], [ -121.570934, 45.9415543 ], [ -121.570974599999985, 45.9560479 ], [ -121.6126516, 45.9560186 ], [ -121.6124531, 46.0439266 ], [ -121.447932199999983, 46.0444076 ], [ -121.4479274, 46.0516273 ], [ -121.426961299999988, 46.0517819 ], [ -121.4340751, 46.1112254 ], [ -121.49095770000001, 46.2024085 ], [ -121.463000899999983, 46.2252061 ], [ -121.4636731, 46.2762159 ], [ -121.512844, 46.3544632 ], [ -121.476980399999988, 46.3940728 ], [ -121.4474511, 46.3845744 ], [ -121.4438386, 46.3910882 ], [ -121.393784599999989, 46.3899516 ], [ -121.386524, 46.410826799999988 ], [ -121.4078718, 46.4306498 ], [ -121.411988, 46.4596169 ], [ -121.4359747, 46.4758082 ], [ -121.4230468, 46.4927072 ], [ -121.4561929, 46.5145791 ], [ -121.4521884, 46.5363732 ], [ -121.4167797, 46.5476457 ], [ -121.412496599999983, 46.5581694 ], [ -121.424848399999973, 46.5701036 ], [ -121.407102099999989, 46.5810916 ], [ -121.4080371, 46.6019931 ], [ -121.38735, 46.6195346 ], [ -121.3948722, 46.6461137 ], [ -121.4157261, 46.6510518 ], [ -121.4130763, 46.6758621 ], [ -121.3993596, 46.6879843 ], [ -121.376959, 46.6861916 ], [ -121.379826, 46.7022941 ], [ -121.3540566, 46.714724799999985 ], [ -121.3689133, 46.726026399999988 ], [ -121.4067736, 46.7270003 ], [ -121.4292222, 46.7391608 ], [ -121.424548699999988, 46.7567929 ], [ -121.4423846, 46.758422 ], [ -121.4475253, 46.7701358 ], [ -121.5117379, 46.7479929 ], [ -121.5607979, 46.7187452 ], [ -121.5915035, 46.7186137 ], [ -121.5980458, 46.7080218 ], [ -121.6296592, 46.735855 ], [ -121.8288295, 46.7352688 ], [ -121.8432737, 46.7280861 ], [ -121.9183732, 46.7376564 ], [ -121.918522099999976, 46.8204993 ] ] ] ] } },
{ "type": "Feature", "properties": { "name": "Malheur National Forest", "region": "06", "acres": 1786541.0, "type": "national_forest" }, "geometry": { "type": "MultiPolygon", "coordinates": [ [ [ [ -118.7205629, 44.5511589 ], [ -118.7204489, 44.5619486 ], [ -118.675372599999974, 44.561972 ], [ -118.670308099999986, 44.5336017 ], [ -118.64997, 44.5336559 ], [ -118.6396279, 44.518935 ], [ -118.6243597, 44.5225412 ], [ -118.634520099999989, 44.5333571 ], [ -118.6244321, 44.5369244 ], [ -118.604015599999983, 44.5298074 ], [ -118.5939993, 44.4688284 ], [ -118.5786209, 44.4615986 ], [ -118.5733485, 44.4755876 ], [ -118.5734531, 44.4535093 ], [ -118.552777299999988, 44.4608398 ], [ -118.5427324, 44.4212664 ], [ -118.542721700000016, 44.4103515 ], [ -118.552699499999974, 44.4103348 ], [ -118.542598399999989, 44.3885837 ], [ -118.5649954, 44.3884821 ], [ -118.5649343, 44.3484966 ], [ -118.6875361, 44.3484671 ], [ -118.687399, 44.3630141 ], [ -118.931761399999985, 44.3634283 ], [ -118.9317997, 44.3052393 ], [ -119.052559300000013, 44.3053129 ], [ -119.052511599999988, 44.3269683 ], [ -119.0932, 44.3342612 ], [ -119.0934263, 44.3487435 ], [ -119.1540376, 44.3489759 ], [ -119.15406969999998, 44.3634633 ], [ -119.2344553, 44.3635348 ], [ -119.2344203, 44.349009 ], [ -119.254525300000012, 44.3490773 ], [ -119.2546128, 44.3636048 ], [ -119.293940299999988, 44.3638982 ], [ -119.293990799999989, 44.3890488 ], [ -119.4398676, 44.389486 ], [ -119.4398427, 44.4039691 ], [ -119.4905517, 44.4037646 ], [ -119.494643200000013, 44.3639924 ], [ -119.4742683, 44.3638833 ], [ -119.4745878, 44.3277495 ], [ -119.41378370000001, 44.3203703 ], [ -119.4138403, 44.3058964 ], [ -119.4330237, 44.3059896 ], [ -119.4242031, 44.2695183 ], [ -119.46453289999998, 44.2623619 ], [ -119.4773554, 44.1775989 ], [ -119.4371108, 44.1700282 ], [ -119.4369733, 44.147947 ], [ -119.416781199999988, 44.1482491 ], [ -119.4268718, 44.1103149 ], [ -119.3965052, 44.1122262 ], [ -119.385872100000014, 44.1050693 ], [ -119.3865166, 44.119458 ], [ -119.2964383, 44.1196617 ], [ -119.296436199999988, 44.134109 ], [ -119.267253200000013, 44.134087 ], [ -119.2675585, 44.1051986 ], [ -119.2574666, 44.0978772 ], [ -119.287660500000015, 44.0762229 ], [ -119.3164058, 44.0762352 ], [ -119.316493099999974, 44.0616104 ], [ -119.296466900000013, 44.0616839 ], [ -119.2964893, 44.0471488 ], [ -119.3164803, 44.0471788 ], [ -119.3161432, 44.0250092 ], [ -119.286982200000011, 44.0255362 ], [ -119.2867291, 43.9894107 ], [ -119.336164, 43.9885741 ], [ -119.33610130000001, 43.9741458 ], [ -119.356043, 43.973769399999988 ], [ -119.356089200000014, 43.9593662 ], [ -119.395920800000013, 43.9587401 ], [ -119.405926900000011, 44.0234585 ], [ -119.455816500000012, 44.0233793 ], [ -119.4559108, 44.0160866 ], [ -119.4759248, 44.0162724 ], [ -119.47570180000001, 44.001829 ], [ -119.5373365, 44.0097695 ], [ -119.5371666, 43.9810245 ], [ -119.5573527, 43.9809543 ], [ -119.5573051, 43.9738164 ], [ -119.537199099999981, 43.9738614 ], [ -119.5370639, 43.9593583 ], [ -119.577635, 43.9667342 ], [ -119.5901041, 43.9596367 ], [ -119.5974756, 43.9739492 ], [ -119.6378433, 43.9740351 ], [ -119.6571828, 43.9589196 ], [ -119.6771131, 43.9589357 ], [ -119.677100700000011, 43.929935 ], [ -119.69607259999998, 43.9303227 ], [ -119.695910199999986, 43.9154792 ], [ -119.7154694, 43.9155873 ], [ -119.7156362, 43.8865315 ], [ -119.735958, 43.8866188 ], [ -119.736196799999988, 43.872285 ], [ -119.756243, 43.872402799999989 ], [ -119.756301, 43.8433577 ], [ -119.7764931, 43.8434612 ], [ -119.776971100000011, 43.7855455 ], [ -119.7968854, 43.7856201 ], [ -119.7971388, 43.7711316 ], [ -119.8172558, 43.7712004 ], [ -119.817255499999973, 43.7567194 ], [ -119.837256200000013, 43.7568528 ], [ -119.8371222, 43.6839585 ], [ -119.8170263, 43.6833503 ], [ -119.817218, 43.668847899999989 ], [ -119.7575741, 43.6692657 ], [ -119.7574895, 43.6837611 ], [ -119.698094699999984, 43.6841684 ], [ -119.6970853, 43.6976285 ], [ -119.6768762, 43.6975853 ], [ -119.676983199999981, 43.7124296 ], [ -119.6567694, 43.7124228 ], [ -119.6567244, 43.7268371 ], [ -119.6363728, 43.7270605 ], [ -119.6361856, 43.7706147 ], [ -119.595561300000014, 43.7717063 ], [ -119.595662199999978, 43.785767 ], [ -119.536144, 43.7860342 ], [ -119.536428199999989, 43.7716117 ], [ -119.4563722, 43.7733558 ], [ -119.456671300000011, 43.729713 ], [ -119.4866531, 43.7292208 ], [ -119.4968267, 43.7069467 ], [ -119.576281199999983, 43.6986226 ], [ -119.5771711, 43.6768723 ], [ -119.5969644, 43.6769497 ], [ -119.597434799999974, 43.6546826 ], [ -119.3975003, 43.656992 ], [ -119.3987038, 43.5996388 ], [ -119.308088, 43.5990133 ], [ -119.317889, 43.6280905 ], [ -119.2779567, 43.6279312 ], [ -119.257777, 43.6717647 ], [ -119.287839, 43.671544 ], [ -119.2980217, 43.6789335 ], [ -119.2979002, 43.6934008 ], [ -119.3177393, 43.7006508 ], [ -119.3175462, 43.7586336 ], [ -119.337910799999989, 43.759203799999987 ], [ -119.33688380000001, 43.7877429 ], [ -119.377277, 43.7880601 ], [ -119.3777962, 43.8023614 ], [ -119.25716, 43.8023523 ], [ -119.256981599999989, 43.8168792 ], [ -119.2770606, 43.8168664 ], [ -119.2767444, 43.8312767 ], [ -119.256881299999989, 43.8312563 ], [ -119.2567364, 43.8454932 ], [ -119.2169179, 43.8449737 ], [ -119.2169878, 43.8592889 ], [ -119.19702359999998, 43.8592853 ], [ -119.1972609, 43.888186 ], [ -119.176875700000011, 43.8881298 ], [ -119.1769639, 43.8736791 ], [ -119.1376257, 43.8734708 ], [ -119.1479943, 43.8580264 ], [ -119.138122, 43.8580195 ], [ -119.1382891, 43.8434759 ], [ -119.118524799999989, 43.8434165 ], [ -119.1185612, 43.828829 ], [ -119.0786079, 43.828845 ], [ -119.078585, 43.8142117 ], [ -119.0586467, 43.8141048 ], [ -119.0585377, 43.7995011 ], [ -119.0485241, 43.799629599999989 ], [ -119.0486708, 43.7850328 ], [ -119.0186785, 43.7851208 ], [ -119.018925599999989, 43.759752899999988 ], [ -118.9405804, 43.758752 ], [ -118.940529899999987, 43.7301655 ], [ -118.7282042, 43.728878 ], [ -118.7280176, 43.7575691 ], [ -118.670804699999977, 43.7535254 ], [ -118.667970099999977, 43.7853016 ], [ -118.6678903, 43.7999418 ], [ -118.688058799999979, 43.7998412 ], [ -118.688061199999979, 43.8144263 ], [ -118.696211299999987, 43.81434 ], [ -118.6961937, 43.8727299 ], [ -118.7163564, 43.8727957 ], [ -118.716369300000011, 43.8873423 ], [ -118.6961435, 43.8872407 ], [ -118.696020799999985, 43.9017575 ], [ -118.6961643, 43.9602724 ], [ -118.7159522, 43.9603602 ], [ -118.7158464, 44.0037067 ], [ -118.6676895, 44.0036685 ], [ -118.667600900000011, 44.0181315 ], [ -118.6473267, 44.0181241 ], [ -118.6475314, 44.0036261 ], [ -118.5872602, 44.0034892 ], [ -118.587305, 43.9966137 ], [ -118.5483569, 43.9966193 ], [ -118.5482135, 44.0111693 ], [ -118.528145799999976, 44.0112069 ], [ -118.5282453, 43.9966405 ], [ -118.428219200000015, 43.996684 ], [ -118.4282122, 44.0111729 ], [ -118.4080328, 44.0111679 ], [ -118.408032, 43.9966615 ], [ -118.34771760000001, 43.9965491 ], [ -118.3478593, 44.0403884 ], [ -118.368096499999979, 44.0404868 ], [ -118.368090400000014, 44.0549301 ], [ -118.3478213, 44.0548328 ], [ -118.347884, 44.0680282 ], [ -118.296676800000014, 44.0679776 ], [ -118.2868668, 44.074592 ], [ -118.2880849, 44.1258871 ], [ -118.277959199999984, 44.126071499999988 ], [ -118.27801740000001, 44.1405898 ], [ -118.258095499999982, 44.1407371 ], [ -118.2583341, 44.1772268 ], [ -118.2484263, 44.1772489 ], [ -118.2537404, 44.2274762 ], [ -118.2334612, 44.2273929 ], [ -118.2327507, 44.2416378 ], [ -118.213521700000015, 44.2416349 ], [ -118.213556, 44.2561752 ], [ -118.1933455, 44.2562004 ], [ -118.188073, 44.2721061 ], [ -118.2042661, 44.2855414 ], [ -118.2454179, 44.2886743 ], [ -118.2845007, 44.3251982 ], [ -118.3269758, 44.3396123 ], [ -118.3958177, 44.3400071 ], [ -118.4082866, 44.3599054 ], [ -118.4010093, 44.3687454 ], [ -118.42516950000001, 44.3986631 ], [ -118.4363337, 44.3965341 ], [ -118.418399499999978, 44.4323984 ], [ -118.4195272, 44.4567416 ], [ -118.37534740000001, 44.4591255 ], [ -118.3607645, 44.4716834 ], [ -118.371589300000011, 44.5306527 ], [ -118.338368499999987, 44.5668562 ], [ -118.325596799999985, 44.561073799999988 ], [ -118.3172872, 44.5678777 ], [ -118.305934600000015, 44.5878259 ], [ -118.3169983, 44.6040513 ], [ -118.33869559999998, 44.6108286 ], [ -118.354795599999989, 44.6391206 ], [ -118.3796361, 44.6464022 ], [ -118.4052816, 44.6415267 ], [ -118.4248258, 44.6548655 ], [ -118.4464227, 44.6499008 ], [ -118.5043789, 44.6647989 ], [ -118.517559600000013, 44.7047296 ], [ -118.5552715, 44.7063836 ], [ -118.5552267, 44.7209372 ], [ -118.636190599999978, 44.7210305 ], [ -118.636321599999988, 44.7356186 ], [ -118.6769898, 44.7356218 ], [ -118.676828, 44.7792413 ], [ -118.6971003, 44.7791916 ], [ -118.6970641, 44.7937105 ], [ -118.755317299999987, 44.7937295 ], [ -118.7647014, 44.8054786 ], [ -118.803712, 44.8002581 ], [ -118.8397261, 44.8086176 ], [ -118.8393029, 44.7462322 ], [ -118.859969199999981, 44.74268 ], [ -118.859311799999986, 44.7355539 ], [ -118.8903684, 44.7501474 ], [ -118.8900305, 44.7356571 ], [ -118.9516695, 44.7319687 ], [ -118.9464226, 44.7210488 ], [ -118.9566422, 44.7209969 ], [ -118.9719361, 44.7940366 ], [ -118.9821395, 44.7939485 ], [ -118.9820987, 44.7794415 ], [ -119.002618, 44.7793233 ], [ -119.0020536, 44.7061806 ], [ -118.9820247, 44.7061873 ], [ -118.9822875, 44.662975 ], [ -119.022684, 44.6629518 ], [ -119.0428116, 44.6771952 ], [ -119.1035204, 44.6775974 ], [ -119.1244424, 44.6919943 ], [ -119.1949381, 44.6923421 ], [ -119.1949135, 44.7069692 ], [ -119.256207599999982, 44.7143675 ], [ -119.256154599999988, 44.7216492 ], [ -119.3381521, 44.715383 ], [ -119.3382272, 44.6941083 ], [ -119.317952, 44.6934312 ], [ -119.3174703, 44.665066 ], [ -119.287153, 44.6635527 ], [ -119.2871551, 44.6781077 ], [ -119.16434120000001, 44.6778724 ], [ -119.1440694, 44.6633108 ], [ -119.083322900000013, 44.6558395 ], [ -119.0927702, 44.6128923 ], [ -119.1233484, 44.6198154 ], [ -119.1233684, 44.5871794 ], [ -119.13359530000001, 44.5798606 ], [ -119.1233671, 44.5799202 ], [ -119.1233331, 44.5617438 ], [ -119.276809300000011, 44.5691751 ], [ -119.2872156, 44.576595 ], [ -119.286830400000014, 44.6200633 ], [ -119.3382437, 44.620799 ], [ -119.3377357, 44.5987112 ], [ -119.3894857, 44.5992491 ], [ -119.3886018, 44.5778705 ], [ -119.368394200000012, 44.5775669 ], [ -119.3476439, 44.5628288 ], [ -119.34824660000001, 44.5342225 ], [ -119.2976872, 44.5337188 ], [ -119.2978112, 44.5268707 ], [ -119.287596400000012, 44.5335398 ], [ -119.2254639, 44.5332373 ], [ -119.2260463, 44.5045246 ], [ -119.164572799999988, 44.5047471 ], [ -119.1644636, 44.4904096 ], [ -119.062716399999985, 44.4901364 ], [ -119.0623063, 44.518830699999988 ], [ -119.031756800000011, 44.5193876 ], [ -119.0318421, 44.5047761 ], [ -118.798166200000011, 44.5043926 ], [ -118.798170699999986, 44.4971983 ], [ -118.7781683, 44.4972873 ], [ -118.7832307, 44.5226092 ], [ -118.7679262, 44.5190312 ], [ -118.7679905, 44.5333323 ], [ -118.7470836, 44.5332966 ], [ -118.7520052, 44.5515007 ], [ -118.730692, 44.5619346 ], [ -118.736135800000014, 44.554924799999988 ], [ -118.7205629, 44.5511589 ] ], [ [ -118.818969599999988, 44.5478325 ], [ -118.8188876, 44.5404794 ], [ -118.8292179, 44.5441236 ], [ -118.818969599999988, 44.5478325 ] ], [ [ -118.751578, 44.5584346 ], [ -118.757698499999989, 44.5406254 ], [ -118.7881525, 44.5332555 ], [ -118.778073, 44.5551558 ], [ -118.798223, 44.5551553 ], [ -118.7981252, 44.5624356 ], [ -118.751578, 44.5584346 ] ], [ [ -118.8755533, 44.1773569 ], [ -118.8905868, 44.1846397 ], [ -118.9107381, 44.177415 ], [ -118.910736, 44.1628996 ], [ -118.8956466, 44.1665384 ], [ -118.89565349999998, 44.1774077 ], [ -118.8668998, 44.1700707 ], [ -118.842220200000014, 44.1771962 ], [ -118.8572834, 44.1664163 ], [ -118.8372256, 44.1627821 ], [ -118.8572444, 44.1483157 ], [ -118.9359497, 44.1483687 ], [ -118.935975299999981, 44.1338243 ], [ -118.97661140000001, 44.1302205 ], [ -118.971807, 44.1158377 ], [ -118.9919266, 44.1121123 ], [ -118.9919358, 44.1012714 ], [ -119.0269559, 44.0940321 ], [ -119.0319382, 44.1085139 ], [ -119.057124800000011, 44.104881399999989 ], [ -119.0572297, 44.1339282 ], [ -119.1328711, 44.1484829 ], [ -119.1478837, 44.1993944 ], [ -119.1767843, 44.1992325 ], [ -119.1777333, 44.2185252 ], [ -119.1941753, 44.2184616 ], [ -119.1940087, 44.2330235 ], [ -119.1432965, 44.233016 ], [ -119.1332199, 44.2765183 ], [ -119.1130016, 44.2766154 ], [ -119.103059, 44.2475951 ], [ -119.0778113, 44.2476792 ], [ -119.077777200000014, 44.2404012 ], [ -119.0677431, 44.2477294 ], [ -119.0676614, 44.2331216 ], [ -119.032074899999984, 44.2404035 ], [ -119.0422544, 44.2331845 ], [ -119.032219399999988, 44.2222332 ], [ -119.0470989, 44.2175878 ], [ -119.0166694, 44.2186481 ], [ -119.0168415, 44.2066636 ], [ -118.97618, 44.2029088 ], [ -118.905792799999986, 44.2063646 ], [ -118.9006654, 44.1955119 ], [ -118.895809799999981, 44.206372 ], [ -118.8751926, 44.2063479 ], [ -118.885553699999988, 44.1846307 ], [ -118.8755533, 44.1773569 ] ], [ [ -118.936089, 44.1306586 ], [ -118.9365227, 44.0617459 ], [ -118.917821499999988, 44.0618861 ], [ -118.917743099999981, 44.047258 ], [ -118.867377499999989, 44.047492 ], [ -118.856873299999975, 43.843608 ], [ -118.877068400000013, 43.8437088 ], [ -118.8773092, 43.814486 ], [ -118.9174157, 43.8144797 ], [ -118.9173164, 43.8290898 ], [ -118.9373443, 43.8290932 ], [ -118.937351400000011, 43.8731942 ], [ -118.9575788, 43.8732545 ], [ -118.957708399999987, 43.9168033 ], [ -118.9777768, 43.9165525 ], [ -118.976039, 43.9892794 ], [ -118.9964522, 43.9893407 ], [ -118.996411200000011, 44.0037993 ], [ -119.0367937, 44.0039423 ], [ -119.0368169, 44.032674 ], [ -119.0267808, 44.0326317 ], [ -119.026962399999988, 44.0471062 ], [ -118.996789, 44.0542906 ], [ -118.9969089, 44.0904421 ], [ -118.9666896, 44.1087067 ], [ -118.966806, 44.1195083 ], [ -118.936089, 44.1306586 ] ] ] ] } },
{ "type": "Feature", "properties": { "name": "Mt. Baker-Snoqualmie National Forest", "region": "06", "acres": 2025595.0, "type": "national_forest" }, "geometry": { "type": "MultiPolygon", "coordinates": [ [ [ [ -121.5199347, 47.207302899999988 ], [ -121.4877873, 47.2134996 ], [ -121.4876819, 47.2279509 ], [ -121.4666979, 47.2279581 ], [ -121.46256, 47.2207173 ], [ -121.462583, 47.2279712 ], [ -121.4254099, 47.2279355 ], [ -121.42551610000001, 47.213487099999988 ], [ -121.4467202, 47.213516399999989 ], [ -121.4466686, 47.1991236 ], [ -121.4671098, 47.198758399999988 ], [ -121.4671788, 47.2061273 ], [ -121.5146719, 47.203812 ], [ -121.5412761, 47.1848725 ], [ -121.573372099999986, 47.1849374 ], [ -121.5732267, 47.2000087 ], [ -121.59408, 47.2003003 ], [ -121.5939596, 47.2133702 ], [ -121.630885899999981, 47.2204796 ], [ -121.6575121, 47.2135731 ], [ -121.6575734, 47.226937899999989 ], [ -121.7203161, 47.2275146 ], [ -121.725488899999988, 47.2349818 ], [ -121.762180699999988, 47.2386319 ], [ -121.7625275, 47.2131869 ], [ -121.773069899999982, 47.2133604 ], [ -121.7731003, 47.206146 ], [ -121.741650799999974, 47.1986729 ], [ -121.7416249, 47.2059001 ], [ -121.7203795, 47.2059509 ], [ -121.7210201, 47.1708311 ], [ -121.6359989, 47.1707896 ], [ -121.6365663, 47.1563813 ], [ -121.6154605, 47.1563325 ], [ -121.615451099999987, 47.1708219 ], [ -121.5942844, 47.1708461 ], [ -121.5940691, 47.0841239 ], [ -121.971974300000014, 47.0833065 ], [ -121.9820415, 46.8210191 ], [ -121.9608237, 46.8208315 ], [ -121.961286, 46.8350358 ], [ -121.9396144, 46.8350651 ], [ -121.9396554, 46.8206565 ], [ -121.918522099999976, 46.8204993 ], [ -121.9163266, 46.9963788 ], [ -121.905810699999975, 47.0003859 ], [ -121.533724299999989, 46.9950515 ], [ -121.5407758, 46.9782693 ], [ -121.518718400000012, 46.9782235 ], [ -121.501114800000011, 46.9528847 ], [ -121.5025173, 46.9108266 ], [ -121.456237, 46.923872 ], [ -121.457407, 46.964220499999989 ], [ -121.442057399999982, 46.972897 ], [ -121.446097099999989, 46.9800757 ], [ -121.407283, 46.9981237 ], [ -121.4002317, 47.0335893 ], [ -121.374348499999982, 47.0566689 ], [ -121.3768735, 47.0904068 ], [ -121.402639799999989, 47.0982939 ], [ -121.40799890000001, 47.1180026 ], [ -121.3817668, 47.1373595 ], [ -121.3156454, 47.1338349 ], [ -121.29751730000001, 47.1486108 ], [ -121.31793279999998, 47.1736452 ], [ -121.3061363, 47.187847 ], [ -121.3111134, 47.2075731 ], [ -121.365163, 47.224383599999989 ], [ -121.3606815, 47.2405385 ], [ -121.332223599999978, 47.256983899999987 ], [ -121.3414572, 47.2816346 ], [ -121.361661, 47.2918337 ], [ -121.372113399999989, 47.2850792 ], [ -121.4277387, 47.2893177 ], [ -121.445260199999979, 47.3098957 ], [ -121.4306007, 47.3347166 ], [ -121.463900699999982, 47.3536339 ], [ -121.461857099999989, 47.3622787 ], [ -121.402653, 47.3724941 ], [ -121.3763017, 47.40124 ], [ -121.359729699999988, 47.4013004 ], [ -121.3565056, 47.4297428 ], [ -121.3820998, 47.4391638 ], [ -121.3792369, 47.4543396 ], [ -121.338597799999988, 47.4763255 ], [ -121.3121552, 47.4791695 ], [ -121.2919382, 47.5134727 ], [ -121.2426052, 47.5360478 ], [ -121.229073, 47.5655146 ], [ -121.1798953, 47.564935 ], [ -121.172124700000012, 47.5901882 ], [ -121.1200022, 47.5912303 ], [ -121.1115012, 47.599054 ], [ -121.1139273, 47.6218001 ], [ -121.133707500000014, 47.6456521 ], [ -121.1287902, 47.6762488 ], [ -121.0659284, 47.713407 ], [ -121.0838908, 47.7228575 ], [ -121.0790305, 47.739109 ], [ -121.0939972, 47.7584711 ], [ -121.110370100000011, 47.7580193 ], [ -121.1205291, 47.7838886 ], [ -121.0701386, 47.830146 ], [ -121.1131385, 47.8297144 ], [ -121.1535769, 47.8453234 ], [ -121.157263, 47.882225 ], [ -121.1670253, 47.8795264 ], [ -121.180728599999981, 47.8981173 ], [ -121.165054699999985, 47.9560143 ], [ -121.1170052, 47.9998341 ], [ -121.1528876, 48.040856 ], [ -121.096610899999988, 48.0645389 ], [ -121.0157581, 48.0749251 ], [ -120.97238, 48.1086264 ], [ -120.9472872, 48.1128108 ], [ -120.9649423, 48.133999499999987 ], [ -120.9546095, 48.1523484 ], [ -120.9068666, 48.1658887 ], [ -120.9192738, 48.1909973 ], [ -120.9643458, 48.210867 ], [ -120.9594409, 48.2276793 ], [ -121.0119527, 48.2795198 ], [ -121.0031286, 48.2988565 ], [ -121.0717253, 48.3175433 ], [ -121.069674, 48.3388159 ], [ -121.0406619, 48.347825799999988 ], [ -121.0665407, 48.393441499999987 ], [ -121.0563622, 48.4122995 ], [ -121.0415868, 48.4112003 ], [ -121.0426076, 48.4469965 ], [ -121.1047078, 48.473595499999988 ], [ -121.1522137, 48.474042 ], [ -121.1702596, 48.4887869 ], [ -121.2046668, 48.4951303 ], [ -121.189652599999974, 48.5152708 ], [ -121.170465299999989, 48.518111 ], [ -121.211340600000014, 48.5340461 ], [ -121.246503499999989, 48.5301696 ], [ -121.308531499999987, 48.558049 ], [ -121.317962400000013, 48.5786854 ], [ -121.3065409, 48.5979013 ], [ -121.3740282, 48.574753799999989 ], [ -121.3895082, 48.5817595 ], [ -121.3856033, 48.6167501 ], [ -121.3644035, 48.6272 ], [ -121.3883899, 48.645624299999987 ], [ -121.4007059, 48.6761037 ], [ -121.4669607, 48.6576478 ], [ -121.4660432, 48.6135532 ], [ -121.485757, 48.6332497 ], [ -121.5120414, 48.6265117 ], [ -121.5638502, 48.6529016 ], [ -121.56378, 48.6866909 ], [ -121.541599, 48.7089492 ], [ -121.543263700000011, 48.7768295 ], [ -121.552065299999981, 48.787658199999989 ], [ -121.639915, 48.78762 ], [ -121.640285, 48.81769 ], [ -121.62934, 48.81769 ], [ -121.62939, 48.8611199 ], [ -121.5216, 48.86114 ], [ -121.521796, 48.9995277 ], [ -121.9497739, 49.0003077 ], [ -121.96085, 48.8612499 ], [ -122.00476, 48.86131 ], [ -122.00475, 48.83232 ], [ -121.98286, 48.83224 ], [ -121.98314, 48.77546 ], [ -121.961, 48.77548 ], [ -121.96073, 48.74654 ], [ -122.00506, 48.74678 ], [ -122.0171, 48.70348 ], [ -122.00626, 48.7032899 ], [ -122.00569, 48.67406 ], [ -121.98459, 48.67402 ], [ -121.984675, 48.65958 ], [ -121.96274, 48.65934 ], [ -121.96291, 48.64468 ], [ -121.94256, 48.64462 ], [ -121.9427715, 48.6238549 ], [ -121.89865, 48.61686 ], [ -121.89898, 48.6312 ], [ -121.83302, 48.63099 ], [ -121.83504, 48.64427 ], [ -121.807969899999989, 48.6441201 ], [ -121.8087501, 48.63089 ], [ -121.78664, 48.63077 ], [ -121.78627, 48.6439899 ], [ -121.6663237, 48.64302 ], [ -121.67785, 48.612855 ], [ -121.63588, 48.61285 ], [ -121.63593, 48.59826 ], [ -121.6579, 48.5985799 ], [ -121.667791099999974, 48.5552992 ], [ -121.61463, 48.55551 ], [ -121.63666, 48.54124 ], [ -121.6369414, 48.5139399 ], [ -121.61479, 48.51256 ], [ -121.620347200000012, 48.4958729 ], [ -121.609496799999988, 48.4919616 ], [ -121.57141, 48.49806 ], [ -121.5713601, 48.4914598 ], [ -121.555129799999975, 48.4913186 ], [ -121.538255, 48.505761 ], [ -121.494205, 48.5052355 ], [ -121.49363910000001, 48.5196438 ], [ -121.4716304, 48.5194396 ], [ -121.4712463, 48.5265994 ], [ -121.438128899999981, 48.5339598 ], [ -121.43835, 48.55573 ], [ -121.41586, 48.55578 ], [ -121.4237989, 48.5411 ], [ -121.41056, 48.54105 ], [ -121.410467599999976, 48.55577 ], [ -121.39429, 48.55579 ], [ -121.39446, 48.54095 ], [ -121.30752, 48.54103 ], [ -121.3088799, 48.46803 ], [ -121.48476, 48.468480299999989 ], [ -121.48513, 48.454968099999988 ], [ -121.5303883, 48.454844199999989 ], [ -121.5303562, 48.3839495 ], [ -121.465688700000015, 48.3838421 ], [ -121.465687299999985, 48.3690661 ], [ -121.44437809999998, 48.3689561 ], [ -121.433726900000011, 48.317761 ], [ -121.4122468, 48.3104309 ], [ -121.4122228, 48.2959667 ], [ -121.513186599999983, 48.2962859 ], [ -121.5129434, 48.2854962 ], [ -121.5347313, 48.2851892 ], [ -121.534668599999989, 48.2704427 ], [ -121.577839700000013, 48.269934199999987 ], [ -121.582384800000014, 48.21851 ], [ -121.598889700000015, 48.2332488 ], [ -121.6873117, 48.2399541 ], [ -121.6872866, 48.2545008 ], [ -121.7063739, 48.2541494 ], [ -121.7064127, 48.268745 ], [ -121.7715267, 48.2685184 ], [ -121.771374099999989, 48.2540936 ], [ -121.8354109, 48.2541244 ], [ -121.835029099999986, 48.2103114 ], [ -121.9257689, 48.2102319 ], [ -121.9255196, 48.1956048 ], [ -121.8613048, 48.1951849 ], [ -121.8612848, 48.1656771 ], [ -121.8398098, 48.1657315 ], [ -121.8402065, 48.1228748 ], [ -121.776116500000015, 48.1155037 ], [ -121.775959899999989, 48.1082835 ], [ -121.74372, 48.1013223 ], [ -121.7489231, 48.079610599999988 ], [ -121.765043699999978, 48.0795531 ], [ -121.775723, 48.0939989 ], [ -121.839961899999977, 48.0938155 ], [ -121.839691699999989, 48.0649045 ], [ -121.7542074, 48.058184 ], [ -121.743685, 48.0365165 ], [ -121.71047, 48.0365666 ], [ -121.7104779, 48.0153504 ], [ -121.634411700000015, 48.0153561 ], [ -121.6236254, 48.0294977 ], [ -121.5802293, 48.0225443 ], [ -121.5586869, 48.0299869 ], [ -121.5585789, 48.0229339 ], [ -121.5372355, 48.0228224 ], [ -121.5372446, 48.011979 ], [ -121.515778599999976, 48.008381499999984 ], [ -121.5157759, 48.0228645 ], [ -121.4942687, 48.0228548 ], [ -121.49426889999998, 48.0083884 ], [ -121.4727208, 48.0083546 ], [ -121.472735899999989, 47.993887 ], [ -121.451237, 47.9938815 ], [ -121.45122520000001, 47.950475899999986 ], [ -121.4727601, 47.9519141 ], [ -121.4727271, 47.964963 ], [ -121.494229800000014, 47.9649759 ], [ -121.4942428, 47.9794478 ], [ -121.5157752, 47.9794453 ], [ -121.5103601, 47.9541234 ], [ -121.494208500000013, 47.954122 ], [ -121.498733499999986, 47.9360079 ], [ -121.574061500000013, 47.9357725 ], [ -121.5740941, 47.9285347 ], [ -121.6044244, 47.9221356 ], [ -121.604425799999987, 47.9112575 ], [ -121.582391199999975, 47.9148865 ], [ -121.582432, 47.9075808 ], [ -121.6269534, 47.907640099999988 ], [ -121.627231200000011, 47.8461689 ], [ -121.584925899999988, 47.8494094 ], [ -121.5848947, 47.8348639 ], [ -121.6064268, 47.8280732 ], [ -121.6066206, 47.818754 ], [ -121.5850155, 47.8134534 ], [ -121.648895, 47.805931099999988 ], [ -121.6486369, 47.8349696 ], [ -121.6702184, 47.8348052 ], [ -121.6703657, 47.8207423 ], [ -121.713285899999974, 47.8205759 ], [ -121.71326, 47.7455 ], [ -121.6910841, 47.7449289 ], [ -121.6910499, 47.759041499999981 ], [ -121.6694361, 47.7591061 ], [ -121.669543199999978, 47.7299316 ], [ -121.6490393, 47.7295155 ], [ -121.6493731, 47.7153444 ], [ -121.6278767, 47.7152579 ], [ -121.627292399999988, 47.7293757 ], [ -121.5857779, 47.7292394 ], [ -121.586384, 47.700717499999989 ], [ -121.606993199999977, 47.700682099999987 ], [ -121.606881699999988, 47.6863773 ], [ -121.5865332, 47.6862123 ], [ -121.5863163, 47.6575369 ], [ -121.607718800000015, 47.657563 ], [ -121.607622599999985, 47.6432087 ], [ -121.6503265, 47.6432387 ], [ -121.6406556, 47.5699011 ], [ -121.6620304, 47.5699141 ], [ -121.6621924, 47.540909299999988 ], [ -121.651439900000014, 47.5409231 ], [ -121.6514415, 47.5120035 ], [ -121.6377277, 47.4978724 ], [ -121.642798, 47.4546322 ], [ -121.6534301, 47.4546882 ], [ -121.6538167, 47.4401849 ], [ -121.6957892, 47.4458235 ], [ -121.6959965, 47.4265766 ], [ -121.8478241, 47.4275747 ], [ -121.8487635, 47.3435882 ], [ -121.7200789, 47.3420184 ], [ -121.7200052, 47.2419601 ], [ -121.689390300000014, 47.2343219 ], [ -121.6893805, 47.2414669 ], [ -121.5727143, 47.2418651 ], [ -121.5729869, 47.2273744 ], [ -121.551664199999976, 47.2275229 ], [ -121.551713600000014, 47.2146646 ], [ -121.5199347, 47.207302899999988 ] ], [ [ -121.5372675, 48.0295876 ], [ -121.5372541, 48.0363529 ], [ -121.515759500000016, 48.0363793 ], [ -121.5157759, 48.0228645 ], [ -121.5372675, 48.0295876 ] ], [ [ -121.195589699999985, 47.7137288 ], [ -121.1955832, 47.707577 ], [ -121.253854100000012, 47.7076937 ], [ -121.2377372, 47.7094199 ], [ -121.2376247, 47.722105 ], [ -121.2061503, 47.7256167 ], [ -121.2168407, 47.7118032 ], [ -121.195589699999985, 47.7137288 ] ], [ [ -121.4094286, 47.7061404 ], [ -121.4102246, 47.7207566 ], [ -121.3887257, 47.7212144 ], [ -121.3651403, 47.7092135 ], [ -121.329169799999988, 47.7258093 ], [ -121.3231034, 47.7150204 ], [ -121.301818399999988, 47.7106439 ], [ -121.2965351, 47.6971171 ], [ -121.280260399999989, 47.7222199 ], [ -121.258994799999982, 47.7220929 ], [ -121.253905100000011, 47.7040532 ], [ -121.2592859, 47.693202199999988 ], [ -121.3227345, 47.6935644 ], [ -121.322858200000013, 47.7079841 ], [ -121.4094286, 47.7061404 ] ], [ [ -121.344240899999988, 47.7003541 ], [ -121.344093199999975, 47.693232099999989 ], [ -121.3653707, 47.696004099999989 ], [ -121.344240899999988, 47.7003541 ] ], [ [ -121.473638099999988, 47.749292 ], [ -121.516319599999989, 47.7491951 ], [ -121.5163427, 47.7775797 ], [ -121.496893, 47.770821899999987 ], [ -121.515674099999984, 47.7923969 ], [ -121.4977249, 47.7887756 ], [ -121.4980135, 47.777744 ], [ -121.4530134, 47.7783789 ], [ -121.4523483, 47.7498261 ], [ -121.410355099999975, 47.7295581 ], [ -121.4747092, 47.758131 ], [ -121.473638099999988, 47.749292 ] ], [ [ -121.5849925, 47.8066179 ], [ -121.5649111, 47.8065145 ], [ -121.577685599999981, 47.8139274 ], [ -121.5631895, 47.816961 ], [ -121.5632686, 47.8244618 ], [ -121.5796637, 47.8209574 ], [ -121.579526499999986, 47.827652699999987 ], [ -121.5632149, 47.8279645 ], [ -121.5741831, 47.8349471 ], [ -121.520602200000013, 47.835311 ], [ -121.53000560000001, 47.8242824 ], [ -121.520305099999987, 47.8271203 ], [ -121.5202701, 47.8176503 ], [ -121.547109, 47.8210135 ], [ -121.5469917, 47.8139233 ], [ -121.5414433, 47.8066866 ], [ -121.5193453, 47.8070431 ], [ -121.518880400000015, 47.7924349 ], [ -121.579661699999988, 47.8029301 ], [ -121.572207099999986, 47.792448 ], [ -121.585166199999989, 47.7921508 ], [ -121.5849925, 47.8066179 ] ] ] ] } },
{ "type": "Feature", "properties": { "name": "Bridger-Teton National Forest", "region": "04", "acres": 3466359.0, "type": "national_forest" }, "geometry": { "type": "MultiPolygon", "coordinates": [ [ [ [ -110.00074, 44.3237724 ], [ -110.001113499999988, 44.1326649 ], [ -110.6623686, 44.1326672 ], [ -110.6659544, 44.098151699999988 ], [ -110.6551361, 44.0859833 ], [ -110.6835919, 44.0463174 ], [ -110.6599989, 44.0463298 ], [ -110.6597399, 44.001889 ], [ -110.619264699999988, 44.0019098 ], [ -110.6203514, 43.9308158 ], [ -110.4686367, 43.9289991 ], [ -110.4677924, 43.8256076 ], [ -110.4449387, 43.8258133 ], [ -110.4239807, 43.8457527 ], [ -110.4227514, 43.8173763 ], [ -110.4287585, 43.7765748 ], [ -110.5476155, 43.7767434 ], [ -110.5575859, 43.7549773 ], [ -110.595857, 43.7387991 ], [ -110.5954708, 43.7278886 ], [ -110.6155502, 43.7241741 ], [ -110.6250226, 43.7057829 ], [ -110.6193032, 43.6801667 ], [ -110.584035, 43.6767703 ], [ -110.5832426, 43.6331462 ], [ -110.5983081, 43.6252968 ], [ -110.5986504, 43.5962733 ], [ -110.6133671, 43.5817086 ], [ -110.593539299999989, 43.5745181 ], [ -110.6233805, 43.5671742 ], [ -110.6232156, 43.5525845 ], [ -110.6431742, 43.5525643 ], [ -110.643177, 43.5343837 ], [ -110.6631388, 43.5308047 ], [ -110.6780774, 43.5018113 ], [ -110.7128552, 43.5053626 ], [ -110.7128995, 43.4944817 ], [ -110.7277978, 43.4943715 ], [ -110.7426855, 43.4690333 ], [ -110.7884586, 43.465524 ], [ -110.78848, 43.4400751 ], [ -110.7784663, 43.4399326 ], [ -110.768298699999988, 43.4110689 ], [ -110.7432981, 43.3928303 ], [ -110.6937352, 43.3927754 ], [ -110.6934171, 43.3783534 ], [ -110.832769399999989, 43.3783273 ], [ -110.8325509, 43.3855845 ], [ -110.8523768, 43.3855536 ], [ -110.852427299999988, 43.4360371 ], [ -110.8720798, 43.435735 ], [ -110.8721461, 43.4502864 ], [ -110.891790199999988, 43.4502783 ], [ -110.8919375, 43.465607 ], [ -110.901674199999988, 43.465593 ], [ -110.9013341, 43.5088822 ], [ -110.8816572, 43.5088971 ], [ -110.8816742, 43.5233764 ], [ -110.861809, 43.5232401 ], [ -110.8619098, 43.5816861 ], [ -110.8220445, 43.5818763 ], [ -110.8220883, 43.6119846 ], [ -110.887146, 43.5923767 ], [ -110.8990936, 43.5692978 ], [ -110.924934400000012, 43.5586014 ], [ -110.918663, 43.5481453 ], [ -110.9502335, 43.5418472 ], [ -110.9576874, 43.4868851 ], [ -110.9500961, 43.4772606 ], [ -111.0175781, 43.4857063 ], [ -111.0387268, 43.4721298 ], [ -111.0136337, 43.4344139 ], [ -110.9329224, 43.4133873 ], [ -110.92966460000001, 43.4057999 ], [ -110.9300079, 43.3876839 ], [ -110.9546738, 43.3784676 ], [ -110.9443283, 43.3491135 ], [ -110.9691238, 43.311142 ], [ -110.9501572, 43.2842712 ], [ -110.9233017, 43.280304 ], [ -110.920715300000012, 43.2570038 ], [ -110.9317246, 43.2379494 ], [ -110.9641724, 43.2311134 ], [ -110.9836807, 43.2165832 ], [ -110.9826584, 43.176445 ], [ -111.0171356, 43.1675453 ], [ -111.0214312, 43.1273823 ], [ -110.9919166, 43.1270598 ], [ -110.991867899999988, 43.098197 ], [ -110.9721974, 43.0989617 ], [ -110.972780199999988, 42.9823384 ], [ -110.9530673, 42.982334099999989 ], [ -110.9530322, 42.9678201 ], [ -110.9338988, 42.9678048 ], [ -110.9242019, 42.9243753 ], [ -110.9042473, 42.909838099999988 ], [ -110.9039808, 42.8808424 ], [ -110.8841043, 42.8659987 ], [ -110.8841157, 42.8371667 ], [ -110.923886, 42.8376451 ], [ -110.9234332, 42.7359751 ], [ -110.9135503, 42.7359744 ], [ -110.9139243, 42.6343827 ], [ -110.8944179, 42.6199422 ], [ -110.8952954, 42.5764632 ], [ -110.875791299999989, 42.5765147 ], [ -110.8757342, 42.5330132 ], [ -110.9049804, 42.533014 ], [ -110.9048335, 42.5837071 ], [ -110.9147421, 42.5908037 ], [ -110.973131599999988, 42.599101 ], [ -110.9828489, 42.6201496 ], [ -110.992832, 42.6201755 ], [ -110.992849, 42.6346253 ], [ -111.01243, 42.6346997 ], [ -111.012404, 42.6491747 ], [ -111.0448386, 42.6493204 ], [ -111.0470602, 42.4478725 ], [ -110.8369466, 42.4477416 ], [ -110.8370033, 42.1896362 ], [ -110.8138269, 42.1896921 ], [ -110.8140811, 42.1593276 ], [ -110.7947061, 42.1592799 ], [ -110.7946858, 42.1665248 ], [ -110.717007099999989, 42.1664381 ], [ -110.7170226, 42.1447458 ], [ -110.6392492, 42.1448652 ], [ -110.6392318, 42.1593199 ], [ -110.6199601, 42.1593548 ], [ -110.619828399999989, 42.1304195 ], [ -110.561722500000016, 42.1304964 ], [ -110.561685, 42.1739544 ], [ -110.6004756, 42.1738605 ], [ -110.600500700000012, 42.1883936 ], [ -110.5420095, 42.1901394 ], [ -110.5431332, 42.3645842 ], [ -110.4270262, 42.3657469 ], [ -110.4269031, 42.4484503 ], [ -110.4746263, 42.448560799999989 ], [ -110.4799616, 42.8227594 ], [ -110.4505378, 42.8227582 ], [ -110.4506498, 42.8517232 ], [ -110.430887399999989, 42.8517223 ], [ -110.4309189, 42.8951981 ], [ -110.4111273, 42.895229 ], [ -110.4111597, 42.909711 ], [ -110.391382799999988, 42.9097097 ], [ -110.3913707, 42.92433 ], [ -110.3523803, 42.9242681 ], [ -110.3523272, 42.938814099999988 ], [ -110.3823329, 42.9460563 ], [ -110.3824955, 42.9676917 ], [ -110.3914438, 42.9677283 ], [ -110.391284, 43.0399665 ], [ -110.3327997, 43.0397619 ], [ -110.33256, 43.1256146 ], [ -110.1975109, 43.1258618 ], [ -110.1973506, 43.140177 ], [ -110.167881, 43.1404842 ], [ -110.167956300000014, 43.1549298 ], [ -110.1283798, 43.1548645 ], [ -110.1283047, 43.1839495 ], [ -110.0598738, 43.1839781 ], [ -110.04965, 43.2065999 ], [ -110.0200607, 43.2065018 ], [ -110.0198602, 43.2211695 ], [ -109.9898504, 43.2210574 ], [ -109.979162699999989, 43.0622586 ], [ -109.8911504, 43.0628076 ], [ -109.8800479, 43.0119042 ], [ -109.899807, 43.0118097 ], [ -109.9098928, 42.9903021 ], [ -109.900232699999989, 42.9831761 ], [ -109.831150799999989, 42.9831472 ], [ -109.8412781, 42.8955679 ], [ -109.8115216, 42.895435 ], [ -109.7914257, 42.9390528 ], [ -109.7624118, 42.9389924 ], [ -109.752515, 42.8946227 ], [ -109.693402800000015, 42.8946839 ], [ -109.6833096, 42.8874214 ], [ -109.6835644, 42.8356457 ], [ -109.5266752, 42.8363173 ], [ -109.5267478, 42.8145962 ], [ -109.507186, 42.8146844 ], [ -109.5074407, 42.7783331 ], [ -109.480441700000014, 42.7783431 ], [ -109.480374399999988, 42.7207407 ], [ -109.4607515, 42.7208902 ], [ -109.4607318, 42.7064088 ], [ -109.4214134, 42.7065344 ], [ -109.4214254, 42.6920515 ], [ -109.3638906, 42.6937588 ], [ -109.3631586, 42.6062627 ], [ -109.2465708, 42.6077358 ], [ -109.246897, 42.5783792 ], [ -109.1881578, 42.5785486 ], [ -109.1880587, 42.5639835 ], [ -109.0509935, 42.5641039 ], [ -109.050887, 42.5278602 ], [ -109.012037800000016, 42.5204495 ], [ -109.012046, 42.491351 ], [ -108.9660669, 42.491853 ], [ -108.9631805, 42.505188 ], [ -108.914154, 42.5279236 ], [ -108.885116599999989, 42.5276527 ], [ -108.880272, 42.5359077 ], [ -108.8807907, 42.5496178 ], [ -108.895019499999989, 42.5592079 ], [ -108.9315643, 42.5704384 ], [ -108.9713211, 42.5708427 ], [ -108.9917526, 42.6151581 ], [ -109.0137634, 42.6160812 ], [ -109.0146332, 42.6294632 ], [ -109.0522385, 42.6577415 ], [ -109.0775299, 42.6559219 ], [ -109.0937882, 42.6417313 ], [ -109.1137543, 42.6522713 ], [ -109.137619, 42.7049828 ], [ -109.128594, 42.7083328 ], [ -109.1478119, 42.7275543 ], [ -109.1321564, 42.7373543 ], [ -109.1792984, 42.7510948 ], [ -109.195373499999988, 42.7684784 ], [ -109.2099457, 42.7704353 ], [ -109.2175369, 42.7601776 ], [ -109.2360544, 42.768361 ], [ -109.2365189, 42.7786255 ], [ -109.212265, 42.7977905 ], [ -109.2528613, 42.8096735 ], [ -109.2790222, 42.8458633 ], [ -109.3183746, 42.8580131 ], [ -109.3454437, 42.9188766 ], [ -109.3706894, 42.9455757 ], [ -109.3983078, 42.939434 ], [ -109.432785, 42.9682541 ], [ -109.4541092, 42.9702797 ], [ -109.4620351, 42.9891389 ], [ -109.4923401, 42.9955292 ], [ -109.502388, 43.0106354 ], [ -109.5528259, 43.0125809 ], [ -109.5488358, 43.037159 ], [ -109.570694, 43.0495872 ], [ -109.5530014, 43.058754 ], [ -109.553093, 43.0721435 ], [ -109.5706711, 43.0999718 ], [ -109.62148280000001, 43.1264992 ], [ -109.6299896, 43.1632347 ], [ -109.651062, 43.1668587 ], [ -109.6587295, 43.201313 ], [ -109.6758728, 43.2146873 ], [ -109.6739883, 43.2476883 ], [ -109.692672699999989, 43.2651596 ], [ -109.678711, 43.2734756 ], [ -109.6857758, 43.2854423 ], [ -109.6719665, 43.3093529 ], [ -109.7002716, 43.3346558 ], [ -109.6942902, 43.3655472 ], [ -109.708839399999988, 43.3743744 ], [ -109.7576523, 43.3659592 ], [ -109.7774658, 43.3809891 ], [ -109.7882309, 43.4037018 ], [ -109.776329, 43.3993454 ], [ -109.7653732, 43.406765 ], [ -109.7624207, 43.4185371 ], [ -109.7722243, 43.4234849 ], [ -109.7629547, 43.4353981 ], [ -109.7998276, 43.46521 ], [ -109.8232193, 43.4612465 ], [ -109.898529, 43.4908104 ], [ -109.9130249, 43.4736175 ], [ -109.9451981, 43.4686851 ], [ -109.9565353, 43.4939841 ], [ -109.9391786, 43.5252922 ], [ -109.9540176, 43.5442772 ], [ -109.9982605, 43.5562096 ], [ -110.0494766, 43.5879097 ], [ -110.062233, 43.5856819 ], [ -110.063423199999988, 43.5994186 ], [ -110.0288238, 43.6183891 ], [ -110.0576019, 43.628624 ], [ -110.065361, 43.658496899999989 ], [ -110.0240402, 43.6774025 ], [ -110.0409011, 43.6771201 ], [ -110.045921299999989, 43.7135048 ], [ -110.081337, 43.7379417 ], [ -110.0808563, 43.753192899999988 ], [ -110.0436707, 43.7551078 ], [ -110.0284653, 43.7984009 ], [ -109.9624554, 43.7890626 ], [ -109.9234085, 43.807323499999988 ], [ -109.8812561, 43.8056793 ], [ -109.8876953, 43.825885799999988 ], [ -109.8573914, 43.8280373 ], [ -109.8547897, 43.8483849 ], [ -109.8138278, 43.8618018 ], [ -109.8316803, 43.8712387 ], [ -109.817436199999989, 43.8833275 ], [ -109.8593292, 43.9008331 ], [ -109.8475113, 43.9084663 ], [ -109.8517991, 43.9264832 ], [ -109.872879, 43.9290466 ], [ -109.8580856, 43.9425087 ], [ -109.8587875, 43.957901 ], [ -109.7888184, 44.0203285 ], [ -109.7493668, 44.0208588 ], [ -109.723205600000014, 44.0468483 ], [ -109.722694499999989, 44.0642814 ], [ -109.766548199999988, 44.0990982 ], [ -109.749046299999989, 44.1308059 ], [ -109.7684326, 44.2012099 ], [ -109.8529816, 44.2559929 ], [ -109.9575424, 44.2908745 ], [ -109.9620514, 44.3225288 ], [ -110.00074, 44.3237724 ] ] ] ] } },
{ "type": "Feature", "properties": { "name": "Dixie National Forest", "region": "04", "acres": 1711285.0, "type": "national_forest" }, "geometry": { "type": "MultiPolygon", "coordinates": [ [ [ [ -113.9383419, 37.6700529 ], [ -113.9383491, 37.6773038 ], [ -114.0113263, 37.6773238 ], [ -114.0113161, 37.6628207 ], [ -114.051868899999988, 37.6628181 ], [ -114.0528029, 37.5313374 ], [ -114.0290965, 37.5168639 ], [ -113.9794219, 37.5110977 ], [ -113.9567098, 37.4893758 ], [ -113.9544194, 37.4676332 ], [ -113.9294191, 37.4458836 ], [ -113.9099964, 37.4458764 ], [ -113.8429506, 37.4178378 ], [ -113.824836, 37.4033859 ], [ -113.8248327, 37.3744709 ], [ -113.6975467, 37.3742397 ], [ -113.6885094, 37.388507 ], [ -113.6611446, 37.3881908 ], [ -113.6608695, 37.4026515 ], [ -113.6428163, 37.4025822 ], [ -113.642663399999989, 37.4242897 ], [ -113.6062493, 37.424275 ], [ -113.6157878, 37.3377942 ], [ -113.6069556, 37.3377034 ], [ -113.606967399999988, 37.3149519 ], [ -113.5886679, 37.315023 ], [ -113.5883138, 37.2277785 ], [ -113.488160799999989, 37.2273689 ], [ -113.4790833, 37.2165093 ], [ -113.4594006, 37.2164836 ], [ -113.4503561, 37.2273486 ], [ -113.3940818, 37.2291522 ], [ -113.3850658, 37.2515711 ], [ -113.3669589, 37.2588676 ], [ -113.366904, 37.2732624 ], [ -113.310513899999989, 37.287718 ], [ -113.3104404, 37.3022335 ], [ -113.301347299999989, 37.3022197 ], [ -113.3014037, 37.3480414 ], [ -113.290241099999989, 37.3480368 ], [ -113.2902452, 37.3770585 ], [ -113.2720754, 37.3916118 ], [ -113.272086, 37.4375214 ], [ -113.290070199999988, 37.4375364 ], [ -113.2901809, 37.453018 ], [ -113.3086501, 37.4677202 ], [ -113.3270984, 37.4677357 ], [ -113.3270511, 37.5042447 ], [ -113.3087092, 37.5042691 ], [ -113.3077059, 37.610803 ], [ -113.530149, 37.6182804 ], [ -113.530524199999988, 37.6330071 ], [ -113.5877407, 37.6327565 ], [ -113.5877972, 37.6046107 ], [ -113.6108307, 37.6047049 ], [ -113.6153879, 37.5824302 ], [ -113.6799408, 37.5825359 ], [ -113.6794226, 37.5608692 ], [ -113.846434699999989, 37.5603732 ], [ -113.864668099999989, 37.5639805 ], [ -113.8653244, 37.5830181 ], [ -113.9018393, 37.5901921 ], [ -113.920195600000014, 37.6048326 ], [ -113.920115, 37.6157257 ], [ -113.8835321, 37.6121045 ], [ -113.8651428, 37.597614 ], [ -113.8100388, 37.5975948 ], [ -113.810287, 37.6556688 ], [ -113.819033800000014, 37.6629406 ], [ -113.864683899999989, 37.662976 ], [ -113.8646812, 37.6702296 ], [ -113.9383419, 37.6700529 ] ] ] ] } },
{ "type": "Feature", "properties": { "name": "Fishlake National Forest", "region": "04", "acres": 1787975.0, "type": "national_forest" }, "geometry": { "type": "MultiPolygon", "coordinates": [ [ [ [ -112.1471668, 39.2129892 ], [ -112.1471667, 39.1985852 ], [ -112.174943700000014, 39.1985708 ], [ -112.174794600000013, 39.1837503 ], [ -112.1841465, 39.1839253 ], [ -112.1849416, 39.1107519 ], [ -112.1755918, 39.1107353 ], [ -112.1753812, 39.0816763 ], [ -112.1940296, 39.0669672 ], [ -112.2031379, 39.0376565 ], [ -112.2218948, 39.037557 ], [ -112.2218238, 39.0227725 ], [ -112.2407542, 39.0227051 ], [ -112.2408954, 39.0118617 ], [ -112.2502433, 39.0118936 ], [ -112.2604067, 38.9538293 ], [ -112.2789111, 38.9501147 ], [ -112.2808422, 38.935297899999988 ], [ -112.2993121, 38.9350871 ], [ -112.3090897, 38.9055727 ], [ -112.337022, 38.906067 ], [ -112.3449133, 38.8764369 ], [ -112.3557653, 38.8764372 ], [ -112.3561517, 38.8474719 ], [ -112.3654751, 38.8474891 ], [ -112.3651307, 38.8180936 ], [ -112.3744041, 38.8180892 ], [ -112.3843695, 38.7891104 ], [ -112.3936206, 38.7891051 ], [ -112.3939111, 38.7745771 ], [ -112.4120282, 38.7745834 ], [ -112.4128555, 38.7602721 ], [ -112.5121619, 38.7598443 ], [ -112.5117641, 38.7440262 ], [ -112.5342032, 38.7403877 ], [ -112.5526905, 38.7114103 ], [ -112.5619201, 38.7114173 ], [ -112.5627968, 38.5923488 ], [ -112.5766327, 38.5923372 ], [ -112.5817603, 38.5486174 ], [ -112.5910073, 38.5488568 ], [ -112.600716800000015, 38.5124159 ], [ -112.5817748, 38.5124541 ], [ -112.582668399999989, 38.4984566 ], [ -112.5917911, 38.4984245 ], [ -112.591832, 38.454226 ], [ -112.5826174, 38.4542257 ], [ -112.582645, 38.4105359 ], [ -112.5736032, 38.4105456 ], [ -112.5738835, 38.3520121 ], [ -112.5463128, 38.3449218 ], [ -112.5459673, 38.3012023 ], [ -112.564557, 38.3009603 ], [ -112.566042, 38.2491497 ], [ -112.5476325, 38.2490543 ], [ -112.5467636, 38.2204867 ], [ -112.5281853, 38.2204569 ], [ -112.5338591, 38.1300888 ], [ -112.4787899, 38.1300416 ], [ -112.4788011, 38.1384598 ], [ -112.357101899999989, 38.1384358 ], [ -112.3570934, 38.1501364 ], [ -112.3073531, 38.1497928 ], [ -112.3073044, 38.2220192 ], [ -112.289429399999989, 38.2220197 ], [ -112.289047, 38.2370375 ], [ -112.270936, 38.2370655 ], [ -112.270951, 38.2515626 ], [ -112.25248160000001, 38.251595 ], [ -112.2533233, 38.310415 ], [ -112.2347733, 38.3106302 ], [ -112.2356167, 38.354419 ], [ -112.244657499999988, 38.3544418 ], [ -112.2447042, 38.376084 ], [ -112.2535535, 38.3760203 ], [ -112.2545024, 38.4124472 ], [ -112.291725899999989, 38.4122159 ], [ -112.2912177, 38.5003682 ], [ -112.260776799999988, 38.5048066 ], [ -112.269991, 38.504836 ], [ -112.2706024, 38.5301106 ], [ -112.2617482, 38.5735054 ], [ -112.2730224, 38.5734077 ], [ -112.2733444, 38.5881494 ], [ -112.25497270000001, 38.5882129 ], [ -112.2553301, 38.6029542 ], [ -112.2361512, 38.6029291 ], [ -112.2368287, 38.6394172 ], [ -112.2181004, 38.6395242 ], [ -112.2136228, 38.6577789 ], [ -112.1625346, 38.6615902 ], [ -112.15867, 38.6871839 ], [ -112.1494649, 38.698438 ], [ -112.135516599999988, 38.6985758 ], [ -112.1357661, 38.7202528 ], [ -112.1082323, 38.734985 ], [ -112.099278399999989, 38.7935013 ], [ -112.053249099999988, 38.8232211 ], [ -112.0532697, 38.852459499999988 ], [ -112.0161314, 38.860326 ], [ -112.0158462, 38.8819979 ], [ -111.9971625, 38.8891946 ], [ -111.9970462, 38.9212517 ], [ -112.0231016, 38.928979 ], [ -112.0234295, 38.9442942 ], [ -112.0140977, 38.947795 ], [ -112.019086699999988, 38.9744606 ], [ -112.0562598, 38.9743761 ], [ -112.0610314, 38.9883989 ], [ -112.0702963, 38.9884458 ], [ -112.0747631, 39.0240425 ], [ -112.0882194, 39.0243069 ], [ -112.0814344, 39.1619967 ], [ -112.1001363, 39.1983646 ], [ -112.109396300000014, 39.1983848 ], [ -112.1094131, 39.2128748 ], [ -112.1471668, 39.2129892 ] ] ] ] } },
{ "type": "Feature", "properties": { "name": "Manti-La Sal National Forest", "region": "04", "acres": 1414386.0, "type": "national_forest" }, "geometry": { "type": "MultiPolygon", "coordinates": [ [ [ [ -111.4439932, 39.9691565 ], [ -111.4584395, 39.9692165 ], [ -111.4635652, 39.9547223 ], [ -111.4824393, 39.9546002 ], [ -111.483337800000015, 39.9401047 ], [ -111.5292625, 39.9408768 ], [ -111.5378466, 39.8776109 ], [ -111.508503, 39.874017 ], [ -111.5084917, 39.8559136 ], [ -111.489607299999989, 39.8559021 ], [ -111.4891377, 39.8267408 ], [ -111.4197569, 39.8196388 ], [ -111.4159406, 39.812388899999988 ], [ -111.4159243, 39.790578499999988 ], [ -111.4065448, 39.7905644 ], [ -111.4017791, 39.7760487 ], [ -111.4059276, 39.6746945 ], [ -111.339655, 39.6246431 ], [ -111.3385142, 39.4637686 ], [ -111.4305546, 39.4629429 ], [ -111.4305636, 39.453690699999989 ], [ -111.458240499999988, 39.4552183 ], [ -111.4577444, 39.4258692 ], [ -111.486321, 39.4183278 ], [ -111.4861725, 39.40299 ], [ -111.5239041, 39.3885448 ], [ -111.5234907, 39.2859166 ], [ -111.5787384, 39.2853917 ], [ -111.5789258, 39.2707707 ], [ -111.606793599999989, 39.2669376 ], [ -111.6209132, 39.2555488 ], [ -111.6163838, 39.2482156 ], [ -111.634952399999989, 39.2478728 ], [ -111.635777, 39.1981861 ], [ -111.6493, 39.1980607 ], [ -111.6476793, 39.1135297 ], [ -111.6388211, 39.1063002 ], [ -111.6618341, 39.0979672 ], [ -111.666643600000015, 39.0543806 ], [ -111.5965424, 39.0318069 ], [ -111.527273, 39.0395698 ], [ -111.498550400000013, 38.9974937 ], [ -111.46521, 39.0009689 ], [ -111.4369507, 38.9841804 ], [ -111.4002991, 38.9841042 ], [ -111.3936996, 38.9700813 ], [ -111.4127655, 38.9650574 ], [ -111.3944016, 38.9650764 ], [ -111.382389, 38.9392233 ], [ -111.3352111, 38.9392059 ], [ -111.3352265, 38.9535421 ], [ -111.2802192, 38.9540467 ], [ -111.2802305, 38.9685348 ], [ -111.243108800000016, 38.9685709 ], [ -111.243112, 38.9799702 ], [ -111.2062479, 38.983425 ], [ -111.2059982, 38.9982143 ], [ -111.1871101, 38.9985101 ], [ -111.188258800000014, 39.0859104 ], [ -111.2241825, 39.0859475 ], [ -111.224138599999989, 39.1177852 ], [ -111.1882205, 39.1177815 ], [ -111.1882236, 39.1322497 ], [ -111.1599207, 39.1322377 ], [ -111.1599055, 39.1756837 ], [ -111.1319815, 39.1901736 ], [ -111.1319522, 39.205591 ], [ -111.13328820000001, 39.2345034 ], [ -111.1704101, 39.2638666 ], [ -111.1882125, 39.2638303 ], [ -111.188173299999988, 39.2944688 ], [ -111.2013628, 39.2945633 ], [ -111.2013951, 39.3090565 ], [ -111.077501900000016, 39.3076308 ], [ -111.077489199999988, 39.3653313 ], [ -111.1147481, 39.3658164 ], [ -111.124099, 39.4096984 ], [ -111.0868155, 39.4101662 ], [ -111.0868286, 39.3956561 ], [ -111.0581117, 39.3956372 ], [ -111.0581074, 39.4101377 ], [ -111.0208702, 39.4100506 ], [ -111.021963899999989, 39.5130008 ], [ -111.0406182, 39.5130126 ], [ -111.0406299, 39.5417496 ], [ -111.059145, 39.5423926 ], [ -111.0592988, 39.5571142 ], [ -111.079900099999989, 39.5571042 ], [ -111.0794747, 39.6388874 ], [ -111.1260925, 39.6389232 ], [ -111.1354807, 39.6243109 ], [ -111.1726886, 39.6243085 ], [ -111.172478, 39.6389153 ], [ -111.1910172, 39.6389649 ], [ -111.1909923, 39.6751708 ], [ -111.200382499999989, 39.6751477 ], [ -111.200305199999988, 39.696635799999989 ], [ -111.2097779, 39.6965654 ], [ -111.2100524, 39.7331361 ], [ -111.2099528, 39.7403036 ], [ -111.190873, 39.740312 ], [ -111.1911567, 39.8130287 ], [ -111.2099295, 39.8130348 ], [ -111.2097055, 39.9012136 ], [ -111.233582, 39.901337 ], [ -111.224463199999988, 39.923002499999988 ], [ -111.2339082, 39.9303213 ], [ -111.3120349, 39.9303546 ], [ -111.3120045, 39.9426093 ], [ -111.3868493, 39.9427285 ], [ -111.386681, 39.9811419 ], [ -111.4440125, 39.9804003 ], [ -111.4439932, 39.9691565 ] ] ] ] } },
{ "type": "Feature", "properties": { "name": "Payette National Forest", "region": "04", "acres": 2407306.0, "type": "national_forest" }, "geometry": { "type": "MultiPolygon", "coordinates": [ [ [ [ -115.2538807, 45.5394427 ], [ -115.2954446, 45.5355864 ], [ -115.3140417, 45.5237804 ], [ -115.335231799999988, 45.485569 ], [ -115.3546591, 45.4752267 ], [ -115.377864, 45.4707984 ], [ -115.3864868, 45.4768188 ], [ -115.4277325, 45.457689 ], [ -115.5091768, 45.3756117 ], [ -115.6131939, 45.3969827 ], [ -115.6674323, 45.4343863 ], [ -115.7539759, 45.444669399999988 ], [ -115.8083296, 45.468162 ], [ -115.9291931, 45.4598861 ], [ -115.9819519, 45.4327217 ], [ -116.0232155, 45.4265228 ], [ -116.0233337, 45.3702672 ], [ -116.2702109, 45.3690225 ], [ -116.2701928, 45.0500394 ], [ -116.229568299999983, 45.0499909 ], [ -116.22973420000001, 44.9774363 ], [ -116.209448900000012, 44.9774506 ], [ -116.209292699999978, 44.9339009 ], [ -116.1268415, 44.9340176 ], [ -116.1266685, 44.9920137 ], [ -116.106470300000012, 44.9920158 ], [ -116.1060504, 45.0208419 ], [ -116.0652123, 45.027887 ], [ -116.0652488, 45.0640254 ], [ -116.034563, 45.064064599999988 ], [ -116.0345685, 45.04961 ], [ -116.0243685, 45.0496218 ], [ -116.0244713, 44.9918648 ], [ -116.0449046, 44.991956 ], [ -116.0448775, 44.9558681 ], [ -116.0245638, 44.9558916 ], [ -116.0244439, 44.9336941 ], [ -115.9637417, 44.9262878 ], [ -115.963759400000015, 44.8902492 ], [ -115.984001, 44.8902967 ], [ -115.9839601, 44.8470246 ], [ -115.9965622, 44.8470401 ], [ -115.996844599999989, 44.8179321 ], [ -115.9665494, 44.8178097 ], [ -115.9461881, 44.8034724 ], [ -115.946156699999989, 44.7890384 ], [ -115.98681280000001, 44.7889964 ], [ -115.986889, 44.7745066 ], [ -115.9053763, 44.7747857 ], [ -115.9054967, 44.7602068 ], [ -115.925754, 44.7601654 ], [ -115.925782799999979, 44.7456104 ], [ -115.905504799999989, 44.7456332 ], [ -115.905572100000015, 44.7039677 ], [ -115.9000473, 44.7304001 ], [ -115.8789215, 44.7436638 ], [ -115.8253632, 44.7436905 ], [ -115.8165665, 44.7576141 ], [ -115.7616119, 44.7503319 ], [ -115.7262497, 44.7751121 ], [ -115.7045135, 44.7490654 ], [ -115.619751, 44.7505226 ], [ -115.620575, 44.771225 ], [ -115.60954289999998, 44.7714691 ], [ -115.621543899999978, 44.7942352 ], [ -115.6050186, 44.8092194 ], [ -115.604332, 44.825901 ], [ -115.5734329, 44.8480987 ], [ -115.5863266, 44.8699455 ], [ -115.5793686, 44.9248123 ], [ -115.588707, 44.9476166 ], [ -115.502052299999988, 44.9624596 ], [ -115.493728599999983, 44.9704437 ], [ -115.4390412, 44.9600639 ], [ -115.458831800000013, 44.9443474 ], [ -115.4555435, 44.9294586 ], [ -115.4244461, 44.8938827 ], [ -115.399528499999974, 44.8957519 ], [ -115.395965600000011, 44.872406 ], [ -115.376571700000014, 44.8503571 ], [ -115.277969399999975, 44.8683815 ], [ -115.2444992, 44.8930016 ], [ -115.2128296, 44.8715858 ], [ -115.1984405, 44.8813324 ], [ -115.1687164, 44.8802376 ], [ -115.1076126, 44.8971519 ], [ -115.0711365, 44.883522 ], [ -115.0045013, 44.8994636 ], [ -114.9267502, 44.8894463 ], [ -114.895401100000015, 44.8986578 ], [ -114.9108505, 44.9087753 ], [ -114.9076004, 44.9386902 ], [ -114.936279299999981, 44.9569435 ], [ -114.9089508, 44.9759026 ], [ -114.9061203, 44.9935226 ], [ -114.868866, 45.024486499999988 ], [ -114.845222499999977, 45.024601 ], [ -114.816223099999988, 45.057243299999989 ], [ -114.781929, 45.0526237 ], [ -114.7614059, 45.0731049 ], [ -114.719945799999977, 45.0885024 ], [ -114.746955899999989, 45.1046715 ], [ -114.7735367, 45.1492157 ], [ -114.798309300000014, 45.1607628 ], [ -114.8125458, 45.1858978 ], [ -114.8332596, 45.1886368 ], [ -114.824295, 45.2059288 ], [ -114.848266599999988, 45.2247772 ], [ -114.839655199999982, 45.2398795 ], [ -114.8479614, 45.2541313 ], [ -114.8235168, 45.2791634 ], [ -114.7963104, 45.277076699999988 ], [ -114.789474500000011, 45.2961044 ], [ -114.786171, 45.3098679 ], [ -114.8063431, 45.3263702 ], [ -114.7960663, 45.3389015 ], [ -114.8092651, 45.3504448 ], [ -114.8029383, 45.3938084 ], [ -114.872985899999975, 45.4180242 ], [ -115.016084800000016, 45.507538 ], [ -115.064085100000014, 45.5100218 ], [ -115.162303200000011, 45.5507195 ], [ -115.1804522, 45.566057699999988 ], [ -115.2139869, 45.5697184 ], [ -115.2538807, 45.5394427 ] ], [ [ -115.818545199999988, 45.3702399 ], [ -115.89966290000001, 45.3700714 ], [ -115.899696799999987, 45.4425037 ], [ -115.8186254, 45.4426173 ], [ -115.818545199999988, 45.3702399 ] ] ] ] } },
{ "type": "Feature", "properties": { "name": "Salmon-Challis National Forest", "region": "04", "acres": 4396383.0, "type": "national_forest" }, "geometry": { "type": "MultiPolygon", "coordinates": [ [ [ [ -113.9884748, 45.7061072 ], [ -114.019174, 45.6925337 ], [ -114.014402, 45.683633 ], [ -114.0282301, 45.6752492 ], [ -114.0153316, 45.6526798 ], [ -114.0670122, 45.6280601 ], [ -114.085975, 45.591474299999987 ], [ -114.1209977, 45.584756899999988 ], [ -114.135334, 45.557376 ], [ -114.180282, 45.5512716 ], [ -114.192599699999988, 45.5366916 ], [ -114.2483833, 45.5458631 ], [ -114.2493331, 45.520426 ], [ -114.2698162, 45.484611 ], [ -114.3320066, 45.4593115 ], [ -114.3605026, 45.4737865 ], [ -114.3677886, 45.4921374 ], [ -114.4251211, 45.510318 ], [ -114.430231299999988, 45.5290207 ], [ -114.463641, 45.545187 ], [ -114.456037, 45.562201099999989 ], [ -114.4720452, 45.5650185 ], [ -114.4981976, 45.5554097 ], [ -114.52765260000001, 45.5708044 ], [ -114.5649745, 45.5577909 ], [ -114.6313735, 45.5194795 ], [ -114.664054299999989, 45.4710416 ], [ -114.6804448, 45.4740157 ], [ -114.6909657, 45.4909136 ], [ -114.734096, 45.4899514 ], [ -114.769611700000013, 45.5123854 ], [ -114.792663, 45.5092359 ], [ -114.7934658, 45.4366205 ], [ -114.7692716, 45.4344611 ], [ -114.763086899999976, 45.4139525 ], [ -114.735147900000015, 45.3953553 ], [ -114.8041611, 45.392490099999989 ], [ -114.8092651, 45.3504448 ], [ -114.7960663, 45.3389015 ], [ -114.8063431, 45.3263702 ], [ -114.786171, 45.3098679 ], [ -114.789474500000011, 45.2961044 ], [ -114.7963104, 45.277076699999988 ], [ -114.8235168, 45.2791634 ], [ -114.8479614, 45.2541313 ], [ -114.839655199999982, 45.2398795 ], [ -114.848312399999983, 45.2249489 ], [ -114.824295, 45.2059288 ], [ -114.8332596, 45.1886368 ], [ -114.8125458, 45.1858978 ], [ -114.798309300000014, 45.1607628 ], [ -114.7735367, 45.1492157 ], [ -114.746955899999989, 45.1046715 ], [ -114.719945799999977, 45.0885024 ], [ -114.7614059, 45.0731049 ], [ -114.781929, 45.0526237 ], [ -114.816223099999988, 45.057243299999989 ], [ -114.845222499999977, 45.024601 ], [ -114.868866, 45.024486499999988 ], [ -114.9061203, 44.9935226 ], [ -114.9089508, 44.9759026 ], [ -114.936279299999981, 44.9569435 ], [ -114.907463099999987, 44.9383926 ], [ -114.9108505, 44.9087753 ], [ -114.8953934, 44.8984795 ], [ -114.907104499999988, 44.889328 ], [ -115.0045013, 44.8994636 ], [ -115.0711365, 44.883522 ], [ -115.1076126, 44.8971519 ], [ -115.1687164, 44.8802376 ], [ -115.1984405, 44.8813324 ], [ -115.2128296, 44.8715858 ], [ -115.2444992, 44.8930016 ], [ -115.277969399999975, 44.8683815 ], [ -115.374099699999988, 44.8527298 ], [ -115.3771896, 44.8114815 ], [ -115.3950424, 44.7979469 ], [ -115.389602700000012, 44.77602 ], [ -115.405808799999988, 44.769527599999989 ], [ -115.424003599999978, 44.7784958 ], [ -115.4344025, 44.7690961 ], [ -115.413604699999979, 44.7163963 ], [ -115.4494553, 44.660099 ], [ -115.4459, 44.6381416 ], [ -115.4182053, 44.636486 ], [ -115.4053085, 44.6157599 ], [ -115.413719199999989, 44.6048813 ], [ -115.4363403, 44.6065292 ], [ -115.4416809, 44.5986404 ], [ -115.4668808, 44.6048698 ], [ -115.4792404, 44.5951462 ], [ -115.469429, 44.5776977 ], [ -115.48951719999998, 44.5754967 ], [ -115.485565200000011, 44.5596504 ], [ -115.506752, 44.5517693 ], [ -115.490341199999989, 44.5108375 ], [ -115.49794009999998, 44.5031776 ], [ -115.523574799999977, 44.5032234 ], [ -115.5489044, 44.4673996 ], [ -115.4983262, 44.4359987 ], [ -115.498330900000013, 44.4236569 ], [ -115.469389600000014, 44.4235721 ], [ -115.4234314, 44.4544563 ], [ -115.3998108, 44.4495926 ], [ -115.381073, 44.4626274 ], [ -115.3902893, 44.4496307 ], [ -115.3734207, 44.4221725 ], [ -115.377174400000015, 44.4095993 ], [ -115.332458500000016, 44.4314079 ], [ -115.3073654, 44.4236069 ], [ -115.250907900000016, 44.4374886 ], [ -115.2389679, 44.406685 ], [ -115.2603073, 44.3702203 ], [ -115.284523, 44.357811 ], [ -115.288826, 44.3298683 ], [ -115.261535599999988, 44.3287392 ], [ -115.239944400000013, 44.3075372 ], [ -115.213470399999977, 44.3048059 ], [ -115.201332, 44.2823831 ], [ -115.1208124, 44.3262184 ], [ -115.0913886, 44.3224894 ], [ -115.063766500000014, 44.3458061 ], [ -115.0484809, 44.3464686 ], [ -114.9993781, 44.3319957 ], [ -114.9715118, 44.3125305 ], [ -114.9723282, 44.2967606 ], [ -114.9258384, 44.3092028 ], [ -114.9367866, 44.2880427 ], [ -114.9246482, 44.2797801 ], [ -114.9373741, 44.2720286 ], [ -114.940532600000012, 44.2523753 ], [ -114.919903600000012, 44.2432684 ], [ -114.8735962, 44.2500648 ], [ -114.8495102, 44.2706337 ], [ -114.832778600000012, 44.2635765 ], [ -114.736110599999989, 44.2744738 ], [ -114.656673399999988, 44.2531039 ], [ -114.5592002, 44.2605997 ], [ -114.515631, 44.2540213 ], [ -114.5216291, 44.2822308 ], [ -114.5732801, 44.2926793 ], [ -114.5915962, 44.3190367 ], [ -114.333146700000015, 44.3191848 ], [ -114.3333455, 44.4060284 ], [ -114.3147704, 44.4060789 ], [ -114.3147379, 44.4640548 ], [ -114.3349523, 44.4639788 ], [ -114.334898, 44.5789005 ], [ -114.3146528, 44.5788947 ], [ -114.304534, 44.6079117 ], [ -114.2942211, 44.6079419 ], [ -114.2941686, 44.6666629 ], [ -114.273873, 44.6666497 ], [ -114.2738764, 44.681139 ], [ -114.294266, 44.6883592 ], [ -114.2943815, 44.7173209 ], [ -114.2439532, 44.7100662 ], [ -114.2337051, 44.6883051 ], [ -114.1828995, 44.6882852 ], [ -114.1727383, 44.746260299999989 ], [ -114.1444598, 44.7543706 ], [ -114.1445721, 44.8025458 ], [ -114.1140721, 44.8032959 ], [ -114.114092899999989, 44.8266942 ], [ -114.073449599999989, 44.8267845 ], [ -114.0734764, 44.83891 ], [ -114.0563107, 44.838902499999989 ], [ -114.0561758, 44.9258433 ], [ -114.0156799, 44.925742 ], [ -114.0158128, 44.9692218 ], [ -113.995508199999989, 44.9691504 ], [ -113.9955256, 45.0116065 ], [ -113.9749576, 45.011615899999988 ], [ -113.9748115, 45.0990539 ], [ -113.9536355, 45.0990583 ], [ -113.943602, 45.156764599999988 ], [ -113.9538071, 45.1567821 ], [ -113.9536089, 45.178350599999987 ], [ -113.9335569, 45.1784575 ], [ -113.9445915, 45.2008088 ], [ -113.9240829, 45.2152614 ], [ -113.92398, 45.2587067 ], [ -113.913638100000014, 45.258724099999988 ], [ -113.9136089, 45.2728992 ], [ -113.9341329, 45.2729021 ], [ -113.9237666, 45.3018072 ], [ -113.93402540000001, 45.3017908 ], [ -113.9340164, 45.3307212 ], [ -113.9187473, 45.3306995 ], [ -113.9310455, 45.3380203 ], [ -113.9195633, 45.3498421 ], [ -113.9355011, 45.355175 ], [ -113.9391556, 45.3493843 ], [ -113.947742, 45.359398899999988 ], [ -113.9339891, 45.359393 ], [ -113.933921399999988, 45.3738522 ], [ -113.8520057, 45.3666197 ], [ -113.8417923, 45.3306044 ], [ -113.8117115, 45.3301643 ], [ -113.7911805, 45.3156437 ], [ -113.7913956, 45.3009078 ], [ -113.7505366, 45.3011147 ], [ -113.7504798, 45.286629 ], [ -113.7299103, 45.2866102 ], [ -113.7298827, 45.2721266 ], [ -113.709212, 45.2719335 ], [ -113.709262099999989, 45.2577565 ], [ -113.6870714, 45.257753199999989 ], [ -113.6920214, 45.272475199999988 ], [ -113.6792443, 45.2759396 ], [ -113.7384146, 45.329062 ], [ -113.7288675, 45.3560698 ], [ -113.7388462, 45.3677249 ], [ -113.734377099999989, 45.3922773 ], [ -113.7762075, 45.4082096 ], [ -113.7598034, 45.4271574 ], [ -113.7762566, 45.433984599999988 ], [ -113.7844372, 45.4550148 ], [ -113.7599668, 45.4805727 ], [ -113.7730357, 45.513500099999987 ], [ -113.766060599999989, 45.520688199999988 ], [ -113.834819599999989, 45.5206608 ], [ -113.8216397, 45.5659005 ], [ -113.7967071, 45.5815024 ], [ -113.8068725, 45.6021881 ], [ -113.8617621, 45.623834699999989 ], [ -113.8866332, 45.617348 ], [ -113.9049082, 45.622036 ], [ -113.8952072, 45.643667 ], [ -113.919870500000016, 45.657975099999987 ], [ -113.9349438, 45.6939956 ], [ -113.963635, 45.6898592 ], [ -113.9884748, 45.7061072 ] ], [ [ -113.944161, 45.381028799999989 ], [ -113.944294899999989, 45.3647743 ], [ -113.965705899999989, 45.3617363 ], [ -113.9630227, 45.379210199999989 ], [ -113.944161, 45.381028799999989 ] ] ] ] } },
{ "type": "Feature", "properties": { "name": "Sawtooth National Forest", "region": "04", "acres": 2190139.0, "type": "national_forest" }, "geometry": { "type": "MultiPolygon", "coordinates": [ [ [ [ -115.09112159999998, 44.3225734 ], [ -115.1202306, 44.3264154 ], [ -115.1790619, 44.2974091 ], [ -115.156494099999989, 44.2466278 ], [ -115.1747627, 44.2355334 ], [ -115.162715799999987, 44.2138125 ], [ -115.169055899999989, 44.2059352 ], [ -115.1392899, 44.1800461 ], [ -115.1789283, 44.1620242 ], [ -115.1678162, 44.1411781 ], [ -115.1794357, 44.094471 ], [ -115.2356644, 44.0962524 ], [ -115.220565799999989, 44.0738945 ], [ -115.2583313, 44.0380325 ], [ -115.246623899999989, 44.0202243 ], [ -115.255088, 43.9939694 ], [ -115.2262421, 43.9715347 ], [ -115.2330207, 43.95843 ], [ -115.1940826, 43.9488099 ], [ -115.2027733, 43.895276 ], [ -115.177126199999989, 43.8821068 ], [ -115.1868621, 43.8454138 ], [ -115.146938299999988, 43.8484828 ], [ -115.1431846, 43.8395984 ], [ -115.130592299999975, 43.8399124 ], [ -115.1238382, 43.82175 ], [ -115.0585483, 43.8218307 ], [ -115.0571594, 43.7836876 ], [ -115.0354462, 43.7639885 ], [ -115.0422363, 43.744507 ], [ -115.0293655, 43.7284393 ], [ -115.0336762, 43.7156792 ], [ -115.097251899999989, 43.7038574 ], [ -115.1077347, 43.7122688 ], [ -115.1337128, 43.6938782 ], [ -115.1648865, 43.6976585 ], [ -115.1685486, 43.6692162 ], [ -115.2349233, 43.629865 ], [ -115.2292557, 43.5893135 ], [ -115.201553300000015, 43.572567 ], [ -115.1682663, 43.5837402 ], [ -115.1687622, 43.5695991 ], [ -115.15287020000001, 43.5587501 ], [ -115.1531479, 43.5415395 ], [ -115.1752008, 43.5117207 ], [ -115.1674346, 43.4535376 ], [ -115.1823734, 43.4297439 ], [ -115.1494681, 43.4144761 ], [ -115.1383786, 43.3680231 ], [ -115.0837213, 43.3703475 ], [ -115.083606499999988, 43.3847612 ], [ -115.0441985, 43.3848867 ], [ -115.044103799999988, 43.428438 ], [ -114.984388400000014, 43.4283455 ], [ -114.9841078, 43.4428606 ], [ -114.964953, 43.4426992 ], [ -114.9649962, 43.4571801 ], [ -115.0832924, 43.4572145 ], [ -115.0831896, 43.4717019 ], [ -114.9045416, 43.4717228 ], [ -114.9044649, 43.4427565 ], [ -114.8267626, 43.4425553 ], [ -114.8267574, 43.4571902 ], [ -114.7869046, 43.4570009 ], [ -114.7869878, 43.4424445 ], [ -114.727071899999984, 43.442325 ], [ -114.72713, 43.4568089 ], [ -114.6068673, 43.4566139 ], [ -114.6068695, 43.4856032 ], [ -114.466813, 43.4850086 ], [ -114.4668384, 43.4993751 ], [ -114.4467526, 43.4993134 ], [ -114.446649, 43.5137279 ], [ -114.4069955, 43.5137362 ], [ -114.4067086, 43.6292875 ], [ -114.386391499999988, 43.6293674 ], [ -114.386988699999989, 43.7307321 ], [ -114.3270445, 43.7306086 ], [ -114.3265773, 43.7016369 ], [ -114.306648599999988, 43.7010785 ], [ -114.3066751, 43.657713 ], [ -114.1877074, 43.6569856 ], [ -114.1876119, 43.6280156 ], [ -114.228828799999988, 43.6281531 ], [ -114.228742, 43.5846283 ], [ -113.9714454, 43.5853649 ], [ -113.971458, 43.5998425 ], [ -113.8134142, 43.5994928 ], [ -113.8359909, 43.6050072 ], [ -113.8625717, 43.6451683 ], [ -113.9052198, 43.6495401 ], [ -113.9113616, 43.6715127 ], [ -113.9741517, 43.7078403 ], [ -114.0042114, 43.7650186 ], [ -114.0297928, 43.7734032 ], [ -114.053176799999989, 43.7623559 ], [ -114.0532989, 43.746174 ], [ -114.066528300000016, 43.7359582 ], [ -114.1069335, 43.7365457 ], [ -114.132568299999988, 43.7504922 ], [ -114.1417236, 43.7739944 ], [ -114.16445920000001, 43.7764168 ], [ -114.2758025, 43.831051 ], [ -114.2856064, 43.884037 ], [ -114.3433151, 43.8904115 ], [ -114.3588655, 43.8741206 ], [ -114.4099847, 43.8955853 ], [ -114.4171871, 43.912144 ], [ -114.390162499999988, 43.9407174 ], [ -114.4049898, 43.9692385 ], [ -114.449516300000013, 43.9982719 ], [ -114.459091199999989, 44.015873 ], [ -114.4506067, 44.0581575 ], [ -114.452938, 44.0726485 ], [ -114.473022199999988, 44.072687 ], [ -114.4730291, 44.1162187 ], [ -114.4529169, 44.1162139 ], [ -114.4529284, 44.1307134 ], [ -114.4330492, 44.130768 ], [ -114.4229919, 44.1596134 ], [ -114.4129188, 44.1596241 ], [ -114.4231949, 44.2031513 ], [ -114.3930503, 44.217673 ], [ -114.3930363, 44.2322404 ], [ -114.5138257, 44.232125 ], [ -114.5138896, 44.2534002 ], [ -114.5345496, 44.259524 ], [ -114.656673399999988, 44.2531039 ], [ -114.736110599999989, 44.2744738 ], [ -114.832778600000012, 44.2635765 ], [ -114.8485642, 44.2707901 ], [ -114.8735962, 44.2500648 ], [ -114.926021499999976, 44.2441737 ], [ -114.940547900000013, 44.2525813 ], [ -114.9373741, 44.2720286 ], [ -114.9246482, 44.2797801 ], [ -114.9367866, 44.2880427 ], [ -114.9258384, 44.3092028 ], [ -114.9723282, 44.2967606 ], [ -114.9715118, 44.3125305 ], [ -114.9993781, 44.3319957 ], [ -115.0567627, 44.3473129 ], [ -115.09112159999998, 44.3225734 ] ] ] ] } },
{ "type": "Feature", "properties": { "name": "Caribou-Targhee National Forest", "region": "04", "acres": 3077756.0, "type": "national_forest" }, "geometry": { "type": "MultiPolygon", "coordinates": [ [ [ [ -111.3979358, 44.7463777 ], [ -111.397832799999989, 44.7240481 ], [ -111.4145391, 44.7107692 ], [ -111.4405168, 44.7205508 ], [ -111.4886258, 44.7057958 ], [ -111.4857036, 44.6873546 ], [ -111.4684048, 44.6790863 ], [ -111.4901079, 44.6424428 ], [ -111.5009673, 44.6496665 ], [ -111.5163955, 44.6440062 ], [ -111.5024941, 44.6264831 ], [ -111.5226055, 44.614053 ], [ -111.5235884, 44.5921603 ], [ -111.5011329, 44.5721258 ], [ -111.5077018, 44.5621908 ], [ -111.4693231, 44.5576063 ], [ -111.4678639, 44.5389065 ], [ -111.512328599999989, 44.5359147 ], [ -111.5472714, 44.5572933 ], [ -111.5858426, 44.5626677 ], [ -111.6140142, 44.548631 ], [ -111.7028748, 44.5601862 ], [ -111.715927100000016, 44.5432207 ], [ -111.7461347, 44.5408828 ], [ -111.7627868, 44.5257605 ], [ -111.800452, 44.5261401 ], [ -111.808096, 44.5099942 ], [ -111.8215328, 44.5089792 ], [ -111.8693078, 44.5666488 ], [ -111.903259100000014, 44.5565985 ], [ -111.9478527, 44.5570031 ], [ -111.9777884, 44.5357133 ], [ -112.0328216, 44.5466836 ], [ -112.0328201, 44.5284206 ], [ -112.0687775, 44.5371617 ], [ -112.1021827, 44.5207878 ], [ -112.1366052, 44.5399109 ], [ -112.1646837, 44.5415172 ], [ -112.1800357, 44.5327643 ], [ -112.209594599999988, 44.5404193 ], [ -112.209454, 44.4676937 ], [ -112.2489831, 44.4675912 ], [ -112.2696732, 44.4890391 ], [ -112.2894085, 44.4817253 ], [ -112.2996207, 44.5033262 ], [ -112.356998100000013, 44.5032571 ], [ -112.3660102, 44.467153 ], [ -112.386872, 44.4472765 ], [ -112.4082146, 44.4573979 ], [ -112.434113700000012, 44.4543012 ], [ -112.4413086, 44.4666358 ], [ -112.4729677, 44.4793719 ], [ -112.5005318, 44.462622 ], [ -112.542554, 44.483916699999988 ], [ -112.5777682, 44.4800485 ], [ -112.6019165, 44.4906906 ], [ -112.6247464, 44.4830832 ], [ -112.6328969, 44.4910177 ], [ -112.6620002, 44.4859512 ], [ -112.7189859, 44.5043579 ], [ -112.742228, 44.4885679 ], [ -112.7834505, 44.4805274 ], [ -112.8275304, 44.4425381 ], [ -112.8399187, 44.4243141 ], [ -112.8140048, 44.3982455 ], [ -112.812133, 44.3771341 ], [ -112.8445333, 44.3580454 ], [ -112.8816047, 44.3792274 ], [ -112.889549699999989, 44.4059721 ], [ -112.9135764, 44.4022699 ], [ -112.9834807, 44.437271 ], [ -113.035247, 44.4373227 ], [ -113.035176, 44.4082153 ], [ -113.015020799999988, 44.4081967 ], [ -112.98468170000001, 44.3505602 ], [ -112.964502, 44.3506369 ], [ -112.954428799999988, 44.3217256 ], [ -112.9342645, 44.3217871 ], [ -112.9343871, 44.3026773 ], [ -112.9144115, 44.3026401 ], [ -112.9143659, 44.2736941 ], [ -112.8942616, 44.2592336 ], [ -112.8940359, 44.161335 ], [ -112.8739797, 44.1612572 ], [ -112.8739482, 44.1467766 ], [ -112.8337734, 44.1467578 ], [ -112.8338951, 44.1173903 ], [ -112.8137411, 44.1171541 ], [ -112.8137479, 44.1020455 ], [ -112.776245, 44.1020394 ], [ -112.7762482, 44.0875509 ], [ -112.736236, 44.087083 ], [ -112.7362622, 44.072615 ], [ -112.686019800000011, 44.0726368 ], [ -112.685974699999989, 44.1160976 ], [ -112.706057, 44.1305824 ], [ -112.6957784, 44.2168684 ], [ -112.7159883, 44.2168682 ], [ -112.7159607, 44.2450483 ], [ -112.695821099999989, 44.2451049 ], [ -112.6958246, 44.2595699 ], [ -112.6350068, 44.259601 ], [ -112.6347433, 44.29579 ], [ -112.6453053, 44.2957837 ], [ -112.6454198, 44.3168943 ], [ -112.654940700000012, 44.3169015 ], [ -112.6548915, 44.3748309 ], [ -112.6952261, 44.3747824 ], [ -112.6970544, 44.4611159 ], [ -112.5153207, 44.4609957 ], [ -112.5153115, 44.404047899999988 ], [ -112.3946414, 44.403986 ], [ -112.3945586, 44.3628947 ], [ -112.1941261, 44.3608584 ], [ -112.1840099, 44.3680884 ], [ -112.1837527, 44.3970541 ], [ -112.1437343, 44.3970658 ], [ -112.1233686, 44.3754763 ], [ -112.012846, 44.3749726 ], [ -111.9926788, 44.3894726 ], [ -111.952313, 44.3894196 ], [ -111.960526, 44.4315284 ], [ -111.9806757, 44.4316273 ], [ -111.9805735, 44.4461477 ], [ -111.9201939, 44.4456743 ], [ -111.9201519, 44.4746506 ], [ -111.7994558, 44.4747668 ], [ -111.7994741, 44.4601262 ], [ -111.73859130000001, 44.4596141 ], [ -111.7386179, 44.4740651 ], [ -111.6682165, 44.4741932 ], [ -111.6685878, 44.4884415 ], [ -111.6378948, 44.4812844 ], [ -111.637999, 44.488447 ], [ -111.6176354, 44.4883838 ], [ -111.6176089, 44.4738178 ], [ -111.5768356, 44.4738782 ], [ -111.5769376, 44.4882878 ], [ -111.5565913, 44.4882416 ], [ -111.556658399999989, 44.4737245 ], [ -111.4579835, 44.4736309 ], [ -111.4582738, 44.487997 ], [ -111.4380597, 44.4877477 ], [ -111.4379259, 44.4514648 ], [ -111.4480586, 44.4443509 ], [ -111.437914299999989, 44.4442209 ], [ -111.4379532, 44.422477 ], [ -111.463326200000012, 44.4265155 ], [ -111.493731, 44.4047905 ], [ -111.5567393, 44.4011237 ], [ -111.5566609, 44.4301577 ], [ -111.5972724, 44.4302764 ], [ -111.5972348, 44.4012455 ], [ -111.7176274, 44.4015888 ], [ -111.7175036, 44.3399738 ], [ -111.6973366, 44.3399298 ], [ -111.6973372, 44.3037383 ], [ -111.6772499, 44.3037136 ], [ -111.677240500000011, 44.2892263 ], [ -111.5765934, 44.2888893 ], [ -111.5766214, 44.2744366 ], [ -111.6169397, 44.2745927 ], [ -111.6170222, 44.2311711 ], [ -111.5564663, 44.2309159 ], [ -111.5564545, 44.187529 ], [ -111.5362526, 44.1729865 ], [ -111.536174100000011, 44.1438897 ], [ -111.4357403, 44.1437055 ], [ -111.435795, 44.1291588 ], [ -111.3951462, 44.1289618 ], [ -111.3951223, 44.1217161 ], [ -111.365303700000013, 44.1217394 ], [ -111.3677949, 44.1146118 ], [ -111.3553149, 44.12865 ], [ -111.3344689, 44.1287975 ], [ -111.313783199999989, 44.1285193 ], [ -111.3141179, 44.1143985 ], [ -111.2340236, 44.1136492 ], [ -111.234417, 44.0707516 ], [ -111.1940963, 44.0706241 ], [ -111.1985565, 44.048659699999988 ], [ -111.159242, 44.0484797 ], [ -111.159944, 43.975960799999989 ], [ -111.1299572, 43.9760351 ], [ -111.1298918, 43.9542929 ], [ -111.119878300000011, 43.9543036 ], [ -111.1298512, 43.9361709 ], [ -111.1098205, 43.925326 ], [ -111.0997288, 43.8890832 ], [ -111.046732299999988, 43.882169 ], [ -111.0467441, 43.8413105 ], [ -111.0353301, 43.8413131 ], [ -111.0353601, 43.8195981 ], [ -111.0116944, 43.8123701 ], [ -111.0116501, 43.7251218 ], [ -111.0366087, 43.7251544 ], [ -111.046327600000012, 43.695874 ], [ -111.0453728, 43.570662899999988 ], [ -111.1809904, 43.5709992 ], [ -111.2013358, 43.585584 ], [ -111.210861799999989, 43.6652786 ], [ -111.250066100000012, 43.6943029 ], [ -111.250713100000013, 43.716119 ], [ -111.270674, 43.7161111 ], [ -111.280705399999988, 43.7668376 ], [ -111.3197823, 43.7811594 ], [ -111.3203136, 43.8181633 ], [ -111.3608986, 43.8182623 ], [ -111.3608672, 43.8110266 ], [ -111.3808514, 43.8110992 ], [ -111.3807897, 43.7966102 ], [ -111.3998621, 43.7966332 ], [ -111.3998358, 43.7667758 ], [ -111.419861, 43.7667588 ], [ -111.4198345, 43.745052699999988 ], [ -111.4472119, 43.7450487 ], [ -111.4471787, 43.7129335 ], [ -111.5662313, 43.7128401 ], [ -111.5662246, 43.6550356 ], [ -111.6260231, 43.6551994 ], [ -111.6259265, 43.6267956 ], [ -111.6059917, 43.6267923 ], [ -111.5860851, 43.6123003 ], [ -111.5860706, 43.5962626 ], [ -111.533676199999988, 43.6152611 ], [ -111.4919891, 43.5955772 ], [ -111.4689407, 43.5942802 ], [ -111.470314, 43.5821495 ], [ -111.443161, 43.5772819 ], [ -111.448158299999989, 43.5663033 ], [ -111.4234314, 43.5446625 ], [ -111.433553499999988, 43.5383277 ], [ -111.3892622, 43.5382402 ], [ -111.2899193, 43.4584071 ], [ -111.2599951, 43.4584508 ], [ -111.2599492, 43.4403276 ], [ -111.2104626, 43.3932019 ], [ -111.2081693, 43.3517801 ], [ -111.2208716, 43.3518186 ], [ -111.2413788, 43.3722267 ], [ -111.4121262, 43.4618075 ], [ -111.4195588, 43.4623899 ], [ -111.4145639, 43.4512253 ], [ -111.449224300000012, 43.4512927 ], [ -111.449228, 43.4657408 ], [ -111.5668078, 43.4658615 ], [ -111.5669666, 43.4525682 ], [ -111.5869363, 43.4526009 ], [ -111.587077, 43.4019791 ], [ -111.5672901, 43.4019554 ], [ -111.5685658, 43.325274799999988 ], [ -111.5486723, 43.3252278 ], [ -111.548673400000013, 43.3107432 ], [ -111.528762700000016, 43.3107181 ], [ -111.5287674, 43.2962281 ], [ -111.5089695, 43.2961849 ], [ -111.5089369, 43.2672647 ], [ -111.4891228, 43.2672596 ], [ -111.4891723, 43.2380144 ], [ -111.4693439, 43.2379835 ], [ -111.4695829, 43.1945669 ], [ -111.4313984, 43.1938835 ], [ -111.4313308, 43.1794018 ], [ -111.4114519, 43.1793728 ], [ -111.411657300000016, 43.1504547 ], [ -111.391815099999988, 43.1505581 ], [ -111.391906299999988, 43.1361448 ], [ -111.372155, 43.1219366 ], [ -111.3730252, 43.0935183 ], [ -111.352647, 43.0934322 ], [ -111.3527609, 43.0610373 ], [ -111.3730959, 43.0612215 ], [ -111.373564, 43.0505829 ], [ -111.3529249, 43.0501279 ], [ -111.3530058, 43.0420572 ], [ -111.3344896, 43.0384627 ], [ -111.3344753, 43.020336 ], [ -111.363116800000014, 43.0210917 ], [ -111.3631141, 42.992022399999989 ], [ -111.3340685, 42.9841045 ], [ -111.3340653, 42.9768038 ], [ -111.3145423, 42.9768324 ], [ -111.3145328, 42.9695887 ], [ -111.2947501, 42.9695999 ], [ -111.2947436, 42.9623668 ], [ -111.245428300000015, 42.9623569 ], [ -111.2355334, 42.9551324 ], [ -111.2354472, 42.9333453 ], [ -111.2849484, 42.9333181 ], [ -111.2946813, 42.9261462 ], [ -111.2947104, 42.9043893 ], [ -111.2751491, 42.9042394 ], [ -111.2713981, 42.8215695 ], [ -111.2615989, 42.8216411 ], [ -111.2409013, 42.7846289 ], [ -111.240862, 42.7701431 ], [ -111.2712052, 42.7646271 ], [ -111.2813597, 42.7932237 ], [ -111.3008081, 42.8077261 ], [ -111.3497276, 42.8074802 ], [ -111.3492506, 42.8219496 ], [ -111.359000099999989, 42.8218998 ], [ -111.3598181, 42.8362429 ], [ -111.330188, 42.8364846 ], [ -111.3388795, 42.9332622 ], [ -111.3732743, 42.9330958 ], [ -111.3713679, 42.9469752 ], [ -111.3914446, 42.9474051 ], [ -111.420851399999989, 42.9761723 ], [ -111.451450600000015, 42.9762903 ], [ -111.45150240000001, 42.9474951 ], [ -111.4318138, 42.9483811 ], [ -111.4318781, 42.9331934 ], [ -111.4123801, 42.9331532 ], [ -111.4126916, 42.8608816 ], [ -111.4324896, 42.8608291 ], [ -111.4369187, 42.8332984 ], [ -111.397951, 42.8221644 ], [ -111.3981844, 42.8006174 ], [ -111.3500477, 42.792942 ], [ -111.329948500000015, 42.7645465 ], [ -111.3091202, 42.7571863 ], [ -111.3090748, 42.7209927 ], [ -111.3287332, 42.7209482 ], [ -111.328780099999989, 42.6919875 ], [ -111.308879499999989, 42.634091 ], [ -111.3285106, 42.6340788 ], [ -111.3384218, 42.6485185 ], [ -111.357984699999989, 42.6484291 ], [ -111.3734197, 42.6774313 ], [ -111.417553700000013, 42.677400399999989 ], [ -111.4178477, 42.7064045 ], [ -111.4862491, 42.7063962 ], [ -111.4857335, 42.6192879 ], [ -111.4761472, 42.619343199999989 ], [ -111.4762007, 42.6047247 ], [ -111.4565751, 42.6048202 ], [ -111.4563585, 42.5903525 ], [ -111.4071056, 42.5903376 ], [ -111.4071698, 42.5464192 ], [ -111.3876736, 42.5465068 ], [ -111.3877321, 42.531911 ], [ -111.3681681, 42.5319543 ], [ -111.3681815, 42.5172236 ], [ -111.3085805, 42.5026162 ], [ -111.30800760000001, 42.4442632 ], [ -111.2880323, 42.4442119 ], [ -111.2879559, 42.4152523 ], [ -111.278221, 42.4152248 ], [ -111.2779714, 42.3862656 ], [ -111.268231, 42.3862332 ], [ -111.2677523, 42.34293370000001 ], [ -111.2481874, 42.3428747 ], [ -111.2479908, 42.328431 ], [ -111.227415799999989, 42.3283096 ], [ -111.2273679, 42.3138419 ], [ -111.1313998, 42.3075592 ], [ -111.127158799999989, 42.4158567 ], [ -111.0644658, 42.416292 ], [ -111.0644378, 42.4235206 ], [ -111.0471311, 42.4235278 ], [ -111.0452785, 42.6112849 ], [ -111.1035647, 42.611369 ], [ -111.1182511, 42.6221902 ], [ -111.1134168, 42.6908548 ], [ -111.1035687, 42.7198402 ], [ -111.0937856, 42.7198747 ], [ -111.0938445, 42.752508 ], [ -111.103504199999989, 42.7593033 ], [ -111.09406, 42.7954205 ], [ -111.113738, 42.8063087 ], [ -111.11372, 42.8351293 ], [ -110.9931194, 42.8375112 ], [ -110.992740399999988, 42.8447405 ], [ -110.992567, 42.8737273 ], [ -111.0123278, 42.8808713 ], [ -111.0121172, 42.9099382 ], [ -111.0322502, 42.9099133 ], [ -111.043928799999989, 42.939822 ], [ -111.064463300000014, 42.9398332 ], [ -111.0644661, 42.9760423 ], [ -111.0792872, 42.9760296 ], [ -111.0792872, 42.9905634 ], [ -111.099116599999988, 42.9905796 ], [ -111.104027699999989, 43.0195326 ], [ -111.0594979, 43.0194865 ], [ -111.0594943, 43.0339631 ], [ -111.0793239, 43.033996 ], [ -111.0941415, 43.0448977 ], [ -111.0793568, 43.0484478 ], [ -111.0793404, 43.0846962 ], [ -111.0414962, 43.0862207 ], [ -111.04396, 43.1274683 ], [ -111.0214312, 43.1273823 ], [ -111.0171356, 43.1675453 ], [ -110.9826584, 43.176445 ], [ -110.9839478, 43.2162247 ], [ -110.9641724, 43.2311134 ], [ -110.9317246, 43.2379494 ], [ -110.919342, 43.2691421 ], [ -110.9233017, 43.280304 ], [ -110.9501572, 43.2842712 ], [ -110.9691238, 43.311142 ], [ -110.9443283, 43.3491135 ], [ -110.9546738, 43.3784676 ], [ -110.9300079, 43.3876839 ], [ -110.9313049, 43.4115791 ], [ -111.0136337, 43.4344139 ], [ -111.0387268, 43.4721298 ], [ -111.0175781, 43.4857063 ], [ -110.9500961, 43.4772606 ], [ -110.9513855, 43.5401154 ], [ -110.918830899999989, 43.548027 ], [ -110.9247513, 43.5588188 ], [ -110.896644600000016, 43.5740586 ], [ -110.9314957, 43.602478 ], [ -110.948089599999989, 43.6046524 ], [ -110.9453583, 43.6226997 ], [ -110.9005203, 43.6310046 ], [ -110.9129639, 43.6503296 ], [ -110.8921127, 43.6822052 ], [ -110.8247071, 43.6902814 ], [ -110.8527527, 43.7250252 ], [ -110.8555907, 43.7579847 ], [ -110.845092799999989, 43.7705345 ], [ -110.8575058, 43.801178 ], [ -110.8700028, 43.8053551 ], [ -110.8791122, 43.855618 ], [ -110.8719635, 43.874519299999989 ], [ -110.8404922, 43.8825912 ], [ -110.8388445, 43.8962398 ], [ -110.8582916, 43.9407463 ], [ -110.8517151, 43.9601211 ], [ -110.8715286, 43.9781151 ], [ -110.8755417, 44.027317 ], [ -110.8320541, 44.0497322 ], [ -110.842392, 44.0676956 ], [ -110.8239136, 44.0660438 ], [ -110.8149338, 44.082428 ], [ -110.7872467, 44.084743499999988 ], [ -110.793785, 44.1196137 ], [ -110.769195599999989, 44.1303444 ], [ -111.0980175, 44.1328458 ], [ -111.0970733, 44.4866255 ], [ -111.1304898, 44.5001267 ], [ -111.1385034, 44.5167377 ], [ -111.1313187, 44.532475 ], [ -111.1785905, 44.5524411 ], [ -111.1809739, 44.5692813 ], [ -111.2267862, 44.5767958 ], [ -111.2411139, 44.6145237 ], [ -111.219318199999989, 44.6225193 ], [ -111.2526674, 44.6511122 ], [ -111.2782603, 44.6510151 ], [ -111.2665464, 44.6671961 ], [ -111.3239713, 44.7293174 ], [ -111.35282930000001, 44.7261075 ], [ -111.381487, 44.7531348 ], [ -111.3979358, 44.7463777 ] ], [ [ -111.4579697, 44.690052 ], [ -111.4376752, 44.6900811 ], [ -111.4377399, 44.7047606 ], [ -111.417231699999988, 44.704721899999988 ], [ -111.4171986, 44.6902886 ], [ -111.396807, 44.6902413 ], [ -111.3967427, 44.6757716 ], [ -111.376219, 44.6757417 ], [ -111.3767533, 44.6613984 ], [ -111.310954, 44.6616572 ], [ -111.305904, 44.6689263 ], [ -111.3160412, 44.5819968 ], [ -111.2957932, 44.5819937 ], [ -111.3059055, 44.5747399 ], [ -111.2763424, 44.5747829 ], [ -111.2763471, 44.5602457 ], [ -111.2560871, 44.5601916 ], [ -111.2561212, 44.5311749 ], [ -111.2966538, 44.5312008 ], [ -111.2966519, 44.5166648 ], [ -111.3265383, 44.5165556 ], [ -111.3617218, 44.5419776 ], [ -111.356628, 44.5890913 ], [ -111.3768947, 44.589015 ], [ -111.3768294, 44.6035419 ], [ -111.47824, 44.6032398 ], [ -111.4782191, 44.6104722 ], [ -111.447830599999989, 44.6177267 ], [ -111.4528905, 44.6466575 ], [ -111.437678600000012, 44.6539809 ], [ -111.437613899999988, 44.675598 ], [ -111.4579377, 44.6755759 ], [ -111.4579697, 44.690052 ] ], [ [ -111.3132827, 44.3946465 ], [ -111.2729356, 44.4007948 ], [ -111.2628537, 44.3838682 ], [ -111.2376747, 44.387458 ], [ -111.2376564, 44.3802251 ], [ -111.2527293, 44.369382 ], [ -111.2728777, 44.3693638 ], [ -111.2728859, 44.3512532 ], [ -111.283028, 44.3512471 ], [ -111.3032823, 44.3584646 ], [ -111.3132827, 44.3946465 ] ], [ [ -111.1869477, 42.5570795 ], [ -111.1722473, 42.5570829 ], [ -111.1723278, 42.5751607 ], [ -111.1526034, 42.575163 ], [ -111.1328693, 42.5896396 ], [ -111.152555299999989, 42.546245 ], [ -111.1721991, 42.5462263 ], [ -111.1721802, 42.5353692 ], [ -111.1868603, 42.535383 ], [ -111.1869477, 42.5570795 ] ] ] ] } },
{ "type": "Feature", "properties": { "name": "Humboldt-Toiyabe National Forest", "region": "04", "acres": 6704352.0, "type": "national_forest" }, "geometry": { "type": "MultiPolygon", "coordinates": [ [ [ [ -120.1385297, 39.6652624 ], [ -120.1386517, 39.6506965 ], [ -120.113547200000014, 39.6182766 ], [ -120.1043482, 39.6183371 ], [ -120.1042704, 39.5927158 ], [ -120.0902529, 39.5927288 ], [ -120.085563600000015, 39.534614399999988 ], [ -120.0669161, 39.5347205 ], [ -120.0392053, 39.4986676 ], [ -120.039133, 39.4659658 ], [ -120.048290099999988, 39.4621692 ], [ -120.016403, 39.4619248 ], [ -120.016457, 39.4765491 ], [ -120.039164199999988, 39.484157 ], [ -120.0255311, 39.5126224 ], [ -120.0164667, 39.512622 ], [ -120.0300516, 39.5234116 ], [ -120.012081599999988, 39.5234472 ], [ -120.0163866, 39.5342571 ], [ -120.0016287, 39.538032199999989 ], [ -120.0028801, 39.4619706 ], [ -120.0298775, 39.450653 ], [ -120.0110686, 39.4471386 ], [ -120.0112066, 39.4397418 ], [ -120.004298299999988, 39.447178 ], [ -120.0064699, 39.4323484 ], [ -120.0298671, 39.4322086 ], [ -120.0160708, 39.410302 ], [ -120.0050946, 39.4176639 ], [ -120.0053003, 39.4029922 ], [ -120.016134, 39.4029653 ], [ -120.0163211, 39.3738814 ], [ -120.029840499999978, 39.3737991 ], [ -120.0302591, 39.3596132 ], [ -120.005355400000013, 39.3091316 ], [ -120.005506900000015, 39.2800527 ], [ -119.9751892, 39.2935333 ], [ -119.958931, 39.2915497 ], [ -119.941711399999988, 39.324852 ], [ -119.9233398, 39.3200264 ], [ -119.9252167, 39.303871099999988 ], [ -119.897583, 39.2907066 ], [ -119.895088199999989, 39.2789993 ], [ -119.906395, 39.2360535 ], [ -119.8973999, 39.2286415 ], [ -119.9103928, 39.2027893 ], [ -119.882644599999978, 39.179882 ], [ -119.8852615, 39.1435318 ], [ -119.9037933, 39.1188621 ], [ -119.893569899999989, 39.0885429 ], [ -119.878807099999989, 39.0818977 ], [ -119.892395, 39.0717163 ], [ -119.884346, 39.0441132 ], [ -119.8931732, 39.0362854 ], [ -119.8902359, 38.9934883 ], [ -119.877967799999979, 38.9873238 ], [ -119.889282200000011, 38.9790382 ], [ -119.8531828, 38.9685954 ], [ -119.853193800000014, 38.9576327 ], [ -119.8623503, 38.9576309 ], [ -119.862239800000012, 38.9467072 ], [ -119.880552099999989, 38.946736 ], [ -119.8900249, 38.9250077 ], [ -119.9000236, 38.9250115 ], [ -119.879720100000014, 38.8994784 ], [ -119.8888455, 38.8791449 ], [ -119.8798755, 38.8644744 ], [ -119.90572, 38.8557395 ], [ -119.9084315, 38.834379 ], [ -119.922943, 38.8294835 ], [ -119.9480298, 38.7815742 ], [ -119.981774699999988, 38.7615596 ], [ -119.9937643, 38.7046701 ], [ -119.9857691, 38.6629228 ], [ -119.9723061, 38.6562862 ], [ -119.961930099999989, 38.6628276 ], [ -119.9508106, 38.6448891 ], [ -119.9246506, 38.6358247 ], [ -119.9135402, 38.6227929 ], [ -119.924883400000013, 38.6115874 ], [ -119.9078101, 38.5960736 ], [ -119.8830643, 38.6057765 ], [ -119.8534927, 38.6025334 ], [ -119.833043800000013, 38.5512818 ], [ -119.7994569, 38.5400805 ], [ -119.7897451, 38.5223081 ], [ -119.7690888, 38.5165281 ], [ -119.7730288, 38.5012323 ], [ -119.7576086, 38.4915445 ], [ -119.766574600000013, 38.4754042 ], [ -119.735078, 38.4714798 ], [ -119.7291077, 38.443325699999988 ], [ -119.7052291, 38.4542081 ], [ -119.6802187, 38.4402315 ], [ -119.681009, 38.4021051 ], [ -119.6279142, 38.3482619 ], [ -119.651372599999974, 38.2864971 ], [ -119.6131952, 38.2615063 ], [ -119.6216453, 38.252168 ], [ -119.6047704, 38.2355086 ], [ -119.625080799999978, 38.2288857 ], [ -119.6291896, 38.1960675 ], [ -119.5864716, 38.1849251 ], [ -119.576751699999974, 38.1568451 ], [ -119.5465164, 38.1540985 ], [ -119.546951299999989, 38.1436195 ], [ -119.5071716, 38.1369438 ], [ -119.5082626, 38.1525345 ], [ -119.4963074, 38.1571617 ], [ -119.4881744, 38.1326599 ], [ -119.468856799999983, 38.1279144 ], [ -119.460159300000015, 38.0963783 ], [ -119.441078199999978, 38.0956154 ], [ -119.429695099999989, 38.117939 ], [ -119.358169600000011, 38.0820542 ], [ -119.349021900000011, 38.0865097 ], [ -119.3074956, 38.0301402 ], [ -119.2224882, 38.049011 ], [ -119.1966332, 38.0433565 ], [ -119.195624299999977, 38.0688262 ], [ -119.213871900000015, 38.0688136 ], [ -119.2136452, 38.0977814 ], [ -119.2319248, 38.0977803 ], [ -119.2315781, 38.1556839 ], [ -119.2865279, 38.1557919 ], [ -119.2866808, 38.1919912 ], [ -119.295864099999989, 38.1920264 ], [ -119.2958101, 38.2209955 ], [ -119.3049734, 38.2210362 ], [ -119.3049889, 38.2713168 ], [ -119.2866723, 38.271617 ], [ -119.2865169, 38.3004076 ], [ -119.2315918, 38.3077943 ], [ -119.2316038, 38.3177455 ], [ -119.1537673, 38.3174385 ], [ -119.1539507, 38.3322177 ], [ -119.0617193, 38.3322175 ], [ -119.0615946, 38.3174261 ], [ -119.020146599999975, 38.3179806 ], [ -118.8571298, 38.2026507 ], [ -118.8569778, 38.1844291 ], [ -118.8296809, 38.1840628 ], [ -118.8295807, 38.1696824 ], [ -118.811307, 38.1696153 ], [ -118.8113401, 38.1553134 ], [ -118.790524499999989, 38.1553517 ], [ -118.588932, 38.0116118 ], [ -118.4607976, 38.0097959 ], [ -118.4728514, 38.2547244 ], [ -118.6114102, 38.254644 ], [ -118.5781403, 38.3587875 ], [ -118.5830994, 38.3937302 ], [ -118.6567629, 38.4657354 ], [ -118.763468099999983, 38.4245681 ], [ -118.8120304, 38.3732528 ], [ -118.8989943, 38.3569201 ], [ -118.8983154, 38.4100037 ], [ -118.917511, 38.4810295 ], [ -118.893150299999988, 38.5045929 ], [ -118.9427872, 38.5465889 ], [ -118.998833, 38.5753235 ], [ -118.9979553, 38.6291618 ], [ -119.046859700000013, 38.6970329 ], [ -119.1018219, 38.8077545 ], [ -119.144687, 38.8378431 ], [ -119.1767425, 38.8374443 ], [ -119.2234483, 38.8069492 ], [ -119.32827, 38.8001251 ], [ -119.3288734, 38.7875943 ], [ -119.360160799999989, 38.7728653 ], [ -119.3682327, 38.7547722 ], [ -119.379776, 38.7563324 ], [ -119.400481199999987, 38.737107 ], [ -119.482788700000015, 38.737215 ], [ -119.5274048, 38.7245178 ], [ -119.5558624, 38.7296104 ], [ -119.6353988, 38.8392029 ], [ -119.677269, 38.8657303 ], [ -119.7135925, 38.9132538 ], [ -119.7794568, 38.9616769 ], [ -119.767334, 39.1797447 ], [ -119.7820816, 39.2038574 ], [ -119.8065948, 39.2096024 ], [ -119.84227749999998, 39.2726059 ], [ -119.8079471, 39.327224 ], [ -119.8080687, 39.3606896 ], [ -119.765021, 39.360753 ], [ -119.7458181, 39.3749919 ], [ -119.7469814, 39.4041157 ], [ -119.7893156, 39.4763781 ], [ -119.7807585, 39.5061536 ], [ -119.788589500000015, 39.5559464 ], [ -119.8511658, 39.6107101 ], [ -119.9272766, 39.6280518 ], [ -119.9819183, 39.650878899999988 ], [ -120.0009511, 39.6719656 ], [ -120.0012999, 39.6248866 ], [ -120.016030199999989, 39.6247168 ], [ -120.013493099999977, 39.6357531 ], [ -120.0224039, 39.636167 ], [ -120.022523, 39.6289423 ], [ -120.0551757, 39.6289726 ], [ -120.0552527, 39.6216742 ], [ -120.0645321, 39.6216754 ], [ -120.0644275, 39.6326787 ], [ -120.0923934, 39.6289367 ], [ -120.09234690000001, 39.6361963 ], [ -120.110993199999982, 39.6359905 ], [ -120.110874599999988, 39.6505198 ], [ -120.129444399999983, 39.650513 ], [ -120.1294574, 39.6652937 ], [ -120.1385297, 39.6652624 ] ], [ [ -119.4475847, 38.6154152 ], [ -119.438601199999979, 38.5164367 ], [ -119.4475066, 38.5164255 ], [ -119.4479361, 38.5021207 ], [ -119.465617400000014, 38.5023912 ], [ -119.4651146, 38.487087 ], [ -119.5393322, 38.4879716 ], [ -119.5403965, 38.5459022 ], [ -119.5212065, 38.5458199 ], [ -119.520937199999977, 38.5749752 ], [ -119.6126148, 38.5767311 ], [ -119.6126256, 38.5914359 ], [ -119.6395499, 38.5945838 ], [ -119.6305472, 38.6092016 ], [ -119.639671, 38.6091785 ], [ -119.6445308, 38.633668 ], [ -119.667022399999979, 38.633543 ], [ -119.6686417, 38.6628377 ], [ -119.5588158, 38.6629702 ], [ -119.559725899999975, 38.6923452 ], [ -119.4475847, 38.6154152 ] ], [ [ -119.702913699999982, 38.7946535 ], [ -119.7329652, 38.7944861 ], [ -119.732820100000012, 38.7800751 ], [ -119.7515295, 38.7799291 ], [ -119.7512889, 38.7655394 ], [ -119.758815700000014, 38.7654901 ], [ -119.7568048, 38.7349163 ], [ -119.704112899999984, 38.7350466 ], [ -119.7048041, 38.7203993 ], [ -119.748781600000015, 38.7055533 ], [ -119.7486266, 38.6840428 ], [ -119.804162600000012, 38.6840788 ], [ -119.8134479, 38.7201974 ], [ -119.8317602, 38.7201661 ], [ -119.8321377, 38.7653378 ], [ -119.8069184, 38.7653695 ], [ -119.806767, 38.8089714 ], [ -119.7974862, 38.80894 ], [ -119.797492299999973, 38.8524145 ], [ -119.825113, 38.8523818 ], [ -119.8253873, 38.87908 ], [ -119.702913699999982, 38.7946535 ] ], [ [ -120.0012391, 39.6068332 ], [ -120.003723, 39.5959575 ], [ -120.0160626, 39.5958799 ], [ -120.016071, 39.6067907 ], [ -120.0012391, 39.6068332 ] ], [ [ -119.8716935, 39.142041 ], [ -119.853114299999987, 39.1458921 ], [ -119.862306100000012, 39.1348585 ], [ -119.8810585, 39.1491831 ], [ -119.8716935, 39.142041 ] ], [ [ -120.0300268, 39.5775841 ], [ -120.016085800000013, 39.5777274 ], [ -120.030051, 39.5704211 ], [ -120.0300268, 39.5775841 ] ] ] ] } },
{ "type": "Feature", "properties": { "name": "National Forests in Mississippi", "region": "08", "acres": 2373306.0, "type": "national_forest" }, "geometry": { "type": "MultiPolygon", "coordinates": [ [ [ [ -89.1961853, 31.2149292 ], [ -89.1957876, 31.2003639 ], [ -89.1789107, 31.2004969 ], [ -89.1749503, 31.1931119 ], [ -89.1791186, 31.1714265 ], [ -89.2454174, 31.1712174 ], [ -89.2472722, 31.0835657 ], [ -89.3490764, 31.0833556 ], [ -89.3489405, 31.0009961 ], [ -89.4248292, 31.0001843 ], [ -89.425339400000013, 30.909871 ], [ -89.0368261, 30.9100683 ], [ -89.0367981, 30.8225604 ], [ -88.9690925, 30.8227264 ], [ -88.9688665, 30.7639516 ], [ -89.0365468, 30.7496616 ], [ -89.0363522, 30.6918181 ], [ -89.1038299, 30.6915603 ], [ -89.103918400000012, 30.706182 ], [ -89.2401042, 30.7062043 ], [ -89.2401376, 30.7348473 ], [ -89.2738791, 30.7349037 ], [ -89.2739609, 30.6475039 ], [ -89.1375525, 30.6472128 ], [ -89.1373982, 30.5586347 ], [ -89.1207404, 30.5586264 ], [ -89.1209213, 30.5292947 ], [ -89.0188266, 30.5298076 ], [ -89.018788, 30.5152313 ], [ -88.883599, 30.5157946 ], [ -88.8833941, 30.5011219 ], [ -88.8330458, 30.5015341 ], [ -88.8341156, 30.8228692 ], [ -88.8845276, 30.8230368 ], [ -88.8849337, 30.9103315 ], [ -88.783737699999989, 30.9105246 ], [ -88.7837089, 30.997483 ], [ -88.7732492, 30.9975198 ], [ -88.7732146, 31.0261288 ], [ -88.7901009, 31.0261078 ], [ -88.7899492, 31.0843933 ], [ -88.8408916, 31.0844494 ], [ -88.8411292, 31.1428579 ], [ -88.8919436, 31.1427968 ], [ -88.8919105, 31.157433 ], [ -88.9258452, 31.1572937 ], [ -88.9257727, 31.1720592 ], [ -88.9427507, 31.1719903 ], [ -88.9428212, 31.1864807 ], [ -88.9596547, 31.1864152 ], [ -88.959744, 31.2010925 ], [ -89.044709900000015, 31.2007704 ], [ -89.0449547, 31.215281 ], [ -89.1961853, 31.2149292 ] ] ] ] } },
{ "type": "Feature", "properties": { "name": "George Washington and Jefferson National Forest", "region": "08", "acres": 3487962.0, "type": "national_forest" }, "geometry": { "type": "MultiPolygon", "coordinates": [ [ [ [ -78.5327886, 39.1485981 ], [ -78.5467825, 39.1456818 ], [ -78.5386769, 39.1361365 ], [ -78.5624859, 39.1295287 ], [ -78.5540927, 39.1155007 ], [ -78.5655131, 39.1068341 ], [ -78.538109, 39.0918252 ], [ -78.5686384, 39.0551178 ], [ -78.5984319, 39.067177 ], [ -78.6162905, 39.0609441 ], [ -78.6363773, 39.0817735 ], [ -78.6512397, 39.0802045 ], [ -78.6555133, 39.0621767 ], [ -78.6764082, 39.0619989 ], [ -78.694362200000015, 39.0491577 ], [ -78.6915632, 39.0400836 ], [ -78.7105428, 39.0404218 ], [ -78.7906674, 38.9427367 ], [ -78.8039989, 38.9537644 ], [ -78.88395, 38.7872549 ], [ -78.8958565, 38.7815952 ], [ -78.99398, 38.8502025 ], [ -79.027435400000016, 38.7926204 ], [ -79.0550218, 38.7855833 ], [ -79.0573749, 38.7613383 ], [ -79.108615, 38.7961045 ], [ -79.1589458, 38.698201 ], [ -79.200193, 38.6609855 ], [ -79.2096736, 38.6643289 ], [ -79.2115949, 38.6468053 ], [ -79.2292849, 38.6402831 ], [ -79.224236300000015, 38.6293547 ], [ -79.2474896, 38.627661 ], [ -79.2540808, 38.5895323 ], [ -79.2670796, 38.5905549 ], [ -79.265921, 38.576451 ], [ -79.2925018, 38.5566414 ], [ -79.305499, 38.5186675 ], [ -79.32787230000001, 38.5037781 ], [ -79.3287786, 38.4767733 ], [ -79.3987322, 38.3903859 ], [ -79.4521065, 38.2931305 ], [ -79.537172, 38.2262588 ], [ -79.5547299, 38.1961657 ], [ -79.7060648, 38.221138 ], [ -79.762457, 38.247148 ], [ -79.7245276, 38.3302239 ], [ -79.6527677, 38.44579 ], [ -79.6703097, 38.457751 ], [ -79.6818543, 38.4244206 ], [ -79.7025021, 38.4196601 ], [ -79.7265126, 38.3872671 ], [ -79.7262153, 38.36311 ], [ -79.7416465, 38.3532718 ], [ -79.7644625, 38.3564757 ], [ -79.7731039, 38.335616 ], [ -79.8088711, 38.309321 ], [ -79.7890989, 38.2682141 ], [ -79.8451662, 38.2410598 ], [ -79.9201053, 38.1825099 ], [ -79.9186604, 38.1548597 ], [ -79.9452573, 38.1323264 ], [ -79.9391079, 38.111672 ], [ -79.9263614, 38.1067967 ], [ -79.9540333, 38.0811807 ], [ -79.9994895, 37.9948935 ], [ -80.1028345, 37.9189396 ], [ -80.1179174, 37.8976939 ], [ -80.161683, 37.875484 ], [ -80.1828318, 37.8509114 ], [ -80.1794899, 37.8394253 ], [ -80.2276961, 37.797808 ], [ -80.2165004, 37.7757489 ], [ -80.2299276, 37.7784714 ], [ -80.2574079, 37.7561302 ], [ -80.262716, 37.7383444 ], [ -80.2531248, 37.7257846 ], [ -80.2823285, 37.6977974 ], [ -80.3069645, 37.689622 ], [ -80.2962733, 37.6782963 ], [ -80.3085942, 37.6758448 ], [ -80.2207824, 37.6276967 ], [ -80.2248406, 37.6211042 ], [ -80.2591011, 37.5953964 ], [ -80.415004900000014, 37.5177706 ], [ -80.4617088, 37.5056866 ], [ -80.4865833, 37.4868499 ], [ -80.5610968, 37.4699116 ], [ -80.6676838, 37.4145015 ], [ -80.6741967, 37.4253879 ], [ -80.6730758, 37.4119585 ], [ -80.7988401, 37.3606115 ], [ -80.7908442, 37.3553388 ], [ -80.7983099, 37.3437598 ], [ -80.7664663, 37.3502305 ], [ -80.7371083, 37.3398255 ], [ -80.7007898, 37.3719644 ], [ -80.5318849, 37.3253511 ], [ -80.451395, 37.3698719 ], [ -80.4364862, 37.3457996 ], [ -80.4102806, 37.3584717 ], [ -80.3797724, 37.3520781 ], [ -80.3697931, 37.3416086 ], [ -80.5312013, 37.2654686 ], [ -80.6076786, 37.2445251 ], [ -80.6135044, 37.2547369 ], [ -80.6593576, 37.2399993 ], [ -80.6768176, 37.2444065 ], [ -80.6944029, 37.2184339 ], [ -80.8195799, 37.1865055 ], [ -80.9037735, 37.1298162 ], [ -80.9668444, 37.1260149 ], [ -81.0005413, 37.1104812 ], [ -81.0090562, 37.1188182 ], [ -81.023745, 37.1035508 ], [ -81.0625799, 37.1008776 ], [ -81.0735993, 37.0927488 ], [ -81.0854845, 37.097874 ], [ -81.087455, 37.0898396 ], [ -81.1136438, 37.0988764 ], [ -81.107412, 37.084787 ], [ -81.1314401, 37.0774877 ], [ -81.1332104, 37.0607695 ], [ -81.1555425, 37.0394264 ], [ -81.1671463, 37.0392657 ], [ -81.1799204, 37.0570475 ], [ -81.2418874, 37.0507103 ], [ -81.3439324, 37.005347199999989 ], [ -81.3441862, 36.9921319 ], [ -81.3900529, 36.9652423 ], [ -81.4052306, 36.984408 ], [ -81.2864289, 37.0495156 ], [ -81.2355155, 37.0614568 ], [ -81.1876545, 37.0616605 ], [ -81.1255832, 37.1008091 ], [ -81.018185, 37.1237473 ], [ -80.9827436, 37.1451751 ], [ -80.9125554, 37.1550475 ], [ -80.8874237, 37.1727813 ], [ -80.8882328, 37.1836786 ], [ -80.7981948, 37.2306122 ], [ -80.7929793, 37.217159 ], [ -80.773118599999989, 37.2239467 ], [ -80.8545585, 37.2547655 ], [ -80.7596737, 37.2991715 ], [ -80.7476054, 37.3313992 ], [ -80.756327399999989, 37.3382621 ], [ -80.7553051, 37.3226254 ], [ -80.8494762, 37.3140273 ], [ -80.8498093, 37.346646199999988 ], [ -80.9516875, 37.2947557 ], [ -80.9771203, 37.2918592 ], [ -80.9802548, 37.3020444 ], [ -81.1034198, 37.2807835 ], [ -81.1688566, 37.2621493 ], [ -81.2250782, 37.2348354 ], [ -81.2420112, 37.2464947 ], [ -81.317298, 37.2319659 ], [ -81.4482235, 37.1727389 ], [ -81.4858405, 37.148959 ], [ -81.4929114, 37.1313352 ], [ -81.4853376, 37.1237093 ], [ -81.460808, 37.1234628 ], [ -81.3647021, 37.1373637 ], [ -81.3716121, 37.1324169 ], [ -81.3570439, 37.1247197 ], [ -81.3164146, 37.1393109 ], [ -81.2641075, 37.1243156 ], [ -81.2705216, 37.0925953 ], [ -81.3240278, 37.06869 ], [ -81.3903836, 37.0553766 ], [ -81.4165587, 37.0833199 ], [ -81.3995456, 37.1042342 ], [ -81.5206571, 37.040208 ], [ -81.5691411, 37.0304648 ], [ -81.6059045, 37.0097302 ], [ -81.6248367, 37.0114218 ], [ -81.6248374, 37.0001144 ], [ -81.7804999, 36.9586018 ], [ -81.7665204, 36.9797273 ], [ -81.71932, 37.0019571 ], [ -81.7417283, 36.997222 ], [ -81.8567684, 36.9455586 ], [ -81.8743235, 36.9448551 ], [ -81.896218, 36.9276044 ], [ -81.8760462, 36.9215044 ], [ -81.8834244, 36.9016793 ], [ -81.9469455, 36.8648322 ], [ -81.9964507, 36.8751097 ], [ -82.0750011, 36.8559325 ], [ -82.1077528, 36.8353208 ], [ -82.1169619, 36.8179018 ], [ -82.0960538, 36.8056617 ], [ -82.0878407, 36.7885473 ], [ -81.9296156, 36.8352329 ], [ -81.925862, 36.8447122 ], [ -81.8699195, 36.8729425 ], [ -81.847296, 36.87384 ], [ -81.8090511, 36.8924259 ], [ -81.77708, 36.8941059 ], [ -81.754948, 36.9147403 ], [ -81.7379908, 36.9108501 ], [ -81.71900380000001, 36.9240716 ], [ -81.711786, 36.9122235 ], [ -81.693001, 36.9251521 ], [ -81.650314, 36.9347082 ], [ -81.6082228, 36.9339107 ], [ -81.577314, 36.9565689 ], [ -81.5269295, 36.9707626 ], [ -81.5114555, 36.9703987 ], [ -81.4958289, 36.9572556 ], [ -81.4260482, 36.9674168 ], [ -81.4085585, 36.9815757 ], [ -81.3959738, 36.9698444 ], [ -81.4171464, 36.9428515 ], [ -81.4432254, 36.93144 ], [ -81.4717856, 36.931823 ], [ -81.4977263, 36.9429037 ], [ -81.5288127, 36.9357284 ], [ -81.5331895, 36.9006325 ], [ -81.5463741, 36.888480099999988 ], [ -81.5274346, 36.8844464 ], [ -81.5150276, 36.8925437 ], [ -81.5088334, 36.8690599 ], [ -81.4367064, 36.8756761 ], [ -81.3750073, 36.8964278 ], [ -81.3749861, 36.8876158 ], [ -81.308157799999989, 36.9279394 ], [ -81.2785861, 36.9215229 ], [ -81.2660415, 36.939111 ], [ -81.1800555, 36.962945 ], [ -81.1622119, 36.983689 ], [ -81.1421406, 36.982317 ], [ -81.1280177, 37.0045738 ], [ -81.1117765, 37.001504 ], [ -81.0774927, 37.0134894 ], [ -81.0810465, 36.9963291 ], [ -81.0690415, 36.9805375 ], [ -81.0497882, 36.9822094 ], [ -81.0459714, 36.9935737 ], [ -81.0329365, 36.996512 ], [ -81.0036494, 36.9773014 ], [ -80.9842639, 36.9812102 ], [ -80.9554031, 36.9723429 ], [ -80.9540045, 36.9922696 ], [ -80.943577, 36.9791888 ], [ -80.9186678, 36.9958672 ], [ -80.8890244, 36.9958741 ], [ -80.8994541, 36.9679699 ], [ -80.8475755, 36.9799135 ], [ -80.8466507, 37.0077362 ], [ -80.8176832, 37.0260512 ], [ -80.840559, 37.0339559 ], [ -80.8038848, 37.0532036 ], [ -80.8172666, 37.0814819 ], [ -80.8660174, 37.0710652 ], [ -80.8551376, 37.0771211 ], [ -80.8669848, 37.0803525 ], [ -80.8537235, 37.0981711 ], [ -80.832644, 37.085843499999989 ], [ -80.8059051, 37.0879702 ], [ -80.8128018, 37.0951615 ], [ -80.8050364, 37.1165243 ], [ -80.7189967, 37.1406179 ], [ -80.6972447, 37.1808162 ], [ -80.6545388, 37.1799126 ], [ -80.6389841, 37.2000126 ], [ -80.609494, 37.2032668 ], [ -80.6162919, 37.2225271 ], [ -80.5439161, 37.2111972 ], [ -80.5292167, 37.2290307 ], [ -80.4962702, 37.2279285 ], [ -80.4569794, 37.2458725 ], [ -80.4183837, 37.2776426 ], [ -80.3729703, 37.2825946 ], [ -80.371897, 37.2945972 ], [ -80.2828742, 37.3159164 ], [ -80.245234, 37.3368533 ], [ -80.178674, 37.3483584 ], [ -80.1490943, 37.3750604 ], [ -80.075404, 37.3969888 ], [ -80.0038322, 37.4720021 ], [ -79.9836729, 37.4792307 ], [ -79.9771213, 37.4957273 ], [ -79.9543327, 37.4963612 ], [ -79.9605117, 37.5100655 ], [ -79.9394692, 37.5368733 ], [ -79.9280741, 37.5313202 ], [ -79.8826375, 37.5691214 ], [ -79.8843929, 37.5855123 ], [ -79.8572727, 37.6313327 ], [ -79.8423476, 37.6122103 ], [ -79.8059354, 37.6420144 ], [ -79.7801216, 37.6242518 ], [ -79.7772387, 37.6162266 ], [ -79.7919734, 37.6145246 ], [ -79.7811685, 37.5952725 ], [ -79.7423124, 37.6114029 ], [ -79.757235, 37.5857434 ], [ -79.7481102, 37.579309099999989 ], [ -79.7294695, 37.5922731 ], [ -79.7441824, 37.5755354 ], [ -79.7357976, 37.5628157 ], [ -79.7418393, 37.5465665 ], [ -79.7181867, 37.5383499 ], [ -79.7025318, 37.5190308 ], [ -79.6775782, 37.5301282 ], [ -79.66281450000001, 37.5539774 ], [ -79.6800647, 37.5853954 ], [ -79.6778331, 37.6050446 ], [ -79.6460829, 37.6585703 ], [ -79.6210836, 37.6799628 ], [ -79.6098829, 37.7204908 ], [ -79.585129900000013, 37.7407303 ], [ -79.5874522, 37.7577479 ], [ -79.5681609, 37.7704193 ], [ -79.601832, 37.8032714 ], [ -79.5823547, 37.8522518 ], [ -79.5497212, 37.867303 ], [ -79.5810886, 37.8956124 ], [ -79.5685802, 37.9080046 ], [ -79.5838532, 37.926734 ], [ -79.5075937, 37.972363 ], [ -79.3853324, 38.0886651 ], [ -79.3217581, 38.1096452 ], [ -79.3170966, 38.1048827 ], [ -79.2845663, 38.1237797 ], [ -79.2745377, 38.1545105 ], [ -79.2422874, 38.1856028 ], [ -79.1330884, 38.3602884 ], [ -79.0888364, 38.4479203 ], [ -78.880372100000017, 38.6144594 ], [ -78.9067794, 38.6278942 ], [ -78.9389913, 38.600457 ], [ -78.9457506, 38.6752976 ], [ -78.8692998, 38.6594836 ], [ -78.8580138, 38.6751762 ], [ -78.8412894, 38.6683181 ], [ -78.8217674, 38.687148 ], [ -78.8381101, 38.6891272 ], [ -78.8321881, 38.6985379 ], [ -78.825485500000013, 38.6908528 ], [ -78.818853300000015, 38.6978744 ], [ -78.831978, 38.7137964 ], [ -78.8267987, 38.7252919 ], [ -78.8403404, 38.7619443 ], [ -78.8258131, 38.790372499999989 ], [ -78.7920804, 38.8068954 ], [ -78.7936478, 38.8277206 ], [ -78.7613143, 38.8505991 ], [ -78.754656, 38.871717 ], [ -78.707195, 38.882841 ], [ -78.6907323, 38.872092 ], [ -78.693531, 38.8598577 ], [ -78.6765704, 38.8590935 ], [ -78.6431388, 38.8939674 ], [ -78.6175678, 38.8970206 ], [ -78.5946504, 38.9277108 ], [ -78.4675251, 38.9920514 ], [ -78.4942489, 39.0042103 ], [ -78.4873286, 39.0267968 ], [ -78.4960396, 39.0444716 ], [ -78.456015900000011, 39.0696513 ], [ -78.4486396, 39.0972478 ], [ -78.4827133, 39.0978401 ], [ -78.4765777, 39.1303764 ], [ -78.5348668, 39.1585884 ], [ -78.5327886, 39.1485981 ] ] ] ] } },
{ "type": "Feature", "properties": { "name": "Ouachita National Forest", "region": "08", "acres": 2724422.0, "type": "national_forest" }, "geometry": { "type": "MultiPolygon", "coordinates": [ [ [ [ -93.7087526, 35.0614644 ], [ -93.780905, 35.0624074 ], [ -93.7854871, 35.0479415 ], [ -93.9763566, 35.0518682 ], [ -93.9858335, 35.024839 ], [ -94.003295, 35.0250484 ], [ -94.0035701, 35.0103515 ], [ -94.0746531, 35.0121107 ], [ -94.0750559, 34.9903631 ], [ -94.2146375, 35.0002898 ], [ -94.2138671, 35.0144332 ], [ -94.2294498, 35.0152433 ], [ -94.264392, 35.0150412 ], [ -94.2824176, 35.0010656 ], [ -94.3355192, 35.0023172 ], [ -94.3441651, 34.9911297 ], [ -94.4234881, 34.9905883 ], [ -94.4238965, 34.9762493 ], [ -94.4461549, 34.977226 ], [ -94.450806, 34.8402505 ], [ -94.4918875, 34.840175 ], [ -94.5008029, 34.8474563 ], [ -94.517957, 34.8328826 ], [ -94.6060063, 34.8331563 ], [ -94.6059206, 34.8186137 ], [ -94.649046, 34.8187668 ], [ -94.6491349, 34.829566199999988 ], [ -94.7109296, 34.8335965 ], [ -94.7109137, 34.8480454 ], [ -94.7456648, 34.8481198 ], [ -94.745626, 34.8549234 ], [ -94.7694569, 34.8549682 ], [ -94.7694487, 34.8621336 ], [ -94.8133212, 34.8549548 ], [ -94.8133403, 34.8694277 ], [ -94.8572347, 34.876660199999989 ], [ -94.857229, 34.8838779 ], [ -94.9187467, 34.8839453 ], [ -94.9274603, 34.8549629 ], [ -94.9373072, 34.8549622 ], [ -94.937092, 34.8113458 ], [ -94.9546622, 34.8112687 ], [ -94.954701300000011, 34.7823928 ], [ -94.9635295, 34.7823855 ], [ -94.9723211, 34.7570132 ], [ -94.937068599999989, 34.7569353 ], [ -94.9373839, 34.7242605 ], [ -94.9028693, 34.7241927 ], [ -94.9028388, 34.7025084 ], [ -94.8675473, 34.7025551 ], [ -94.8675857, 34.6953527 ], [ -94.8501188, 34.695302 ], [ -94.8500725, 34.7026093 ], [ -94.7892432, 34.6991999 ], [ -94.7585642, 34.6847966 ], [ -94.7585578, 34.6775677 ], [ -94.727784899999989, 34.6812756 ], [ -94.727741, 34.655799 ], [ -94.7146593, 34.6485661 ], [ -94.6226756, 34.6450846 ], [ -94.6226521, 34.6375758 ], [ -94.727619, 34.6410935 ], [ -94.7274293, 34.6087232 ], [ -94.6749168, 34.608715 ], [ -94.6747841, 34.5943204 ], [ -94.6951572, 34.5943104 ], [ -94.690856900000014, 34.5774663 ], [ -94.7033384, 34.5763038 ], [ -94.7010161, 34.5653216 ], [ -94.639688, 34.565282499999988 ], [ -94.6395763, 34.5761147 ], [ -94.657108799999989, 34.5723923 ], [ -94.6572587, 34.5942733 ], [ -94.6223758, 34.5941678 ], [ -94.6136849, 34.586955 ], [ -94.60505280000001, 34.6087294 ], [ -94.596228599999989, 34.6087916 ], [ -94.5960072, 34.5869867 ], [ -94.5522649, 34.5869774 ], [ -94.5521714, 34.5797064 ], [ -94.5784905, 34.5797303 ], [ -94.5783562, 34.5435626 ], [ -94.5430831, 34.5363906 ], [ -94.5430947, 34.5218554 ], [ -94.4607598, 34.5219249 ], [ -94.4600218, 34.5455529 ], [ -94.4096903, 34.5483251 ], [ -94.4079954, 34.6205496 ], [ -94.451776099999989, 34.6363228 ], [ -94.3636885, 34.6348693 ], [ -94.36398, 34.6275329 ], [ -94.3361693, 34.6266901 ], [ -94.3363154, 34.6194617 ], [ -94.2656028, 34.6168705 ], [ -94.2657738, 34.6097271 ], [ -94.2486001, 34.6090564 ], [ -94.2464058, 34.5970108 ], [ -94.2376704, 34.5968453 ], [ -94.2300217, 34.6593653 ], [ -94.1944102, 34.6582285 ], [ -94.194867, 34.6436681 ], [ -94.142312, 34.6418179 ], [ -94.1426678, 34.627515099999989 ], [ -94.0890278, 34.627026 ], [ -94.0890417, 34.6123813 ], [ -94.0020836, 34.6107012 ], [ -94.0017074, 34.6252811 ], [ -93.9664762, 34.6315198 ], [ -93.966189200000017, 34.6387659 ], [ -93.9397468, 34.6376762 ], [ -93.9401824, 34.6160934 ], [ -93.931548299999989, 34.6157445 ], [ -93.9328077, 34.5360316 ], [ -93.985793700000016, 34.5372713 ], [ -93.985971, 34.5228866 ], [ -94.0327916, 34.5245779 ], [ -94.0287696, 34.5129085 ], [ -94.0112643, 34.5124359 ], [ -94.0116176, 34.5014533 ], [ -94.0289427, 34.5019838 ], [ -94.029238299999989, 34.4947865 ], [ -94.126444, 34.4971825 ], [ -94.1258894, 34.51172 ], [ -94.2158099, 34.5131899 ], [ -94.2235033, 34.5283743 ], [ -94.2506352, 34.5292442 ], [ -94.250480599999989, 34.5365469 ], [ -94.3203307, 34.5389908 ], [ -94.3237836, 34.3939866 ], [ -94.3063371, 34.3935251 ], [ -94.3065206, 34.3862543 ], [ -94.2180972, 34.3838896 ], [ -94.2183641, 34.3695071 ], [ -94.0943765, 34.3674088 ], [ -94.094691200000014, 34.3529078 ], [ -94.0421349, 34.3522214 ], [ -94.0425442, 34.3379829 ], [ -93.935692, 34.3357282 ], [ -93.9361485, 34.309906 ], [ -93.902449499999989, 34.3108767 ], [ -93.9027046, 34.2914699 ], [ -93.885141499999989, 34.2909165 ], [ -93.884725, 34.3152148 ], [ -93.8670504, 34.314424 ], [ -93.8668008, 34.334079 ], [ -93.831820900000011, 34.3329987 ], [ -93.8321989, 34.3118305 ], [ -93.8022619, 34.3076693 ], [ -93.7732694, 34.3139554 ], [ -93.6200729, 34.3112841 ], [ -93.618772, 34.3808675 ], [ -93.5310948, 34.3786386 ], [ -93.5226578, 34.3565976 ], [ -93.5045687, 34.3558735 ], [ -93.464880799999989, 34.3624044 ], [ -93.4643896, 34.3805839 ], [ -93.4291354, 34.3943579 ], [ -93.4288689, 34.4088245 ], [ -93.4070296, 34.4086331 ], [ -93.4075146, 34.3828163 ], [ -93.3546794, 34.382046 ], [ -93.3543646, 34.3965569 ], [ -93.3368103, 34.3963301 ], [ -93.3364954, 34.4108271 ], [ -93.3015229, 34.4107355 ], [ -93.3012812, 34.425204 ], [ -93.2819305, 34.4247574 ], [ -93.2816931, 34.4392944 ], [ -93.228694499999989, 34.4377904 ], [ -93.228322, 34.4669481 ], [ -93.1533505, 34.4782474 ], [ -93.1857197, 34.5046299 ], [ -93.3000805, 34.4977075 ], [ -93.2999903, 34.5123861 ], [ -93.2806028, 34.5125689 ], [ -93.2717227, 34.526956 ], [ -93.1853128, 34.5242029 ], [ -93.1917161, 34.5766148 ], [ -93.1677676, 34.5800389 ], [ -93.1503881, 34.6071749 ], [ -93.104062500000012, 34.6149691 ], [ -93.1038913, 34.6252964 ], [ -93.1214006, 34.6254342 ], [ -93.1208813, 34.6689027 ], [ -93.1561453, 34.6688354 ], [ -93.1562045, 34.6849713 ], [ -93.181409, 34.6849391 ], [ -93.181442100000012, 34.7138122 ], [ -93.1457663, 34.7141911 ], [ -93.1458264, 34.7286069 ], [ -93.128344200000015, 34.7284513 ], [ -93.119196699999989, 34.7427039 ], [ -93.0927571, 34.742641 ], [ -93.0927153, 34.7498743 ], [ -93.066592899999989, 34.7500301 ], [ -93.0665617, 34.7573284 ], [ -92.9693839, 34.7649576 ], [ -92.969315, 34.7722703 ], [ -92.828394, 34.7684208 ], [ -92.8284169, 34.7611119 ], [ -92.8023995, 34.7569844 ], [ -92.8020027, 34.7678447 ], [ -92.7759093, 34.7670207 ], [ -92.7649433, 34.8248505 ], [ -92.7561175, 34.8247552 ], [ -92.754721, 34.8822611 ], [ -92.7723913, 34.8827761 ], [ -92.7713156, 34.926511 ], [ -92.7889324, 34.9265035 ], [ -92.7881007, 34.9558152 ], [ -92.8231728, 34.9566203 ], [ -92.8233263, 34.9494512 ], [ -92.849687, 34.9499334 ], [ -92.8499692, 34.9425863 ], [ -92.959131, 34.9459421 ], [ -92.9620469, 34.9598928 ], [ -92.9860579, 34.9569875 ], [ -93.0078951, 34.9683794 ], [ -93.029892, 34.9626138 ], [ -93.0382013, 34.9446576 ], [ -93.0552042, 34.9362648 ], [ -93.0875763, 34.9390367 ], [ -93.1029891, 34.9498794 ], [ -93.1846456, 34.9513852 ], [ -93.1989644, 34.9628811 ], [ -93.2116003, 34.9480154 ], [ -93.2248382, 34.952422 ], [ -93.296124, 34.9377943 ], [ -93.3469882, 34.9439883 ], [ -93.3633076, 34.9276188 ], [ -93.409369500000011, 34.9192031 ], [ -93.4082877, 34.9263401 ], [ -93.4308983, 34.9248675 ], [ -93.4342676, 34.9138655 ], [ -93.4527497, 34.9074357 ], [ -93.4920762, 34.8964353 ], [ -93.498538, 34.9038726 ], [ -93.498727699999989, 34.8893898 ], [ -93.5867134, 34.8902433 ], [ -93.586795, 34.8752733 ], [ -93.700188, 34.8573846 ], [ -93.7005094, 34.8468615 ], [ -93.7610578, 34.847609 ], [ -93.7606498, 34.8761515 ], [ -93.7431117, 34.876002899999989 ], [ -93.7429264, 34.8904427 ], [ -93.7075683, 34.8901723 ], [ -93.7074583, 34.9050092 ], [ -93.656562, 34.9052747 ], [ -93.6562307, 34.9200016 ], [ -93.5517594, 34.9184009 ], [ -93.5510775, 34.9330217 ], [ -93.4980386, 34.933974 ], [ -93.4981042, 34.9414249 ], [ -93.4642862, 34.9410363 ], [ -93.4635998, 34.9485949 ], [ -93.4108335, 34.9481109 ], [ -93.4103272, 34.9697239 ], [ -93.3925803, 34.9766572 ], [ -93.3923402, 34.9917999 ], [ -93.3757212, 34.9916659 ], [ -93.3753901, 35.0061629 ], [ -93.3576056, 35.006402 ], [ -93.357378700000012, 35.0209278 ], [ -93.269167, 35.0220394 ], [ -93.2648225, 35.0369995 ], [ -93.264298, 35.0659379 ], [ -93.3530316, 35.0680281 ], [ -93.3531665, 35.0535449 ], [ -93.3706719, 35.0536145 ], [ -93.375899800000013, 35.0392508 ], [ -93.408434, 35.0400328 ], [ -93.4135895, 35.0202319 ], [ -93.4265676, 35.0203384 ], [ -93.4356843, 35.006158 ], [ -93.4622275, 35.0064838 ], [ -93.4625054, 34.9955535 ], [ -93.4969116, 34.9926689 ], [ -93.4952421, 35.0711612 ], [ -93.7086001, 35.0755203 ], [ -93.7087526, 35.0614644 ] ], [ [ -93.9384006, 34.8214752 ], [ -93.9388962, 34.7924184 ], [ -93.9562998, 34.7926485 ], [ -93.9563979, 34.7855241 ], [ -94.0136275, 34.7861924 ], [ -94.013757, 34.772483 ], [ -94.0290195, 34.7726025 ], [ -94.0292761, 34.764843299999988 ], [ -94.0796038, 34.7660682 ], [ -94.0793051, 34.7803166 ], [ -94.0617831, 34.7799412 ], [ -94.0612689, 34.8089611 ], [ -94.0087328, 34.8078328 ], [ -94.0085486, 34.8205905 ], [ -93.9384006, 34.8214752 ] ], [ [ -94.0141164, 34.9527848 ], [ -94.0145678, 34.9381588 ], [ -93.9882614, 34.9376588 ], [ -93.9892347, 34.8942019 ], [ -94.0066975, 34.8944818 ], [ -94.0074982, 34.8653462 ], [ -94.0247618, 34.8657695 ], [ -94.0250978, 34.851568 ], [ -94.0602368, 34.8522789 ], [ -94.0606239, 34.8378235 ], [ -94.165159300000013, 34.8397547 ], [ -94.1648895, 34.8544506 ], [ -94.199961, 34.8621708 ], [ -94.199108, 34.8985274 ], [ -94.1816164, 34.8982449 ], [ -94.1809434, 34.927174 ], [ -94.2316974, 34.9279826 ], [ -94.2309858, 34.9497705 ], [ -94.127724, 34.9480023 ], [ -94.1275748, 34.9548254 ], [ -94.0141164, 34.9527848 ] ], [ [ -94.4918443, 34.7606805 ], [ -94.4654282, 34.7604607 ], [ -94.465426, 34.7497557 ], [ -94.5092741, 34.7531448 ], [ -94.509237399999989, 34.7461948 ], [ -94.5267078, 34.7460735 ], [ -94.51796, 34.7603479 ], [ -94.5267229, 34.7604941 ], [ -94.526685, 34.7713648 ], [ -94.5531118, 34.7750559 ], [ -94.5531279, 34.7820833 ], [ -94.6056854, 34.7822682 ], [ -94.6056956, 34.7715024 ], [ -94.6144591, 34.7714883 ], [ -94.6144732, 34.7822736 ], [ -94.622675199999989, 34.7823106 ], [ -94.6226317, 34.7642494 ], [ -94.6359438, 34.7643849 ], [ -94.6492392, 34.7969951 ], [ -94.5354339, 34.7966719 ], [ -94.517940599999989, 34.7929964 ], [ -94.5178898, 34.778552 ], [ -94.4952654, 34.7786137 ], [ -94.4918443, 34.7606805 ] ] ] ] } },
{ "type": "Feature", "properties": { "name": "Olympic National Forest", "region": "06", "acres": 697411.0, "type": "national_forest" }, "geometry": { "type": "MultiPolygon", "coordinates": [ [ [ [ -123.856975800000015, 47.2888997 ], [ -123.8378534, 47.2957478 ], [ -123.8074498, 47.3290129 ], [ -123.7552186, 47.3268414 ], [ -123.7565433, 47.3016031 ], [ -123.696959799999988, 47.2992374 ], [ -123.696777399999988, 47.3450534 ], [ -123.6330047, 47.345118899999989 ], [ -123.632866599999986, 47.3306306 ], [ -123.5057374, 47.3295818 ], [ -123.505701599999981, 47.3143558 ], [ -123.398781700000015, 47.3159 ], [ -123.3972643, 47.330621 ], [ -123.3767, 47.33061 ], [ -123.3769606, 47.34471 ], [ -123.2490601, 47.3441488 ], [ -123.252679499999985, 47.4916236 ], [ -123.1890326, 47.4906639 ], [ -123.188830700000011, 47.5053787 ], [ -123.1671806, 47.5053967 ], [ -123.168237600000012, 47.5202009 ], [ -123.1241443, 47.5202002 ], [ -123.1239831, 47.580162 ], [ -123.105006499999988, 47.5802958 ], [ -123.1051524, 47.5947797 ], [ -123.0834858, 47.5945248 ], [ -123.0832504, 47.6069069 ], [ -122.991921, 47.6062215 ], [ -122.9921432, 47.6352884 ], [ -122.9713602, 47.6351911 ], [ -122.969258900000014, 47.7082461 ], [ -122.990942499999989, 47.7076266 ], [ -122.9910636, 47.722365599999989 ], [ -122.9267105, 47.7225173 ], [ -122.926635100000013, 47.7079413 ], [ -122.889529899999985, 47.706008499999989 ], [ -122.8855058, 47.752267499999988 ], [ -122.906810299999989, 47.752159399999989 ], [ -122.9069979, 47.766371299999989 ], [ -122.8857743, 47.7665595 ], [ -122.884844699999988, 47.795607 ], [ -122.936167199999986, 47.7951015 ], [ -122.9398433, 47.9998198 ], [ -123.2077999, 47.9994208 ], [ -123.2081588, 48.0138946 ], [ -123.2540184, 48.014409099999988 ], [ -123.254319400000014, 47.9685713 ], [ -123.2306045, 47.9685713 ], [ -123.2317793, 47.9247843 ], [ -123.207064300000013, 47.918065 ], [ -123.1573808, 47.8711626 ], [ -123.197302, 47.8430816 ], [ -123.206520799999979, 47.7957241 ], [ -123.1241227, 47.7957241 ], [ -123.1383621, 47.691181799999981 ], [ -123.1306773, 47.6928536 ], [ -123.1279907, 47.6717869 ], [ -123.1405824, 47.6537616 ], [ -123.2097882, 47.6074402 ], [ -123.256112300000012, 47.607456899999988 ], [ -123.273413599999984, 47.5909134 ], [ -123.3093942, 47.588695799999989 ], [ -123.3316976, 47.573909 ], [ -123.316955799999988, 47.5632137 ], [ -123.328363599999989, 47.550445 ], [ -123.3080677, 47.549385799999989 ], [ -123.2930376, 47.5379066 ], [ -123.314990599999987, 47.505852 ], [ -123.3417627, 47.5064369 ], [ -123.341832699999983, 47.5201995 ], [ -123.550066799999982, 47.517715 ], [ -123.5869479, 47.5101553 ], [ -123.6176597, 47.4851696 ], [ -123.641315599999984, 47.500445899999988 ], [ -123.6967066, 47.4946984 ], [ -123.69624, 47.5303972 ], [ -123.7732896, 47.5296919 ], [ -123.8007595, 47.5000887 ], [ -123.8387913, 47.4932826 ], [ -123.83309, 47.4746117 ], [ -123.8627725, 47.4621168 ], [ -123.9986522, 47.345822 ], [ -123.8826611, 47.344860899999986 ], [ -123.8827798, 47.3353166 ], [ -123.9065797, 47.3316163 ], [ -123.8431247, 47.3295379 ], [ -123.8555082, 47.318897099999987 ], [ -123.834992, 47.3293966 ], [ -123.8079658, 47.3290302 ], [ -123.838133899999988, 47.2959458 ], [ -123.8530445, 47.2927762 ], [ -123.8576832, 47.317028099999987 ], [ -123.856975800000015, 47.2888997 ] ] ] ] } },
{ "type": "Feature", "properties": { "name": "Rogue River-Siskiyou National Forests", "region": "06", "acres": 1852705.0, "type": "national_forest" }, "geometry": { "type": "MultiPolygon", "coordinates": [ [ [ [ -122.67832, 42.1415782 ], [ -122.6787692, 42.1563093 ], [ -122.698395499999975, 42.1563912 ], [ -122.698366799999988, 42.1708827 ], [ -122.712935899999977, 42.1708922 ], [ -122.720215099999976, 42.1563858 ], [ -122.7178037, 42.1781992 ], [ -122.7329077, 42.1817036 ], [ -122.7315804, 42.1709521 ], [ -122.762642899999989, 42.1712093 ], [ -122.7578157, 42.1563928 ], [ -122.796522099999976, 42.1566662 ], [ -122.7965825, 42.1419664 ], [ -122.875582699999981, 42.141873 ], [ -122.875525900000014, 42.1274198 ], [ -122.894854099999989, 42.1274221 ], [ -122.8949546, 42.1128937 ], [ -122.9142748, 42.112823 ], [ -122.9142872, 42.0983019 ], [ -123.0132103, 42.0976089 ], [ -123.013728399999977, 42.126656 ], [ -123.0726409, 42.1271042 ], [ -123.0726119, 42.14165 ], [ -123.1908016, 42.1429609 ], [ -123.1906657, 42.1279932 ], [ -123.2600763, 42.1280252 ], [ -123.2599669, 42.1183309 ], [ -123.269719399999985, 42.1183096 ], [ -123.2698281, 42.1278525 ], [ -123.3087358, 42.1218375 ], [ -123.326850799999988, 42.1380695 ], [ -123.36630479999998, 42.1419725 ], [ -123.385651200000012, 42.1705897 ], [ -123.395261499999989, 42.1705122 ], [ -123.395286500000012, 42.1849329 ], [ -123.46529120000001, 42.1991849 ], [ -123.465311899999989, 42.0823659 ], [ -123.5831057, 42.0817688 ], [ -123.5830998, 42.0377624 ], [ -123.6224269, 42.0378136 ], [ -123.622073700000016, 42.0086345 ], [ -123.6415122, 42.0086197 ], [ -123.6418764, 42.0378457 ], [ -123.6814596, 42.0379688 ], [ -123.6808983, 42.0525043 ], [ -123.699887599999983, 42.0525965 ], [ -123.7002958, 41.996319 ], [ -123.776895, 41.995987199999988 ], [ -123.7770786, 42.0235648 ], [ -123.7577887, 42.0235856 ], [ -123.7578198, 42.038125099999988 ], [ -123.739393, 42.0381392 ], [ -123.7393308, 42.0673386 ], [ -123.7196088, 42.0671659 ], [ -123.7194998, 42.0817576 ], [ -123.699872200000016, 42.0745061 ], [ -123.6998386, 42.0964157 ], [ -123.719487699999988, 42.0963505 ], [ -123.719497, 42.1036905 ], [ -123.7194561, 42.1109782 ], [ -123.699805900000015, 42.1109806 ], [ -123.6997274, 42.1255696 ], [ -123.7191981, 42.1255631 ], [ -123.7191425, 42.1400293 ], [ -123.6996989, 42.1400837 ], [ -123.6995801, 42.2134707 ], [ -123.6611519, 42.2133212 ], [ -123.6609865, 42.3011084 ], [ -123.6411579, 42.3011181 ], [ -123.6410395, 42.315612699999988 ], [ -123.621931499999988, 42.3156934 ], [ -123.6219199, 42.3302587 ], [ -123.582861799999989, 42.330349 ], [ -123.5827069, 42.3889863 ], [ -123.5241605, 42.3892223 ], [ -123.523449, 42.4327071 ], [ -123.5436733, 42.4326943 ], [ -123.5437508, 42.4471285 ], [ -123.523519399999984, 42.4472112 ], [ -123.5235167, 42.4769284 ], [ -123.602157800000015, 42.4770027 ], [ -123.601867399999989, 42.4915014 ], [ -123.5823583, 42.4915377 ], [ -123.5830074, 42.5532065 ], [ -123.602595799999989, 42.5530875 ], [ -123.6074896, 42.5603418 ], [ -123.6220821, 42.5496198 ], [ -123.680969499999989, 42.5495372 ], [ -123.680874100000011, 42.5350621 ], [ -123.7003073, 42.5350737 ], [ -123.705216799999988, 42.5169614 ], [ -123.7982256, 42.5132031 ], [ -123.798361399999976, 42.5459111 ], [ -123.754226499999987, 42.5683092 ], [ -123.749221299999974, 42.5936881 ], [ -123.7788427, 42.6081453 ], [ -123.8131842, 42.6080226 ], [ -123.81329, 42.6188728 ], [ -123.8280252, 42.6261596 ], [ -123.8295367, 42.6591915 ], [ -123.839364199999977, 42.6591881 ], [ -123.8540271, 42.680897 ], [ -123.8686923, 42.680897 ], [ -123.8784456, 42.7101029 ], [ -123.898193, 42.7136878 ], [ -123.8981734, 42.724512 ], [ -123.9177022, 42.7246313 ], [ -123.917571099999989, 42.739509 ], [ -123.930724399999974, 42.7396917 ], [ -123.9305588, 42.7673094 ], [ -123.9072361, 42.77471 ], [ -123.9074002, 42.7677865 ], [ -123.8686989, 42.7677592 ], [ -123.863682899999986, 42.7818961 ], [ -123.830919, 42.7888185 ], [ -123.8358811, 42.8241804 ], [ -124.1228786, 42.8329206 ], [ -124.1231094, 42.7902844 ], [ -124.2750534, 42.7836939 ], [ -124.2758029, 42.798127 ], [ -124.2561834, 42.7980597 ], [ -124.2559982, 42.8124959 ], [ -124.2375682, 42.812518 ], [ -124.2386484, 42.8321055 ], [ -124.2971155, 42.8320944 ], [ -124.2970286, 42.7843279 ], [ -124.337033699999978, 42.784397 ], [ -124.3368457, 42.7988625 ], [ -124.3567084, 42.7989137 ], [ -124.3564069, 42.8322406 ], [ -124.3959973, 42.8325264 ], [ -124.3961377, 42.7988528 ], [ -124.416133800000011, 42.7989524 ], [ -124.4163046, 42.6949578 ], [ -124.3958997, 42.6947128 ], [ -124.396126099999989, 42.6673372 ], [ -124.2998244, 42.6664104 ], [ -124.3003344, 42.5811587 ], [ -124.2050999, 42.5822582 ], [ -124.2050844, 42.5966917 ], [ -124.185500499999989, 42.5967482 ], [ -124.1847594, 42.5109612 ], [ -124.300680299999982, 42.5096037 ], [ -124.30083230000001, 42.2368568 ], [ -124.1835269, 42.2369389 ], [ -124.1830989, 42.1807518 ], [ -124.154373799999988, 42.1811454 ], [ -124.1538214, 42.1955068 ], [ -124.1338809, 42.1949984 ], [ -124.1345301, 42.2098184 ], [ -124.1148507, 42.2098915 ], [ -124.115201599999978, 42.1659583 ], [ -124.182983900000011, 42.1663332 ], [ -124.1828647, 42.0379719 ], [ -124.1533306, 42.037965 ], [ -124.1539634, 42.0238884 ], [ -124.1828193, 42.0235841 ], [ -124.1826524, 41.9981793 ], [ -124.1346957, 41.9973015 ], [ -124.134705400000016, 42.009389899999988 ], [ -124.115295199999977, 42.0099973 ], [ -124.1153275, 41.9971898 ], [ -124.0127364, 41.9963595 ], [ -124.0127351, 42.008784 ], [ -123.9932471, 42.0087426 ], [ -123.9932519, 41.9960283 ], [ -123.788397, 41.9958182 ], [ -123.7823639, 41.9744174 ], [ -123.771919200000013, 41.9780872 ], [ -123.727300700000015, 41.9545474 ], [ -123.6527509, 41.9392408 ], [ -123.6393763, 41.8904086 ], [ -123.6118354, 41.880858599999989 ], [ -123.5935819, 41.9062457 ], [ -123.5593859, 41.9061547 ], [ -123.554442, 41.9301026 ], [ -123.533232, 41.9550629 ], [ -123.5409307, 41.9854387 ], [ -123.5178189, 42.0007559 ], [ -123.351263499999988, 41.9993292 ], [ -123.3369442, 41.9736178 ], [ -123.302938900000015, 41.9618962 ], [ -123.303663500000013, 41.9460008 ], [ -123.276299299999977, 41.9483152 ], [ -123.2418101, 41.9240034 ], [ -123.203122, 41.9171615 ], [ -123.1643963, 41.9394974 ], [ -123.11440060000001, 41.9372438 ], [ -123.0731296, 41.9558588 ], [ -123.0160888, 41.9488021 ], [ -123.000295, 41.9313304 ], [ -122.979257, 41.9375074 ], [ -122.9663406, 41.9320645 ], [ -122.9575564, 41.9544615 ], [ -122.8993579, 41.9947579 ], [ -122.8593662, 42.0454913 ], [ -122.841725599999975, 42.0525433 ], [ -122.7975572, 42.0499257 ], [ -122.794984199999973, 42.0616837 ], [ -122.7590861, 42.068459399999988 ], [ -122.7349749, 42.0860727 ], [ -122.701828, 42.082114399999988 ], [ -122.682543099999975, 42.0689583 ], [ -122.679336600000013, 42.0835323 ], [ -122.6400476, 42.0911274 ], [ -122.6400502, 42.1237352 ], [ -122.659240700000012, 42.1271999 ], [ -122.663851, 42.141664 ], [ -122.67832, 42.1415782 ] ] ] ] } },
{ "type": "Feature", "properties": { "name": "Siuslaw National Forest", "region": "06", "acres": 835600.0, "type": "national_forest" }, "geometry": { "type": "MultiPolygon", "coordinates": [ [ [ [ -123.7197567, 44.433381 ], [ -123.720070100000015, 44.4333745 ], [ -123.719673299999982, 44.4475058 ], [ -123.7196341, 44.4475086 ], [ -123.719441099999983, 44.4697357 ], [ -123.698233, 44.4698879 ], [ -123.6977692, 44.4773559 ], [ -123.718105699999981, 44.47737 ], [ -123.7189995, 44.499563 ], [ -123.6984358, 44.4922349 ], [ -123.696515, 44.4773634 ], [ -123.6779384, 44.477295 ], [ -123.6790455, 44.4630014 ], [ -123.6689023, 44.4592378 ], [ -123.656572700000012, 44.4773042 ], [ -123.6380415, 44.4735089 ], [ -123.6391295, 44.4626771 ], [ -123.6185036, 44.4626793 ], [ -123.6354719, 44.477398 ], [ -123.6356162, 44.4917111 ], [ -123.6606178, 44.4845156 ], [ -123.6557421, 44.4989184 ], [ -123.6169976, 44.4919867 ], [ -123.5958877, 44.5062515 ], [ -123.5566862, 44.5024346 ], [ -123.5573352, 44.4917723 ], [ -123.5369224, 44.4916532 ], [ -123.5366979, 44.4770725 ], [ -123.516385, 44.4773084 ], [ -123.5167772, 44.4614299 ], [ -123.4964861, 44.4613591 ], [ -123.496510199999989, 44.4769412 ], [ -123.47647139999998, 44.476933599999988 ], [ -123.4758804, 44.5638384 ], [ -123.7191871, 44.565425 ], [ -123.7192347, 44.5434157 ], [ -123.7192335, 44.5507446 ], [ -123.7799413, 44.5508123 ], [ -123.7796645, 44.5655198 ], [ -123.7996369, 44.5654893 ], [ -123.7999309, 44.5505955 ], [ -123.8397255, 44.5508819 ], [ -123.839943799999986, 44.5616919 ], [ -123.819607499999989, 44.565456 ], [ -123.9405817, 44.5665857 ], [ -123.9455708, 44.5477092 ], [ -123.981067199999984, 44.5519944 ], [ -123.981092, 44.5448562 ], [ -124.01126, 44.5449722 ], [ -123.9973903, 44.4473178 ], [ -124.0184075, 44.4471887 ], [ -124.018820100000013, 44.4360324 ], [ -124.041198, 44.4279643 ], [ -124.0241482, 44.4186789 ], [ -123.993335699999989, 44.4180399 ], [ -123.992554500000011, 44.4100898 ], [ -123.997233, 44.4026448 ], [ -124.0172102, 44.4027151 ], [ -124.015291800000014, 44.388197299999987 ], [ -124.031468, 44.3956491 ], [ -124.0303172, 44.388491 ], [ -124.081720499999989, 44.3888117 ], [ -124.0974519, 44.3359809 ], [ -124.0966156, 44.3205105 ], [ -124.081837599999986, 44.3208622 ], [ -124.081494299999989, 44.291806199999989 ], [ -124.115353, 44.2867513 ], [ -124.1084487, 44.2656117 ], [ -124.1342925, 44.0418364 ], [ -124.064322, 44.0417175 ], [ -124.064508799999984, 44.0274065 ], [ -124.025469199999989, 44.0264057 ], [ -124.0255053, 44.0157196 ], [ -123.987907199999981, 44.020088199999989 ], [ -123.9873049, 43.9990083 ], [ -124.006880799999976, 43.999014 ], [ -124.0066528, 43.9851452 ], [ -124.0452153, 43.9835489 ], [ -124.0440064, 43.9553784 ], [ -124.064772499999989, 43.955414 ], [ -124.064696399999974, 43.9151743 ], [ -124.0257491, 43.9149334 ], [ -124.0257754, 43.9005067 ], [ -124.0455728, 43.9004909 ], [ -124.045832599999983, 43.8929981 ], [ -124.0457576, 43.8859058 ], [ -124.0257497, 43.8859039 ], [ -124.0256942, 43.8713964 ], [ -124.0056974, 43.871539 ], [ -124.005712, 43.8859139 ], [ -123.9466896, 43.8857022 ], [ -123.9461003, 43.8553496 ], [ -124.0644055, 43.8548925 ], [ -124.0659272, 43.8410878 ], [ -124.0856747, 43.8409528 ], [ -124.0856459, 43.8116722 ], [ -124.0064419, 43.8178702 ], [ -124.0064602, 43.8105469 ], [ -124.056031499999989, 43.7897898 ], [ -124.046038900000013, 43.7760467 ], [ -123.947078299999987, 43.7820965 ], [ -123.9471423, 43.7457146 ], [ -123.9870972, 43.7403037 ], [ -123.9858951, 43.7257991 ], [ -124.0257609, 43.7258213 ], [ -124.0357987, 43.706570299999989 ], [ -123.934385, 43.6830625 ], [ -123.9030826, 43.6523383 ], [ -123.887444, 43.652434 ], [ -123.8764661, 43.6715566 ], [ -123.8469812, 43.6785486 ], [ -123.847088199999988, 43.6954487 ], [ -123.8491576, 43.7860219 ], [ -123.8878434, 43.7817687 ], [ -123.887631399999989, 43.8101842 ], [ -123.9071461, 43.8107329 ], [ -123.9069729, 43.8587285 ], [ -123.8513107, 43.8653119 ], [ -123.850027099999977, 43.8570588 ], [ -123.8309267, 43.8586558 ], [ -123.8226004, 43.848311 ], [ -123.7878609, 43.8520292 ], [ -123.787853299999981, 43.8424364 ], [ -123.7680515, 43.8417218 ], [ -123.787835, 43.9295414 ], [ -123.7680529, 43.92921 ], [ -123.767919, 43.9511638 ], [ -123.7383847, 43.9440169 ], [ -123.7427772, 43.9766419 ], [ -123.8147473, 43.9763325 ], [ -123.8104624, 43.9550031 ], [ -123.8476829, 43.9551687 ], [ -123.8519863, 43.9705327 ], [ -123.832615499999974, 43.9738824 ], [ -123.832750099999984, 43.9873895 ], [ -123.8518647, 43.9857612 ], [ -123.8519127, 44.00111 ], [ -123.8712806, 44.0005816 ], [ -123.8707368, 44.0156781 ], [ -123.8905691, 44.013222 ], [ -123.889831500000014, 44.0417197 ], [ -123.8515518, 44.0416872 ], [ -123.850463800000014, 44.0555481 ], [ -123.8310098, 44.0554015 ], [ -123.832607099999976, 44.0416305 ], [ -123.823253499999979, 44.0413486 ], [ -123.832789499999976, 44.0076348 ], [ -123.815131, 44.0050179 ], [ -123.7944063, 44.0052607 ], [ -123.794452899999982, 44.0196777 ], [ -123.7120644, 44.0276596 ], [ -123.7127954, 44.0719479 ], [ -123.751606599999988, 44.070337 ], [ -123.75252, 44.1284988 ], [ -123.7330588, 44.1284081 ], [ -123.7330012, 44.1428338 ], [ -123.7140073, 44.1420546 ], [ -123.713816200000011, 44.1563653 ], [ -123.7040689, 44.1526264 ], [ -123.704575199999979, 44.1847425 ], [ -123.655172299999975, 44.184319 ], [ -123.654859299999984, 44.1983573 ], [ -123.6452311, 44.1983958 ], [ -123.6552483, 44.2496199 ], [ -123.695765099999988, 44.2580076 ], [ -123.6956582, 44.2727227 ], [ -123.725449900000015, 44.2729043 ], [ -123.7354353, 44.3894539 ], [ -123.7201401, 44.3895062 ], [ -123.7199027, 44.4044445 ], [ -123.7006045, 44.4037475 ], [ -123.7009524, 44.4188063 ], [ -123.719945, 44.411680499999989 ], [ -123.7197567, 44.433381 ] ], [ [ -123.6989292, 44.5071553 ], [ -123.6661533, 44.4917036 ], [ -123.665185799999989, 44.4771535 ], [ -123.6766772, 44.4772907 ], [ -123.676639, 44.4917156 ], [ -123.6984358, 44.4922349 ], [ -123.6989292, 44.5071553 ] ], [ [ -123.5561637, 44.5344661 ], [ -123.5561686, 44.527354 ], [ -123.5711069, 44.5273534 ], [ -123.556249699999981, 44.5166715 ], [ -123.5761449, 44.5096481 ], [ -123.5761058, 44.5168019 ], [ -123.596173599999986, 44.5169691 ], [ -123.5760881, 44.5203786 ], [ -123.581238699999986, 44.5344227 ], [ -123.59660860000001, 44.5382613 ], [ -123.5561637, 44.5344661 ] ], [ [ -123.7192033, 44.5216578 ], [ -123.7192228, 44.5324823 ], [ -123.7037449, 44.5274385 ], [ -123.7192033, 44.5216578 ] ], [ [ -123.8013016, 44.4841628 ], [ -123.811598499999974, 44.4839895 ], [ -123.8067703, 44.4911177 ], [ -123.8013016, 44.4841628 ] ], [ [ -123.811122200000014, 44.4697961 ], [ -123.8109916, 44.4626764 ], [ -123.821373199999982, 44.4660452 ], [ -123.811122200000014, 44.4697961 ] ], [ [ -123.8702563, 44.4737622 ], [ -123.870128, 44.4882563 ], [ -123.8400335, 44.4953977 ], [ -123.8401327, 44.4882139 ], [ -123.8598652, 44.4862437 ], [ -123.859876, 44.4738165 ], [ -123.8702563, 44.4737622 ] ] ] ] } },
{ "type": "Feature", "properties": { "name": "El Yunque National Forest", "region": "08", "acres": 55812.0, "type": "national_forest" }, "geometry": { "type": "MultiPolygon", "coordinates": [ [ [ [ -65.7329403, 18.3476461 ], [ -65.8497037, 18.3480639 ], [ -65.8496944, 18.3314292 ], [ -65.8829284, 18.3312601 ], [ -65.8829129, 18.2812056 ], [ -65.916258, 18.2813569 ], [ -65.9162943, 18.2480118 ], [ -65.8329286, 18.2480081 ], [ -65.8329306, 18.2312738 ], [ -65.7496113, 18.231243 ], [ -65.749616, 18.248014 ], [ -65.7162964, 18.2480117 ], [ -65.716241, 18.2813165 ], [ -65.69967, 18.2813463 ], [ -65.6997884, 18.3313971 ], [ -65.7329302, 18.3328484 ], [ -65.7329403, 18.3476461 ] ] ] ] } },
{ "type": "Feature", "properties": { "name": "Savannah River Site", "region": "08", "acres": 198068.0, "type": "national_forest" }, "geometry": { "type": "MultiPolygon", "coordinates": [ [ [ [ -81.647616, 33.4014093 ], [ -81.6715692, 33.3888052 ], [ -81.695602, 33.3885641 ], [ -81.7307174, 33.3687758 ], [ -81.7426134, 33.3505736 ], [ -81.7573641, 33.3506895 ], [ -81.7834579, 33.3107129 ], [ -81.7773268, 33.2681587 ], [ -81.8311806, 33.2335377 ], [ -81.8097296, 33.2235188 ], [ -81.8048513, 33.2118137 ], [ -81.7807437, 33.2096088 ], [ -81.7782194, 33.2226603 ], [ -81.7679246, 33.2174299 ], [ -81.7561834, 33.1996474 ], [ -81.7689203, 33.1755678 ], [ -81.7624267, 33.1588604 ], [ -81.7049967, 33.1170988 ], [ -81.6425021, 33.0934798 ], [ -81.6139131, 33.0958248 ], [ -81.609923, 33.1248954 ], [ -81.5921684, 33.1215761 ], [ -81.582517, 33.1345156 ], [ -81.5527428, 33.1367575 ], [ -81.5084833, 33.1646509 ], [ -81.5053177, 33.1751405 ], [ -81.4824383, 33.1740343 ], [ -81.4591625, 33.1455722 ], [ -81.4488742, 33.091911 ], [ -81.4598373, 33.0784759 ], [ -81.491089, 33.0740718 ], [ -81.5138383, 33.0582692 ], [ -81.5061346, 33.053829 ], [ -81.5262372, 33.033994 ], [ -81.5095943, 33.0207629 ], [ -81.4937372, 33.0252127 ], [ -81.5060691, 33.0394489 ], [ -81.4902306, 33.0639952 ], [ -81.4309239, 33.0821088 ], [ -81.4465443, 33.0831879 ], [ -81.4479571, 33.1366021 ], [ -81.4651485, 33.1612672 ], [ -81.4598038, 33.1760079 ], [ -81.4671529, 33.1677022 ], [ -81.4812719, 33.1838976 ], [ -81.4719182, 33.2415101 ], [ -81.4998303, 33.2390439 ], [ -81.4864193, 33.289122399999989 ], [ -81.4691636, 33.2898635 ], [ -81.4705722, 33.3386518 ], [ -81.4888585, 33.3530374 ], [ -81.4982154, 33.376657 ], [ -81.5259496, 33.3935738 ], [ -81.553585, 33.4036545 ], [ -81.647616, 33.4014093 ] ] ] ] } },
{ "type": "Feature", "properties": { "name": "Land Between the Lakes National Recreation Area", "region": "08", "acres": 171281.0, "type": "national_forest" }, "geometry": { "type": "MultiPolygon", "coordinates": [ [ [ [ -88.1429505, 36.9017976 ], [ -88.1606023, 36.8987784 ], [ -88.1600849, 36.8857329 ], [ -88.1553006, 36.8813628 ], [ -88.1402531, 36.895409099999988 ], [ -88.1212926, 36.8915071 ], [ -88.1409394, 36.8872279 ], [ -88.1364119, 36.8802544 ], [ -88.1446965, 36.8846106 ], [ -88.1527929, 36.8672967 ], [ -88.1456683, 36.8579824 ], [ -88.1165945, 36.8679068 ], [ -88.1424342, 36.8489971 ], [ -88.134563, 36.838419 ], [ -88.1186434, 36.8432917 ], [ -88.1247453, 36.8338649 ], [ -88.1357846, 36.835087 ], [ -88.1279802, 36.8187701 ], [ -88.1152221, 36.8269219 ], [ -88.1212292, 36.8006663 ], [ -88.1027796, 36.8043808 ], [ -88.1176888, 36.7940681 ], [ -88.1139892, 36.7845103 ], [ -88.1067593, 36.7873791 ], [ -88.1148977, 36.7733778 ], [ -88.0943417, 36.7399157 ], [ -88.08353, 36.7426371 ], [ -88.0917467, 36.7349122 ], [ -88.0778418, 36.7262472 ], [ -88.069442099999989, 36.6989582 ], [ -88.0577771, 36.6980643 ], [ -88.054315699999989, 36.6611465 ], [ -88.0354904, 36.6631632 ], [ -88.048642500000014, 36.6525851 ], [ -88.0472014, 36.6278961 ], [ -88.0289903, 36.6366396 ], [ -88.0475531, 36.6240734 ], [ -88.0431265, 36.6106428 ], [ -88.0279796, 36.6103986 ], [ -88.0437669, 36.6065719 ], [ -88.0362229, 36.5939878 ], [ -88.0268222, 36.5979146 ], [ -88.0352592, 36.5908584 ], [ -88.0308538, 36.5751048 ], [ -88.0104256, 36.5818053 ], [ -88.0303645, 36.5667382 ], [ -88.027846, 36.5549236 ], [ -88.0142144, 36.5585679 ], [ -88.0280965, 36.5495819 ], [ -88.0254256, 36.5255234 ], [ -88.0010264, 36.5302854 ], [ -88.0116696, 36.523634 ], [ -87.9967029, 36.5170519 ], [ -88.0269425, 36.5190658 ], [ -88.0342909, 36.499451199999989 ], [ -88.0258437, 36.5022875 ], [ -88.0353057, 36.4954163 ], [ -88.0248514, 36.4934682 ], [ -88.0406659, 36.4909525 ], [ -88.0433023, 36.4770179 ], [ -88.0287048, 36.4717864 ], [ -88.0456869, 36.4623756 ], [ -88.0457086, 36.4681401 ], [ -88.0472622, 36.4473812 ], [ -87.9398021, 36.4798849 ], [ -87.9278299, 36.5056679 ], [ -87.8934303, 36.5198383 ], [ -87.875472, 36.5137923 ], [ -87.888495600000013, 36.5306173 ], [ -87.9098521, 36.521065 ], [ -87.888101, 36.5326328 ], [ -87.9037023, 36.5584552 ], [ -87.921846, 36.5537392 ], [ -87.9145356, 36.5616867 ], [ -87.9264316, 36.5661168 ], [ -87.9070802, 36.56356 ], [ -87.9171445, 36.5950566 ], [ -87.9086929, 36.5945054 ], [ -87.9050067, 36.6105817 ], [ -87.9289547, 36.6105763 ], [ -87.9050405, 36.6130537 ], [ -87.9053756, 36.6301999 ], [ -87.918427, 36.6318477 ], [ -87.9069573, 36.6337355 ], [ -87.9133505, 36.663306 ], [ -87.927557, 36.6562832 ], [ -87.915344, 36.6667177 ], [ -87.9471988, 36.688848 ], [ -87.9450706, 36.6771483 ], [ -87.962555, 36.6682918 ], [ -87.953993, 36.6972202 ], [ -87.961755400000015, 36.7063747 ], [ -87.964069099999989, 36.6958046 ], [ -87.9641473, 36.7053163 ], [ -87.976091, 36.7005053 ], [ -87.9654812, 36.7093815 ], [ -87.9696271, 36.7181348 ], [ -87.997088100000013, 36.7169757 ], [ -87.9899307, 36.7234533 ], [ -87.9709547, 36.7198476 ], [ -87.9747709, 36.7341548 ], [ -87.9874744, 36.7319733 ], [ -87.9764511, 36.73823 ], [ -87.9886951, 36.7507972 ], [ -87.9810488, 36.7506828 ], [ -87.9885356, 36.7825511 ], [ -88.006721399999989, 36.7879711 ], [ -87.9967072, 36.7950237 ], [ -87.9855926, 36.790028 ], [ -87.9883534, 36.8246331 ], [ -88.0011419, 36.8270052 ], [ -87.9879228, 36.8289716 ], [ -87.9953998, 36.8359203 ], [ -87.9871, 36.8428317 ], [ -87.9942882, 36.8428546 ], [ -87.9934015, 36.860543299999989 ], [ -88.0111267, 36.8464069 ], [ -87.9984693, 36.8578848 ], [ -88.0101037, 36.8551438 ], [ -88.0090847, 36.8679375 ], [ -87.9939227, 36.864472 ], [ -88.0039883, 36.8830802 ], [ -88.008578899999989, 36.8757627 ], [ -88.022302599999989, 36.8770575 ], [ -88.0069937, 36.8929666 ], [ -88.0190713, 36.9153123 ], [ -88.0369965, 36.8968523 ], [ -88.0304476, 36.922053 ], [ -88.0402497, 36.9305167 ], [ -88.047476300000014, 36.9216025 ], [ -88.0614387, 36.9237537 ], [ -88.0421116, 36.9343887 ], [ -88.0477029, 36.9408836 ], [ -88.0292087, 36.936720199999989 ], [ -88.0481641, 36.9514931 ], [ -88.0351631, 36.9494679 ], [ -88.0403044, 36.9556316 ], [ -88.0588657, 36.9555895 ], [ -88.0397297, 36.9603914 ], [ -88.0470041, 36.9708275 ], [ -88.0544072, 36.9672684 ], [ -88.0488159, 36.9770084 ], [ -88.0765548, 36.9850337 ], [ -88.0517282, 36.9855826 ], [ -88.0561681, 37.0000307 ], [ -88.0645893, 36.9980275 ], [ -88.0682384, 37.0202844 ], [ -88.0887958, 37.031435 ], [ -88.0871737, 37.0400138 ], [ -88.0964855, 37.0353999 ], [ -88.0966361, 37.0442785 ], [ -88.1171484, 37.0356201 ], [ -88.1106048, 37.0235596 ], [ -88.1207444, 37.0367539 ], [ -88.127445, 37.0161264 ], [ -88.1143796, 37.0144288 ], [ -88.1204569, 37.0104926 ], [ -88.1119711, 37.0037709 ], [ -88.1297398, 37.0107566 ], [ -88.1339511, 36.9889814 ], [ -88.1572554, 36.9901641 ], [ -88.1439317, 36.9731794 ], [ -88.166603099999989, 36.9873761 ], [ -88.1695837, 36.9677869 ], [ -88.1791818, 36.9843827 ], [ -88.1930252, 36.9852456 ], [ -88.1952557, 36.9770056 ], [ -88.208585, 36.9924145 ], [ -88.2243339, 36.9868778 ], [ -88.2127843, 36.9692412 ], [ -88.1993232, 36.9657935 ], [ -88.1809255, 36.929402 ], [ -88.1762121, 36.9455555 ], [ -88.1510987, 36.9286715 ], [ -88.1729291, 36.9312114 ], [ -88.1609341, 36.9222859 ], [ -88.1703322, 36.9192205 ], [ -88.1666315, 36.9050301 ], [ -88.1367718, 36.9120779 ], [ -88.1429505, 36.9017976 ] ] ] ] } },
{ "type": "Feature", "properties": { "name": "Chippewa National Forest", "region": "09", "acres": 1598139.0, "type": "national_forest" }, "geometry": { "type": "MultiPolygon", "coordinates": [ [ [ [ -94.2887736, 47.8461877 ], [ -94.288477, 47.7159107 ], [ -94.676333, 47.7151752 ], [ -94.670502, 47.4373589 ], [ -94.6406999, 47.4329668 ], [ -94.6347873, 47.4194412 ], [ -94.6247268, 47.4258975 ], [ -94.5934849, 47.4132568 ], [ -94.5982694, 47.3923156 ], [ -94.587502, 47.3801279 ], [ -94.6077544, 47.377371 ], [ -94.6082012, 47.3304166 ], [ -94.5922157, 47.326706 ], [ -94.5838652, 47.3080962 ], [ -94.5679626, 47.3079025 ], [ -94.5551306, 47.2562577 ], [ -94.5802162, 47.1690906 ], [ -94.6154602, 47.1500256 ], [ -94.6639254, 47.1499646 ], [ -94.6638373, 46.9768968 ], [ -93.7749774, 46.9756723 ], [ -93.773834400000013, 47.3240963 ], [ -93.901771, 47.3247775 ], [ -93.90253, 47.4114784 ], [ -93.4504486, 47.4133106 ], [ -93.448900099999989, 47.5432993 ], [ -93.5760149, 47.544590799999987 ], [ -93.5762999, 47.5878994 ], [ -93.5545001, 47.5874985 ], [ -93.5440999, 47.6304005 ], [ -93.5764999, 47.6309981 ], [ -93.5762001, 47.7235008 ], [ -93.7745999, 47.7254013 ], [ -93.7762459, 47.8463858 ], [ -94.2887736, 47.8461877 ] ], [ [ -94.5427163, 47.1264587 ], [ -94.547235199999989, 47.1040606 ], [ -94.5325942, 47.10237 ], [ -94.5512333, 47.0957866 ], [ -94.5533324, 47.1264414 ], [ -94.5427163, 47.1264587 ] ] ] ] } },
{ "type": "Feature", "properties": { "name": "Huron-Manistee National Forest", "region": "09", "acres": 2028485.0, "type": "national_forest" }, "geometry": { "type": "MultiPolygon", "coordinates": [ [ [ [ -85.8201099, 44.3953506 ], [ -85.8599206, 44.39599 ], [ -85.860551, 44.352846299999989 ], [ -85.9402527, 44.3534174 ], [ -85.94052, 44.339132 ], [ -86.041056, 44.34161 ], [ -86.0411892, 44.312587 ], [ -86.0612318, 44.3127332 ], [ -86.06131, 44.298329 ], [ -86.182863, 44.302355 ], [ -86.183204, 44.2826078 ], [ -86.2027439, 44.2613292 ], [ -86.2309504, 44.2547639 ], [ -86.2437608, 44.2652083 ], [ -86.2635493, 44.2619469 ], [ -86.2652006, 44.175081 ], [ -86.3888105, 44.17907 ], [ -86.4307647, 44.117562 ], [ -86.4915196, 44.0819625 ], [ -86.4200929, 44.0815819 ], [ -86.3966368, 44.0696616 ], [ -86.3807676, 44.0810425 ], [ -86.280175, 44.079268 ], [ -86.2799919, 44.1082867 ], [ -86.2212281, 44.1072787 ], [ -86.2212848, 44.0927423 ], [ -86.2414268, 44.0929929 ], [ -86.2404998, 44.0785358 ], [ -86.2603606, 44.078967 ], [ -86.2606203, 44.0488088 ], [ -86.2208925, 44.0483658 ], [ -86.2203406, 44.0629737 ], [ -86.1599169, 44.06228 ], [ -86.1599807, 44.0478234 ], [ -86.1203643, 44.0479413 ], [ -86.120372, 43.975765 ], [ -86.159967, 43.975381 ], [ -86.159285, 43.946491 ], [ -86.218616, 43.947322 ], [ -86.2182569, 43.8318623 ], [ -86.2585507, 43.8321333 ], [ -86.2582124, 43.8174447 ], [ -86.3979452, 43.8194203 ], [ -86.398512599999989, 43.7616373 ], [ -86.2579144, 43.7595527 ], [ -86.2579672, 43.7812066 ], [ -86.1982132, 43.780132 ], [ -86.197667, 43.613747 ], [ -86.2782274, 43.6145023 ], [ -86.278315, 43.585542 ], [ -86.318105, 43.586141 ], [ -86.318109, 43.499698 ], [ -86.3770685, 43.5007887 ], [ -86.376156100000017, 43.4296742 ], [ -86.2770353, 43.4268056 ], [ -86.276533, 43.383819 ], [ -86.157604800000016, 43.3821184 ], [ -86.1580409, 43.2945247 ], [ -86.0789115, 43.2938219 ], [ -86.079273, 43.4387857 ], [ -86.0993236, 43.4391125 ], [ -86.099081, 43.4679977 ], [ -86.079117, 43.467828 ], [ -86.0794734, 43.482171199999989 ], [ -86.0595614, 43.4819805 ], [ -86.0594937, 43.55426 ], [ -86.079263, 43.554372 ], [ -86.079175, 43.597678 ], [ -86.039505, 43.59745 ], [ -86.0393073, 43.6119411 ], [ -86.019119, 43.611856 ], [ -86.019163300000017, 43.6266251 ], [ -85.979463, 43.625907 ], [ -85.9798568, 43.5828758 ], [ -85.9202906, 43.5827794 ], [ -85.920134, 43.553799 ], [ -85.8609583, 43.5538057 ], [ -85.8603161, 43.466732 ], [ -85.800869, 43.466837 ], [ -85.8008437, 43.3801612 ], [ -85.642092, 43.3810365 ], [ -85.6422045, 43.4102701 ], [ -85.4826173, 43.4100583 ], [ -85.4830319, 43.569142899999989 ], [ -85.5027862, 43.5692944 ], [ -85.5032662, 43.6128151 ], [ -85.5221645, 43.6130404 ], [ -85.5241866, 43.6712445 ], [ -85.5440127, 43.6713571 ], [ -85.5437958, 43.7005496 ], [ -85.5625888, 43.7002756 ], [ -85.562619, 43.742822 ], [ -85.622857, 43.742755 ], [ -85.622433, 43.873377 ], [ -85.6423936, 43.873457099999989 ], [ -85.6421691, 43.9163801 ], [ -85.7421453, 43.9156799 ], [ -85.74222, 43.901396 ], [ -85.8514086, 43.9008705 ], [ -85.851596, 43.958861 ], [ -85.841812, 43.958832 ], [ -85.844273, 44.146871 ], [ -85.713586, 44.146919 ], [ -85.7135244, 44.1396915 ], [ -85.683604, 44.139735 ], [ -85.6828677, 44.0891457 ], [ -85.62317, 44.088334 ], [ -85.62331, 44.103562 ], [ -85.583899, 44.103654 ], [ -85.584084, 44.118129 ], [ -85.564036, 44.11814 ], [ -85.5646, 44.16483 ], [ -85.4760738, 44.1650551 ], [ -85.477311899999989, 44.2523789 ], [ -85.4568868, 44.2522455 ], [ -85.4597678, 44.3818469 ], [ -85.820551, 44.3809448 ], [ -85.8201099, 44.3953506 ] ] ] ] } },
{ "type": "Feature", "properties": { "name": "Mark Twain National Forest", "region": "09", "acres": 3071296.0, "type": "national_forest" }, "geometry": { "type": "MultiPolygon", "coordinates": [ [ [ [ -91.3021325, 38.0047437 ], [ -91.3031567, 37.9611648 ], [ -91.250908, 37.960399 ], [ -91.2523452, 37.9171665 ], [ -91.2614951, 37.9173275 ], [ -91.2525683, 37.9099158 ], [ -91.2541977, 37.8294873 ], [ -91.2724597, 37.8298749 ], [ -91.273697399999989, 37.7865614 ], [ -91.3082315, 37.7871255 ], [ -91.3105142, 37.7001119 ], [ -91.3283239, 37.700336799999988 ], [ -91.32854, 37.6877165 ], [ -91.3099554, 37.6912751 ], [ -91.310200200000011, 37.676624 ], [ -91.3561982, 37.6879302 ], [ -91.356864800000011, 37.6734111 ], [ -91.3664426, 37.6807674 ], [ -91.3946666, 37.6732902 ], [ -91.3895157, 37.6915319 ], [ -91.4041306, 37.6841025 ], [ -91.4045468, 37.6366614 ], [ -91.3857712, 37.6367458 ], [ -91.3869552, 37.5495217 ], [ -91.4055795, 37.5496602 ], [ -91.4070315, 37.4770989 ], [ -91.4266519, 37.4772257 ], [ -91.4272383, 37.4182146 ], [ -91.3163923, 37.417173 ], [ -91.3185264, 37.3300726 ], [ -91.1762173, 37.3271954 ], [ -91.1753238, 37.4147235 ], [ -90.9923407, 37.421302 ], [ -90.9382666, 37.4124618 ], [ -90.9337844, 37.6034296 ], [ -90.7670503, 37.6016143 ], [ -90.7644656, 37.692953 ], [ -90.8199335, 37.6911636 ], [ -90.8215061, 37.7347583 ], [ -90.8837354, 37.7354071 ], [ -90.8920865, 37.7493047 ], [ -90.9102117, 37.7504563 ], [ -90.9095637, 37.8139423 ], [ -90.871088300000011, 37.8145378 ], [ -90.8666973, 37.9681095 ], [ -90.9217814, 37.9671988 ], [ -90.9221556, 38.0112997 ], [ -91.1040701, 38.000924399999988 ], [ -91.3021325, 38.0047437 ] ] ] ] } },
{ "type": "Feature", "properties": { "name": "Ottawa National Forest", "region": "09", "acres": 1562423.0, "type": "national_forest" }, "geometry": { "type": "MultiPolygon", "coordinates": [ [ [ [ -89.2201283, 46.7091596 ], [ -89.1981999, 46.7092826 ], [ -89.1981477, 46.6946873 ], [ -89.2394275, 46.6940696 ], [ -89.2396575, 46.7510073 ], [ -89.281984, 46.7649942 ], [ -89.4697932, 46.7647297 ], [ -89.4696742, 46.740769199999988 ], [ -89.4891859, 46.7369392 ], [ -89.4898306, 46.6936802 ], [ -89.5526516, 46.6935469 ], [ -89.5526786, 46.7080333 ], [ -89.5736243, 46.7080115 ], [ -89.5734414, 46.729725599999988 ], [ -89.5943408, 46.7296811 ], [ -89.613771, 46.7441226 ], [ -89.738778, 46.7370281 ], [ -89.7389511, 46.7225524 ], [ -89.7810318, 46.7225556 ], [ -89.7810408, 46.7080826 ], [ -89.8639348, 46.708024599999987 ], [ -89.8743833, 46.7224806 ], [ -89.9164639, 46.7224694 ], [ -89.9165544, 46.715271 ], [ -89.937652, 46.7152344 ], [ -89.9588337, 46.7007167 ], [ -89.9484375, 46.6862524 ], [ -89.9274037, 46.6862972 ], [ -89.9273462, 46.6652608 ], [ -89.969395, 46.6651533 ], [ -89.9694722, 46.6789834 ], [ -89.9891697, 46.6788922 ], [ -89.989263, 46.7001116 ], [ -90.0485238, 46.6672746 ], [ -90.23825, 46.624375 ], [ -90.2387431, 46.5069458 ], [ -90.2187858, 46.5021931 ], [ -90.2188104, 46.5356904 ], [ -90.031571200000016, 46.535067 ], [ -90.0314807, 46.5205575 ], [ -90.0104832, 46.5205449 ], [ -90.0104526, 46.5060844 ], [ -89.9276772, 46.5059312 ], [ -89.9278007, 46.4194426 ], [ -89.865049, 46.4194463 ], [ -89.865171, 46.2875278 ], [ -89.0918491, 46.1381614 ], [ -88.8159016, 46.0202351 ], [ -88.795988799999989, 46.0235443 ], [ -88.7966735, 46.033665 ], [ -88.7790731, 46.0313746 ], [ -88.7807133, 46.0152509 ], [ -88.7697824, 46.0258378 ], [ -88.7590862, 46.0195071 ], [ -88.7418472, 46.0261665 ], [ -88.741658500000014, 46.0729121 ], [ -88.720698, 46.072846 ], [ -88.7207112, 46.1017885 ], [ -88.6795512, 46.1018322 ], [ -88.6792194, 46.1597281 ], [ -88.616741, 46.1597023 ], [ -88.6153992, 46.764821499999989 ], [ -88.7399598, 46.7649276 ], [ -88.7400398, 46.7368563 ], [ -88.864139900000012, 46.7368833 ], [ -88.8639298, 46.7649118 ], [ -88.9887712, 46.7649304 ], [ -88.9888207, 46.7524138 ], [ -88.9693941, 46.7522874 ], [ -88.9691889, 46.6944819 ], [ -88.9895943, 46.6802053 ], [ -89.0842947, 46.6802724 ], [ -89.084133, 46.694821 ], [ -89.1149301, 46.6946742 ], [ -89.114862699999989, 46.709109299999987 ], [ -89.1775912, 46.708735399999988 ], [ -89.1775623, 46.7158872 ], [ -89.2202338, 46.7272538 ], [ -89.2201283, 46.7091596 ] ], [ [ -88.850535, 46.192254399999989 ], [ -88.8659572, 46.1850785 ], [ -88.8711254, 46.1959261 ], [ -88.850535, 46.192254399999989 ] ], [ [ -89.3452842, 46.6071553 ], [ -89.3450341, 46.592776 ], [ -89.3136427, 46.5928293 ], [ -89.3030799, 46.5708879 ], [ -89.2820752, 46.570929199999988 ], [ -89.282248, 46.592902599999988 ], [ -89.1258765, 46.5930955 ], [ -89.1007177, 46.5748037 ], [ -89.0852392, 46.5277226 ], [ -89.0747294, 46.524110099999987 ], [ -89.0958215, 46.4775714 ], [ -89.261814, 46.477277799999989 ], [ -89.2620301, 46.505927 ], [ -89.4897526, 46.5058374 ], [ -89.4896794, 46.5924599 ], [ -89.4694302, 46.5925097 ], [ -89.4697787, 46.6069959 ], [ -89.3452842, 46.6071553 ] ] ] ] } },
{ "type": "Feature", "properties": { "name": "Shawnee National Forest", "region": "09", "acres": 930028.0, "type": "national_forest" }, "geometry": { "type": "MultiPolygon", "coordinates": [ [ [ [ -89.499089, 37.251222 ], [ -89.4362065, 37.2482492 ], [ -89.4370058, 37.1896076 ], [ -89.3823102, 37.1894926 ], [ -89.3826899, 37.1744932 ], [ -89.3440911, 37.1739318 ], [ -89.3440538, 37.1889087 ], [ -89.3259025, 37.1885186 ], [ -89.325263, 37.232545 ], [ -89.2884347, 37.2323772 ], [ -89.2885572, 37.2615454 ], [ -89.2709174, 37.2615089 ], [ -89.2662528, 37.2999353 ], [ -89.2701559, 37.3425911 ], [ -89.288359899999989, 37.3423393 ], [ -89.288423, 37.4297963 ], [ -89.3072629, 37.4295606 ], [ -89.3079333, 37.4824456 ], [ -89.2886222, 37.4822605 ], [ -89.2881495, 37.5694426 ], [ -89.211287399999989, 37.571609 ], [ -89.2116001, 37.5416875 ], [ -89.221011, 37.5404857 ], [ -89.2115923, 37.5341693 ], [ -89.2116686, 37.5114438 ], [ -88.946969, 37.5104604 ], [ -88.9470296, 37.4662689 ], [ -88.7463293, 37.4669998 ], [ -88.7468598, 37.3572793 ], [ -88.7196807, 37.3578827 ], [ -88.7196746, 37.3361346 ], [ -88.6380355, 37.3361464 ], [ -88.6476709, 37.2488001 ], [ -88.6207835, 37.2481934 ], [ -88.6210048, 37.2188613 ], [ -88.6024873, 37.2183878 ], [ -88.6026247, 37.2037867 ], [ -88.5657194, 37.2033928 ], [ -88.5656511, 37.1887109 ], [ -88.5469124, 37.1887003 ], [ -88.5471872, 37.1595317 ], [ -88.4303221, 37.1592762 ], [ -88.45073, 37.2066012 ], [ -88.5168643, 37.2691137 ], [ -88.5150729, 37.292927 ], [ -88.4673208, 37.4000437 ], [ -88.4152395, 37.4239754 ], [ -88.3944257, 37.4237925 ], [ -88.3788912, 37.4108764 ], [ -88.3783574, 37.4365971 ], [ -88.3585966, 37.4364903 ], [ -88.358177, 37.4516237 ], [ -88.3209823, 37.4516038 ], [ -88.3207708, 37.4665387 ], [ -88.2650336, 37.4668605 ], [ -88.2652472, 37.4558508 ], [ -88.1997771, 37.4610285 ], [ -88.1994877, 37.5106403 ], [ -88.1530079, 37.5104988 ], [ -88.153388299999989, 37.4679793 ], [ -88.0830557, 37.4795999 ], [ -88.0717421, 37.5114773 ], [ -88.0806467, 37.5316152 ], [ -88.1332307, 37.5738388 ], [ -88.1592976, 37.6285409 ], [ -88.1616044, 37.6580923 ], [ -88.2079366, 37.6586503 ], [ -88.2078533, 37.6810529 ], [ -88.1616938, 37.6808672 ], [ -88.1659181, 37.7111113 ], [ -88.1840455, 37.7107708 ], [ -88.1843889, 37.6998798 ], [ -88.2628145, 37.6988367 ], [ -88.2996009, 37.7135403 ], [ -88.3371542, 37.7100494 ], [ -88.3371237, 37.7026006 ], [ -88.4289855, 37.7026228 ], [ -88.4296339, 37.6731409 ], [ -88.4526923, 37.6768541 ], [ -88.4483114, 37.6438896 ], [ -88.4668892, 37.6438763 ], [ -88.467074599999989, 37.6291358 ], [ -88.6352625, 37.628624 ], [ -88.635079300000015, 37.6432023 ], [ -88.6669243, 37.6434101 ], [ -88.6665222, 37.672893699999989 ], [ -88.7539241, 37.673659 ], [ -88.7540122, 37.6589988 ], [ -88.9282921, 37.6560169 ], [ -88.928307, 37.6406147 ], [ -88.956194, 37.6402817 ], [ -88.9564532, 37.5962952 ], [ -88.9932365, 37.5999852 ], [ -88.9933245, 37.6550191 ], [ -89.073187, 37.6562939 ], [ -89.0779956, 37.6342017 ], [ -89.0594821, 37.6339091 ], [ -89.0556822, 37.5968363 ], [ -89.153774399999989, 37.6004347 ], [ -89.1529427, 37.6725462 ], [ -89.3416077, 37.6735075 ], [ -89.3429235, 37.7242465 ], [ -89.3567401, 37.7309369 ], [ -89.3799355, 37.7246605 ], [ -89.3797295, 37.744877599999988 ], [ -89.436166899999989, 37.7490363 ], [ -89.4352128, 37.7774173 ], [ -89.4526467, 37.7786911 ], [ -89.4524025, 37.7861373 ], [ -89.4342361, 37.7923446 ], [ -89.4339157, 37.8031897 ], [ -89.4660215, 37.808155899999988 ], [ -89.469331700000012, 37.851762 ], [ -89.513314799999989, 37.8530602 ], [ -89.5145391, 37.8703682 ], [ -89.5328128, 37.8742066 ], [ -89.5421843, 37.8668185 ], [ -89.5976256, 37.8677951 ], [ -89.5982514, 37.853411 ], [ -89.6582737, 37.858333099999989 ], [ -89.6717178, 37.8256978 ], [ -89.6171658, 37.8176126 ], [ -89.6172879, 37.8102547 ], [ -89.5808636, 37.8097476 ], [ -89.581024, 37.8023663 ], [ -89.5628517, 37.8018395 ], [ -89.5448296, 37.7867965 ], [ -89.5080331, 37.7863355 ], [ -89.5080723, 37.7789521 ], [ -89.4723696, 37.7727142 ], [ -89.4735444, 37.706726 ], [ -89.5191085, 37.6998426 ], [ -89.5063781, 37.6926091 ], [ -89.516685, 37.6927621 ], [ -89.5177181, 37.641217 ], [ -89.4760237, 37.5902298 ], [ -89.4860721, 37.5808523 ], [ -89.5197841, 37.582775 ], [ -89.5221078, 37.5583421 ], [ -89.4926575, 37.4934001 ], [ -89.4443066, 37.444389199999989 ], [ -89.4214762, 37.3927384 ], [ -89.433226, 37.3475042 ], [ -89.485947, 37.3348361 ], [ -89.5133442, 37.3072044 ], [ -89.5188673, 37.2881755 ], [ -89.499089, 37.251222 ] ] ] ] } },
{ "type": "Feature", "properties": { "name": "Superior National Forest", "region": "09", "acres": 3886761.0, "type": "national_forest" }, "geometry": { "type": "MultiPolygon", "coordinates": [ [ [ [ -93.292277, 48.608534399999989 ], [ -93.3194232, 48.6178252 ], [ -93.3506587, 48.6156294 ], [ -93.3531334, 48.417009299999989 ], [ -93.222813500000015, 48.4162645 ], [ -93.2249061, 48.3323138 ], [ -93.0951836, 48.3294689 ], [ -93.0970659, 48.1545485 ], [ -92.83602, 48.1517461 ], [ -92.828152800000012, 47.8918789 ], [ -92.4391355, 47.8887439 ], [ -92.4019329, 47.8964192 ], [ -92.3766866, 47.8920601 ], [ -92.3390326, 47.8676531 ], [ -92.3084693, 47.8659877 ], [ -92.2852479, 47.8660557 ], [ -92.2328929, 47.8870605 ], [ -91.9878214, 47.8892951 ], [ -91.9896452, 47.7805692 ], [ -92.0043504, 47.782954 ], [ -92.0084595, 47.7680414 ], [ -91.9901544, 47.759117499999988 ], [ -91.9907535, 47.745127499999988 ], [ -91.9694326, 47.744651 ], [ -91.96831, 47.73031 ], [ -91.9280469, 47.7295224 ], [ -91.927690399999989, 47.7147882 ], [ -91.8845673, 47.7156616 ], [ -91.8820473, 47.6438614 ], [ -91.9680445, 47.6440303 ], [ -91.968169, 47.6364948 ], [ -92.0533589, 47.6296236 ], [ -92.0538603, 47.614958099999988 ], [ -92.0754306, 47.6152727 ], [ -92.0755024, 47.5863561 ], [ -92.0957768, 47.5866231 ], [ -92.0958859, 47.572615499999984 ], [ -92.1174177, 47.5730647 ], [ -92.11799, 47.558538299999988 ], [ -92.1813703, 47.558091 ], [ -92.1752506, 47.2851579 ], [ -91.409957, 47.2857427 ], [ -91.4097724, 47.37184 ], [ -91.2784857, 47.3717367 ], [ -91.27811, 47.4580726 ], [ -91.2994201, 47.4580105 ], [ -91.2943263, 47.5086964 ], [ -91.3210516, 47.5159219 ], [ -91.320879100000013, 47.5303271 ], [ -91.3421535, 47.5302868 ], [ -91.342283, 47.5449304 ], [ -90.8911729, 47.5438933 ], [ -90.7306503, 47.6274439 ], [ -90.551218, 47.6901139 ], [ -90.5319589, 47.704848399999989 ], [ -90.4435046, 47.723729 ], [ -90.4374448, 47.7318025 ], [ -90.3294253, 47.7451903 ], [ -90.323521, 47.7538799 ], [ -90.2506885, 47.7725344 ], [ -90.1874906, 47.7771837 ], [ -90.1596233, 47.793227 ], [ -90.0804652, 47.8019455 ], [ -90.07211, 47.8109473 ], [ -89.9865411, 47.8262606 ], [ -89.9697794, 47.8332181 ], [ -89.971855, 47.8409074 ], [ -89.9358431, 47.8460566 ], [ -89.9248841, 47.8613339 ], [ -89.868893899999989, 47.8745303 ], [ -89.8678753, 47.938967299999987 ], [ -89.8889434, 47.9464371 ], [ -89.8847077, 47.9720754 ], [ -89.8743794, 47.9719559 ], [ -89.8867944, 47.9866532 ], [ -89.9220452, 47.9970879 ], [ -89.9345618, 48.0156576 ], [ -89.9531228, 48.010680799999989 ], [ -89.993970499999989, 48.0279631 ], [ -89.997852, 48.057567 ], [ -90.029626, 48.087588 ], [ -90.1440284, 48.112559499999989 ], [ -90.2892395, 48.099035199999989 ], [ -90.310038, 48.1054974 ], [ -90.3742641, 48.0909316 ], [ -90.4032344, 48.1051358 ], [ -90.4384759, 48.0987007 ], [ -90.467468599999989, 48.108745 ], [ -90.4867031, 48.099082599999988 ], [ -90.5567774, 48.0960132 ], [ -90.5697825, 48.1067998 ], [ -90.5591542, 48.1217342 ], [ -90.579897, 48.123922 ], [ -90.6415626, 48.1035153 ], [ -90.7515679, 48.090983 ], [ -90.7898096, 48.1300419 ], [ -90.7821659, 48.1357543 ], [ -90.7983044, 48.1368441 ], [ -90.777848, 48.1481877 ], [ -90.7779788, 48.163893699999988 ], [ -90.7964575, 48.159198 ], [ -90.8041399, 48.1778172 ], [ -90.8210009, 48.1846684 ], [ -90.8363897, 48.1770545 ], [ -90.8377005, 48.2347318 ], [ -90.8476491, 48.2445393 ], [ -90.8751077, 48.2378027 ], [ -90.8857506, 48.2459203 ], [ -90.9150482, 48.230734399999989 ], [ -90.976992, 48.219542499999989 ], [ -91.0237306, 48.1904523 ], [ -91.0824618, 48.181126 ], [ -91.2669356, 48.078731 ], [ -91.3708188, 48.0697056 ], [ -91.4294843, 48.0485959 ], [ -91.4500357, 48.0690532 ], [ -91.4882288, 48.0683818 ], [ -91.5675562, 48.0437622 ], [ -91.5753075, 48.066681 ], [ -91.5694016, 48.093584899999989 ], [ -91.5528748, 48.1032216 ], [ -91.5591083, 48.1085889 ], [ -91.6399312, 48.0970655 ], [ -91.651795, 48.1139952 ], [ -91.6650615, 48.1071173 ], [ -91.6875676, 48.1119827 ], [ -91.6820927, 48.1225099 ], [ -91.7117576, 48.1146519 ], [ -91.6978018, 48.141576 ], [ -91.7048507, 48.1707015 ], [ -91.72436, 48.1705147 ], [ -91.7153788, 48.1994759 ], [ -91.7420828, 48.204569 ], [ -91.7484157, 48.1986601 ], [ -91.7559002, 48.2059997 ], [ -91.7886855, 48.1963375 ], [ -91.8154653, 48.2118372 ], [ -91.8644254, 48.206985599999989 ], [ -91.8931122, 48.2379842 ], [ -91.958339, 48.2330679 ], [ -91.9540811, 48.2522022 ], [ -91.969920500000015, 48.2537359 ], [ -91.9757737, 48.2442301 ], [ -92.006520099999989, 48.2654245 ], [ -92.0130354, 48.2975214 ], [ -92.000126, 48.321354 ], [ -92.046563, 48.334739 ], [ -92.0552422, 48.3593581 ], [ -92.143583, 48.356121 ], [ -92.1449144, 48.3656729 ], [ -92.2169622, 48.3449564 ], [ -92.2625727, 48.3548944 ], [ -92.288994, 48.34299 ], [ -92.30624, 48.316384 ], [ -92.2946185, 48.3062383 ], [ -92.294619, 48.2712232 ], [ -92.2696239, 48.2481783 ], [ -92.3365712, 48.2356854 ], [ -92.3700053, 48.2202795 ], [ -92.4156502, 48.2951124 ], [ -92.4555514, 48.330151199999989 ], [ -92.4717886, 48.2991119 ], [ -92.4987089, 48.311203 ], [ -92.490549, 48.3143593 ], [ -92.4987655, 48.3232161 ], [ -92.5040673, 48.3088246 ], [ -92.520177500000017, 48.309089199999988 ], [ -92.5203087, 48.323808499999984 ], [ -92.5714479, 48.3245831 ], [ -92.588545900000014, 48.3525063 ], [ -92.6094953, 48.372007 ], [ -92.6035059, 48.3636018 ], [ -92.6289688, 48.3734814 ], [ -92.6289595, 48.3819185 ], [ -92.7153847, 48.3827937 ], [ -92.7155304, 48.411518 ], [ -92.7373278, 48.4113809 ], [ -92.7374022, 48.3970768 ], [ -92.7810244, 48.3977174 ], [ -92.7808554, 48.4115679 ], [ -92.8968992, 48.4124322 ], [ -92.8977195, 48.3914757 ], [ -92.952144800000013, 48.3940709 ], [ -92.9517241, 48.408518699999988 ], [ -93.0070232, 48.4091324 ], [ -93.0000609, 48.430072499999987 ], [ -93.0291848, 48.4471694 ], [ -93.0577613, 48.4510912 ], [ -93.0486486, 48.4619937 ], [ -93.0589506, 48.470220399999988 ], [ -93.0805132, 48.4648398 ], [ -93.0802993, 48.4792469 ], [ -93.0593416, 48.475455 ], [ -93.057984, 48.485288499999989 ], [ -93.0909296, 48.493477 ], [ -93.1070264, 48.4901907 ], [ -93.1073907, 48.4725161 ], [ -93.1617785, 48.4730067 ], [ -93.1615443, 48.5095651 ], [ -93.150479499999989, 48.5165885 ], [ -93.1123454, 48.515478699999989 ], [ -93.1118837, 48.5590041 ], [ -93.1388433, 48.5642897 ], [ -93.1344895, 48.5735063 ], [ -93.1536187, 48.5799409 ], [ -93.1533405, 48.6189019 ], [ -93.1758247, 48.6195431 ], [ -93.1916782, 48.6328764 ], [ -93.223764300000013, 48.6265999 ], [ -93.2198464, 48.6178301 ], [ -93.2364971, 48.6111202 ], [ -93.2197051, 48.6048252 ], [ -93.2330108, 48.6004633 ], [ -93.2385008, 48.6104924 ], [ -93.2680667, 48.603222699999989 ], [ -93.2588353, 48.6159755 ], [ -93.292277, 48.608534399999989 ] ], [ [ -93.1818458, 48.5890565 ], [ -93.1598801, 48.585362 ], [ -93.1657646, 48.5778594 ], [ -93.1818458, 48.5890565 ] ], [ [ -93.1628402, 48.6061993 ], [ -93.181539199999989, 48.6095383 ], [ -93.1638619, 48.612874299999987 ], [ -93.1628402, 48.6061993 ] ] ] ] } },
{ "type": "Feature", "properties": { "name": "Hiawatha National Forest", "region": "09", "acres": 1300321.0, "type": "national_forest" }, "geometry": { "type": "MultiPolygon", "coordinates": [ [ [ [ -86.5515996, 46.4954671 ], [ -86.5949398, 46.4533357 ], [ -86.6100015, 46.4539301 ], [ -86.6152492, 46.3763549 ], [ -86.6781355, 46.376507 ], [ -86.6789052, 46.419962 ], [ -86.662399, 46.4199656 ], [ -86.6551085, 46.4419575 ], [ -86.7034961, 46.4393684 ], [ -86.7483972, 46.4788474 ], [ -86.7892241, 46.4784435 ], [ -86.8158119, 46.437689299999988 ], [ -86.8352935, 46.4343107 ], [ -86.8798881, 46.4389654 ], [ -86.903706, 46.4663319 ], [ -86.9908693, 46.463657399999988 ], [ -86.9907913, 46.3765707 ], [ -86.9603135, 46.3765486 ], [ -86.9603342, 46.3620747 ], [ -86.8871867, 46.358353 ], [ -86.8870704, 46.3329367 ], [ -86.8661398, 46.3328825 ], [ -86.8656103, 46.1585642 ], [ -87.0012403, 46.1551018 ], [ -86.9908898, 46.147817 ], [ -86.9915428, 46.0716992 ], [ -87.0540095, 46.072280899999988 ], [ -87.0588675, 45.8695091 ], [ -87.0277055, 45.869461 ], [ -87.0069321, 45.891071 ], [ -86.9954742, 45.8838728 ], [ -86.97929760000001, 45.893742599999989 ], [ -86.9882671, 45.8979356 ], [ -86.9719931, 45.9174137 ], [ -86.9531843, 45.907850899999985 ], [ -86.9466056, 45.9187411 ], [ -86.9380036, 45.9149817 ], [ -86.9470607, 45.9031375 ], [ -86.9659585, 45.9084887 ], [ -86.9481723, 45.8980757 ], [ -86.947753600000013, 45.876855299999988 ], [ -86.9866992, 45.837081099999985 ], [ -87.0061113, 45.8322361 ], [ -86.9819862, 45.7927099 ], [ -86.9746729, 45.753561499999989 ], [ -86.9847872, 45.7062783 ], [ -86.970113, 45.6921659 ], [ -86.9673301, 45.6674501 ], [ -86.9420638, 45.7023005 ], [ -86.9179754, 45.6961501 ], [ -86.9029436, 45.7092265 ], [ -86.8695052, 45.7094989 ], [ -86.8388768, 45.7218469 ], [ -86.8418807, 45.7434511 ], [ -86.8214843, 45.756764499999989 ], [ -86.820257, 45.7709139 ], [ -86.8015092, 45.7772725 ], [ -86.8094885, 45.7924491 ], [ -86.7830845, 45.7949069 ], [ -86.7733761, 45.8110891 ], [ -86.7881093, 45.8356079 ], [ -86.7761767, 45.8644799 ], [ -86.7435112, 45.865373899999987 ], [ -86.7184792, 45.8390219 ], [ -86.6990308, 45.843368899999987 ], [ -86.6469428, 45.832625299999989 ], [ -86.6459942, 45.8429123 ], [ -86.6319087, 45.8424265 ], [ -86.6256972, 45.8690991 ], [ -86.5989683, 45.876499699999989 ], [ -86.577619, 45.9013801 ], [ -86.3649476, 45.896552 ], [ -86.3652825, 46.3323873 ], [ -86.4900669, 46.332432 ], [ -86.4901039, 46.531707 ], [ -86.5515996, 46.4954671 ] ] ] ] } },
{ "type": "Feature", "properties": { "name": "Hoosier National Forest", "region": "09", "acres": 646949.0, "type": "national_forest" }, "geometry": { "type": "MultiPolygon", "coordinates": [ [ [ [ -86.6832197, 38.9046851 ], [ -86.6831224, 38.8504757 ], [ -86.7338193, 38.8498088 ], [ -86.7291909, 38.8355012 ], [ -86.7500159, 38.8245352 ], [ -86.7500124, 38.8172448 ], [ -86.6830497, 38.818056 ], [ -86.6830311, 38.6576373 ], [ -86.812976, 38.656952 ], [ -86.8129975, 38.6642021 ], [ -86.8497944, 38.6648225 ], [ -86.8511439, 38.6238244 ], [ -86.8411204, 38.6191791 ], [ -86.8483043, 38.613808399999989 ], [ -86.8325105, 38.6138501 ], [ -86.8326122, 38.5846783 ], [ -86.8137591, 38.5847222 ], [ -86.8127846, 38.5262232 ], [ -86.7379962, 38.5261617 ], [ -86.7378425, 38.5115347 ], [ -86.6263848, 38.5123322 ], [ -86.6259679, 38.4683291 ], [ -86.64455190000001, 38.468139 ], [ -86.6444163, 38.453692 ], [ -86.7191076, 38.4533446 ], [ -86.718635100000014, 38.3947364 ], [ -86.6440272, 38.395021 ], [ -86.6435447, 38.3367908 ], [ -86.6809179, 38.3362401 ], [ -86.6900878, 38.3216689 ], [ -86.6798706, 38.2775481 ], [ -86.6611076, 38.2778202 ], [ -86.6608777, 38.233703 ], [ -86.6789882, 38.2337085 ], [ -86.678278, 38.0438783 ], [ -86.6460907, 38.0438722 ], [ -86.650741599999989, 38.0212408 ], [ -86.6784288, 38.0208821 ], [ -86.6788249, 37.9549924 ], [ -86.6508342, 37.9549674 ], [ -86.641876599999989, 37.8750555 ], [ -86.5992273, 37.8750564 ], [ -86.6003008, 37.9062576 ], [ -86.5875709, 37.9217935 ], [ -86.5673728, 37.9222082 ], [ -86.5675121, 37.9343586 ], [ -86.5070917, 37.9345911 ], [ -86.5249927, 37.9782164 ], [ -86.541304599999989, 37.9855409 ], [ -86.5417592, 38.0296841 ], [ -86.5248105, 38.0295901 ], [ -86.5186697, 38.0416786 ], [ -86.496726099999989, 38.0458414 ], [ -86.4873877, 38.0735113 ], [ -86.4598611, 38.073312 ], [ -86.4664467, 38.1091723 ], [ -86.4557615, 38.1250626 ], [ -86.430679400000017, 38.1256922 ], [ -86.4035369, 38.1045945 ], [ -86.3936525, 38.1109612 ], [ -86.3880531, 38.1915325 ], [ -86.424660800000012, 38.1919332 ], [ -86.4235817, 38.2797007 ], [ -86.4049543, 38.2800135 ], [ -86.4021968, 38.3808103 ], [ -86.3828619, 38.3804851 ], [ -86.382653300000015, 38.3956334 ], [ -86.3655428, 38.3945419 ], [ -86.3654264, 38.4236503 ], [ -86.3465946, 38.423457 ], [ -86.3454904, 38.4701537 ], [ -86.3272134, 38.470246 ], [ -86.3268399, 38.4993885 ], [ -86.3639395, 38.4992711 ], [ -86.3642185, 38.5138765 ], [ -86.4197164, 38.5139613 ], [ -86.4199092, 38.5428728 ], [ -86.4388986, 38.5430643 ], [ -86.4389407, 38.5494675 ], [ -86.4571322, 38.5493573 ], [ -86.4593096, 38.542138 ], [ -86.552174, 38.5419744 ], [ -86.5520465, 38.5273293 ], [ -86.6448724, 38.526845 ], [ -86.6450676, 38.5994376 ], [ -86.4768338, 38.6002765 ], [ -86.4771893, 38.6146341 ], [ -86.4870227, 38.6144883 ], [ -86.4874054, 38.6591905 ], [ -86.4972578, 38.6590965 ], [ -86.497265399999989, 38.6740961 ], [ -86.5534322, 38.6727156 ], [ -86.5529134, 38.7599928 ], [ -86.5912222, 38.7592766 ], [ -86.5920304, 38.8174319 ], [ -86.6102751, 38.8176382 ], [ -86.6100188, 38.8752937 ], [ -86.6284286, 38.8754347 ], [ -86.6283122, 38.9044876 ], [ -86.6832197, 38.9046851 ] ] ] ] } },
{ "type": "Feature", "properties": { "name": "Chequamegon-Nicolet National Forest", "region": "09", "acres": 2005630.0, "type": "national_forest" }, "geometry": { "type": "MultiPolygon", "coordinates": [ [ [ [ -89.0918491, 46.1381614 ], [ -89.1799724, 46.155277 ], [ -89.1816508, 45.9824058 ], [ -89.1096926, 45.9823479 ], [ -89.1126303, 45.8124181 ], [ -89.0788173, 45.812174 ], [ -89.0787497, 45.725044 ], [ -89.0471647, 45.7236801 ], [ -89.0469317, 45.6371348 ], [ -88.9236099, 45.6373521 ], [ -88.9238691, 45.6806486 ], [ -88.800292399999989, 45.6803999 ], [ -88.8000915, 45.7093226 ], [ -88.7787176, 45.709875499999988 ], [ -88.778507, 45.722988699999988 ], [ -88.6757932, 45.7228819 ], [ -88.6756667, 45.661676799999988 ], [ -88.686242, 45.6621763 ], [ -88.675552, 45.6437018 ], [ -88.6910437, 45.636411599999988 ], [ -88.8000744, 45.6407765 ], [ -88.8022907, 45.3780827 ], [ -88.7602718, 45.378272599999988 ], [ -88.7624874, 45.2046826 ], [ -88.7006016, 45.2048433 ], [ -88.701751, 45.175166 ], [ -88.6810209, 45.1751864 ], [ -88.6831615, 45.1173229 ], [ -88.3126507, 45.113762199999989 ], [ -88.3058579, 45.3745575 ], [ -88.4280915, 45.3769202 ], [ -88.4259802, 45.6359068 ], [ -88.5520113, 45.6362011 ], [ -88.5509274, 45.6938057 ], [ -88.4667758, 45.6939508 ], [ -88.4665295, 45.7371509 ], [ -88.487153600000013, 45.7372084 ], [ -88.4873689, 45.7950076 ], [ -88.4769695, 45.7912639 ], [ -88.4771989, 45.8097996 ], [ -88.518582, 45.8099226 ], [ -88.5182445, 45.795424499999989 ], [ -88.5514707, 45.795136 ], [ -88.5519928, 45.853453599999987 ], [ -88.5396801, 45.8520799 ], [ -88.5385348, 45.8667766 ], [ -88.5280739, 45.8657356 ], [ -88.5285685, 45.881487799999988 ], [ -88.5026027, 45.8852047 ], [ -88.5075088, 45.8957666 ], [ -88.466201700000013, 45.895808 ], [ -88.4597709, 45.911024 ], [ -88.4352819, 45.9106502 ], [ -88.4357254, 45.9250978 ], [ -88.4250553, 45.9247577 ], [ -88.4240996, 45.9824031 ], [ -88.4658436, 46.0011808 ], [ -88.492097, 45.992101 ], [ -88.5148655, 46.0199868 ], [ -88.5656151, 46.0156625 ], [ -88.5884877, 46.0049877 ], [ -88.601178, 46.01777 ], [ -88.6161271, 45.9896838 ], [ -88.639002, 45.985069 ], [ -88.663302, 45.987585 ], [ -88.678868, 46.013595 ], [ -88.718314, 46.013182 ], [ -88.730719, 46.026791 ], [ -88.7590862, 46.0195071 ], [ -88.7697824, 46.0258378 ], [ -88.7800606, 46.015189 ], [ -88.7796493, 46.0317848 ], [ -88.7966735, 46.033665 ], [ -88.795988799999989, 46.0235443 ], [ -88.8159016, 46.0202351 ], [ -89.0918491, 46.1381614 ] ] ] ] } },
{ "type": "Feature", "properties": { "name": "Wayne National Forest", "region": "09", "acres": 856185.0, "type": "national_forest" }, "geometry": { "type": "MultiPolygon", "coordinates": [ [ [ [ -82.5804422, 38.8429305 ], [ -82.5819047, 38.8295515 ], [ -82.6155022, 38.8238985 ], [ -82.6128847, 38.8467366 ], [ -82.6301574, 38.8512485 ], [ -82.629112, 38.8615234 ], [ -82.6660723, 38.8639572 ], [ -82.672111, 38.8211326 ], [ -82.7072923, 38.8236961 ], [ -82.7091627, 38.8012408 ], [ -82.7364883, 38.8030592 ], [ -82.7481341, 38.7820837 ], [ -82.766427299999989, 38.7830339 ], [ -82.7768065, 38.7239366 ], [ -82.7858482, 38.7244205 ], [ -82.78715960000001, 38.7134161 ], [ -82.7776776, 38.7129007 ], [ -82.7795177, 38.680679 ], [ -82.7635697, 38.6800737 ], [ -82.760051, 38.6326387 ], [ -82.7953782, 38.6202611 ], [ -82.7716763, 38.5766035 ], [ -82.7167093, 38.5609867 ], [ -82.642184, 38.5629926 ], [ -82.6399397, 38.5851567 ], [ -82.6216734, 38.5841137 ], [ -82.6227448, 38.5694916 ], [ -82.5841421, 38.5689122 ], [ -82.5834416, 38.5759639 ], [ -82.542883, 38.5739782 ], [ -82.5411405, 38.596097 ], [ -82.4989894, 38.5939684 ], [ -82.4978537, 38.6083742 ], [ -82.4793284, 38.6074555 ], [ -82.4816856, 38.578338 ], [ -82.3342492, 38.5697059 ], [ -82.3354913, 38.554336 ], [ -82.2942416, 38.5528356 ], [ -82.285786700000017, 38.597506599999988 ], [ -82.2453934, 38.598334 ], [ -82.2429847, 38.6264396 ], [ -82.2043806, 38.6247622 ], [ -82.1996538, 38.6837864 ], [ -82.2187728, 38.684562899999989 ], [ -82.2138477, 38.7428859 ], [ -82.2526913, 38.7443766 ], [ -82.2510973, 38.7591692 ], [ -82.3852014, 38.7661896 ], [ -82.3826597, 38.7956791 ], [ -82.4121619, 38.7974975 ], [ -82.4108374, 38.8120664 ], [ -82.4204095, 38.8127072 ], [ -82.4171091, 38.8420063 ], [ -82.4742728, 38.8465603 ], [ -82.4725233, 38.8678844 ], [ -82.5906242, 38.874282 ], [ -82.5937322, 38.8456301 ], [ -82.5804422, 38.8429305 ] ] ] ] } },
{ "type": "Feature", "properties": { "name": "Midewin National Tallgrass Prairie", "region": "09", "acres": 27566.0, "type": "national_forest" }, "geometry": { "type": "MultiPolygon", "coordinates": [ [ [ [ -88.1809911, 41.3371526 ], [ -88.1386657, 41.3381812 ], [ -88.135125, 41.3282312 ], [ -88.133279, 41.334762 ], [ -88.045999100000017, 41.3359518 ], [ -88.0033234, 41.3952552 ], [ -88.0196305, 41.402319 ], [ -88.0194798, 41.3950562 ], [ -88.1294987, 41.3928834 ], [ -88.1079651, 41.4367888 ], [ -88.1677981, 41.4351328 ], [ -88.1870714, 41.4250068 ], [ -88.171919, 41.4282561 ], [ -88.1848254, 41.4243363 ], [ -88.1700479, 41.4207283 ], [ -88.1886621, 41.3723282 ], [ -88.1809911, 41.3371526 ] ] ] ] } },
{ "type": "Feature", "properties": { "name": "Allegheny National Forest", "region": "09", "acres": 740873.0, "type": "national_forest" }, "geometry": { "type": "MultiPolygon", "coordinates": [ [ [ [ -79.177232100000012, 41.8169556 ], [ -79.1902207, 41.831148 ], [ -79.2439615, 41.8446587 ], [ -79.2585219, 41.8566338 ], [ -79.2985756, 41.756068 ], [ -79.3714465, 41.6877902 ], [ -79.435117, 41.6728858 ], [ -79.4298814, 41.5762785 ], [ -79.4386309, 41.5785504 ], [ -79.4687251, 41.5537265 ], [ -79.4603844, 41.5484721 ], [ -79.4936678, 41.5433015 ], [ -79.463106, 41.4952678 ], [ -79.449804, 41.5091089 ], [ -79.417479899999989, 41.4709332 ], [ -79.3930719, 41.4875103 ], [ -79.3825961, 41.4714027 ], [ -79.3729354, 41.4798864 ], [ -79.3574987, 41.4746051 ], [ -79.3578963, 41.4441304 ], [ -79.3293969, 41.4403154 ], [ -79.279731, 41.4736575 ], [ -79.2330418, 41.4378491 ], [ -79.218272399999989, 41.4498933 ], [ -79.2072912, 41.441157 ], [ -79.1626672, 41.4735895 ], [ -79.1429939, 41.4690852 ], [ -79.1373688, 41.484144 ], [ -79.1140116, 41.483502 ], [ -79.113749, 41.4580619 ], [ -79.123853, 41.4571914 ], [ -79.1247389, 41.3712018 ], [ -79.1139691, 41.3252152 ], [ -79.1049893, 41.3415238 ], [ -79.0921087, 41.3405992 ], [ -79.0784548, 41.3538017 ], [ -79.0285799, 41.3575153 ], [ -79.017437, 41.350082 ], [ -78.9728123, 41.3764155 ], [ -78.9616696, 41.3702288 ], [ -78.936947, 41.3841092 ], [ -78.9296285, 41.4014333 ], [ -78.9193023, 41.3932668 ], [ -78.9059971, 41.4001228 ], [ -78.9058225, 41.3869333 ], [ -78.8893353, 41.3993408 ], [ -78.8774881, 41.3891971 ], [ -78.8674407, 41.3980092 ], [ -78.8523491, 41.3739049 ], [ -78.8329242, 41.3827457 ], [ -78.8265732, 41.3662512 ], [ -78.8156251, 41.3747264 ], [ -78.7743736, 41.3792497 ], [ -78.7783601, 41.3886038 ], [ -78.7541295, 41.3958972 ], [ -78.7490432, 41.41192 ], [ -78.7701624, 41.4135123 ], [ -78.7639524, 41.4170206 ], [ -78.7809729, 41.4235245 ], [ -78.7782044, 41.4747559 ], [ -78.7425008, 41.4806309 ], [ -78.7444192, 41.5070854 ], [ -78.7314449, 41.5183587 ], [ -78.7104763, 41.5182763 ], [ -78.7017607, 41.5329364 ], [ -78.6860029, 41.5331517 ], [ -78.684336, 41.5553466 ], [ -78.6924162, 41.5756029 ], [ -78.7241397, 41.5961309 ], [ -78.7604998, 41.6400137 ], [ -78.8300053, 41.6399872 ], [ -78.8303011, 41.6769647 ], [ -78.725697, 41.677797 ], [ -78.716317, 41.697092 ], [ -78.6957685, 41.7058323 ], [ -78.6861252, 41.7324236 ], [ -78.6764096, 41.7324437 ], [ -78.6772067, 41.7466448 ], [ -78.6449769, 41.7471594 ], [ -78.6456472, 41.7617859 ], [ -78.6732402, 41.7611773 ], [ -78.6746733, 41.8487475 ], [ -78.6449881, 41.8494169 ], [ -78.6575669, 41.868236 ], [ -78.6716272, 41.8615556 ], [ -78.6618459, 41.8764557 ], [ -78.74349260000001, 41.8768598 ], [ -78.7438867, 41.9366011 ], [ -78.762408, 41.9366573 ], [ -78.76233, 41.9220658 ], [ -78.7802329, 41.9221205 ], [ -78.7803803, 41.952911 ], [ -78.7666635, 41.962903 ], [ -78.78029810000001, 41.9694896 ], [ -78.7802732, 41.9826336 ], [ -78.7621101, 41.9840507 ], [ -78.7530958, 41.9984151 ], [ -78.9993666, 41.9989892 ], [ -78.999017400000014, 41.9915891 ], [ -78.966771, 41.9813501 ], [ -78.9656685, 41.919908199999988 ], [ -79.0021644, 41.9198733 ], [ -78.9877486, 41.9056484 ], [ -78.995661500000011, 41.8983881 ], [ -78.9898435, 41.8747169 ], [ -78.9960415, 41.8595923 ], [ -79.0134119, 41.8597508 ], [ -79.013645, 41.841947 ], [ -79.0511644, 41.8480926 ], [ -79.0799721, 41.8305136 ], [ -79.177232100000012, 41.8169556 ] ] ] ] } },
{ "type": "Feature", "properties": { "name": "Ozark-St. Francis National Forest", "region": "08", "acres": 1532900.0, "type": "national_forest" }, "geometry": { "type": "MultiPolygon", "coordinates": [ [ [ [ -93.8791729, 35.6231865 ], [ -93.8794141, 35.6108999 ], [ -93.683498200000017, 35.6091851 ], [ -93.685086, 35.5655279 ], [ -93.6502032, 35.5645408 ], [ -93.650422300000017, 35.5575241 ], [ -93.6273817, 35.5638983 ], [ -93.2761444, 35.5565083 ], [ -93.2764046, 35.5423063 ], [ -93.2221942, 35.5410586 ], [ -93.2224626, 35.5265179 ], [ -93.1420313, 35.524989 ], [ -93.155632, 35.5107531 ], [ -93.156228399999989, 35.482003299999988 ], [ -93.1117646, 35.4884349 ], [ -93.0765251, 35.4806864 ], [ -93.078021, 35.4734128 ], [ -93.0593604, 35.4659831 ], [ -93.0504471, 35.4694791 ], [ -93.0457348, 35.4949003 ], [ -92.9214705, 35.4926719 ], [ -92.9221049, 35.4348926 ], [ -92.7093795, 35.431477 ], [ -92.7064865, 35.5753819 ], [ -92.830583499999989, 35.5819987 ], [ -92.829388900000012, 35.6502243 ], [ -92.8470698, 35.6506203 ], [ -92.8449897, 35.7375564 ], [ -92.881302, 35.7379777 ], [ -92.874656, 35.8831821 ], [ -92.8567828, 35.8830329 ], [ -92.8564194, 35.8966055 ], [ -92.8581756, 35.9036678 ], [ -92.8935854, 35.9043275 ], [ -92.8933909, 35.9115777 ], [ -92.9112846, 35.9119389 ], [ -92.911478, 35.8975147 ], [ -93.6107992, 35.9123238 ], [ -93.6143879, 35.8256656 ], [ -93.6053729, 35.825476 ], [ -93.6044888, 35.7960049 ], [ -93.6771839, 35.7972909 ], [ -93.6765317, 35.8167201 ], [ -93.6938851, 35.8164863 ], [ -93.7316914, 35.8421166 ], [ -93.7651914, 35.8199366 ], [ -93.7927831, 35.8162657 ], [ -93.821517899999989, 35.8193545 ], [ -93.8368646, 35.830728199999989 ], [ -94.1147153, 35.836727 ], [ -94.1316608, 35.8064778 ], [ -94.1145423, 35.7475278 ], [ -94.1199094, 35.7333864 ], [ -94.1398206, 35.7230055 ], [ -94.1312716, 35.7086668 ], [ -94.147159699999989, 35.6942555 ], [ -94.1558995, 35.6646911 ], [ -94.1675381, 35.6604788 ], [ -94.1642242, 35.6212384 ], [ -94.0749508, 35.6190456 ], [ -94.0758869, 35.5900368 ], [ -94.0103516, 35.5885181 ], [ -94.0057495, 35.5979943 ], [ -93.9869328, 35.5915713 ], [ -93.9853534, 35.6100983 ], [ -93.9649175, 35.6049812 ], [ -93.9328298, 35.6122221 ], [ -93.9286224, 35.6012509 ], [ -93.910712300000014, 35.6007945 ], [ -93.9016419, 35.6078867 ], [ -93.9105464, 35.6080712 ], [ -93.914632400000016, 35.6229558 ], [ -93.8791729, 35.6231865 ] ] ] ] } },
{ "type": "Feature", "properties": { "name": "National Forests in North Carolina", "region": "08", "acres": 3026237.0, "type": "national_forest" }, "geometry": { "type": "MultiPolygon", "coordinates": [ [ [ [ -82.6706284, 35.5150479 ], [ -82.6792835, 35.5262919 ], [ -82.6867591, 35.520577 ], [ -82.6866862, 35.4971567 ], [ -82.7077772, 35.5007723 ], [ -82.723927300000014, 35.4850507 ], [ -82.739058899999989, 35.4900289 ], [ -82.7078796, 35.5194821 ], [ -82.7086511, 35.5394333 ], [ -82.7659468, 35.539037199999989 ], [ -82.8054248, 35.5128667 ], [ -82.8240298, 35.5154683 ], [ -82.8417747, 35.5052838 ], [ -82.8446453, 35.4866081 ], [ -82.8754458, 35.4865925 ], [ -82.9059271, 35.4710021 ], [ -82.937922, 35.4747871 ], [ -82.9412324, 35.4602403 ], [ -82.9687603, 35.4379507 ], [ -82.9638156, 35.4111366 ], [ -82.9903641, 35.3676546 ], [ -83.0437229, 35.3944262 ], [ -83.0446749, 35.4151649 ], [ -83.0799883, 35.4345075 ], [ -83.0794722, 35.4475706 ], [ -83.0929446, 35.4578305 ], [ -83.1222283, 35.4654842 ], [ -83.1764107, 35.4437272 ], [ -83.2505497, 35.4435471 ], [ -83.2705546, 35.4222421 ], [ -83.3092524, 35.4031023 ], [ -83.3599601, 35.4293512 ], [ -83.3598146, 35.439656299999989 ], [ -83.3817773, 35.4416582 ], [ -83.3953205, 35.452631 ], [ -83.4045354, 35.4286102 ], [ -83.4235271, 35.4309551 ], [ -83.4580854, 35.4111808 ], [ -83.4666558, 35.4243092 ], [ -83.4874225, 35.4284623 ], [ -83.5004988, 35.4522941 ], [ -83.5295534, 35.4369034 ], [ -83.5370224, 35.4436598 ], [ -83.5639464, 35.4382422 ], [ -83.584874, 35.4535181 ], [ -83.5835821, 35.4351656 ], [ -83.6110254, 35.4265573 ], [ -83.6417638, 35.4433711 ], [ -83.6524628, 35.4259561 ], [ -83.7325258, 35.4471132 ], [ -83.7753489, 35.4432266 ], [ -83.8007647, 35.4553298 ], [ -83.8084275, 35.4434256 ], [ -83.8445861, 35.452300799999989 ], [ -83.8667401, 35.4470087 ], [ -83.8758093, 35.4605967 ], [ -83.908468, 35.4659382 ], [ -83.93646, 35.4476045 ], [ -83.9595431, 35.4634596 ], [ -84.0234966, 35.4114246 ], [ -84.0073817, 35.371684 ], [ -84.038178, 35.3483653 ], [ -84.0292554, 35.3331077 ], [ -84.0359319, 35.313296 ], [ -84.0214145, 35.301436699999989 ], [ -84.0468864, 35.2742557 ], [ -84.0975098, 35.2476223 ], [ -84.1252196, 35.2499059 ], [ -84.1272779, 35.2407885 ], [ -84.1477623, 35.2469005 ], [ -84.1885338, 35.240102799999988 ], [ -84.2241211, 35.2689953 ], [ -84.2902072, 35.2254456 ], [ -84.317469, 35.022043 ], [ -84.3100983, 35.014681 ], [ -84.2728682, 35.0182445 ], [ -84.2650335, 35.0115923 ], [ -84.2098335, 35.0307703 ], [ -84.1894031, 35.0166062 ], [ -84.1436333, 35.0334841 ], [ -84.1153878, 35.027103 ], [ -84.1433063, 35.0152474 ], [ -84.1456109, 34.991866 ], [ -84.1144108, 35.0017596 ], [ -84.1109111, 35.0101074 ], [ -84.0897769, 34.9981169 ], [ -84.0617685, 35.0012117 ], [ -84.0660428, 34.9873124 ], [ -83.6200398, 34.9867155 ], [ -83.6201492, 34.9921963 ], [ -83.1087178, 35.0006326 ], [ -82.809970299999989, 35.0786563 ], [ -82.8040207, 35.1069639 ], [ -82.8231828, 35.1174276 ], [ -82.8249653, 35.1419571 ], [ -82.8131091, 35.1444887 ], [ -82.8036588, 35.1780211 ], [ -82.7673918, 35.203754 ], [ -82.7548256, 35.2281849 ], [ -82.7013876, 35.2558447 ], [ -82.7059494, 35.2721723 ], [ -82.6487298, 35.328265 ], [ -82.580931, 35.3758404 ], [ -82.5911207, 35.3925822 ], [ -82.615917, 35.3841376 ], [ -82.6250454, 35.3924868 ], [ -82.5896116, 35.4008333 ], [ -82.6000399, 35.4484492 ], [ -82.5764044, 35.4661815 ], [ -82.58178430000001, 35.4883281 ], [ -82.606834, 35.5264778 ], [ -82.6540041, 35.539401 ], [ -82.6706284, 35.5150479 ] ], [ [ -83.9061122, 35.0567619 ], [ -83.881163, 35.0726941 ], [ -83.857843, 35.0646233 ], [ -83.8523867, 35.0778529 ], [ -83.7868513, 35.078698 ], [ -83.7828636, 35.0728453 ], [ -83.8110849, 35.0621655 ], [ -83.8100834, 35.044732 ], [ -83.8606095, 35.0179738 ], [ -83.8948823, 34.9880403 ], [ -83.9176806, 35.0060347 ], [ -83.9269179, 34.999362 ], [ -83.9367194, 35.0185718 ], [ -83.9455494, 35.0162178 ], [ -83.986957100000012, 35.0816889 ], [ -83.977327699999989, 35.0785597 ], [ -83.962777, 35.0928716 ], [ -83.9174254, 35.0959225 ], [ -83.929876400000012, 35.0705222 ], [ -83.9061122, 35.0567619 ] ] ] ] } },
{ "type": "Feature", "properties": { "name": "Francis Marion and Sumter National Forests", "region": "08", "acres": 1381168.0, "type": "national_forest" }, "geometry": { "type": "MultiPolygon", "coordinates": [ [ [ [ -82.2890866, 34.2509996 ], [ -82.3324243, 34.2257621 ], [ -82.3091658, 34.1620468 ], [ -82.3230555, 34.1378146 ], [ -82.3830239, 34.1616483 ], [ -82.4001878, 34.1484423 ], [ -82.4362166, 34.0921961 ], [ -82.4524275, 34.0436465 ], [ -82.5064906, 34.0146808 ], [ -82.4881306, 33.9740098 ], [ -82.5056638, 33.9608254 ], [ -82.5390718, 33.956892 ], [ -82.5501962, 33.9426849 ], [ -82.5129873, 33.9369643 ], [ -82.4548455, 33.8814932 ], [ -82.4256866, 33.8644612 ], [ -82.4034921, 33.865445 ], [ -82.3009347, 33.8013986 ], [ -82.2929239, 33.8232695 ], [ -82.2597744, 33.8479373 ], [ -82.2539988, 33.8640274 ], [ -82.2825416, 33.9038468 ], [ -82.3165143, 33.9261616 ], [ -82.3111704, 33.9495431 ], [ -82.2728906, 33.9468812 ], [ -82.2677305, 33.9192776 ], [ -82.1806443, 33.9257809 ], [ -82.1738363, 33.9187047 ], [ -82.2093889, 33.8623515 ], [ -82.203539400000011, 33.8135304 ], [ -82.2195395, 33.8002374 ], [ -82.2185979, 33.7864976 ], [ -82.2843644, 33.7789352 ], [ -82.2479366, 33.7527736 ], [ -82.2344919, 33.7000411 ], [ -82.2005732, 33.6644183 ], [ -82.1876542, 33.62216 ], [ -82.135861, 33.5911907 ], [ -82.1078278, 33.5962623 ], [ -82.0487819, 33.5647723 ], [ -82.0476379, 33.5790009 ], [ -82.0323158, 33.5809352 ], [ -82.0285277, 33.6110618 ], [ -82.0083136, 33.6300951 ], [ -81.971498, 33.6237125 ], [ -81.9739333, 33.6599626 ], [ -81.9982634, 33.6952035 ], [ -81.9978455, 33.7207055 ], [ -82.0161804, 33.7354778 ], [ -82.0218041, 33.7620883 ], [ -82.0520778, 33.7716966 ], [ -82.0559496, 33.8451937 ], [ -82.0889655, 33.8618835 ], [ -82.0940595, 33.8931355 ], [ -82.1155688, 33.9211441 ], [ -81.9362183, 33.9385694 ], [ -81.9032636, 33.9534473 ], [ -81.8796617, 33.9845173 ], [ -81.9081678, 34.0066392 ], [ -81.9267768, 34.0380171 ], [ -81.984499, 34.0453262 ], [ -82.0139051, 34.0611143 ], [ -82.0402046, 34.0278315 ], [ -82.100852, 34.024645 ], [ -82.1272109, 34.012633 ], [ -82.1759002, 34.0213397 ], [ -82.1978084, 34.0119963 ], [ -82.2445794, 34.0488949 ], [ -82.2526975, 34.0845055 ], [ -82.2441507, 34.1009863 ], [ -82.2498488, 34.1176976 ], [ -82.2060031, 34.159901 ], [ -82.231647099999989, 34.1766833 ], [ -82.2248036, 34.1901723 ], [ -82.2579239, 34.1966387 ], [ -82.2890866, 34.2509996 ] ] ] ] } },
{ "type": "Feature", "properties": { "name": "National Forests in Texas", "region": "08", "acres": 1921500.0, "type": "national_forest" }, "geometry": { "type": "MultiPolygon", "coordinates": [ [ [ [ -95.5194927, 30.75043010000001 ], [ -95.5306089, 30.7422862 ], [ -95.5331114, 30.7027695 ], [ -95.5173869, 30.7071752 ], [ -95.5120386, 30.6824684 ], [ -95.5021202, 30.682331 ], [ -95.493872700000011, 30.6673113 ], [ -95.5623555, 30.672999 ], [ -95.6215075, 30.5901833 ], [ -95.6363012, 30.6026073 ], [ -95.671306199999989, 30.5840206 ], [ -95.7487574, 30.5934874 ], [ -95.749004900000017, 30.6036296 ], [ -95.758679199999989, 30.6036869 ], [ -95.7587555, 30.5934524 ], [ -95.7834372, 30.5928459 ], [ -95.7833075, 30.5645837 ], [ -95.8117506, 30.5644255 ], [ -95.8047391, 30.5456043 ], [ -95.7889839, 30.5454593 ], [ -95.788742, 30.5258622 ], [ -95.8025723, 30.5259306 ], [ -95.8022824, 30.4913114 ], [ -95.764790499999989, 30.4882386 ], [ -95.7641802, 30.4664213 ], [ -95.7363491, 30.471273 ], [ -95.7235451, 30.4517049 ], [ -95.6950815, 30.4556557 ], [ -95.683306800000011, 30.4422622 ], [ -95.6655986, 30.4421727 ], [ -95.6654917, 30.4344997 ], [ -95.6039745, 30.437195 ], [ -95.5881737, 30.4482058 ], [ -95.5813989, 30.4764334 ], [ -95.5726935, 30.4743813 ], [ -95.5674598, 30.4902364 ], [ -95.5471499, 30.4957943 ], [ -95.5166775, 30.5560337 ], [ -95.4999688, 30.5484351 ], [ -95.479392, 30.5795331 ], [ -95.4700993, 30.5750568 ], [ -95.4509264, 30.588421 ], [ -95.3934992, 30.5895043 ], [ -95.3858698, 30.5964296 ], [ -95.3646445, 30.5775438 ], [ -95.3439228, 30.5747707 ], [ -95.3910578, 30.5352464 ], [ -95.4285186, 30.5273427 ], [ -95.423895, 30.4853256 ], [ -95.432951, 30.4725851 ], [ -95.3884852, 30.3991478 ], [ -95.3584246, 30.3787497 ], [ -95.3585159, 30.363709 ], [ -95.3224121, 30.3083375 ], [ -95.21083, 30.3132946 ], [ -95.1593078, 30.328003 ], [ -95.1658314, 30.3447127 ], [ -95.0609793, 30.3903323 ], [ -95.0011349, 30.4928889 ], [ -95.0095278, 30.5319574 ], [ -95.0049656, 30.5676767 ], [ -95.0436779, 30.566679 ], [ -95.0438688, 30.5849239 ], [ -95.1142742, 30.5849922 ], [ -95.1329741, 30.566898 ], [ -95.1527881, 30.5827873 ], [ -95.1384981, 30.5967504 ], [ -95.175142799999989, 30.618617 ], [ -95.1518881, 30.6425724 ], [ -95.160189, 30.6487805 ], [ -95.1511252, 30.657964 ], [ -95.178812799999989, 30.6786844 ], [ -95.1588312, 30.6987603 ], [ -95.2124363, 30.7457092 ], [ -95.3180209, 30.7410764 ], [ -95.315281900000016, 30.7510476 ], [ -95.336385, 30.7536625 ], [ -95.3581901, 30.7353337 ], [ -95.3965587, 30.7422667 ], [ -95.3964061, 30.7525488 ], [ -95.5194927, 30.75043010000001 ] ] ] ] } },
{ "type": "Feature", "properties": { "name": "Ochoco National Forest", "region": "06", "acres": 912775.0, "type": "national_forest" }, "geometry": { "type": "MultiPolygon", "coordinates": [ [ [ [ -120.827555300000014, 44.562793299999989 ], [ -120.826898899999989, 44.476499 ], [ -120.9078076, 44.476433 ], [ -120.907724300000012, 44.4334602 ], [ -120.786469399999987, 44.4332159 ], [ -120.786293199999989, 44.3903782 ], [ -120.7460085, 44.3904597 ], [ -120.746186699999981, 44.3627008 ], [ -120.5861547, 44.3619075 ], [ -120.5861315, 44.261333199999989 ], [ -120.626177499999983, 44.2612052 ], [ -120.6264078, 44.2180512 ], [ -120.587335699999983, 44.2179343 ], [ -120.5874339, 44.2039273 ], [ -120.4679966, 44.2042534 ], [ -120.468143700000013, 44.2177386 ], [ -120.368677800000015, 44.2176885 ], [ -120.34847, 44.2124254 ], [ -120.348171, 44.1906505 ], [ -120.266847899999988, 44.1910798 ], [ -120.2669502, 44.2179426 ], [ -120.1609527, 44.2178795 ], [ -120.1623874, 44.2474199 ], [ -120.12207690000001, 44.2483094 ], [ -120.101913299999978, 44.2631664 ], [ -119.9197267, 44.2634604 ], [ -119.919604799999988, 44.2486825 ], [ -119.8491782, 44.2489848 ], [ -119.8492105, 44.2341988 ], [ -119.8183921, 44.2343838 ], [ -119.818280699999974, 44.2197276 ], [ -119.798033199999978, 44.219872 ], [ -119.7980465, 44.2348283 ], [ -119.7777447, 44.2348036 ], [ -119.7776416, 44.2202054 ], [ -119.7565363, 44.2204115 ], [ -119.756621699999982, 44.2276126 ], [ -119.7362872, 44.2275689 ], [ -119.7363764, 44.2203027 ], [ -119.675407199999981, 44.2202871 ], [ -119.675464100000013, 44.2345123 ], [ -119.6550728, 44.2346485 ], [ -119.656991600000012, 44.1995695 ], [ -119.667155799999989, 44.1996131 ], [ -119.667236500000016, 44.1845992 ], [ -119.6570748, 44.1843859 ], [ -119.657025, 44.118743 ], [ -119.6272063, 44.11846 ], [ -119.6272882, 44.1040855 ], [ -119.5771541, 44.104059 ], [ -119.5672801, 44.1111226 ], [ -119.5569085, 44.1470956 ], [ -119.5370777, 44.1474858 ], [ -119.5463082, 44.2193239 ], [ -119.562984, 44.2198911 ], [ -119.5630769, 44.2490847 ], [ -119.5829715, 44.249395299999989 ], [ -119.583837, 44.2784641 ], [ -119.563472, 44.2786988 ], [ -119.5642616, 44.3425679 ], [ -119.6151867, 44.3429964 ], [ -119.614487, 44.364990299999988 ], [ -119.574088599999982, 44.3645509 ], [ -119.573579599999988, 44.4040476 ], [ -119.633908600000012, 44.4040257 ], [ -119.6345499, 44.418619299999989 ], [ -119.8782905, 44.419013899999989 ], [ -119.8836279, 44.444753399999989 ], [ -119.8728832, 44.4339469 ], [ -119.8576631, 44.4408147 ], [ -119.8990303, 44.455479 ], [ -119.89900369999998, 44.4771862 ], [ -120.0418689, 44.477466 ], [ -120.0421009, 44.4919594 ], [ -120.0835526, 44.4931536 ], [ -120.1129785, 44.4922555 ], [ -120.1231587, 44.4774367 ], [ -120.163587400000011, 44.4773902 ], [ -120.1649327, 44.5071907 ], [ -120.2339963, 44.5064536 ], [ -120.2430457, 44.4771204 ], [ -120.286067300000013, 44.4767965 ], [ -120.3062255, 44.4913724 ], [ -120.326393099999976, 44.4906361 ], [ -120.3263169, 44.5050374 ], [ -120.346622599999989, 44.5054077 ], [ -120.346712400000015, 44.5344254 ], [ -120.3867587, 44.5346483 ], [ -120.3964382, 44.5563762 ], [ -120.827555300000014, 44.562793299999989 ] ], [ [ -120.2449653, 44.3426712 ], [ -120.270248099999989, 44.3348193 ], [ -120.2703104, 44.3459787 ], [ -120.3050389, 44.3490867 ], [ -120.2859118, 44.3531522 ], [ -120.296017299999988, 44.3747782 ], [ -120.2860099, 44.3751913 ], [ -120.2807153, 44.4009258 ], [ -120.143385099999975, 44.3941388 ], [ -120.143028199999989, 44.3211683 ], [ -120.1786064, 44.3248086 ], [ -120.1939695, 44.3138436 ], [ -120.1889736, 44.306571 ], [ -120.2247635, 44.3063266 ], [ -120.2246359, 44.3173113 ], [ -120.240073099999989, 44.3061888 ], [ -120.2449653, 44.3426712 ] ] ] ] } },
{ "type": "Feature", "properties": { "name": "Shoshone National Forest", "region": "02", "acres": 2469224.0, "type": "national_forest" }, "geometry": { "type": "MultiPolygon", "coordinates": [ [ [ [ -110.0494766, 43.5879097 ], [ -109.9982605, 43.5562096 ], [ -109.9540176, 43.5442772 ], [ -109.9391786, 43.5252922 ], [ -109.9565353, 43.4939842 ], [ -109.9451981, 43.4686851 ], [ -109.9130249, 43.4736175 ], [ -109.8982696, 43.4907989 ], [ -109.8232193, 43.4612465 ], [ -109.8002548, 43.4653854 ], [ -109.7673035, 43.441391 ], [ -109.7653732, 43.406765 ], [ -109.7786713, 43.3990822 ], [ -109.7878265, 43.4044189 ], [ -109.7863846, 43.3905258 ], [ -109.7581406, 43.3660622 ], [ -109.708839399999988, 43.3743744 ], [ -109.6942902, 43.3655472 ], [ -109.7002716, 43.3346558 ], [ -109.6719665, 43.3093529 ], [ -109.6857758, 43.2854423 ], [ -109.678711, 43.2734756 ], [ -109.692672699999989, 43.2651596 ], [ -109.6739883, 43.2476883 ], [ -109.6758728, 43.2146873 ], [ -109.6587295, 43.201313 ], [ -109.651062, 43.1668587 ], [ -109.6299896, 43.1632347 ], [ -109.62148280000001, 43.1264992 ], [ -109.5706711, 43.0999718 ], [ -109.553093, 43.0721435 ], [ -109.5530014, 43.058754 ], [ -109.570694, 43.0495872 ], [ -109.5488358, 43.037159 ], [ -109.5528259, 43.0125809 ], [ -109.502388, 43.0106354 ], [ -109.4923401, 42.9955292 ], [ -109.4602737, 42.9879799 ], [ -109.4586714, 42.9771209 ], [ -109.460125, 43.3735751 ], [ -109.478484099999989, 43.3724421 ], [ -109.473295100000016, 43.3909544 ], [ -109.4932415, 43.3908995 ], [ -109.4932242, 43.40539 ], [ -109.5128869, 43.4049282 ], [ -109.513066, 43.4428859 ], [ -109.5326685, 43.4428378 ], [ -109.5327481, 43.4283115 ], [ -109.552550599999989, 43.4283501 ], [ -109.5524651, 43.4138627 ], [ -109.572308299999989, 43.4138938 ], [ -109.5723061, 43.4634205 ], [ -109.6335125, 43.4636715 ], [ -109.6394701, 43.489959 ], [ -109.6741649, 43.4933841 ], [ -109.6740853, 43.5228222 ], [ -109.713477900000015, 43.522611399999988 ], [ -109.7138278, 43.5371647 ], [ -109.7337674, 43.5370952 ], [ -109.7338875, 43.5480119 ], [ -109.7188496, 43.5516593 ], [ -109.7533826, 43.5515656 ], [ -109.7540054, 43.5660035 ], [ -109.833538100000013, 43.5660008 ], [ -109.8330979, 43.5805035 ], [ -109.8713581, 43.581345 ], [ -109.871271900000011, 43.6464869 ], [ -109.911161, 43.6462855 ], [ -109.9110163, 43.6535279 ], [ -109.8523468, 43.6498438 ], [ -109.8524171, 43.6570659 ], [ -109.8279073, 43.6568126 ], [ -109.8328317, 43.6640321 ], [ -109.8180163, 43.6642255 ], [ -109.8130767, 43.6752483 ], [ -109.8327831, 43.6825871 ], [ -109.8424902, 43.726813 ], [ -109.7923862, 43.7270895 ], [ -109.793111, 43.7045131 ], [ -109.7635809, 43.6970558 ], [ -109.7631216, 43.6790084 ], [ -109.7530883, 43.6790806 ], [ -109.763914, 43.6681345 ], [ -109.7446936, 43.6682765 ], [ -109.7346287, 43.6574389 ], [ -109.694897700000013, 43.6613352 ], [ -109.6948233, 43.6540841 ], [ -109.6749851, 43.6541866 ], [ -109.675091099999989, 43.6397051 ], [ -109.6551265, 43.639851799999988 ], [ -109.6600654, 43.6542674 ], [ -109.365469, 43.6546614 ], [ -109.3683593, 43.6750333 ], [ -109.2503706, 43.7592867 ], [ -109.2335497, 43.7617414 ], [ -109.2078375, 43.7286682 ], [ -109.1502508, 43.7287958 ], [ -109.1507084, 43.772236799999988 ], [ -108.9917953, 43.7743228 ], [ -108.992757, 43.8969217 ], [ -109.037707, 43.9046772 ], [ -109.0377424, 43.9300294 ], [ -109.1179506, 43.9313917 ], [ -109.117862, 43.9444284 ], [ -109.0979556, 43.9458809 ], [ -109.0982584, 44.0332114 ], [ -109.158636699999988, 44.0330931 ], [ -109.1587368, 44.0470158 ], [ -109.258618900000016, 44.0469501 ], [ -109.2603102, 44.076961 ], [ -109.270846, 44.0842963 ], [ -109.280066300000016, 44.0770437 ], [ -109.3404675, 44.077039 ], [ -109.3404187, 44.1494293 ], [ -109.2810897, 44.1503811 ], [ -109.2812365, 44.1669623 ], [ -109.304127799999989, 44.1669817 ], [ -109.2976569, 44.2553853 ], [ -109.1771715, 44.2556765 ], [ -109.1771083, 44.3279696 ], [ -109.2975592, 44.3280294 ], [ -109.297701, 44.2990572 ], [ -109.3178701, 44.2989592 ], [ -109.3179026, 44.2772108 ], [ -109.4329075, 44.2771258 ], [ -109.4328265, 44.2668516 ], [ -109.4935131, 44.2667993 ], [ -109.4935568, 44.3391271 ], [ -109.4330157, 44.3391324 ], [ -109.4332235, 44.4409212 ], [ -109.524323099999989, 44.440424 ], [ -109.5240371, 44.484144 ], [ -109.4334292, 44.4840606 ], [ -109.433849, 44.5214004 ], [ -109.3210426, 44.5213206 ], [ -109.3211928, 44.6081606 ], [ -109.331330799999989, 44.6081671 ], [ -109.3329494, 44.6355122 ], [ -109.3029568, 44.6370836 ], [ -109.3012498, 44.6479391 ], [ -109.2708251, 44.651551 ], [ -109.2758384, 44.6841056 ], [ -109.3211075, 44.6877941 ], [ -109.320977, 44.87054 ], [ -109.2602704, 44.8706344 ], [ -109.2616405, 45.0054073 ], [ -110.0007405, 45.0033566 ], [ -110.000741, 44.9739091 ], [ -109.9698458, 44.9727621 ], [ -109.9271716, 44.9319507 ], [ -109.940089199999989, 44.8553016 ], [ -109.9281005, 44.8370775 ], [ -109.958973199999988, 44.8166399 ], [ -109.9578622, 44.801101 ], [ -109.9284846, 44.7904498 ], [ -109.8605753, 44.7247783 ], [ -109.8349645, 44.723619799999987 ], [ -109.8264414, 44.7005044 ], [ -109.8794686, 44.6520545 ], [ -109.9040755, 44.6486473 ], [ -109.9077207, 44.6378702 ], [ -110.0093223, 44.6163803 ], [ -110.0246076, 44.627891 ], [ -110.0336389, 44.6078292 ], [ -110.0642695, 44.6058157 ], [ -110.0798952, 44.5755321 ], [ -110.1213586, 44.5680264 ], [ -110.1343408, 44.5528752 ], [ -110.1528892, 44.5544187 ], [ -110.172309, 44.543425 ], [ -110.1412506, 44.5162417 ], [ -110.147373300000012, 44.5010641 ], [ -110.122393, 44.4732724 ], [ -110.0869558, 44.4913692 ], [ -110.0011514, 44.5040738 ], [ -110.0011646, 44.4605817 ], [ -110.0332492, 44.4267912 ], [ -110.0605482, 44.4205821 ], [ -110.074505300000013, 44.3982429 ], [ -110.0715008, 44.3421033 ], [ -110.0271508, 44.320271 ], [ -110.011792, 44.3267923 ], [ -109.9632645, 44.3233986 ], [ -109.9575424, 44.2908745 ], [ -109.8838654, 44.2704468 ], [ -109.8135757, 44.2236519 ], [ -109.780670199999989, 44.2127304 ], [ -109.7515339, 44.153371 ], [ -109.7490768, 44.1305695 ], [ -109.7664413, 44.0987587 ], [ -109.7226944, 44.0642815 ], [ -109.723205600000014, 44.0468483 ], [ -109.7493668, 44.0208588 ], [ -109.7888184, 44.0203285 ], [ -109.8587875, 43.957901 ], [ -109.8580856, 43.9425087 ], [ -109.872879, 43.9290466 ], [ -109.8517991, 43.9264832 ], [ -109.8475113, 43.9084663 ], [ -109.8593292, 43.9008331 ], [ -109.817436199999989, 43.8833275 ], [ -109.8316803, 43.8712387 ], [ -109.8138278, 43.8618018 ], [ -109.8547897, 43.8483849 ], [ -109.8573914, 43.8280373 ], [ -109.8876953, 43.825885799999988 ], [ -109.8812561, 43.8056793 ], [ -109.9234085, 43.807323499999988 ], [ -109.9624554, 43.7890626 ], [ -110.0284653, 43.7984009 ], [ -110.0436707, 43.7551079 ], [ -110.0808563, 43.753192899999988 ], [ -110.081337, 43.7379417 ], [ -110.045921299999989, 43.7135048 ], [ -110.0409011, 43.6771201 ], [ -110.0240402, 43.6774025 ], [ -110.065361, 43.658496899999989 ], [ -110.0576019, 43.628624 ], [ -110.0288238, 43.6183891 ], [ -110.063423199999988, 43.5994186 ], [ -110.0622559, 43.585804 ], [ -110.0494766, 43.5879097 ] ] ] ] } },
{ "type": "Feature", "properties": { "name": "White River National Forest", "region": "02", "acres": 2482711.0, "type": "national_forest" }, "geometry": { "type": "MultiPolygon", "coordinates": [ [ [ [ -106.2947036, 39.9192223 ], [ -106.2890446, 39.8993907 ], [ -106.3408901, 39.8994266 ], [ -106.3455463, 39.9139598 ], [ -106.3455949, 39.8994464 ], [ -106.6003483, 39.8964147 ], [ -106.6095932, 39.8294645 ], [ -106.5695642, 39.829436 ], [ -106.5595766, 39.7703133 ], [ -106.5876946, 39.7703764 ], [ -106.5876683, 39.7849096 ], [ -106.627385499999988, 39.7851681 ], [ -106.6270449, 39.6096495 ], [ -106.696105800000012, 39.6097214 ], [ -106.6961116, 39.5665614 ], [ -107.0311376, 39.5604507 ], [ -107.031045299999988, 39.5387728 ], [ -107.0488853, 39.5389922 ], [ -107.0488251, 39.4678503 ], [ -107.0669928, 39.4678563 ], [ -107.067272, 39.3953554 ], [ -106.9731171, 39.394740399999989 ], [ -106.9730896, 39.3355406 ], [ -106.9357183, 39.3355556 ], [ -106.9358359, 39.3065686 ], [ -106.8591462, 39.3065649 ], [ -106.8592695, 39.2772428 ], [ -106.8405694, 39.2772086 ], [ -106.8398812, 39.2145713 ], [ -106.807732300000012, 39.21091 ], [ -106.8029469, 39.1815725 ], [ -106.8311388, 39.1926595 ], [ -106.8405476, 39.1890921 ], [ -106.8406081, 39.1743317 ], [ -106.8593378, 39.1746628 ], [ -106.8593366, 39.2038656 ], [ -106.989555599999989, 39.2032424 ], [ -106.9912128, 39.2336627 ], [ -107.0673398, 39.2342734 ], [ -107.0676504, 39.3066285 ], [ -107.3057546, 39.308248 ], [ -107.306035099999988, 39.3934189 ], [ -107.3248322, 39.393868 ], [ -107.3239864, 39.4367952 ], [ -107.3441999, 39.4373073 ], [ -107.3430585, 39.4516704 ], [ -107.381064, 39.4517134 ], [ -107.3814832, 39.3942896 ], [ -107.5673446, 39.3966139 ], [ -107.5673674, 39.309539 ], [ -107.6061204, 39.3096005 ], [ -107.6060603, 39.3530829 ], [ -107.7138998, 39.3531733 ], [ -107.7139256, 39.3674625 ], [ -107.7512617, 39.3674161 ], [ -107.750635, 39.4043516 ], [ -107.7697509, 39.4042642 ], [ -107.7694705, 39.4385122 ], [ -107.9369769, 39.4317043 ], [ -107.9361101, 39.385798 ], [ -107.9902635, 39.3867191 ], [ -107.9901458, 39.3417737 ], [ -108.104396099999988, 39.3423608 ], [ -108.1042706, 39.2987867 ], [ -108.158190100000013, 39.2969714 ], [ -108.157769699999989, 39.2680416 ], [ -108.1464054, 39.2655205 ], [ -108.1331807, 39.276636499999988 ], [ -108.112068400000013, 39.2637412 ], [ -108.0849062, 39.2691656 ], [ -108.0511504, 39.2850639 ], [ -108.0322706, 39.315709 ], [ -108.0091839, 39.3057403 ], [ -107.9620973, 39.3183421 ], [ -107.962148899999988, 39.3459377 ], [ -107.9358649, 39.3616798 ], [ -107.9057897, 39.3713349 ], [ -107.852418899999989, 39.3698502 ], [ -107.8246112, 39.3810725 ], [ -107.789455100000012, 39.3529937 ], [ -107.7257116, 39.3412756 ], [ -107.7077534, 39.3477625 ], [ -107.6739603, 39.3424722 ], [ -107.66512, 39.2932557 ], [ -107.6403388, 39.2855863 ], [ -107.636367, 39.2665678 ], [ -107.576167399999989, 39.2620561 ], [ -107.5613275, 39.2458466 ], [ -107.5190722, 39.2300027 ], [ -107.526901, 39.2041832 ], [ -107.4947274, 39.2184997 ], [ -107.483980100000011, 39.2355813 ], [ -107.4640709, 39.2283917 ], [ -107.4311773, 39.2399983 ], [ -107.4286027, 39.2575122 ], [ -107.3944112, 39.2563198 ], [ -107.3771693, 39.2463665 ], [ -107.3769044, 39.1990771 ], [ -107.3529685, 39.172957 ], [ -107.2967147, 39.1550649 ], [ -107.2860751, 39.1367074 ], [ -107.2767018, 39.0891307 ], [ -107.286970599999989, 39.0627474 ], [ -107.276577500000016, 39.0302184 ], [ -107.2324102, 39.0198733 ], [ -107.2133406, 39.0316974 ], [ -107.1893596, 39.0328349 ], [ -107.1780448, 39.0303978 ], [ -107.1541458, 38.9938554 ], [ -107.103286, 38.9917729 ], [ -107.095537799999988, 39.0112584 ], [ -107.0515685, 38.984929 ], [ -107.0471046, 39.0150288 ], [ -107.0215988, 39.0136426 ], [ -106.9959979, 39.0339624 ], [ -106.9675295, 39.030950399999988 ], [ -106.964480099999989, 39.017189 ], [ -106.9099954, 38.9998843 ], [ -106.9080654, 38.9925183 ], [ -106.884343, 38.9905161 ], [ -106.8765732, 39.0071484 ], [ -106.8613832, 39.0096444 ], [ -106.8467594, 38.9868822 ], [ -106.8041851, 38.9781053 ], [ -106.7843779, 38.9864473 ], [ -106.7824984, 38.999298 ], [ -106.7451199, 39.0270298 ], [ -106.7492071, 39.0424882 ], [ -106.6986897, 39.055837 ], [ -106.684869, 39.0451799 ], [ -106.6551952, 39.0441452 ], [ -106.6484105, 39.0221746 ], [ -106.612639699999988, 38.9957363 ], [ -106.5992631, 38.9979933 ], [ -106.597346, 39.0446277 ], [ -106.5777399, 39.0526077 ], [ -106.5863449, 39.095719 ], [ -106.5636097, 39.1064288 ], [ -106.5581551, 39.1208106 ], [ -106.5617463, 39.1550113 ], [ -106.5113174, 39.1634074 ], [ -106.4936303, 39.1983491 ], [ -106.4896481, 39.2280121 ], [ -106.4990764, 39.2354147 ], [ -106.4810575, 39.2596761 ], [ -106.4830217, 39.272581 ], [ -106.5041164, 39.2848979 ], [ -106.5027268, 39.297998899999989 ], [ -106.484336200000016, 39.312885699999988 ], [ -106.4683176, 39.3073133 ], [ -106.432455100000013, 39.316347 ], [ -106.4334926, 39.3540876 ], [ -106.4048684, 39.3793593 ], [ -106.380613400000016, 39.3763248 ], [ -106.3579475, 39.3551379 ], [ -106.3120051, 39.3622786 ], [ -106.2838323, 39.3494917 ], [ -106.2592922, 39.362041 ], [ -106.2510666, 39.3577056 ], [ -106.2168375, 39.3837122 ], [ -106.0970382, 39.3779559 ], [ -106.0564128, 39.3585716 ], [ -106.0228689, 39.3611868 ], [ -106.014454, 39.3866703 ], [ -105.9517371, 39.414673 ], [ -105.9666183, 39.438491299999988 ], [ -105.9442919, 39.4407966 ], [ -105.9390302, 39.4582789 ], [ -105.905868200000015, 39.4597852 ], [ -105.8922147, 39.4843497 ], [ -105.8790222, 39.4839275 ], [ -105.8540104, 39.5047794 ], [ -105.868201, 39.5193525 ], [ -105.859651899999989, 39.5316613 ], [ -105.845477699999989, 39.523872 ], [ -105.8230472, 39.5300429 ], [ -105.8159453, 39.5521595 ], [ -105.838283, 39.5729037 ], [ -105.7758858, 39.6050857 ], [ -105.7846424, 39.6311139 ], [ -105.8487922, 39.6442902 ], [ -105.8648496, 39.6672955 ], [ -105.8849891, 39.6571333 ], [ -105.9114943, 39.6626997 ], [ -105.9267186, 39.673827 ], [ -105.9243805, 39.6987187 ], [ -105.9451993, 39.6888228 ], [ -105.9511448, 39.6951532 ], [ -105.996306499999989, 39.6840795 ], [ -106.0264502, 39.6895295 ], [ -106.0412361, 39.7158065 ], [ -106.0585853, 39.7250202 ], [ -106.0839568, 39.806507 ], [ -106.1246171, 39.8420696 ], [ -106.149200799999988, 39.8394952 ], [ -106.194042599999989, 39.8595577 ], [ -106.2554039, 39.9138604 ], [ -106.2947036, 39.9192223 ] ], [ [ -106.0682383, 39.6420696 ], [ -106.0534761, 39.6393284 ], [ -106.0581662, 39.6312255 ], [ -106.0682383, 39.6420696 ] ] ] ] } },
{ "type": "Feature", "properties": { "name": "Apache-Sitgreaves National Forests", "region": "03", "acres": 2110688.0, "type": "national_forest" }, "geometry": { "type": "MultiPolygon", "coordinates": [ [ [ [ -110.9757436, 34.7290927 ], [ -110.9591832, 34.7096369 ], [ -110.968806, 34.7038863 ], [ -110.9628586, 34.6955702 ], [ -110.975689100000011, 34.6904962 ], [ -110.979275, 34.6705492 ], [ -111.0077413, 34.6681247 ], [ -110.9981476, 34.6419008 ], [ -111.021931099999989, 34.6297695 ], [ -111.037005, 34.6342477 ], [ -111.0400155, 34.6216396 ], [ -111.0571303, 34.620289 ], [ -111.0458375, 34.596369 ], [ -111.066910600000014, 34.5741927 ], [ -111.0657394, 34.5546421 ], [ -111.07492280000001, 34.5489192 ], [ -111.0683304, 34.5442878 ], [ -111.0941671, 34.5264822 ], [ -111.093776, 34.4695824 ], [ -111.0828546, 34.4476943 ], [ -111.0958038, 34.3957397 ], [ -111.072017699999989, 34.3784952 ], [ -111.054310199999989, 34.3790186 ], [ -111.0524234, 34.3709841 ], [ -111.0406697, 34.3778516 ], [ -111.0371643, 34.3712243 ], [ -111.0578937, 34.3548749 ], [ -111.043751199999988, 34.3429135 ], [ -111.0287357, 34.3410603 ], [ -111.0338326, 34.3623603 ], [ -111.020056700000012, 34.3730682 ], [ -111.0205215, 34.3615337 ], [ -111.006134, 34.3609221 ], [ -111.006013599999989, 34.3508938 ], [ -110.974278, 34.3366426 ], [ -110.9593722, 34.3153553 ], [ -110.8974997, 34.3026851 ], [ -110.883425699999989, 34.2795584 ], [ -110.847468, 34.265676 ], [ -110.8197207, 34.2881847 ], [ -110.8454594, 34.3069148 ], [ -110.8115782, 34.2950356 ], [ -110.8055656, 34.3107904 ], [ -110.8018683, 34.2977349 ], [ -110.7878765, 34.3089666 ], [ -110.7878066, 34.2978287 ], [ -110.7810231, 34.3072772 ], [ -110.782945, 34.299183 ], [ -110.7644233, 34.2922128 ], [ -110.7576368, 34.2792368 ], [ -110.7631758, 34.25843 ], [ -110.7372692, 34.2740736 ], [ -110.7055635, 34.2688064 ], [ -110.6738782, 34.2813849 ], [ -110.6435025, 34.269168 ], [ -110.631819799999988, 34.2904426 ], [ -110.6141364, 34.2825925 ], [ -110.591875, 34.2912049 ], [ -110.5745982, 34.2760779 ], [ -110.5640249, 34.2841601 ], [ -110.5404619, 34.2721374 ], [ -110.5421765, 34.2814538 ], [ -110.5104461, 34.3044315 ], [ -110.4405604, 34.3000407 ], [ -110.4231285, 34.3066622 ], [ -110.4167008, 34.2940855 ], [ -110.3738143, 34.2791164 ], [ -110.3739245, 34.2618858 ], [ -110.3466328, 34.2390561 ], [ -110.3073824, 34.2356526 ], [ -110.2840552, 34.2181928 ], [ -110.2404962, 34.2196566 ], [ -110.2020889, 34.2512365 ], [ -110.1878782, 34.2386105 ], [ -110.169369, 34.2390554 ], [ -110.1569512, 34.2218961 ], [ -110.1174459, 34.2135264 ], [ -110.1088882, 34.2019465 ], [ -110.0867306, 34.2123216 ], [ -110.0749433, 34.1912798 ], [ -110.0420408, 34.2041387 ], [ -110.0106636, 34.1651198 ], [ -110.0122735, 34.1476052 ], [ -109.9806845, 34.139675 ], [ -109.9690781, 34.1089701 ], [ -109.9450713, 34.1145908 ], [ -109.8922179, 34.0984595 ], [ -109.8233376, 34.1118416 ], [ -109.8014317, 34.1279621 ], [ -109.7621552, 34.1177356 ], [ -109.7400698, 34.1357977 ], [ -109.7108533, 34.1434978 ], [ -109.6934317, 34.1306678 ], [ -109.6723421, 34.1502744 ], [ -109.6540004, 34.130359 ], [ -109.652949299999989, 34.1018006 ], [ -109.6055334, 34.1022196 ], [ -109.5820271, 34.057735 ], [ -109.5231796, 34.0156369 ], [ -109.5321077, 33.9951069 ], [ -109.525494099999989, 33.9863466 ], [ -109.5689923, 33.9218598 ], [ -109.563005499999989, 33.9091112 ], [ -109.5362538, 33.9216527 ], [ -109.511181799999989, 33.9098766 ], [ -109.4956739, 33.9161533 ], [ -109.4957171, 33.1206574 ], [ -109.4010765, 33.1213923 ], [ -109.3924583, 33.1648529 ], [ -109.3665942, 33.1648782 ], [ -109.3665642, 33.1794195 ], [ -109.2717071, 33.1793456 ], [ -109.2717273, 33.0640854 ], [ -109.117095299999988, 33.0636106 ], [ -109.1171674, 33.0055124 ], [ -109.0999287, 33.0055174 ], [ -109.0999914, 32.9765203 ], [ -109.0474906, 32.9765306 ], [ -109.0468182, 34.095943 ], [ -109.1240838, 34.0954987 ], [ -109.1251966, 34.1261575 ], [ -109.2305863, 34.1255192 ], [ -109.2300971, 34.096585399999988 ], [ -109.2828984, 34.0963919 ], [ -109.2829528, 34.0816048 ], [ -109.4642169, 34.0822773 ], [ -109.4737948, 34.0898494 ], [ -109.4730778, 34.1249712 ], [ -109.4983405, 34.125331 ], [ -109.508005, 34.1839566 ], [ -109.5337641, 34.183863 ], [ -109.5342173, 34.2129282 ], [ -109.6567595, 34.2136102 ], [ -109.658158899999989, 34.2284744 ], [ -109.718836, 34.2209244 ], [ -109.7441389, 34.2571651 ], [ -109.848853600000012, 34.2577404 ], [ -109.8485745, 34.3014605 ], [ -110.007727, 34.3011 ], [ -110.0074278, 34.3302535 ], [ -110.025051800000014, 34.3299365 ], [ -110.0248141, 34.3445183 ], [ -110.0423829, 34.3445551 ], [ -110.0419236, 34.3739387 ], [ -110.0595116, 34.3736257 ], [ -110.0592502, 34.3885574 ], [ -110.0874722, 34.3823885 ], [ -110.087679, 34.4115454 ], [ -110.1584704, 34.4114409 ], [ -110.158366, 34.4259503 ], [ -110.1928824, 34.4309382 ], [ -110.1935569, 34.4456192 ], [ -110.1759364, 34.445542 ], [ -110.1760251, 34.4603315 ], [ -110.3263982, 34.4680821 ], [ -110.3255759, 34.497118 ], [ -110.3433374, 34.4970463 ], [ -110.3432695, 34.5116817 ], [ -110.3962665, 34.5113193 ], [ -110.3961387, 34.5407095 ], [ -110.5209397, 34.5389192 ], [ -110.5210949, 34.5679019 ], [ -110.5741307, 34.5675451 ], [ -110.5739978, 34.5967642 ], [ -110.6104206, 34.596764 ], [ -110.610398800000013, 34.6112586 ], [ -110.6990682, 34.6112495 ], [ -110.6991891, 34.6371936 ], [ -110.8404173, 34.6376091 ], [ -110.8404619, 34.6809616 ], [ -110.8928248, 34.6811784 ], [ -110.8927715, 34.6956166 ], [ -110.9110173, 34.6956657 ], [ -110.9107933, 34.7246811 ], [ -110.9639179, 34.7249688 ], [ -110.9638761, 34.7322588 ], [ -110.9757436, 34.7290927 ] ], [ [ -110.2913729, 34.3654752 ], [ -110.2912849, 34.3590253 ], [ -110.2998428, 34.3608051 ], [ -110.2913729, 34.3654752 ] ] ] ] } },
{ "type": "Feature", "properties": { "name": "Carson National Forest", "region": "03", "acres": 1592477.0, "type": "national_forest" }, "geometry": { "type": "MultiPolygon", "coordinates": [ [ [ [ -106.1466341, 36.9948217 ], [ -106.477116, 36.9938123 ], [ -106.4592457, 36.9643257 ], [ -106.3758056, 36.9480372 ], [ -106.3720178, 36.8918719 ], [ -106.2675613, 36.8287671 ], [ -106.262787, 36.8058731 ], [ -106.3014216, 36.7782801 ], [ -106.316557300000014, 36.7367871 ], [ -106.299753599999988, 36.7060468 ], [ -106.277657, 36.6899064 ], [ -106.2228222, 36.6687617 ], [ -106.2325155, 36.6439492 ], [ -106.228244499999988, 36.6199404 ], [ -106.3801973, 36.6251421 ], [ -106.3947518, 36.6164883 ], [ -106.4372222, 36.6176431 ], [ -106.4378979, 36.5666152 ], [ -106.4468481, 36.566644 ], [ -106.4468105, 36.5519994 ], [ -106.4599707, 36.5484701 ], [ -106.4644232, 36.533978 ], [ -106.4824425, 36.5339938 ], [ -106.4823156, 36.5160156 ], [ -106.473333599999989, 36.5160048 ], [ -106.473489199999989, 36.4579494 ], [ -106.4554779, 36.45796 ], [ -106.4554342, 36.4506855 ], [ -106.4554786, 36.4361468 ], [ -106.4735243, 36.436199 ], [ -106.4734708, 36.4219472 ], [ -106.4824329, 36.4219274 ], [ -106.4824355, 36.4073807 ], [ -106.527239099999989, 36.4074365 ], [ -106.5273533, 36.4363557 ], [ -106.634966, 36.4363843 ], [ -106.6439751, 36.4726716 ], [ -106.68875, 36.465398 ], [ -106.6887823, 36.4221399 ], [ -106.6797722, 36.4221342 ], [ -106.6707702, 36.3786012 ], [ -106.652874, 36.378573599999989 ], [ -106.652845, 36.3495769 ], [ -106.6064356, 36.3495681 ], [ -106.6064249, 36.3345292 ], [ -106.5363032, 36.3350109 ], [ -106.5363142, 36.3215017 ], [ -106.5012499, 36.3242921 ], [ -106.5049402, 36.3432114 ], [ -106.4863038, 36.3281596 ], [ -106.4749303, 36.3302176 ], [ -106.4635294, 36.3091689 ], [ -106.4504403, 36.3079273 ], [ -106.4337257, 36.3214658 ], [ -106.4019766, 36.3203182 ], [ -106.4022378, 36.2328626 ], [ -106.3317441, 36.211474 ], [ -106.3177973, 36.2234736 ], [ -106.3575054, 36.315549 ], [ -106.3294576, 36.3145964 ], [ -106.3071706, 36.3285123 ], [ -106.279261100000014, 36.3089534 ], [ -106.2630045, 36.2821552 ], [ -106.2820272, 36.2427297 ], [ -106.2736839, 36.2218494 ], [ -106.2437696, 36.2148839 ], [ -106.2438318, 36.2400392 ], [ -106.1623084, 36.2402648 ], [ -106.1630654, 36.3637649 ], [ -106.00076, 36.3638018 ], [ -105.99922, 36.3066962 ], [ -106.0171178, 36.2921848 ], [ -106.016962299999989, 36.2483137 ], [ -105.999060199999988, 36.2483767 ], [ -105.9990747, 36.2338692 ], [ -105.9275146, 36.2341356 ], [ -105.9274744, 36.2522328 ], [ -105.9101351, 36.2557682 ], [ -105.9100928, 36.2630879 ], [ -105.9010252, 36.2630752 ], [ -105.9011031, 36.2522201 ], [ -105.8786307, 36.2559408 ], [ -105.8785274, 36.2487905 ], [ -105.8561596, 36.2486806 ], [ -105.8562186, 36.2630674 ], [ -105.802451499999989, 36.2702646 ], [ -105.7980059, 36.2920061 ], [ -105.7845591, 36.299256299999989 ], [ -105.7890269, 36.3464176 ], [ -105.8104635, 36.3496875 ], [ -105.819411500000015, 36.3787253 ], [ -105.7924617, 36.3786819 ], [ -105.765513, 36.4004315 ], [ -105.765463, 36.4221783 ], [ -105.783416, 36.4221581 ], [ -105.7833705, 36.4371592 ], [ -105.8192607, 36.4371316 ], [ -105.8192725, 36.4661384 ], [ -105.8282423, 36.4661326 ], [ -105.8282586, 36.495136 ], [ -105.8192865, 36.4951391 ], [ -105.8193008, 36.5096536 ], [ -105.8012813, 36.5096212 ], [ -105.8013411, 36.5238065 ], [ -105.8205787, 36.5238008 ], [ -105.8205902, 36.5383025 ], [ -105.9292067, 36.538299 ], [ -105.9292029, 36.5524241 ], [ -105.9471848, 36.552413799999989 ], [ -105.947198899999989, 36.5813992 ], [ -105.965166, 36.581376 ], [ -105.9664013, 36.6830063 ], [ -105.9843679, 36.6830187 ], [ -105.983366499999988, 36.7123479 ], [ -106.0013786, 36.7123416 ], [ -106.001384, 36.7413289 ], [ -106.0192968, 36.7413074 ], [ -106.0193102, 36.7557947 ], [ -106.0735222, 36.7557408 ], [ -106.073658, 36.7996936 ], [ -106.0917102, 36.7996468 ], [ -106.091569299999989, 36.8431193 ], [ -106.0374498, 36.8432103 ], [ -106.0374586, 36.8288593 ], [ -106.0011326, 36.8286746 ], [ -106.0012579, 36.8869777 ], [ -106.0557529, 36.8865218 ], [ -106.055743, 36.9158433 ], [ -106.0829122, 36.9159496 ], [ -106.0922321, 36.9522696 ], [ -106.1465745, 36.955594 ], [ -106.1466341, 36.9948217 ] ], [ [ -106.106905, 36.4859961 ], [ -106.118270700000011, 36.4866779 ], [ -106.1126623, 36.502829 ], [ -106.106905, 36.4859961 ] ] ] ] } },
{ "type": "Feature", "properties": { "name": "Cibola National Forest", "region": "03", "acres": 3215660.0, "type": "national_forest" }, "geometry": { "type": "MultiPolygon", "coordinates": [ [ [ [ -103.1720991, 36.6981852 ], [ -103.252980799999989, 36.6983664 ], [ -103.2530865, 36.6772236 ], [ -103.2622409, 36.6773094 ], [ -103.2531151, 36.6555021 ], [ -103.208308, 36.6554666 ], [ -103.2081382, 36.6120154 ], [ -103.1901537, 36.6121317 ], [ -103.181019, 36.5686399 ], [ -103.1272717, 36.5689801 ], [ -103.1273628, 36.4528082 ], [ -103.145642, 36.4528331 ], [ -103.1457328, 36.4310744 ], [ -103.1817624, 36.4311331 ], [ -103.1818746, 36.3948043 ], [ -103.2532935, 36.3947707 ], [ -103.2567492, 36.3328598 ], [ -103.2207633, 36.3329873 ], [ -103.2210447, 36.2895079 ], [ -103.2030226, 36.2895122 ], [ -103.203308, 36.2605017 ], [ -103.078247, 36.2608998 ], [ -103.0783396, 36.2318705 ], [ -103.0412547, 36.231946 ], [ -103.0415464, 36.3879157 ], [ -102.9637363, 36.3348665 ], [ -102.537013, 36.3294317 ], [ -102.5369245, 36.3378941 ], [ -102.4946333, 36.3376542 ], [ -102.494624, 36.2691102 ], [ -102.1629309, 36.2698525 ], [ -102.162785200000016, 36.5002355 ], [ -102.4633609, 36.5003778 ], [ -102.4634498, 36.5885411 ], [ -103.0024497, 36.5886582 ], [ -103.002409899999989, 36.671333 ], [ -103.1452799, 36.6699824 ], [ -103.1452395, 36.6842489 ], [ -103.172159799999989, 36.687908 ], [ -103.1720991, 36.6981852 ] ] ] ] } },
{ "type": "Feature", "properties": { "name": "Coconino National Forest", "region": "03", "acres": 2000952.0, "type": "national_forest" }, "geometry": { "type": "MultiPolygon", "coordinates": [ [ [ [ -111.8717765, 35.5849447 ], [ -111.8719771, 35.5416108 ], [ -111.8899707, 35.5417718 ], [ -111.890181, 35.4969078 ], [ -111.8611131, 35.496845 ], [ -111.8621109, 35.4566463 ], [ -111.8444342, 35.4566671 ], [ -111.8435365, 35.3405827 ], [ -111.8612415, 35.3407586 ], [ -111.8612275, 35.3246669 ], [ -111.8790406, 35.3241824 ], [ -111.8789605, 35.2815321 ], [ -111.8613036, 35.2816327 ], [ -111.8611455, 35.2451798 ], [ -111.8079955, 35.2378737 ], [ -111.807899, 35.2266114 ], [ -111.7743383, 35.2106583 ], [ -111.7722196, 35.165611399999989 ], [ -111.8077179, 35.1652297 ], [ -111.8075702, 35.1507095 ], [ -111.9796177, 35.148971 ], [ -111.9765814, 35.1370243 ], [ -111.995756500000013, 35.1270762 ], [ -111.9491112, 35.0748359 ], [ -111.9671854, 35.0449914 ], [ -111.9725677, 34.9949219 ], [ -112.0272446, 34.9686023 ], [ -112.0239467, 34.9571063 ], [ -112.0357151, 34.9462312 ], [ -112.0263694, 34.9309452 ], [ -112.0492303, 34.9214537 ], [ -112.0419876, 34.9166286 ], [ -112.051565599999989, 34.9165733 ], [ -112.075846200000015, 34.8862716 ], [ -112.0671514, 34.8825422 ], [ -112.0784271, 34.8630438 ], [ -112.072175699999988, 34.8473313 ], [ -112.0651276, 34.8516954 ], [ -112.0467128, 34.8309337 ], [ -112.065404, 34.8240054 ], [ -112.0185103, 34.7798171 ], [ -112.0138007, 34.7580264 ], [ -111.9920145, 34.7469868 ], [ -111.9917984, 34.724985 ], [ -111.9743058, 34.7212404 ], [ -111.970199799999989, 34.7007861 ], [ -111.955938, 34.6956882 ], [ -111.965049799999989, 34.6858775 ], [ -111.9519009, 34.6739695 ], [ -111.9382096, 34.6745986 ], [ -111.9290764, 34.6396533 ], [ -111.9189614, 34.6306671 ], [ -111.89802370000001, 34.6344841 ], [ -111.8972605, 34.6102232 ], [ -111.8759015, 34.6109283 ], [ -111.8843068, 34.5899918 ], [ -111.8691257, 34.5751043 ], [ -111.8447362, 34.5696031 ], [ -111.8689376, 34.5318835 ], [ -111.8360501, 34.5263052 ], [ -111.83893, 34.5081777 ], [ -111.8160297, 34.497935 ], [ -111.8183083, 34.4813989 ], [ -111.8009101, 34.4841292 ], [ -111.8004462, 34.4663218 ], [ -111.7828571, 34.468158 ], [ -111.7906165, 34.4411264 ], [ -111.7671398, 34.4359722 ], [ -111.7861207, 34.404993 ], [ -111.762929, 34.3867402 ], [ -111.767614, 34.378934 ], [ -111.7552604, 34.3819013 ], [ -111.7154667, 34.3642586 ], [ -111.6753062, 34.3059493 ], [ -111.6633289, 34.3182345 ], [ -111.659576199999989, 34.3864145 ], [ -111.6305462, 34.3933945 ], [ -111.6011934, 34.4192523 ], [ -111.5769024, 34.4205235 ], [ -111.5667335, 34.4311042 ], [ -111.524557699999988, 34.4116867 ], [ -111.5003548, 34.4276149 ], [ -111.4933804, 34.4186611 ], [ -111.494884899999988, 34.4339138 ], [ -111.4672714, 34.4377649 ], [ -111.4771946, 34.429457 ], [ -111.4694194, 34.426754599999988 ], [ -111.4815322, 34.4229018 ], [ -111.464316, 34.4091796 ], [ -111.4621261, 34.4225167 ], [ -111.4433666, 34.4332637 ], [ -111.4439965, 34.4413958 ], [ -111.4334967, 34.4399816 ], [ -111.435544, 34.4464403 ], [ -111.3983999, 34.4438164 ], [ -111.406734899999989, 34.427412 ], [ -111.4254525, 34.435636 ], [ -111.4285072, 34.4135759 ], [ -111.4283175, 34.3870359 ], [ -111.4215841, 34.3935704 ], [ -111.4184988, 34.376951399999989 ], [ -111.4072955, 34.3769261 ], [ -111.3840382, 34.3906549 ], [ -111.4111234, 34.407918 ], [ -111.4011271, 34.4108641 ], [ -111.3985418, 34.4278628 ], [ -111.38822, 34.4245683 ], [ -111.3716033, 34.439698299999989 ], [ -111.3518525, 34.4410193 ], [ -111.353927399999989, 34.4245371 ], [ -111.3244807, 34.4224453 ], [ -111.2507007, 34.4533889 ], [ -111.2401828, 34.4316734 ], [ -111.2277147, 34.4317994 ], [ -111.2095999, 34.4084297 ], [ -111.1610951, 34.4039403 ], [ -111.1469766, 34.3752711 ], [ -111.127759399999988, 34.3907321 ], [ -111.1103552, 34.3836518 ], [ -111.1116165, 34.3914695 ], [ -111.1004424, 34.3900725 ], [ -111.091776200000012, 34.4036158 ], [ -111.0832797, 34.4373501 ], [ -111.0941345, 34.526622 ], [ -111.0683304, 34.5442878 ], [ -111.07492280000001, 34.5489192 ], [ -111.0657394, 34.5546421 ], [ -111.066910600000014, 34.5741927 ], [ -111.0458375, 34.596369 ], [ -111.0571303, 34.620289 ], [ -111.0400155, 34.6216396 ], [ -111.037005, 34.6342477 ], [ -111.021931099999989, 34.6297695 ], [ -110.9981476, 34.6419008 ], [ -111.0077413, 34.6681247 ], [ -110.979275, 34.6705492 ], [ -110.975689100000011, 34.6904962 ], [ -110.9628586, 34.6955702 ], [ -110.968806, 34.7038863 ], [ -110.9591832, 34.7096369 ], [ -110.9757436, 34.7290927 ], [ -110.9609734, 34.7348695 ], [ -110.9719384, 34.7414193 ], [ -110.9638349, 34.7686492 ], [ -111.0901266, 34.7688892 ], [ -111.090325100000015, 34.8048992 ], [ -111.1726112, 34.8033652 ], [ -111.172300799999988, 34.8613346 ], [ -111.207541400000011, 34.861757 ], [ -111.2077025, 34.9349182 ], [ -111.2430866, 34.9349133 ], [ -111.243017, 34.9785907 ], [ -111.2794246, 34.9786245 ], [ -111.2800336, 35.0655392 ], [ -111.2975795, 35.0650802 ], [ -111.2976277, 35.0788011 ], [ -111.3152705, 35.0782558 ], [ -111.3153752, 35.1224481 ], [ -111.2977784, 35.122754 ], [ -111.2904213, 35.1711403 ], [ -111.2727544, 35.1711272 ], [ -111.2727526, 35.2146563 ], [ -111.3080764, 35.2146554 ], [ -111.30808, 35.2291539 ], [ -111.3257547, 35.2291555 ], [ -111.3258419, 35.330728 ], [ -111.3834442, 35.3307493 ], [ -111.3771138, 35.5393377 ], [ -111.765571, 35.5418744 ], [ -111.7656065, 35.585339 ], [ -111.8717765, 35.5849447 ] ], [ [ -111.7499867, 34.6490283 ], [ -111.7688189, 34.6456041 ], [ -111.7629308, 34.6529467 ], [ -111.7499867, 34.6490283 ] ], [ [ -111.825720499999989, 34.6133471 ], [ -111.8257152, 34.6055898 ], [ -111.847597799999988, 34.605574 ], [ -111.8438935, 34.6200827 ], [ -111.825720499999989, 34.6133471 ] ], [ [ -111.4891013, 35.3855553 ], [ -111.4890208, 35.3566625 ], [ -111.5336227, 35.3603217 ], [ -111.5335751, 35.3819274 ], [ -111.4891013, 35.3855553 ] ], [ [ -111.445060399999988, 35.181119699999989 ], [ -111.4450704, 35.173865 ], [ -111.471555, 35.1666772 ], [ -111.4804301, 35.1521083 ], [ -111.5064353, 35.1593922 ], [ -111.544980099999989, 35.1519797 ], [ -111.5356048, 35.1738918 ], [ -111.5064619, 35.1773954 ], [ -111.4848384, 35.1666751 ], [ -111.445060399999988, 35.181119699999989 ] ] ] ] } },
{ "type": "Feature", "properties": { "name": "Coronado National Forest", "region": "03", "acres": 1785091.0, "type": "national_forest" }, "geometry": { "type": "MultiPolygon", "coordinates": [ [ [ [ -109.2462821, 32.0751677 ], [ -109.2616052, 32.0752006 ], [ -109.261524, 32.1186591 ], [ -109.295652, 32.1186894 ], [ -109.295656, 32.1332093 ], [ -109.3810424, 32.1374587 ], [ -109.3811312, 32.0795119 ], [ -109.3720808, 32.0794467 ], [ -109.3721523, 32.0430483 ], [ -109.3806769, 32.0357778 ], [ -109.335327299999989, 32.0414474 ], [ -109.3208024, 32.0533968 ], [ -109.3070084, 32.0442969 ], [ -109.3015936, 31.9781477 ], [ -109.3722075, 31.9849179 ], [ -109.372239, 31.9703378 ], [ -109.38927, 31.9703529 ], [ -109.3892733, 31.9630797 ], [ -109.4401289, 31.9630836 ], [ -109.440247, 31.8831797 ], [ -109.3893194, 31.8831572 ], [ -109.389314399999989, 31.8758733 ], [ -109.3722253, 31.875852 ], [ -109.3722231, 31.8613053 ], [ -109.4062958, 31.8613413 ], [ -109.4149487, 31.8394991 ], [ -109.440347800000012, 31.8395863 ], [ -109.440404199999989, 31.8176443 ], [ -109.4285253, 31.8176319 ], [ -109.4286275, 31.7285686 ], [ -109.4466809, 31.7286324 ], [ -109.4466605, 31.655235 ], [ -109.4299818, 31.6552398 ], [ -109.429677399999989, 31.6407049 ], [ -109.439713399999988, 31.640704 ], [ -109.4396054, 31.5532601 ], [ -109.3374085, 31.5528072 ], [ -109.336688599999988, 31.6250925 ], [ -109.3198188, 31.6250988 ], [ -109.3109757, 31.6615957 ], [ -109.2853237, 31.6614975 ], [ -109.2852841, 31.6832005 ], [ -109.2598402, 31.6831417 ], [ -109.2598294, 31.6977377 ], [ -109.1568849, 31.6977771 ], [ -109.139143, 31.7339442 ], [ -109.1221926, 31.7411901 ], [ -109.1216848, 31.9107856 ], [ -109.1539584, 31.9110096 ], [ -109.1539397, 31.9184053 ], [ -109.1699458, 31.9195488 ], [ -109.1692995, 31.9349428 ], [ -109.186256899999989, 31.9344785 ], [ -109.1862403, 31.9421315 ], [ -109.2117801, 31.9420783 ], [ -109.2115943, 31.9272673 ], [ -109.2202455, 31.9272323 ], [ -109.2207128, 31.9854186 ], [ -109.2462609, 31.992664800000011 ], [ -109.2462821, 32.0751677 ] ] ] ] } },
{ "type": "Feature", "properties": { "name": "Gila National Forest", "region": "03", "acres": 3389394.0, "type": "national_forest" }, "geometry": { "type": "MultiPolygon", "coordinates": [ [ [ [ -108.6293226, 34.2595948 ], [ -108.6266876, 34.1828064 ], [ -108.6618852, 34.1828533 ], [ -108.6620253, 34.1249012 ], [ -108.7668173, 34.1248901 ], [ -108.7665189, 34.0958346 ], [ -108.8720399, 34.0940403 ], [ -108.871906, 34.0794636 ], [ -108.9068886, 34.079158 ], [ -108.9060852, 34.0521697 ], [ -109.0467946, 34.0516175 ], [ -109.0474869, 32.949505 ], [ -108.9044935, 32.9489588 ], [ -108.904116699999989, 33.0355661 ], [ -108.9560198, 33.0354134 ], [ -108.9565804, 33.0929657 ], [ -108.9910651, 33.0926225 ], [ -108.9907806, 33.1796559 ], [ -108.6465615, 33.1804083 ], [ -108.6465471, 33.150036199999988 ], [ -108.6382158, 33.1500267 ], [ -108.6295613, 33.1221061 ], [ -108.5770746, 33.1205562 ], [ -108.577435799999989, 33.0638604 ], [ -108.5603152, 33.0640384 ], [ -108.5602892, 33.0495849 ], [ -108.5422114, 33.0494636 ], [ -108.5425528, 33.0131865 ], [ -108.5079637, 33.0204055 ], [ -108.5081311, 33.0059389 ], [ -108.439771, 33.0056683 ], [ -108.440086, 32.9910785 ], [ -108.3884054, 32.9911566 ], [ -108.389713199999989, 32.821726 ], [ -108.3553425, 32.8216918 ], [ -108.3552805, 32.7926987 ], [ -108.30386, 32.7938748 ], [ -108.3038265, 32.8375494 ], [ -108.2693784, 32.837407 ], [ -108.269985800000015, 32.8811854 ], [ -108.2034945, 32.8815528 ], [ -108.202350599999988, 32.837784 ], [ -108.1853038, 32.8377112 ], [ -108.1837262, 32.7804358 ], [ -108.127706, 32.7800776 ], [ -108.1285949, 32.8084421 ], [ -108.11556010000001, 32.8082577 ], [ -108.1160928, 32.8233029 ], [ -108.0987244, 32.8230071 ], [ -108.098742500000014, 32.8657318 ], [ -108.061674, 32.8653515 ], [ -108.064562, 32.8233326 ], [ -107.9931769, 32.8217267 ], [ -107.9927721, 32.8649871 ], [ -108.009881, 32.8650041 ], [ -108.0095264, 32.9221405 ], [ -107.9414044, 32.9217052 ], [ -107.9414363, 32.893456 ], [ -107.9243108, 32.8933714 ], [ -107.9244987, 32.8651555 ], [ -107.8724215, 32.8651246 ], [ -107.8723555, 32.8361345 ], [ -107.8551454, 32.8360769 ], [ -107.8551437, 32.8215598 ], [ -107.8207423, 32.8215012 ], [ -107.8207492, 32.7780288 ], [ -107.7853468, 32.778061 ], [ -107.7852871, 32.7345023 ], [ -107.6830395, 32.7355556 ], [ -107.682778399999989, 32.7498265 ], [ -107.6657051, 32.7499867 ], [ -107.6656713, 32.7784544 ], [ -107.6316238, 32.7791506 ], [ -107.6313238, 32.9072991 ], [ -107.6834309, 32.9073254 ], [ -107.6818968, 32.9538539 ], [ -107.6929658, 32.9538483 ], [ -107.6929871, 33.081986 ], [ -107.7093161, 33.0817273 ], [ -107.7099194, 33.1670171 ], [ -107.694254199999989, 33.1700948 ], [ -107.6943066, 33.1844874 ], [ -107.6771431, 33.1847991 ], [ -107.6771892, 33.2437863 ], [ -107.6787693, 33.2587337 ], [ -107.6959009, 33.2586419 ], [ -107.695799799999989, 33.3910668 ], [ -107.712404, 33.3909262 ], [ -107.7127537, 33.4768326 ], [ -107.7300638, 33.4767116 ], [ -107.7299691, 33.6957825 ], [ -107.7985529, 33.6928491 ], [ -107.7992927, 33.6489645 ], [ -107.8168578, 33.6484875 ], [ -107.8161979, 33.6200456 ], [ -107.8332311, 33.6196712 ], [ -107.8330861, 33.590844 ], [ -107.8509463, 33.5903634 ], [ -107.8506956, 33.5759301 ], [ -107.868438399999988, 33.5755967 ], [ -107.8691404, 33.5477262 ], [ -107.8867456, 33.5476247 ], [ -107.8863635, 33.5042188 ], [ -107.9035426, 33.504343 ], [ -107.9031842, 33.4899088 ], [ -107.937727599999988, 33.4902994 ], [ -107.93767050000001, 33.5193207 ], [ -107.9541699, 33.51974 ], [ -107.9542405, 33.5342653 ], [ -107.937788399999988, 33.5338399 ], [ -107.937736199999989, 33.592455799999989 ], [ -107.9543118, 33.5933991 ], [ -107.9542535, 33.6084754 ], [ -107.9876576, 33.61081 ], [ -107.9875037, 33.6259923 ], [ -108.0046114, 33.6274541 ], [ -108.0047689, 33.6419093 ], [ -108.0216596, 33.6418865 ], [ -108.0388908, 33.6404685 ], [ -108.038812, 33.625192399999989 ], [ -108.0559194, 33.6247971 ], [ -108.0559066, 33.6096386 ], [ -108.0729857, 33.6091996 ], [ -108.0721581, 33.5790162 ], [ -108.0894356, 33.5793049 ], [ -108.0895515, 33.549934 ], [ -108.1068944, 33.5500037 ], [ -108.106979700000011, 33.4779369 ], [ -108.2302881, 33.47615 ], [ -108.2303781, 33.5913854 ], [ -108.2642186, 33.591844 ], [ -108.264252, 33.6209943 ], [ -108.2811366, 33.6212525 ], [ -108.2810646, 33.6358598 ], [ -108.3150937, 33.636311 ], [ -108.3149792, 33.708786 ], [ -108.331911300000016, 33.7088422 ], [ -108.3326601, 33.7520197 ], [ -108.350053699999989, 33.7522435 ], [ -108.3528387, 33.821916 ], [ -108.331919, 33.8218426 ], [ -108.331865, 33.8505215 ], [ -108.34905160000001, 33.8506281 ], [ -108.3491321, 33.8650457 ], [ -108.435919, 33.8659022 ], [ -108.4358682, 33.880053 ], [ -108.4531446, 33.8800815 ], [ -108.4533559, 33.9086879 ], [ -108.3840671, 33.9085992 ], [ -108.3840453, 33.9374116 ], [ -108.3314613, 33.9375361 ], [ -108.332095, 33.9663101 ], [ -108.2282369, 33.9670929 ], [ -108.2279072, 34.0526493 ], [ -108.245165899999989, 34.0526423 ], [ -108.2454408, 34.0669804 ], [ -108.2629374, 34.0669386 ], [ -108.2628728, 34.095774 ], [ -108.3331123, 34.096086 ], [ -108.3332316, 34.110507 ], [ -108.3500819, 34.1103882 ], [ -108.3496933, 34.1973213 ], [ -108.3670444, 34.1973367 ], [ -108.3670684, 34.2118577 ], [ -108.3845053, 34.2118212 ], [ -108.3847573, 34.2263494 ], [ -108.4191196, 34.2260242 ], [ -108.4198831, 34.2407411 ], [ -108.4364692, 34.2403493 ], [ -108.4380015, 34.2597027 ], [ -108.6293226, 34.2595948 ] ], [ [ -108.158569, 32.8009983 ], [ -108.144558499999988, 32.8010405 ], [ -108.146036400000014, 32.7864853 ], [ -108.158569, 32.8009983 ] ] ] ] } },
{ "type": "Feature", "properties": { "name": "Kaibab National Forest", "region": "03", "acres": 1581389.0, "type": "national_forest" }, "geometry": { "type": "MultiPolygon", "coordinates": [ [ [ [ -112.2881308, 36.8090741 ], [ -112.3061766, 36.7945773 ], [ -112.3061576, 36.7583164 ], [ -112.333168, 36.7583435 ], [ -112.3331369, 36.736598 ], [ -112.3599015, 36.7365142 ], [ -112.3599974, 36.7136213 ], [ -112.388698, 36.7186193 ], [ -112.4325805, 36.7078573 ], [ -112.4592482, 36.721666 ], [ -112.4776197, 36.7125258 ], [ -112.5052839, 36.7290899 ], [ -112.5402457, 36.7134172 ], [ -112.563510799999989, 36.7183691 ], [ -112.5950959, 36.6728336 ], [ -112.6096778, 36.6680581 ], [ -112.6222134, 36.6490392 ], [ -112.6410762, 36.6475548 ], [ -112.6290201, 36.6073266 ], [ -112.6708654, 36.5459851 ], [ -112.6649743, 36.5275675 ], [ -112.6567425, 36.5270692 ], [ -112.659979299999989, 36.5073631 ], [ -112.6483378, 36.5004848 ], [ -112.66567950000001, 36.4818187 ], [ -112.6476021, 36.4947438 ], [ -112.645682799999989, 36.4800228 ], [ -112.634966100000014, 36.4794489 ], [ -112.6119684, 36.500836899999989 ], [ -112.5908216, 36.5019417 ], [ -112.577413, 36.4788802 ], [ -112.5395137, 36.4505005 ], [ -112.4970547, 36.4573695 ], [ -112.4485677, 36.4507649 ], [ -112.4359818, 36.4459498 ], [ -112.4454005, 36.4376147 ], [ -112.4404693, 36.4303633 ], [ -112.4152718, 36.4335673 ], [ -112.4042223, 36.4264679 ], [ -112.3857503, 36.4365369 ], [ -112.3638522, 36.4226176 ], [ -112.3750131, 36.4185591 ], [ -112.3550709, 36.4128282 ], [ -112.3700173, 36.404652399999989 ], [ -112.340824399999988, 36.393769 ], [ -112.362251, 36.3826636 ], [ -112.3299088, 36.3807111 ], [ -112.337255899999988, 36.3735613 ], [ -112.3147959, 36.3670583 ], [ -112.3422779, 36.3629893 ], [ -112.3422787, 36.3522067 ], [ -112.1454722, 36.3521896 ], [ -112.1454675, 36.3376862 ], [ -112.0460711, 36.337688 ], [ -112.0307968, 36.308985 ], [ -111.998796500000012, 36.2996997 ], [ -111.9319378, 36.3110554 ], [ -111.9226569, 36.3222526 ], [ -111.8799327, 36.3204824 ], [ -111.8948669, 36.3528727 ], [ -111.9051164, 36.3454151 ], [ -111.913075600000013, 36.3522964 ], [ -111.9234178, 36.3428409 ], [ -111.941837, 36.3445903 ], [ -111.8917024, 36.3857425 ], [ -111.917578299999988, 36.3978433 ], [ -111.9166355, 36.4096605 ], [ -111.9000261, 36.4200914 ], [ -111.8816797, 36.4144405 ], [ -111.8911505, 36.4291732 ], [ -111.860287, 36.443779 ], [ -111.8762043, 36.4532283 ], [ -111.8491452, 36.4657387 ], [ -111.8571326, 36.4836128 ], [ -111.8695308, 36.4901763 ], [ -111.8805159, 36.4831811 ], [ -111.8844789, 36.4900394 ], [ -111.927278199999989, 36.4604963 ], [ -111.9246183, 36.4780334 ], [ -111.8930478, 36.5021911 ], [ -111.9065725, 36.5119349 ], [ -111.9935305, 36.5120276 ], [ -112.0005679, 36.6279803 ], [ -112.0185172, 36.6352487 ], [ -112.0185454, 36.700478 ], [ -112.0545751, 36.7294806 ], [ -112.0726085, 36.7874156 ], [ -112.0816306, 36.7910231 ], [ -112.0636517, 36.8418552 ], [ -112.0636634, 36.9034633 ], [ -112.2520982, 36.9034107 ], [ -112.2520995, 36.874335599999988 ], [ -112.2701269, 36.8743506 ], [ -112.2701294, 36.8526117 ], [ -112.2791258, 36.8526057 ], [ -112.2881308, 36.8090741 ] ] ] ] } },
{ "type": "Feature", "properties": { "name": "Lincoln National Forest", "region": "03", "acres": 1261954.0, "type": "national_forest" }, "geometry": { "type": "MultiPolygon", "coordinates": [ [ [ [ -105.8269314, 33.134883 ], [ -105.8692724, 33.1349474 ], [ -105.8687203, 32.9891943 ], [ -105.9232165, 32.9890614 ], [ -105.9176478, 32.860895 ], [ -105.9196811, 32.8463076 ], [ -105.9287033, 32.8463071 ], [ -105.9285035, 32.8027821 ], [ -105.9110708, 32.8027835 ], [ -105.9111024, 32.7301606 ], [ -105.9024606, 32.7301608 ], [ -105.9024621, 32.7083278 ], [ -105.8767134, 32.7083983 ], [ -105.8662148, 32.6052564 ], [ -105.523659, 32.6038241 ], [ -105.5256198, 32.6181849 ], [ -105.4543179, 32.6184176 ], [ -105.4544993, 32.6544949 ], [ -105.42031, 32.6545947 ], [ -105.4210605, 32.7068498 ], [ -105.3189746, 32.7070734 ], [ -105.3189013, 32.8093249 ], [ -105.3522053, 32.8095162 ], [ -105.3694105, 32.7949519 ], [ -105.4211543, 32.7948917 ], [ -105.4211507, 32.7875257 ], [ -105.4554951, 32.7797245 ], [ -105.4557734, 32.8460546 ], [ -105.3450835, 32.8534034 ], [ -105.335640399999988, 32.8527158 ], [ -105.3355024, 32.8385128 ], [ -105.3035177, 32.8393201 ], [ -105.306122, 32.8991575 ], [ -105.3523887, 32.8992734 ], [ -105.3524373, 32.9278979 ], [ -105.3696905, 32.9277449 ], [ -105.3698968, 32.9619723 ], [ -105.3846251, 32.9619525 ], [ -105.3851145, 33.0031047 ], [ -105.8315219, 33.0036861 ], [ -105.8269314, 33.134883 ] ] ] ] } },
{ "type": "Feature", "properties": { "name": "Prescott National Forest", "region": "03", "acres": 1411550.0, "type": "national_forest" }, "geometry": { "type": "MultiPolygon", "coordinates": [ [ [ [ -113.0582448, 35.1549132 ], [ -113.0579961, 35.0207089 ], [ -112.9577461, 35.0210025 ], [ -112.964314, 34.8410491 ], [ -113.0167351, 34.8415676 ], [ -113.0140439, 34.7185392 ], [ -112.9446348, 34.71864 ], [ -112.9445787, 34.6606258 ], [ -112.8889211, 34.660607 ], [ -112.883404, 34.575782 ], [ -112.8306968, 34.5757693 ], [ -112.830702100000011, 34.5324899 ], [ -112.7650301, 34.5324851 ], [ -112.7650218, 34.5469867 ], [ -112.7310668, 34.5469688 ], [ -112.7310006, 34.5917909 ], [ -112.6420007, 34.5926231 ], [ -112.6420273, 34.5480181 ], [ -112.6222306, 34.5481772 ], [ -112.6201219, 34.4395196 ], [ -112.5851, 34.4395502 ], [ -112.5841195, 34.3319145 ], [ -112.514192600000015, 34.3321684 ], [ -112.5182304, 34.1576867 ], [ -112.4120054, 34.1576579 ], [ -112.4120646, 34.1286349 ], [ -112.2032914, 34.1283904 ], [ -112.1993119, 34.3780602 ], [ -112.2693434, 34.3780544 ], [ -112.2694999, 34.4575524 ], [ -112.3093737, 34.4576196 ], [ -112.3089985, 34.5433259 ], [ -112.4129116, 34.54335 ], [ -112.4126397, 34.5289008 ], [ -112.4328287, 34.5271926 ], [ -112.4292055, 34.5126299 ], [ -112.5001418, 34.5125481 ], [ -112.499493699999988, 34.5704095 ], [ -112.5169541, 34.5704294 ], [ -112.5079871, 34.5887221 ], [ -112.517096099999989, 34.5999595 ], [ -112.5176169, 34.6575883 ], [ -112.5355709, 34.6573604 ], [ -112.5368058, 34.6865302 ], [ -112.5728975, 34.687725 ], [ -112.5741904, 34.7168028 ], [ -112.627437, 34.7184657 ], [ -112.628136, 34.7624167 ], [ -112.6984152, 34.7623048 ], [ -112.69958, 34.9825298 ], [ -112.733519, 34.9825754 ], [ -112.735063, 35.0689054 ], [ -112.8057068, 35.0688757 ], [ -112.8057819, 35.1503736 ], [ -112.9530437, 35.1502087 ], [ -112.9531621, 35.1570763 ], [ -113.0582448, 35.1549132 ] ] ] ] } },
{ "type": "Feature", "properties": { "name": "Green Mountain and Finger Lakes National Forests", "region": "09", "acres": 854081.0, "type": "national_forest" }, "geometry": { "type": "MultiPolygon", "coordinates": [ [ [ [ -72.9289364, 43.4851174 ], [ -72.9419312, 43.4757568 ], [ -72.9340898, 43.4557179 ], [ -72.9703355, 43.4420179 ], [ -72.9706858, 43.4309777 ], [ -72.9916187, 43.4161222 ], [ -72.9938772, 43.3050894 ], [ -73.2551989, 43.3144925 ], [ -73.2769857, 42.8336366 ], [ -73.2846483, 42.8346352 ], [ -73.2895023, 42.8034268 ], [ -73.2750541, 42.7459793 ], [ -72.9076374, 42.7387441 ], [ -72.8962996, 42.7462291 ], [ -72.908803, 42.7651103 ], [ -72.8937879, 42.7703705 ], [ -72.8959748, 42.789509 ], [ -72.9155104, 42.7942615 ], [ -72.9090071, 42.8328826 ], [ -72.8812507, 42.8311102 ], [ -72.9023017, 42.8415294 ], [ -72.8892667, 42.8555603 ], [ -72.9037562, 42.8691072 ], [ -72.8907894, 42.8740701 ], [ -72.8941469, 42.8900256 ], [ -72.8835816, 42.8901807 ], [ -72.8785644, 42.909943 ], [ -72.8945268, 42.9873578 ], [ -72.8877963, 42.9952305 ], [ -72.8708416, 42.9704116 ], [ -72.8723496, 42.9514178 ], [ -72.8453025, 42.929246 ], [ -72.8356178, 42.9252494 ], [ -72.8294474, 42.9341259 ], [ -72.8060017, 42.9376644 ], [ -72.7904492, 42.959497 ], [ -72.7951489, 43.0057615 ], [ -72.7736207, 43.0247213 ], [ -72.790496, 43.0380398 ], [ -72.784377, 43.0564597 ], [ -72.7356437, 43.0725551 ], [ -72.7781464, 43.1001417 ], [ -72.7746416, 43.11114 ], [ -72.7560667, 43.1160566 ], [ -72.7619236, 43.1233722 ], [ -72.7982707, 43.1247673 ], [ -72.792696, 43.1418153 ], [ -72.8042509, 43.1603973 ], [ -72.8376409, 43.1460883 ], [ -72.8784115, 43.1440422 ], [ -72.9057785, 43.1576657 ], [ -72.8647078, 43.1979437 ], [ -72.8372122, 43.2060891 ], [ -72.848462, 43.2576713 ], [ -72.8420325, 43.2909017 ], [ -72.7967624, 43.2931975 ], [ -72.787348, 43.3723091 ], [ -72.851333900000014, 43.4163637 ], [ -72.8584565, 43.437053 ], [ -72.8861678, 43.4580799 ], [ -72.9343356, 43.4604948 ], [ -72.9222417, 43.4905063 ], [ -72.9273188, 43.516135899999988 ], [ -72.9289364, 43.4851174 ] ] ], [ [ [ -72.5408537, 43.6765346 ], [ -72.5400996, 43.6762482 ], [ -72.5439657, 43.685340499999988 ], [ -72.5408537, 43.6765346 ] ] ] ] } },
{ "type": "Feature", "properties": { "name": "Monongahela National Forest", "region": "09", "acres": 1703733.0, "type": "national_forest" }, "geometry": { "type": "MultiPolygon", "coordinates": [ [ [ [ -79.562325, 39.3040843 ], [ -79.5779902, 39.269921499999988 ], [ -79.6189582, 39.2504208 ], [ -79.6840396, 39.2703737 ], [ -79.6787578, 39.2578171 ], [ -79.7027602, 39.2491036 ], [ -79.7245712, 39.2221682 ], [ -79.7101529, 39.1934188 ], [ -79.7237228, 39.2005514 ], [ -79.7273289, 39.1842454 ], [ -79.7466303, 39.1783541 ], [ -79.7777704, 39.1851989 ], [ -79.8321444, 39.156371 ], [ -79.8367548, 39.1272761 ], [ -79.8260622, 39.1149589 ], [ -79.799354, 39.1080833 ], [ -79.7784604, 39.0809243 ], [ -79.7888922, 39.0809989 ], [ -79.8004901, 39.0594183 ], [ -79.773238, 39.0279215 ], [ -79.7820451, 39.0128663 ], [ -79.7697706, 38.9979867 ], [ -79.791221299999989, 38.9645768 ], [ -79.7791092, 38.9469842 ], [ -79.7882394, 38.9418767 ], [ -79.7870815, 38.8981974 ], [ -79.7470692, 38.8930896 ], [ -79.764613, 38.8664302 ], [ -79.7635382, 38.8329099 ], [ -79.7907969, 38.8409364 ], [ -79.8023944, 38.8265819 ], [ -79.8375932, 38.8215411 ], [ -79.8415807, 38.8271315 ], [ -79.858584, 38.8090959 ], [ -79.877307500000015, 38.8144766 ], [ -79.9214301, 38.7733854 ], [ -79.947783, 38.7661368 ], [ -80.007951, 38.6800802 ], [ -80.0063136, 38.6404338 ], [ -80.0365684, 38.6179951 ], [ -80.0170533, 38.5985393 ], [ -80.0331995, 38.5753604 ], [ -80.0336684, 38.5540246 ], [ -80.071653, 38.5363349 ], [ -80.0812134, 38.5505676 ], [ -80.11165410000001, 38.5369598 ], [ -80.1649067, 38.5387296 ], [ -80.1873788, 38.5228914 ], [ -80.1827823, 38.5174884 ], [ -80.244089500000015, 38.4410511 ], [ -80.2905877, 38.453699 ], [ -80.3084675, 38.4490924 ], [ -80.3214056, 38.4577844 ], [ -80.3858366, 38.4435385 ], [ -80.4098527, 38.4593605 ], [ -80.4332639, 38.4497606 ], [ -80.4455223, 38.4563078 ], [ -80.4560467, 38.4406399 ], [ -80.4908318, 38.4281517 ], [ -80.4995689, 38.413833 ], [ -80.5438156, 38.388689 ], [ -80.5640463, 38.3573037 ], [ -80.609657, 38.365233 ], [ -80.5990564, 38.3299777 ], [ -80.620965, 38.3259227 ], [ -80.6028212, 38.3214829 ], [ -80.5990004, 38.3110338 ], [ -80.6406053, 38.2878486 ], [ -80.5822329, 38.2348121 ], [ -80.610503, 38.2195698 ], [ -80.6075721, 38.1759032 ], [ -80.6272856, 38.1429719 ], [ -80.6310681, 38.1123587 ], [ -80.5613854, 38.1077129 ], [ -80.5450477, 38.0990438 ], [ -80.542068, 38.0793575 ], [ -80.5204893, 38.0784876 ], [ -80.4938185, 38.0637664 ], [ -80.4748333, 38.0707944 ], [ -80.4750443, 38.0619808 ], [ -80.4380275, 38.0399181 ], [ -80.345974, 38.102405 ], [ -80.31072, 38.1517819 ], [ -80.2961884, 38.1463071 ], [ -80.3073846, 38.1559269 ], [ -80.2955639, 38.1685464 ], [ -80.2807965, 38.163392 ], [ -80.2404556, 38.1897705 ], [ -80.1664347, 38.186827199999989 ], [ -80.1348674, 38.1989014 ], [ -80.162554899999989, 38.2295006 ], [ -80.1530233, 38.244519 ], [ -80.1592133, 38.253792 ], [ -80.1795552, 38.2560265 ], [ -80.1773441, 38.2828675 ], [ -80.1602081, 38.2831556 ], [ -80.1484969, 38.2700902 ], [ -80.0936727, 38.2680223 ], [ -80.0318104, 38.3012796 ], [ -80.02655, 38.2712438 ], [ -80.041654, 38.244052 ], [ -80.0546676, 38.2415978 ], [ -80.0506662, 38.2303091 ], [ -80.0838545, 38.2370342 ], [ -80.0924331, 38.2297917 ], [ -80.1008778, 38.1934554 ], [ -80.1276674, 38.190692 ], [ -80.1214747, 38.171945099999988 ], [ -80.1508649, 38.1548478 ], [ -80.1483634, 38.140327899999988 ], [ -80.1750156, 38.136679 ], [ -80.1837809, 38.1129248 ], [ -80.1748291, 38.1055844 ], [ -80.2232908, 38.1037419 ], [ -80.2151784, 38.0826617 ], [ -80.2329424, 38.0718554 ], [ -80.2295057, 38.0614684 ], [ -80.2433539, 38.064983 ], [ -80.2341144, 38.0403457 ], [ -80.2490862, 38.0406042 ], [ -80.23786, 38.0252917 ], [ -80.2679206, 38.0248875 ], [ -80.271368, 38.011561 ], [ -80.2767694, 38.024149 ], [ -80.2989316, 38.0239586 ], [ -80.303494, 38.0077627 ], [ -80.361438400000011, 37.9868929 ], [ -80.3470431, 37.9780084 ], [ -80.3403078, 37.9336159 ], [ -80.3479594, 37.919312 ], [ -80.332889, 37.9287804 ], [ -80.3145189, 37.9122273 ], [ -80.3289757, 37.9087233 ], [ -80.3233354, 37.8997862 ], [ -80.3320018, 37.8910204 ], [ -80.2798699, 37.8646181 ], [ -80.256101, 37.8783806 ], [ -80.233884, 37.8704872 ], [ -80.2292264, 37.8580549 ], [ -80.2385936, 37.851611299999988 ], [ -80.2311034, 37.847960799999989 ], [ -80.2482462, 37.8448893 ], [ -80.2327408, 37.8413732 ], [ -80.2470316, 37.8294925 ], [ -80.2529605, 37.833276 ], [ -80.2531403, 37.8192545 ], [ -80.2651608, 37.8185391 ], [ -80.2562998, 37.7955888 ], [ -80.2671105, 37.7979117 ], [ -80.2678422, 37.7901763 ], [ -80.2258014, 37.7854748 ], [ -80.2275161, 37.7981184 ], [ -80.1794899, 37.8394253 ], [ -80.1828318, 37.8509114 ], [ -80.1616829, 37.875484 ], [ -80.1179174, 37.8976939 ], [ -80.1028352, 37.9189388 ], [ -79.9994895, 37.9948935 ], [ -79.9540333, 38.0811807 ], [ -79.9263614, 38.1067967 ], [ -79.9391079, 38.1116721 ], [ -79.9452573, 38.1323264 ], [ -79.9186604, 38.1548598 ], [ -79.9201053, 38.1825099 ], [ -79.8451662, 38.2410598 ], [ -79.7890989, 38.2682141 ], [ -79.8088711, 38.309321 ], [ -79.7731038, 38.335616 ], [ -79.7644625, 38.3564757 ], [ -79.7416465, 38.3532718 ], [ -79.7257209, 38.3636859 ], [ -79.7299541, 38.3810373 ], [ -79.6898146, 38.4313199 ], [ -79.697572, 38.4872229 ], [ -79.6803749, 38.510618 ], [ -79.6627884, 38.514726 ], [ -79.6730752, 38.5287389 ], [ -79.6700414, 38.550613 ], [ -79.6492408, 38.59156 ], [ -79.5732275, 38.5635575 ], [ -79.5399568, 38.5954929 ], [ -79.5382687, 38.6234022 ], [ -79.5114615, 38.6503278 ], [ -79.5416823, 38.6611793 ], [ -79.5706373, 38.652309 ], [ -79.5627733, 38.6887756 ], [ -79.546961, 38.6758791 ], [ -79.5178803, 38.6998109 ], [ -79.4831658, 38.6798368 ], [ -79.4725657, 38.702172 ], [ -79.4482712, 38.7057 ], [ -79.4307327, 38.739933 ], [ -79.4632184, 38.7552687 ], [ -79.4197427, 38.8000505 ], [ -79.4091364, 38.842546399999989 ], [ -79.391456, 38.8371501 ], [ -79.4067425, 38.7881237 ], [ -79.3817636, 38.7639465 ], [ -79.4134215, 38.7079718 ], [ -79.402489, 38.7113914 ], [ -79.3999962, 38.7035178 ], [ -79.4070671, 38.6641551 ], [ -79.3723822, 38.6518644 ], [ -79.3324734, 38.6552944 ], [ -79.3315289, 38.6771865 ], [ -79.3034848, 38.7066812 ], [ -79.3081517, 38.7140926 ], [ -79.2878025, 38.7445953 ], [ -79.273316, 38.8219385 ], [ -79.2544629, 38.8332846 ], [ -79.2580796, 38.8395408 ], [ -79.1602042, 38.9551002 ], [ -79.1780522, 38.9899624 ], [ -79.1664485, 39.0105496 ], [ -79.2680564, 39.0002088 ], [ -79.2509286, 39.0621705 ], [ -79.2977033, 39.0727306 ], [ -79.3005366, 39.0664378 ], [ -79.3065347, 39.0772773 ], [ -79.3148774, 39.0703504 ], [ -79.3654263, 39.0723983 ], [ -79.3895382, 39.037077 ], [ -79.4139555, 39.0651054 ], [ -79.4275512, 39.0670556 ], [ -79.4359955, 39.1085546 ], [ -79.4832701, 39.1137569 ], [ -79.473359, 39.1297745 ], [ -79.4995134, 39.1435579 ], [ -79.4833885, 39.1891137 ], [ -79.507622, 39.2155867 ], [ -79.4863401, 39.2446781 ], [ -79.5176765, 39.2720895 ], [ -79.5467426, 39.2792038 ], [ -79.5461663, 39.3053434 ], [ -79.562325, 39.3040843 ] ] ] ] } },
{ "type": "Feature", "properties": { "name": "White Mountain National Forest", "region": "09", "acres": 946821.0, "type": "national_forest" }, "geometry": { "type": "MultiPolygon", "coordinates": [ [ [ [ -71.1599508, 44.3853382 ], [ -71.1589641, 44.3712802 ], [ -71.168167, 44.3699582 ], [ -71.1938902, 44.3697618 ], [ -71.2073155, 44.3843503 ], [ -71.2236299, 44.3843772 ], [ -71.2396341, 44.3664025 ], [ -71.291485100000017, 44.3710186 ], [ -71.3479874, 44.3568488 ], [ -71.442492, 44.3674051 ], [ -71.452442, 44.3614259 ], [ -71.4491809, 44.3472242 ], [ -71.4757372, 44.3536982 ], [ -71.525279, 44.3405246 ], [ -71.519099, 44.3051518 ], [ -71.5320302, 44.3040163 ], [ -71.5266339, 44.291374 ], [ -71.5377051, 44.2907285 ], [ -71.533034, 44.2699408 ], [ -71.5219909, 44.2694429 ], [ -71.5327153, 44.2687326 ], [ -71.5246154, 44.2650721 ], [ -71.5337853, 44.2593836 ], [ -71.5768114, 44.2541077 ], [ -71.5847663, 44.2678804 ], [ -71.6450722, 44.2662435 ], [ -71.6436562, 44.2574475 ], [ -71.6925622, 44.248465 ], [ -71.6852316, 44.2364347 ], [ -71.6949111, 44.2147767 ], [ -71.6851368, 44.2122051 ], [ -71.6918011, 44.1978683 ], [ -71.7026755, 44.1973239 ], [ -71.6981603, 44.1841598 ], [ -71.6605087, 44.1622134 ], [ -71.680326, 44.1279059 ], [ -71.663083300000011, 44.1093018 ], [ -71.6847257, 44.0715715 ], [ -71.6728572, 44.0674461 ], [ -71.6816029, 44.0517227 ], [ -71.658153, 44.0422709 ], [ -71.6795801, 44.0269588 ], [ -71.6652636, 44.0202386 ], [ -71.6727688, 44.0065004 ], [ -71.6549309, 43.9952442 ], [ -71.6514609, 43.9188124 ], [ -71.6181138, 43.8961857 ], [ -71.607359, 43.9053137 ], [ -71.5974893, 43.8822915 ], [ -71.6338763, 43.8723416 ], [ -71.633056700000012, 43.8618093 ], [ -71.5949254, 43.8722169 ], [ -71.5959757, 43.8434427 ], [ -71.5576061, 43.8593245 ], [ -71.5221606, 43.8351758 ], [ -71.5162733, 43.8204743 ], [ -71.483716, 43.8330183 ], [ -71.4560338, 43.83099 ], [ -71.4545479, 43.8511907 ], [ -71.436956, 43.8529423 ], [ -71.4493507, 43.8852469 ], [ -71.4231531, 43.888685 ], [ -71.4250147, 43.8980637 ], [ -71.3658011, 43.904982 ], [ -71.3679289, 43.9147707 ], [ -71.3601129, 43.9084189 ], [ -71.2242389, 43.9229086 ], [ -71.2262113, 43.9423495 ], [ -71.2148627, 43.9524686 ], [ -71.155459, 43.974043599999987 ], [ -71.179172, 43.9876358 ], [ -71.1769015, 43.9946261 ], [ -71.1245163, 43.9968409 ], [ -71.1677135, 44.0909504 ], [ -71.1958411, 44.0911302 ], [ -71.2119772, 44.075423 ], [ -71.2355569, 44.0756225 ], [ -71.2352781, 44.0644147 ], [ -71.2803404, 44.0647915 ], [ -71.2888004, 44.0767242 ], [ -71.2925689, 44.064965099999988 ], [ -71.305299, 44.065092 ], [ -71.3178429, 44.0779902 ], [ -71.3398638, 44.077639 ], [ -71.3117098, 44.0985414 ], [ -71.2978373, 44.0987211 ], [ -71.2938337, 44.0892558 ], [ -71.2902504, 44.097471 ], [ -71.2843614, 44.0912751 ], [ -71.2587269, 44.095259 ], [ -71.2583989, 44.0858798 ], [ -71.2485206, 44.0856929 ], [ -71.2463409, 44.098021 ], [ -71.2324968, 44.0977813 ], [ -71.2274296, 44.087239 ], [ -71.2125971, 44.0898834 ], [ -71.2141451, 44.1082025 ], [ -71.1999255, 44.1031877 ], [ -71.1838656, 44.1102752 ], [ -71.1849796, 44.1354099 ], [ -71.2165871, 44.1425988 ], [ -71.209473700000018, 44.1733012 ], [ -71.1981357, 44.1723679 ], [ -71.2091183, 44.1769684 ], [ -71.2039765, 44.2010865 ], [ -71.1866075, 44.2013627 ], [ -71.1852409, 44.1732026 ], [ -71.1557973, 44.1647901 ], [ -71.136592, 44.1474436 ], [ -71.1498607, 44.1027793 ], [ -71.1386529, 44.0769542 ], [ -71.069013, 44.0751682 ], [ -71.0753598, 44.0640217 ], [ -71.0505652, 44.0638002 ], [ -71.0393234, 44.0735543 ], [ -71.0542071, 44.0754823 ], [ -71.0030848, 44.0764199 ], [ -71.0047309, 44.1640356 ], [ -70.959755, 44.1582305 ], [ -70.9646203, 44.1805047 ], [ -70.9533105, 44.1975905 ], [ -70.9184335, 44.1863924 ], [ -70.9133395, 44.2385995 ], [ -70.8718028, 44.2583867 ], [ -70.8571105, 44.2538164 ], [ -70.8382795, 44.2707865 ], [ -70.7771995, 44.2377103 ], [ -70.7649471, 44.2447631 ], [ -70.7642377, 44.2822093 ], [ -70.7775549, 44.2881508 ], [ -70.7840053, 44.3095512 ], [ -70.7742572, 44.3309393 ], [ -70.8152248, 44.3608764 ], [ -70.8385793, 44.3513262 ], [ -70.8763846, 44.3991522 ], [ -70.908567, 44.4063893 ], [ -70.9800382, 44.3914531 ], [ -70.9944257, 44.396031799999989 ], [ -71.0200286, 44.3844937 ], [ -71.085353500000011, 44.4077123 ], [ -71.1322625, 44.3873241 ], [ -71.1599508, 44.3853382 ] ], [ [ -71.3939929, 44.2144707 ], [ -71.3835878, 44.1786599 ], [ -71.3559407, 44.1660216 ], [ -71.3507069, 44.1486472 ], [ -71.3831019, 44.1428629 ], [ -71.3868415, 44.1557069 ], [ -71.4130859, 44.1679626 ], [ -71.4263784, 44.211020399999988 ], [ -71.3939929, 44.2144707 ] ] ], [ [ [ -72.1122793, 43.773707 ], [ -72.1109543, 43.7746107 ], [ -72.1116567, 43.7748502 ], [ -72.1122793, 43.773707 ] ] ] ] } },
{ "type": "Feature", "properties": { "name": "Chugach National Forest", "region": "10", "acres": 6244689.0, "type": "national_forest" }, "geometry": { "type": "MultiPolygon", "coordinates": [ [ [ [ -144.7239035, 60.9363391 ], [ -144.7569263, 60.9526894 ], [ -144.7569336, 60.9525042 ], [ -144.7239035, 60.9363391 ] ] ], [ [ [ -145.391222699999986, 60.4053936 ], [ -145.392980599999987, 60.4044011 ], [ -145.3927075, 60.4043552 ], [ -145.390635799999984, 60.4054917 ], [ -145.4111647, 60.4074559 ], [ -145.401857299999989, 60.4058926 ], [ -145.391222699999986, 60.4053936 ] ] ], [ [ [ -145.325510899999983, 60.248713 ], [ -145.324477799999983, 60.2489904 ], [ -145.3629568, 60.2598123 ], [ -145.325510899999983, 60.248713 ] ] ], [ [ [ -149.6310456, 60.9248535 ], [ -149.6415092, 60.9140332 ], [ -149.670078099999984, 60.945018899999987 ], [ -149.758228100000025, 60.9619588 ], [ -149.715337, 60.937124 ], [ -149.7378659, 60.9272601 ], [ -149.749764200000016, 60.8961636 ], [ -149.7225091, 60.883791099999989 ], [ -149.7425106, 60.8665434 ], [ -149.7372493, 60.8426852 ], [ -149.769634599999989, 60.8295241 ], [ -149.7466713, 60.82079 ], [ -149.8062989, 60.7611881 ], [ -149.7901795, 60.7321744 ], [ -149.840831399999985, 60.7241623 ], [ -149.875384100000019, 60.7056399 ], [ -149.8791769, 60.6868857 ], [ -149.854306800000018, 60.663291 ], [ -149.878507899999988, 60.6596474 ], [ -149.8868985, 60.6331243 ], [ -150.004944600000016, 60.6558376 ], [ -150.004935, 60.4844583 ], [ -149.972783099999987, 60.48014449999998 ], [ -150.007877799999989, 60.3990035 ], [ -149.9733699, 60.3669947 ], [ -149.8988794, 60.3598582 ], [ -149.8621657, 60.320328 ], [ -149.8017994, 60.3200716 ], [ -149.7898333, 60.3061481 ], [ -149.695820699999985, 60.2816471 ], [ -149.63645649999998, 60.2220341 ], [ -149.5951216, 60.2114419 ], [ -149.5704814, 60.177346299999989 ], [ -149.3883621, 60.1697035 ], [ -149.388334499999985, 60.1408143 ], [ -149.3593703, 60.1408148 ], [ -149.359368499999988, 60.1119254 ], [ -149.16774, 60.111891 ], [ -149.1495549, 60.0965139 ], [ -149.1945613, 60.08935349999998 ], [ -149.202377300000023, 60.0629957 ], [ -149.2390915, 60.0427704 ], [ -149.2413445, 60.0095867 ], [ -149.2615269, 59.9912412 ], [ -149.2477393, 59.9646828 ], [ -149.2746568, 59.9511782 ], [ -149.2673796, 59.9284704 ], [ -149.2864974, 59.9189327 ], [ -149.268390499999981, 59.9017929 ], [ -149.272843400000028, 59.8866182 ], [ -149.2353551, 59.909546899999981 ], [ -149.258095699999984, 59.9068778 ], [ -149.2730502, 59.9159225 ], [ -149.2179659, 59.9414707 ], [ -149.222679, 59.949877 ], [ -149.2486849, 59.9487732 ], [ -149.212273, 59.9717716 ], [ -149.2093389, 59.9798046 ], [ -149.228714900000028, 59.9804488 ], [ -149.2027311, 59.988773 ], [ -149.2075367, 60.0081864 ], [ -149.1813953, 60.0036442 ], [ -149.1693266, 60.034986 ], [ -149.142744, 60.030528 ], [ -149.131329199999982, 60.0441521 ], [ -149.0570141, 60.0579985 ], [ -149.024814599999985, 60.0963558 ], [ -149.002828199999982, 60.0777845 ], [ -149.033153199999987, 60.0751901 ], [ -149.0607804, 60.054715 ], [ -149.0307092, 60.0420542 ], [ -149.0628618, 60.0237934 ], [ -149.063167099999987, 60.0122934 ], [ -149.0752326, 60.018786699999986 ], [ -149.092283399999985, 60.0036097 ], [ -149.0854219, 59.990165399999988 ], [ -149.1030768, 59.9952671 ], [ -149.1240087, 59.9808545 ], [ -149.124121699999989, 59.9647528 ], [ -149.066226299999983, 59.9552743 ], [ -149.0307761, 59.9688544 ], [ -149.043747199999984, 59.9721439 ], [ -149.0241394, 59.9819562 ], [ -149.0298654, 59.952280699999989 ], [ -149.0180254, 59.9490329 ], [ -148.9419426, 59.9763136 ], [ -148.911676299999982, 59.9673617 ], [ -148.913112399999989, 59.9552821 ], [ -148.8787824, 59.938076 ], [ -148.885084799999987, 59.929344 ], [ -148.839181199999985, 59.9233589 ], [ -148.8007446, 59.9530811 ], [ -148.74108769999998, 59.954539899999986 ], [ -148.8003364, 59.9737617 ], [ -148.796275899999983, 59.9952921 ], [ -148.793037799999979, 59.9735944 ], [ -148.7703932, 59.9847768 ], [ -148.758408, 59.9752888 ], [ -148.7675181, 59.964887599999983 ], [ -148.738263, 59.957219499999987 ], [ -148.720788299999981, 59.9380323 ], [ -148.684417, 59.9455959 ], [ -148.667233, 59.9385028 ], [ -148.6769993, 59.9486521 ], [ -148.646045, 59.9522661 ], [ -148.6779022, 59.9270207 ], [ -148.6351288, 59.9155935 ], [ -148.555543199999988, 59.955652 ], [ -148.59003610000002, 59.9707741 ], [ -148.5464069, 59.9699578 ], [ -148.551683, 60.0324252 ], [ -148.5208074, 60.0232124 ], [ -148.5111358, 60.0019767 ], [ -148.4735868, 60.0038646 ], [ -148.49377149999998, 59.9930543 ], [ -148.4938754, 59.9802548 ], [ -148.474716799999982, 59.9721849 ], [ -148.480179599999985, 59.9575452 ], [ -148.445223, 59.9428981 ], [ -148.428303799999981, 59.948312599999987 ], [ -148.4011837, 59.9781448 ], [ -148.4094383, 59.9908542 ], [ -148.397351400000019, 60.0079458 ], [ -148.4458304, 60.02784 ], [ -148.40139, 60.0299894 ], [ -148.397906799999987, 60.05858 ], [ -148.3777131, 60.0652898 ], [ -148.3714589, 60.0771814 ], [ -148.3838146, 60.0800667 ], [ -148.3661239, 60.0875702 ], [ -148.3893679, 60.1065016 ], [ -148.3648959, 60.1185726 ], [ -148.369867, 60.1304174 ], [ -148.34585869999998, 60.13746 ], [ -148.3607436, 60.152654899999987 ], [ -148.345669099999981, 60.1517775 ], [ -148.341407299999986, 60.1868422 ], [ -148.322370299999989, 60.1834347 ], [ -148.3326587, 60.161228099999988 ], [ -148.2798814, 60.1655574 ], [ -148.3041997, 60.1177693 ], [ -148.2909133, 60.1112219 ], [ -148.234272399999981, 60.1170374 ], [ -148.1209543, 60.1673347 ], [ -148.133749599999987, 60.1882051 ], [ -148.120093699999984, 60.1844045 ], [ -148.1071007, 60.2070292 ], [ -148.087106, 60.2143842 ], [ -148.1193011, 60.2175203 ], [ -148.136056400000029, 60.2396367 ], [ -148.1501772, 60.2345239 ], [ -148.146683599999989, 60.2068028 ], [ -148.163095299999981, 60.2041427 ], [ -148.1802432, 60.1763662 ], [ -148.170603699999987, 60.1723551 ], [ -148.206764099999987, 60.1451417 ], [ -148.219941, 60.1576617 ], [ -148.1884278, 60.2134078 ], [ -148.202348, 60.2092388 ], [ -148.2276784, 60.2247228 ], [ -148.2872451, 60.2026615 ], [ -148.3002214, 60.2060734 ], [ -148.2497749, 60.2266909 ], [ -148.246247899999986, 60.2327879 ], [ -148.2649619, 60.2316667 ], [ -148.2563796, 60.237283399999981 ], [ -148.2044994, 60.2347436 ], [ -148.1832734, 60.2472624 ], [ -148.2145788, 60.2603973 ], [ -148.276974, 60.2476931 ], [ -148.352965399999988, 60.1941498 ], [ -148.369262, 60.2022059 ], [ -148.446857599999987, 60.1786874 ], [ -148.338948099999982, 60.2347791 ], [ -148.356214, 60.2374473 ], [ -148.3770269, 60.2606337 ], [ -148.410105099999981, 60.2639576 ], [ -148.4032947, 60.2838009 ], [ -148.34692339999998, 60.286973 ], [ -148.3373938, 60.2447623 ], [ -148.3193911, 60.2517061 ], [ -148.327119200000027, 60.262035 ], [ -148.301669799999985, 60.2603732 ], [ -148.294078499999983, 60.272321 ], [ -148.2498378, 60.2789144 ], [ -148.2091959, 60.3000664 ], [ -148.213082, 60.334701499999987 ], [ -148.230982499999982, 60.3507023 ], [ -148.2779358, 60.3203689 ], [ -148.2537528, 60.3496604 ], [ -148.2655547, 60.3629165 ], [ -148.235594599999985, 60.3669404 ], [ -148.239439, 60.3597462 ], [ -148.210009099999979, 60.3630312 ], [ -148.215986, 60.3534418 ], [ -148.2255845, 60.3578916 ], [ -148.2203936, 60.3459973 ], [ -148.1714012, 60.3341666 ], [ -148.1238105, 60.3594944 ], [ -148.168606399999987, 60.4059691 ], [ -148.0976933, 60.371129 ], [ -148.0821604, 60.3828828 ], [ -148.1111685, 60.4118449 ], [ -148.100800099999987, 60.4173913 ], [ -148.0968503, 60.4103479 ], [ -148.0680778, 60.4135055 ], [ -148.0822569, 60.3982991 ], [ -148.0334018, 60.391469199999989 ], [ -147.9898124, 60.4149093 ], [ -148.0060389, 60.4152154 ], [ -147.9952956, 60.4230899 ], [ -148.028305599999982, 60.4239182 ], [ -148.022624399999984, 60.4318267 ], [ -147.9652629, 60.4154034 ], [ -147.9367512, 60.4373978 ], [ -147.9646385, 60.46592769999998 ], [ -147.9682276, 60.4489612 ], [ -147.999646399999989, 60.441782599999989 ], [ -147.9873566, 60.460313 ], [ -148.0538386, 60.4478036 ], [ -148.0977773, 60.4496872 ], [ -148.0764854, 60.4641974 ], [ -148.045274100000029, 60.4613786 ], [ -148.019267, 60.4705916 ], [ -148.010541499999988, 60.46138 ], [ -147.9605315, 60.5014254 ], [ -147.9798001, 60.5203867 ], [ -148.0149954, 60.5167819 ], [ -147.9987889, 60.5344036 ], [ -148.0309562, 60.5465929 ], [ -148.095683, 60.5202433 ], [ -148.071080099999989, 60.553880899999989 ], [ -148.069255699999985, 60.5449128 ], [ -148.036745199999984, 60.5608433 ], [ -148.0523298, 60.5705318 ], [ -148.0706994, 60.561624099999982 ], [ -148.0808596, 60.5951031 ], [ -148.099758, 60.5973109 ], [ -148.120921899999985, 60.5800509 ], [ -148.147444399999983, 60.5822339 ], [ -148.1633018, 60.5637279 ], [ -148.1566732, 60.4936292 ], [ -148.1799962, 60.5015722 ], [ -148.187013, 60.4777986 ], [ -148.1951044, 60.4822096 ], [ -148.180397900000031, 60.5177109 ], [ -148.1911677, 60.5603256 ], [ -148.225470699999988, 60.5176323 ], [ -148.24676119999998, 60.5101524 ], [ -148.228669199999985, 60.4631467 ], [ -148.2410861, 60.4432935 ], [ -148.2783234, 60.4314672 ], [ -148.288202499999983, 60.434865099999989 ], [ -148.2615571, 60.4610719 ], [ -148.268719899999979, 60.489441199999987 ], [ -148.318008, 60.4795928 ], [ -148.31780089999998, 60.4717892 ], [ -148.3540118, 60.4735025 ], [ -148.341066899999987, 60.467104 ], [ -148.3551539, 60.45344369999998 ], [ -148.398386099999982, 60.450309 ], [ -148.3642341, 60.4600157 ], [ -148.353026299999982, 60.4805117 ], [ -148.3646603, 60.4865048 ], [ -148.3270655, 60.4981618 ], [ -148.353017, 60.5044703 ], [ -148.370936299999983, 60.4912134 ], [ -148.4052146, 60.4949516 ], [ -148.39230809999998, 60.504121399999988 ], [ -148.373551100000014, 60.5014576 ], [ -148.367709800000029, 60.5116906 ], [ -148.395222599999983, 60.5205058 ], [ -148.437036, 60.5158504 ], [ -148.449109199999981, 60.5220377 ], [ -148.42915, 60.5312897 ], [ -148.4509099, 60.5450688 ], [ -148.5690966, 60.5050506 ], [ -148.6375641, 60.4589563 ], [ -148.663896699999981, 60.4588654 ], [ -148.6691698, 60.4450109 ], [ -148.7060744, 60.4398719 ], [ -148.715976399999988, 60.4590006 ], [ -148.6323394, 60.5148623 ], [ -148.5578013, 60.5468135 ], [ -148.5727934, 60.5553672 ], [ -148.5505379, 60.550953 ], [ -148.4800742, 60.5735451 ], [ -148.4511603, 60.5687082 ], [ -148.398889199999985, 60.5954834 ], [ -148.439629599999989, 60.5631853 ], [ -148.386415699999986, 60.5398881 ], [ -148.3440568, 60.5655957 ], [ -148.369464300000033, 60.5414567 ], [ -148.3297963, 60.5291263 ], [ -148.2969132, 60.5568553 ], [ -148.3002846, 60.5696727 ], [ -148.285695299999986, 60.5657254 ], [ -148.252500199999986, 60.5977512 ], [ -148.2405841, 60.6025284 ], [ -148.2270278, 60.5945898 ], [ -148.1892895, 60.608425299999986 ], [ -148.2114339, 60.6304003 ], [ -148.199003399999981, 60.6356078 ], [ -148.20380849999998, 60.6504221 ], [ -148.2341678, 60.6692259 ], [ -148.245164099999982, 60.693016 ], [ -148.255531499999989, 60.6970809 ], [ -148.3006105, 60.6664299 ], [ -148.25593809999998, 60.7007803 ], [ -148.244108899999986, 60.7340678 ], [ -148.2539161, 60.7456179 ], [ -148.229500799999983, 60.7645394 ], [ -148.2812654, 60.7513701 ], [ -148.294164199999983, 60.7232753 ], [ -148.3481122, 60.6911065 ], [ -148.36154, 60.6660895 ], [ -148.3432348, 60.6493761 ], [ -148.360739699999982, 60.6443715 ], [ -148.355928799999987, 60.6550661 ], [ -148.3826283, 60.6545781 ], [ -148.428021299999983, 60.615171 ], [ -148.42373809999998, 60.6426293 ], [ -148.448733799999985, 60.645742 ], [ -148.450005399999981, 60.6538616 ], [ -148.3819863, 60.6832182 ], [ -148.402231699999987, 60.6948529 ], [ -148.391710599999982, 60.7066361 ], [ -148.420049399999982, 60.7164278 ], [ -148.4022005, 60.7146058 ], [ -148.3634232, 60.7405094 ], [ -148.3709852, 60.7518029 ], [ -148.3935219, 60.7484899 ], [ -148.3766909, 60.7556912 ], [ -148.396541, 60.7542932 ], [ -148.3952956, 60.761211599999989 ], [ -148.363405, 60.7659219 ], [ -148.3939842, 60.779426 ], [ -148.4399195, 60.7681562 ], [ -148.448742899999985, 60.752305699999987 ], [ -148.5205973, 60.7661732 ], [ -148.576048499999985, 60.734560299999984 ], [ -148.594746, 60.6956472 ], [ -148.6826812, 60.6482497 ], [ -148.680134, 60.6686156 ], [ -148.715931899999987, 60.6569618 ], [ -148.6628939, 60.6900096 ], [ -148.686555799999979, 60.6824901 ], [ -148.6745086, 60.7169053 ], [ -148.606073, 60.7592194 ], [ -148.531118699999979, 60.7832512 ], [ -148.4770585, 60.7811594 ], [ -148.4506055, 60.79231189999998 ], [ -148.455128699999989, 60.8057683 ], [ -148.4957499, 60.8064433 ], [ -148.572769699999981, 60.7792547 ], [ -148.549907099999984, 60.8014711 ], [ -148.5587458, 60.807178 ], [ -148.665026300000022, 60.7771854 ], [ -148.716394399999984, 60.7752571 ], [ -148.7183952, 60.7862444 ], [ -148.6031697, 60.826132099999988 ], [ -148.5228444, 60.8233667 ], [ -148.513783, 60.8374218 ], [ -148.495533699999982, 60.8286564 ], [ -148.413392, 60.829765 ], [ -148.4281627, 60.8274476 ], [ -148.3869542, 60.8035246 ], [ -148.3385691, 60.8066882 ], [ -148.342305, 60.8227675 ], [ -148.4094633, 60.847041 ], [ -148.383729499999987, 60.8604947 ], [ -148.3070156, 60.8347471 ], [ -148.2908182, 60.863070499999985 ], [ -148.3117368, 60.866946 ], [ -148.2931658, 60.8830879 ], [ -148.3208162, 60.907127 ], [ -148.3017974, 60.9075312 ], [ -148.289972399999982, 60.8898108 ], [ -148.2658567, 60.9141557 ], [ -148.292265499999985, 60.9204625 ], [ -148.2966198, 60.9404903 ], [ -148.3302995, 60.9543589 ], [ -148.307301, 60.9629315 ], [ -148.3139979, 60.9574089 ], [ -148.2658849, 60.9359747 ], [ -148.24168, 60.9366718 ], [ -148.2402927, 60.9595448 ], [ -148.2197205, 60.9514835 ], [ -148.193230299999982, 60.969149099999989 ], [ -148.206671199999988, 60.989664 ], [ -148.1770967, 60.9981046 ], [ -148.167324899999983, 61.070831899999973 ], [ -148.2859549, 61.0477626 ], [ -148.378568699999988, 60.9827981 ], [ -148.4267587, 60.9690244 ], [ -148.4483117, 60.9825289 ], [ -148.3979942, 60.9994369 ], [ -148.359100499999983, 61.035159 ], [ -148.414509399999986, 61.0520491 ], [ -148.295782799999984, 61.0670685 ], [ -148.3035348, 61.08266 ], [ -148.190979699999986, 61.0858544 ], [ -148.1773136, 61.1165629 ], [ -148.1567287, 61.1337918 ], [ -148.1421412, 61.1329631 ], [ -148.132449399999985, 61.1204085 ], [ -148.153671799999984, 61.0996863 ], [ -148.1213957, 61.0683725 ], [ -148.1171688, 61.0383808 ], [ -148.0844399, 61.0369868 ], [ -148.1000923, 61.0276346 ], [ -148.091368, 61.0055075 ], [ -148.0738984, 61.0061342 ], [ -148.0008963, 61.053326 ], [ -148.0024919, 61.0875486 ], [ -147.97906709999998, 61.1075729 ], [ -147.8890218, 61.1591785 ], [ -147.871715099999989, 61.1848308 ], [ -147.851867199999987, 61.1851162 ], [ -147.8217649, 61.2034414 ], [ -147.813423799999981, 61.2256655 ], [ -147.73397559999998, 61.273302 ], [ -147.6999471, 61.2602388 ], [ -147.761488, 61.205677599999987 ], [ -147.624174399999987, 61.2348141 ], [ -147.6138033, 61.2291678 ], [ -147.681599299999988, 61.2018929 ], [ -147.7651969, 61.1840659 ], [ -147.9083062, 61.0882862 ], [ -147.9477353, 61.072847 ], [ -147.912337899999983, 61.0682135 ], [ -147.9542232, 61.0301947 ], [ -147.9451803, 61.0156333 ], [ -147.9957689, 60.9818156 ], [ -147.991787200000033, 60.9611454 ], [ -148.010174500000034, 60.9641683 ], [ -148.0655064, 60.935025 ], [ -148.0338482, 60.9342721 ], [ -148.000560399999983, 60.9143847 ], [ -147.9343362, 60.9067629 ], [ -147.944509, 60.8921961 ], [ -147.91916, 60.8898632 ], [ -147.910689, 60.849557 ], [ -147.8781373, 60.8253191 ], [ -147.853026799999981, 60.8212208 ], [ -147.842561599999982, 60.8378724 ], [ -147.809269799999981, 60.850014 ], [ -147.800426, 60.840847 ], [ -147.8357229, 60.8199975 ], [ -147.8251285, 60.8125788 ], [ -147.7885224, 60.8224874 ], [ -147.79634980000003, 60.8122083 ], [ -147.7769926, 60.8089379 ], [ -147.7460935, 60.8407719 ], [ -147.763930499999987, 60.8396108 ], [ -147.7723016, 60.8580411 ], [ -147.798787, 60.856809899999988 ], [ -147.8331666, 60.876628 ], [ -147.7867459, 60.8725902 ], [ -147.767159, 60.9048147 ], [ -147.812834, 60.9134524 ], [ -147.8001065, 60.9198129 ], [ -147.760676499999988, 60.9127818 ], [ -147.7544107, 60.9337361 ], [ -147.7314858, 60.9424586 ], [ -147.7191293, 60.936142 ], [ -147.6872086, 60.9420303 ], [ -147.728526, 60.9202547 ], [ -147.7323533, 60.9026105 ], [ -147.7083739, 60.9039706 ], [ -147.7339773, 60.8921212 ], [ -147.7294144, 60.8844981 ], [ -147.7042365, 60.8823878 ], [ -147.6956797, 60.892336099999987 ], [ -147.671801499999987, 60.8899587 ], [ -147.6475161, 60.9010716 ], [ -147.666953299999989, 60.8851368 ], [ -147.659422899999981, 60.8747832 ], [ -147.680251, 60.8730335 ], [ -147.676005299999986, 60.8548577 ], [ -147.657604099999986, 60.8618936 ], [ -147.6720205, 60.843264199999986 ], [ -147.5970639, 60.8542281 ], [ -147.5913754, 60.867207 ], [ -147.6113636, 60.866076899999989 ], [ -147.6153507, 60.8745308 ], [ -147.5898555, 60.871486499999989 ], [ -147.5905177, 60.8828729 ], [ -147.6417157, 60.8940099 ], [ -147.5985655, 60.895225199999985 ], [ -147.596804, 60.9134308 ], [ -147.6173784, 60.9188721 ], [ -147.5952383, 60.9495917 ], [ -147.614625099999984, 60.9477486 ], [ -147.6120545, 60.9581456 ], [ -147.653427, 60.947966 ], [ -147.6887448, 60.9551618 ], [ -147.624981099999985, 60.9645045 ], [ -147.601492399999984, 60.9912488 ], [ -147.601029, 61.0082291 ], [ -147.647345, 60.9975545 ], [ -147.676663099999985, 61.0129498 ], [ -147.6523387, 61.021248 ], [ -147.6129949, 61.0095544 ], [ -147.582313699999986, 61.0192847 ], [ -147.6024792, 61.029263 ], [ -147.5545617, 61.0828267 ], [ -147.5562076, 61.117361 ], [ -147.5719781, 61.130084599999989 ], [ -147.5541713, 61.1482902 ], [ -147.529071900000019, 61.1527347 ], [ -147.5152655, 61.145020699999989 ], [ -147.5434498, 61.1353501 ], [ -147.509013399999986, 61.0947918 ], [ -147.5116457, 61.078831 ], [ -147.474147499999987, 61.0676251 ], [ -147.53562359999998, 61.0511817 ], [ -147.519574500000033, 61.0463522 ], [ -147.5344407, 61.0198172 ], [ -147.518938099999986, 61.0142076 ], [ -147.5245653, 60.9943983 ], [ -147.5450075, 60.9861089 ], [ -147.530198899999988, 60.9539714 ], [ -147.5428891, 60.9020735 ], [ -147.5177443, 60.893381799999986 ], [ -147.512435900000014, 60.9122503 ], [ -147.4926734, 60.9119227 ], [ -147.510456299999987, 60.925427299999988 ], [ -147.4736691, 60.9876531 ], [ -147.494759099999982, 61.003051899999981 ], [ -147.484540399999986, 61.014504099999989 ], [ -147.470443700000033, 60.9912675 ], [ -147.4509409, 61.006873 ], [ -147.4053165, 61.0134719 ], [ -147.4096505, 61.0011516 ], [ -147.4373915, 61.0016798 ], [ -147.4567681, 60.9899806 ], [ -147.4442484, 60.9903123 ], [ -147.472402099999982, 60.9563119 ], [ -147.451954699999987, 60.9488397 ], [ -147.4567901, 60.941821799999985 ], [ -147.399825, 60.976972099999983 ], [ -147.375355499999984, 60.9784008 ], [ -147.389667399999979, 60.9582484 ], [ -147.4564695, 60.9218966 ], [ -147.3851599, 60.9295774 ], [ -147.439752199999987, 60.9156398 ], [ -147.453704800000025, 60.896666499999988 ], [ -147.409321399999982, 60.8932704 ], [ -147.388196599999986, 60.9060599 ], [ -147.3877197, 60.8900365 ], [ -147.3693465, 60.885003 ], [ -147.383431699999988, 60.8717089 ], [ -147.330822, 60.8958973 ], [ -147.329125799999986, 60.9079334 ], [ -147.3028908, 60.906193899999984 ], [ -147.329413400000021, 60.9323054 ], [ -147.281083599999988, 60.9160614 ], [ -147.2677656, 60.9306736 ], [ -147.2575836, 60.9184571 ], [ -147.255391299999985, 60.9476817 ], [ -147.2913723, 60.9672382 ], [ -147.2739441, 60.9747456 ], [ -147.289860799999985, 60.9868284 ], [ -147.2745036, 61.0056911 ], [ -147.2651148, 60.9753271 ], [ -147.227315399999981, 60.9929794 ], [ -147.235707099999985, 61.0145052 ], [ -147.218047, 61.0087165 ], [ -147.2091122, 60.9987764 ], [ -147.227364, 60.9615166 ], [ -147.2166857, 60.9474509 ], [ -147.2034267, 60.9408634 ], [ -147.18108909999998, 60.9492134 ], [ -147.1804388, 60.931256899999987 ], [ -147.140337599999981, 60.9399252 ], [ -147.144973099999987, 60.9631467 ], [ -147.168570099999982, 60.9692489 ], [ -147.173944799999987, 60.9857036 ], [ -147.162549899999988, 60.9894434 ], [ -147.157950199999988, 60.9767299 ], [ -147.135207899999983, 60.9804811 ], [ -147.087842099999989, 61.0160547 ], [ -147.087200199999984, 61.0372388 ], [ -147.110501199999987, 61.0338274 ], [ -147.09574139999998, 61.0613804 ], [ -147.1355783, 61.089166899999981 ], [ -147.130555499999986, 61.0972737 ], [ -147.173373199999986, 61.095690499999989 ], [ -147.105934099999985, 61.0981841 ], [ -147.095400499999982, 61.1134064 ], [ -147.1216609, 61.1310737 ], [ -147.090031899999985, 61.1502772 ], [ -147.0668777, 61.1451723 ], [ -147.0487508, 61.153535 ], [ -147.0007843, 61.1467835 ], [ -147.062365699999987, 61.1187305 ], [ -147.039844599999981, 61.1009665 ], [ -147.046686199999982, 61.0908802 ], [ -147.005620300000032, 61.0737757 ], [ -147.0158298, 61.0657177 ], [ -146.999632, 61.0419224 ], [ -146.968158500000015, 61.0286854 ], [ -146.9992454, 61.02561859999998 ], [ -146.9826979, 61.0212964 ], [ -146.9904305, 60.9974505 ], [ -146.969536399999981, 60.9934293 ], [ -146.987547899999981, 60.9800793 ], [ -146.9721016, 60.9683839 ], [ -147.057419, 60.9447805 ], [ -146.9717712, 60.930294 ], [ -146.8618166, 60.974716199999989 ], [ -146.842804, 61.0035896 ], [ -146.7856381, 61.0409973 ], [ -146.8020594, 61.0383646 ], [ -146.8100264, 61.0518031 ], [ -146.789294399999989, 61.0525057 ], [ -146.800270399999988, 61.0565575 ], [ -146.79292049999998, 61.070043 ], [ -146.767164399999984, 61.0434199 ], [ -146.696292199999988, 61.0563308 ], [ -146.6741309, 61.080734199999988 ], [ -146.8654053, 61.0807314 ], [ -146.8659816, 61.1023601 ], [ -146.8198083, 61.1105309 ], [ -146.789383499999985, 61.1033009 ], [ -146.7696426, 61.113907 ], [ -146.7543737, 61.105697 ], [ -146.701438, 61.110582 ], [ -146.764414, 61.160048399999987 ], [ -146.734355099999988, 61.1634814 ], [ -146.721125300000011, 61.1924921 ], [ -146.586374299999989, 61.2279925 ], [ -146.5555402, 61.2585591 ], [ -146.4965588, 61.2795289 ], [ -146.50351809999998, 61.290975 ], [ -146.4809119, 61.3319713 ], [ -146.5033427, 61.3417837 ], [ -146.500622199999981, 61.3641439 ], [ -146.577658899999989, 61.3631185 ], [ -146.602019499999983, 61.3770698 ], [ -146.6627775, 61.3846583 ], [ -146.6982739, 61.4067239 ], [ -146.7386037, 61.3839365 ], [ -146.782348399999989, 61.3930114 ], [ -146.8154219, 61.3863837 ], [ -146.8162965, 61.4004771 ], [ -146.857412499999981, 61.4324164 ], [ -147.0594198, 61.4413006 ], [ -147.088071499999984, 61.4508692 ], [ -147.0821469, 61.4627963 ], [ -147.1509609, 61.4790194 ], [ -147.1666804, 61.504848499999987 ], [ -147.2632069, 61.5189902 ], [ -147.279517699999985, 61.5022312 ], [ -147.3411554, 61.4872212 ], [ -147.4317969, 61.4958704 ], [ -147.458322, 61.4936929 ], [ -147.468559, 61.480255 ], [ -147.5219409, 61.4898305 ], [ -147.556768399999982, 61.4657148 ], [ -147.6000745, 61.4657571 ], [ -147.6361779, 61.4441373 ], [ -147.6602179, 61.4398216 ], [ -147.714742199999989, 61.4569021 ], [ -147.7714983, 61.4324926 ], [ -147.79349689999998, 61.4029896 ], [ -147.8309966, 61.383413 ], [ -147.848830199999981, 61.3470429 ], [ -147.8369951, 61.3360829 ], [ -147.844801099999984, 61.3178512 ], [ -147.967839199999986, 61.2870045 ], [ -148.0401531, 61.2284412 ], [ -148.0933966, 61.2020357 ], [ -148.1633555, 61.1960981 ], [ -148.1821693, 61.1742071 ], [ -148.2233335, 61.1800385 ], [ -148.2291635, 61.1639404 ], [ -148.2536604, 61.1602936 ], [ -148.2705034, 61.1696858 ], [ -148.3191195, 61.141436799999987 ], [ -148.331042199999985, 61.1124252 ], [ -148.359736199999986, 61.0944907 ], [ -148.3838773, 61.0945906 ], [ -148.389673, 61.0828521 ], [ -148.4460963, 61.0875829 ], [ -148.4795069, 61.1084871 ], [ -148.535619699999984, 61.0907144 ], [ -148.53971, 61.0707432 ], [ -149.1598803, 61.0703636 ], [ -149.15972069999998, 60.9895215 ], [ -149.099218899999983, 60.9895457 ], [ -149.0991702, 60.9133508 ], [ -148.985803799999985, 60.8437846 ], [ -148.998935499999988, 60.8399847 ], [ -148.9789314, 60.8282908 ], [ -148.990661099999983, 60.8292083 ], [ -148.976182, 60.8207361 ], [ -148.986975799999982, 60.8129406 ], [ -148.9956119, 60.8285705 ], [ -149.002176, 60.8195655 ], [ -149.0651915, 60.8606728 ], [ -149.1200555, 60.8783868 ], [ -149.2527963, 60.8968152 ], [ -149.3738538, 60.8960038 ], [ -149.412549399999989, 60.9081504 ], [ -149.421942799999982, 60.889502 ], [ -149.47031579999998, 60.917740099999982 ], [ -149.565893499999987, 60.9360534 ], [ -149.6310456, 60.9248535 ] ], [ [ -148.2302944, 60.3907278 ], [ -148.2504577, 60.4129543 ], [ -148.2256285, 60.3855843 ], [ -148.235593099999988, 60.3669431 ], [ -148.2302944, 60.3907278 ] ], [ [ -148.1628455, 60.4497356 ], [ -148.110649, 60.459027399999989 ], [ -148.116248499999983, 60.4466892 ], [ -148.1000085, 60.4337253 ], [ -148.1210901, 60.4103913 ], [ -148.114651899999984, 60.4440138 ], [ -148.1628455, 60.4497356 ] ], [ [ -148.183882, 60.4136432 ], [ -148.173008, 60.4103548 ], [ -148.1869767, 60.4038435 ], [ -148.183882, 60.4136432 ] ], [ [ -148.9742377, 60.8373728 ], [ -148.9872143, 60.8459809 ], [ -148.9448327, 60.8621498 ], [ -148.9742377, 60.8373728 ] ], [ [ -149.4238066, 60.5027238 ], [ -149.3930183, 60.5065083 ], [ -149.3471109, 60.5354154 ], [ -149.330357699999979, 60.5355268 ], [ -149.3748492, 60.4854929 ], [ -149.371863499999989, 60.5016499 ], [ -149.4238066, 60.5027238 ] ], [ [ -149.3583832, 60.4371264 ], [ -149.3718897, 60.4350552 ], [ -149.3646757, 60.4866259 ], [ -149.3583832, 60.4371264 ] ], [ [ -149.0155442, 60.1177155 ], [ -149.020216799999986, 60.107091 ], [ -149.0273723, 60.114593199999987 ], [ -149.0155442, 60.1177155 ] ], [ [ -149.7406983, 60.4883631 ], [ -149.7106952, 60.4756276 ], [ -149.6455776, 60.4152424 ], [ -149.5925557, 60.3953934 ], [ -149.377535599999987, 60.4099908 ], [ -149.3740278, 60.4345032 ], [ -149.3770644, 60.4132835 ], [ -149.3481779, 60.3712418 ], [ -149.3630785, 60.3594677 ], [ -149.3510608, 60.336327 ], [ -149.3726379, 60.336725 ], [ -149.3913077, 60.3960119 ], [ -149.5795464, 60.3830882 ], [ -149.6574306, 60.3897986 ], [ -149.7403323, 60.4755199 ], [ -149.7899914, 60.4915263 ], [ -149.8860497, 60.4858907 ], [ -149.8270559, 60.4944392 ], [ -149.7406983, 60.4883631 ] ], [ [ -149.350375, 60.2127687 ], [ -149.3423268, 60.1974626 ], [ -149.3697281, 60.1880703 ], [ -149.350375, 60.2127687 ] ] ], [ [ [ -146.108615499999985, 60.3747829 ], [ -146.080315899999988, 60.3765598 ], [ -146.108217199999984, 60.3749246 ], [ -146.108615499999985, 60.3747829 ] ] ] ] } },
{ "type": "Feature", "properties": { "name": "Tongass National Forest", "region": "10", "acres": 17700542.0, "type": "national_forest" }, "geometry": { "type": "MultiPolygon", "coordinates": [ [ [ [ -132.368963799999989, 56.593933299999989 ], [ -132.359375, 56.5282555 ], [ -132.2886631, 56.4843795 ], [ -132.257250199999987, 56.4868989 ], [ -132.2606328, 56.5083056 ], [ -132.25222549999998, 56.4810331 ], [ -132.2063437, 56.459792 ], [ -132.177108799999985, 56.379764599999987 ], [ -132.1613007, 56.3776093 ], [ -132.1759949, 56.4027557 ], [ -132.1657562, 56.405349699999988 ], [ -132.1224823, 56.365696 ], [ -132.062301599999984, 56.3770676 ], [ -132.016418499999986, 56.355533599999987 ], [ -132.0079498, 56.3664436 ], [ -132.003280599999982, 56.3520813 ], [ -131.9998932, 56.3793869 ], [ -131.9902802, 56.3815002 ], [ -131.995620699999989, 56.3725166 ], [ -131.9557953, 56.3805389 ], [ -131.993438699999984, 56.3711014 ], [ -131.980423, 56.364315 ], [ -131.9900055, 56.341888399999988 ], [ -131.9795532, 56.3013 ], [ -131.925064099999986, 56.233638799999987 ], [ -131.806808499999988, 56.216510799999988 ], [ -131.76502990000003, 56.225296 ], [ -131.683364899999987, 56.2102318 ], [ -131.6744742, 56.2186064 ], [ -131.678649899999982, 56.2095146 ], [ -131.655471799999987, 56.1989899 ], [ -131.6012079, 56.2080837 ], [ -131.5751046, 56.1964984 ], [ -131.559301799999986, 56.2251129 ], [ -131.5406342, 56.2332649 ], [ -131.479935, 56.2392451 ], [ -131.456799499999988, 56.2334248 ], [ -131.437992799999989, 56.245898 ], [ -131.455295399999983, 56.2328851 ], [ -131.4692862, 56.2361326 ], [ -131.469743599999987, 56.2299667 ], [ -131.495665799999983, 56.2329339 ], [ -131.4924316, 56.224842099999989 ], [ -131.509401, 56.219339 ], [ -131.5314014, 56.2198734 ], [ -131.5704651, 56.1838264 ], [ -131.614715599999982, 56.1950035 ], [ -131.5860901, 56.1835556 ], [ -131.608108499999986, 56.1780396 ], [ -131.593046499999986, 56.1584639 ], [ -131.638031, 56.1900902 ], [ -131.6485901, 56.1833229 ], [ -131.6811523, 56.1933632 ], [ -131.711563100000035, 56.1860085 ], [ -131.767334, 56.2051773 ], [ -131.8198395, 56.197853099999989 ], [ -131.8240509, 56.1891632 ], [ -131.8735504, 56.2030373 ], [ -131.8902588, 56.194747899999989 ], [ -131.8860779, 56.1793747 ], [ -131.9730835, 56.1733437 ], [ -131.9813792, 56.0756894 ], [ -131.9590269, 56.0572303 ], [ -131.9819162, 56.0608859 ], [ -131.9567963, 55.9968007 ], [ -131.929782099999983, 55.975598899999987 ], [ -131.966892, 55.9962257 ], [ -131.9651321, 55.959959499999989 ], [ -132.0115288, 55.9676233 ], [ -132.0056638, 55.9619607 ], [ -132.040888599999988, 55.9602873 ], [ -132.03896, 55.9504402 ], [ -132.06665719999998, 55.944055 ], [ -132.070795799999985, 55.9246037 ], [ -132.038532799999984, 55.8849014 ], [ -132.0969081, 55.8479697 ], [ -132.0891125, 55.833299399999987 ], [ -132.055687899999981, 55.8247608 ], [ -132.0611082, 55.8136512 ], [ -132.0208911, 55.8008163 ], [ -132.002641200000028, 55.776988 ], [ -132.027375799999987, 55.7974775 ], [ -132.0787033, 55.810458499999989 ], [ -132.1305152, 55.811388 ], [ -132.1701404, 55.7950649 ], [ -132.165215099999983, 55.8030236 ], [ -132.185873099999981, 55.803434499999987 ], [ -132.1928183, 55.739718599999989 ], [ -132.170736, 55.7266414 ], [ -132.1979485, 55.7311966 ], [ -132.1988311, 55.739881 ], [ -132.2276732, 55.7400745 ], [ -132.268104199999982, 55.7650609 ], [ -132.2870269, 55.761806899999989 ], [ -132.245607299999989, 55.7358035 ], [ -132.2593608, 55.7340973 ], [ -132.224313, 55.7025534 ], [ -132.1859772, 55.5882185 ], [ -132.152121699999981, 55.5639796 ], [ -132.0832385, 55.5391299 ], [ -132.0736415, 55.545143 ], [ -132.0454844, 55.535220599999988 ], [ -132.0179224, 55.512637399999988 ], [ -131.9692819, 55.4972606 ], [ -131.9697404, 55.529844 ], [ -131.9645423, 55.5231916 ], [ -131.9612033, 55.5329963 ], [ -131.9441503, 55.5260555 ], [ -131.937930599999987, 55.5348491 ], [ -131.9393972, 55.5681077 ], [ -131.9790868, 55.5967366 ], [ -131.9458948, 55.583394899999988 ], [ -131.9366504, 55.590893699999988 ], [ -131.977244399999989, 55.6051751 ], [ -131.9615369, 55.6065828 ], [ -131.9770576, 55.6326831 ], [ -132.042688199999986, 55.6824132 ], [ -131.9711672, 55.6520661 ], [ -131.980182899999988, 55.6512879 ], [ -131.960775399999989, 55.631577 ], [ -131.8949498, 55.5996786 ], [ -131.885608499999989, 55.6023329 ], [ -131.897777599999984, 55.6266672 ], [ -131.878862199999986, 55.620619899999987 ], [ -131.8659499, 55.6450978 ], [ -131.8652009, 55.631149 ], [ -131.8544201, 55.6364417 ], [ -131.8374034, 55.6726544 ], [ -131.8179886, 55.6701098 ], [ -131.8948269, 55.7529009 ], [ -131.8597919, 55.7279224 ], [ -131.8533804, 55.7321277 ], [ -131.85108, 55.7197973 ], [ -131.824982899999981, 55.718769699999989 ], [ -131.796150899999986, 55.754925099999987 ], [ -131.800844, 55.7685785 ], [ -131.776983699999988, 55.7813541 ], [ -131.7668129, 55.8216563 ], [ -131.776289599999984, 55.824476499999989 ], [ -131.776743399999987, 55.816276599999988 ], [ -131.7998512, 55.8358812 ], [ -131.840796399999988, 55.8440503 ], [ -131.8914901, 55.8433033 ], [ -131.9207427, 55.856066899999988 ], [ -131.9200313, 55.8648482 ], [ -131.8275759, 55.877149599999989 ], [ -131.83588, 55.9020485 ], [ -131.8116637, 55.875968699999987 ], [ -131.808290699999986, 55.8863279 ], [ -131.7632605, 55.8781201 ], [ -131.746301, 55.8841623 ], [ -131.8439224, 55.9278462 ], [ -131.8447577, 55.9491227 ], [ -131.828847599999989, 55.9255947 ], [ -131.795735899999983, 55.9189625 ], [ -131.7371188, 55.8881069 ], [ -131.6312709, 55.9345774 ], [ -131.6196755, 55.985516 ], [ -131.6146154, 55.938764 ], [ -131.5182503, 55.9757567 ], [ -131.530758, 56.004364599999988 ], [ -131.5077273, 55.9772113 ], [ -131.420218299999988, 56.0106275 ], [ -131.4262851, 55.997211699999987 ], [ -131.3928483, 55.9600055 ], [ -131.37446, 55.9689574 ], [ -131.3449632, 55.9672689 ], [ -131.3008931, 55.9972351 ], [ -131.227917599999984, 56.0056842 ], [ -131.1996581, 56.019929 ], [ -131.2252417, 56.043203 ], [ -131.204561899999987, 56.0276019 ], [ -131.1600771, 56.0337624 ], [ -131.0858582, 56.080937399999989 ], [ -131.1226457, 56.1101697 ], [ -131.092727699999983, 56.0886737 ], [ -131.051341899999983, 56.1066808 ], [ -131.092877099999981, 56.0874958 ], [ -131.0805772, 56.0801659 ], [ -131.075201099999987, 56.0880567 ], [ -131.068656299999986, 56.085490799999988 ], [ -131.026279499999987, 56.1044068 ], [ -131.1034936, 56.0483104 ], [ -131.0637189, 56.052088399999988 ], [ -131.2167211, 55.98336 ], [ -131.1933328, 55.9678623 ], [ -131.1765145, 55.9883147 ], [ -131.188881899999984, 55.9578054 ], [ -131.154378899999983, 55.9319345 ], [ -131.1358162, 55.9499579 ], [ -131.1249105, 55.947010899999988 ], [ -131.137392399999982, 55.9234132 ], [ -131.077357899999981, 55.885680599999986 ], [ -130.989802199999986, 55.7978222 ], [ -130.928908500000034, 55.826296 ], [ -130.9065684, 55.8272027 ], [ -130.917820500000033, 55.8247892 ], [ -130.904984899999988, 55.8176718 ], [ -130.9249477, 55.8167464 ], [ -130.9695539, 55.7820893 ], [ -130.907137399999982, 55.7151551 ], [ -130.8606757, 55.7285025 ], [ -130.7941873, 55.7310845 ], [ -130.7683255, 55.7480313 ], [ -130.712480699999986, 55.763094699999989 ], [ -130.7015106, 55.7539052 ], [ -130.74382, 55.7480929 ], [ -130.74872, 55.723898 ], [ -130.7686819, 55.7365803 ], [ -130.7949927, 55.718351399999989 ], [ -130.856974799999989, 55.7188829 ], [ -130.89472809999998, 55.7066971 ], [ -130.9047704, 55.6865247 ], [ -130.8767205, 55.560281 ], [ -130.827816399999989, 55.5506221 ], [ -130.800961799999982, 55.5783049 ], [ -130.7661472, 55.5767003 ], [ -130.748461099999986, 55.596059 ], [ -130.7097657, 55.599767299999989 ], [ -130.705216299999989, 55.6344205 ], [ -130.6703264, 55.6401943 ], [ -130.6356973, 55.6663306 ], [ -130.647373499999986, 55.6364564 ], [ -130.675756, 55.6392958 ], [ -130.7009717, 55.6277671 ], [ -130.685787399999981, 55.6081609 ], [ -130.694632899999988, 55.6028536 ], [ -130.6765413, 55.5465261 ], [ -130.7071024, 55.5963934 ], [ -130.7499238, 55.5807699 ], [ -130.7513736, 55.5666148 ], [ -130.789623399999982, 55.5674974 ], [ -130.8021364, 55.5588097 ], [ -130.773849899999988, 55.5243696 ], [ -130.7991729, 55.5320665 ], [ -130.8087976, 55.548572 ], [ -130.873303599999986, 55.540962799999988 ], [ -130.8815981, 55.4960495 ], [ -130.8722032, 55.4839876 ], [ -130.887111799999985, 55.485823 ], [ -130.900154900000018, 55.4668645 ], [ -130.875959199999983, 55.3862898 ], [ -130.8726491, 55.3144091 ], [ -130.8463831, 55.3014987 ], [ -130.7908474, 55.3068815 ], [ -130.784875299999982, 55.320062099999987 ], [ -130.7836834, 55.3086555 ], [ -130.7503869, 55.3146271 ], [ -130.725823599999984, 55.3056529 ], [ -130.6973315, 55.3384768 ], [ -130.659260599999982, 55.3516332 ], [ -130.6068123, 55.39715 ], [ -130.6103211, 55.3748195 ], [ -130.6870269, 55.3221296 ], [ -130.6597515, 55.307829 ], [ -130.6245939, 55.3053568 ], [ -130.6244443, 55.2981357 ], [ -130.662801, 55.297635 ], [ -130.6875163, 55.3073981 ], [ -130.7245476, 55.2964409 ], [ -130.7532024, 55.3021872 ], [ -130.853488299999981, 55.2863183 ], [ -130.856443899999988, 55.2941155 ], [ -130.9094355, 55.300997 ], [ -130.9440287, 55.2954063 ], [ -130.9507008, 55.2743706 ], [ -130.9859879, 55.2449034 ], [ -131.009683700000011, 55.2414542 ], [ -131.093036399999988, 55.1925079 ], [ -131.0920275, 55.1851929 ], [ -131.081061399999982, 55.1895812 ], [ -131.091694599999983, 55.1799041 ], [ -131.075289, 55.1671342 ], [ -131.087964, 55.1641815 ], [ -131.068691199999989, 55.1209035 ], [ -131.0480868, 55.1178648 ], [ -131.047051899999985, 55.1080865 ], [ -131.037939699999981, 55.11438 ], [ -131.0264674, 55.0936979 ], [ -130.9960787, 55.0855002 ], [ -130.9251193, 55.0964919 ], [ -130.887213299999985, 55.1101319 ], [ -130.871583099999981, 55.126608499999989 ], [ -130.8356618, 55.1344548 ], [ -130.8345658, 55.1610087 ], [ -130.8219181, 55.1437401 ], [ -130.8182371, 55.1971955 ], [ -130.815598699999981, 55.139476 ], [ -130.796094399999987, 55.1034256 ], [ -130.773938, 55.0928785 ], [ -130.7457054, 55.0999515 ], [ -130.7344563, 55.132056899999988 ], [ -130.7111799, 55.1385538 ], [ -130.7140742, 55.1518005 ], [ -130.575716, 55.2363121 ], [ -130.564174300000019, 55.2673737 ], [ -130.4888296, 55.3343802 ], [ -130.4671998, 55.3394137 ], [ -130.542111899999981, 55.2675037 ], [ -130.559563199999985, 55.233582399999989 ], [ -130.6874455, 55.152617 ], [ -130.7091905, 55.1215294 ], [ -130.6560132, 55.1185885 ], [ -130.619629, 55.1374536 ], [ -130.5511093, 55.1461745 ], [ -130.5041455, 55.1692731 ], [ -130.552703, 55.137033699999982 ], [ -130.623957599999983, 55.1258426 ], [ -130.6523925, 55.1120012 ], [ -130.714387599999981, 55.110575399999988 ], [ -130.7172347, 55.0820002 ], [ -130.689414699999986, 55.033541799999988 ], [ -130.663080399999984, 55.0285917 ], [ -130.6671456, 55.023367099999987 ], [ -130.6869599, 55.0318414 ], [ -130.690917899999988, 55.019219 ], [ -130.734436, 55.0890242 ], [ -130.794381, 55.0728333 ], [ -130.784446299999985, 55.0306346 ], [ -130.8323752, 55.118184 ], [ -130.8533784, 55.1190077 ], [ -130.871500200000014, 55.0979868 ], [ -130.929377, 55.077719 ], [ -130.9891709, 55.0676549 ], [ -130.9822888, 55.0572617 ], [ -130.957109, 55.0647522 ], [ -130.994276499999984, 55.0493282 ], [ -130.989635, 55.0437583 ], [ -130.95866, 55.050028499999989 ], [ -131.006489599999981, 55.030105 ], [ -131.008729, 54.9936977 ], [ -130.993683799999985, 55.0039501 ], [ -130.9659216, 54.9614211 ], [ -130.9463849, 54.9695847 ], [ -130.940816399999989, 54.9267529 ], [ -130.9682784, 54.9334328 ], [ -130.9777326, 54.9248328 ], [ -130.9625384, 54.9210119 ], [ -130.947579099999984, 54.8893605 ], [ -130.9522375, 54.8561389 ], [ -130.9422994, 54.8619379 ], [ -130.940133299999985, 54.8511966 ], [ -130.929128, 54.8588862 ], [ -130.9188824, 54.8521876 ], [ -130.9362822, 54.8519079 ], [ -130.9455082, 54.8190788 ], [ -130.8978381, 54.7812487 ], [ -130.8380962, 54.7674475 ], [ -130.7904543, 54.788949 ], [ -130.788097600000015, 54.8206053 ], [ -130.8070514, 54.8478733 ], [ -130.7738555, 54.821509199999987 ], [ -130.7648295, 54.8240273 ], [ -130.7654078, 54.8109116 ], [ -130.7606102, 54.8236946 ], [ -130.7503307, 54.814807 ], [ -130.739803, 54.818881899999987 ], [ -130.761585199999985, 54.932448699999988 ], [ -130.7447056, 54.9630559 ], [ -130.7276424, 54.9052777 ], [ -130.7317519, 54.8560356 ], [ -130.713794, 54.8286189 ], [ -130.719729699999988, 54.854162 ], [ -130.7053678, 54.8314017 ], [ -130.699057399999987, 54.8403024 ], [ -130.6913338, 54.7973205 ], [ -130.713035499999989, 54.8166459 ], [ -130.723689899999982, 54.7930078 ], [ -130.7332309, 54.7989409 ], [ -130.7415162, 54.7925166 ], [ -130.7190268, 54.76441 ], [ -130.683163399999984, 54.7683329 ], [ -130.6773014, 54.7780146 ], [ -130.6567595, 54.7746491 ], [ -130.6365671, 54.7933655 ], [ -130.6470213, 54.8053517 ], [ -130.637934799999982, 54.8181386 ], [ -130.657279, 54.8310518 ], [ -130.6353315, 54.8233866 ], [ -130.6868188, 54.8617983 ], [ -130.699017199999986, 54.8519544 ], [ -130.665746, 54.912372 ], [ -130.6807631, 54.9375532 ], [ -130.67252449999998, 54.9456117 ], [ -130.6610503, 54.938670699999989 ], [ -130.646394499999985, 54.9657303 ], [ -130.600172, 54.9753412 ], [ -130.5925781, 54.9710636 ], [ -130.639908599999984, 54.9573537 ], [ -130.66015, 54.9379778 ], [ -130.6522747, 54.9027686 ], [ -130.6759213, 54.8621207 ], [ -130.644056799999987, 54.843222 ], [ -130.6286888, 54.8162044 ], [ -130.6162478, 54.8191469 ], [ -130.6257003, 54.821547 ], [ -130.5846555, 54.8422388 ], [ -130.576519499999989, 54.8591071 ], [ -130.5640383, 54.8553053 ], [ -130.531328299999984, 54.8777133 ], [ -130.5349378, 54.8878579 ], [ -130.5237258, 54.882687 ], [ -130.4895206, 54.9044816 ], [ -130.4783013, 54.8990771 ], [ -130.4792185, 54.907803 ], [ -130.4657885, 54.9072137 ], [ -130.46799919999998, 54.922897899999988 ], [ -130.4837101, 54.915545 ], [ -130.4674675, 54.9336205 ], [ -130.471453, 54.9530075 ], [ -130.4535519, 54.9039191 ], [ -130.4824103, 54.8822223 ], [ -130.486233199999987, 54.898019399999988 ], [ -130.523813099999984, 54.8678399 ], [ -130.497442799999988, 54.8336392 ], [ -130.482080599999989, 54.8373223 ], [ -130.4817713, 54.853179399999988 ], [ -130.4642073, 54.8506816 ], [ -130.336782299999982, 54.9359839 ], [ -130.335746, 54.9513444 ], [ -130.363586700000013, 54.9715425 ], [ -130.3488127, 55.0115709 ], [ -130.3169119, 55.0320576 ], [ -130.3059386, 55.0290539 ], [ -130.3491899, 54.9724459 ], [ -130.329123899999985, 54.9466014 ], [ -130.264575399999984, 54.9967951 ], [ -130.2573156, 55.0186545 ], [ -130.229343699999987, 55.0382091 ], [ -130.1967813, 55.1103841 ], [ -130.1696517, 55.121282199999982 ], [ -130.1566724, 55.1668969 ], [ -130.1443573, 55.1614302 ], [ -130.0999158, 55.2104516 ], [ -130.0994177, 55.2426401 ], [ -130.113925099999989, 55.2524562 ], [ -130.0968789, 55.2470065 ], [ -130.0856082, 55.2204854 ], [ -129.997514099999989, 55.2787077 ], [ -129.994144, 55.2917167 ], [ -130.0445158, 55.3490088 ], [ -130.0484712, 55.3958446 ], [ -130.0626796, 55.3987952 ], [ -130.0499778, 55.4149396 ], [ -130.053919600000029, 55.4415664 ], [ -130.1086851, 55.4938761 ], [ -130.113413899999983, 55.5237142 ], [ -130.1414647, 55.5531978 ], [ -130.1524551, 55.5980539 ], [ -130.125942399999985, 55.6423932 ], [ -130.1259928, 55.6799392 ], [ -130.175050199999987, 55.7150386 ], [ -130.1618565, 55.731171 ], [ -130.1787028, 55.7586566 ], [ -130.1438406, 55.8069489 ], [ -130.1514291, 55.8138513 ], [ -130.127300599999984, 55.8246561 ], [ -130.1125299, 55.8188441 ], [ -130.105991, 55.8303657 ], [ -130.092923499999984, 55.827126199999988 ], [ -130.0341583, 55.8913515 ], [ -130.0469047, 55.9374466 ], [ -130.016392699999983, 55.911888499999989 ], [ -130.003394899999989, 56.0080896 ], [ -130.103427399999987, 56.122662899999987 ], [ -130.2457933, 56.096745 ], [ -130.42566770000002, 56.141731799999988 ], [ -130.467604500000022, 56.2430646 ], [ -130.540905, 56.2476221 ], [ -130.623403, 56.2671993 ], [ -130.7896156, 56.3677059 ], [ -131.0869514, 56.406003899999988 ], [ -131.1770302, 56.4504426 ], [ -131.472648599999985, 56.552407099999989 ], [ -131.5814172, 56.6120229 ], [ -131.835107, 56.5989356 ], [ -131.847408, 56.6488046 ], [ -131.870855799999987, 56.6467703 ], [ -131.8708829, 56.6467659 ], [ -131.870877799999988, 56.6467684 ], [ -131.8971156, 56.6444878 ], [ -131.844657399999988, 56.6369624 ], [ -131.855027899999982, 56.6384501 ], [ -131.8587923, 56.6167132 ], [ -131.8562025, 56.6386186 ], [ -131.8827154, 56.6336657 ], [ -131.911912699999988, 56.6508376 ], [ -131.996908, 56.6702764 ], [ -132.049062, 56.6986978 ], [ -132.087232500000027, 56.706432299999989 ], [ -132.166743699999984, 56.6993479 ], [ -132.1806225, 56.6843255 ], [ -132.195645899999988, 56.6814211 ], [ -132.2025528, 56.6762671 ], [ -132.2369474, 56.6685576 ], [ -132.2403429, 56.6658454 ], [ -132.199899099999982, 56.6489973 ], [ -132.245730899999984, 56.666587299999989 ], [ -132.245733, 56.6665869 ], [ -132.24573239999998, 56.6665879 ], [ -132.2514162, 56.6687679 ], [ -132.2774267, 56.6627108 ], [ -132.322689, 56.610386299999988 ], [ -132.3114234, 56.6128564 ], [ -132.368963799999989, 56.593933299999989 ] ], [ [ -130.9326039, 54.9753406 ], [ -130.935028, 54.983219 ], [ -130.9094919, 54.9860885 ], [ -130.905125699999985, 55.008936 ], [ -130.8636923, 54.969625099999988 ], [ -130.8842726, 54.9743104 ], [ -130.8883533, 54.99044 ], [ -130.929680599999983, 54.972152199999989 ], [ -130.9061465, 54.9544999 ], [ -130.888666799999982, 54.9590081 ], [ -130.8902199, 54.9352097 ], [ -130.905493299999989, 54.936229499999989 ], [ -130.933744, 54.972579599999989 ], [ -130.9400056, 54.972249399999988 ], [ -130.9326039, 54.9753406 ] ] ], [ [ [ -133.9376264, 57.4829545 ], [ -133.9213158, 57.472190299999987 ], [ -133.936907599999984, 57.4829055 ], [ -133.9376264, 57.4829545 ] ] ], [ [ [ -133.4194683, 55.9268915 ], [ -133.421323799999982, 55.9277891 ], [ -133.421963399999981, 55.9255173 ], [ -133.4194683, 55.9268915 ] ] ], [ [ [ -132.735843099999983, 54.9867344 ], [ -132.740857299999988, 54.9801511 ], [ -132.7326079, 54.9851434 ], [ -132.735843099999983, 54.9867344 ] ] ], [ [ [ -139.6264597, 59.4566399 ], [ -139.411074, 59.381239 ], [ -139.4077288, 59.3818199 ], [ -139.6264597, 59.4566399 ] ] ], [ [ [ -139.739497, 59.6202587 ], [ -139.74377, 59.62055 ], [ -139.7431239, 59.6180851 ], [ -139.739497, 59.6202587 ] ] ], [ [ [ -139.7246199, 59.6291724 ], [ -139.72253, 59.63557 ], [ -139.73186, 59.62989 ], [ -139.729919199999983, 59.6259976 ], [ -139.7246199, 59.6291724 ] ] ] ] } },
{ "type": "Feature", "properties": { "name": "Beaverhead-Deerlodge National Forest", "region": "01", "acres": 3614456.0, "type": "national_forest" }, "geometry": { "type": "MultiPolygon", "coordinates": [ [ [ [ -113.285068099999989, 46.2661485 ], [ -113.3062641, 46.266173 ], [ -113.306184, 46.2517254 ], [ -113.3267722, 46.2516999 ], [ -113.3268196, 46.222737 ], [ -113.3478625, 46.2226308 ], [ -113.3478098, 46.2081353 ], [ -113.3687951, 46.2080596 ], [ -113.368699, 46.1790478 ], [ -113.3896035, 46.178951399999988 ], [ -113.3895118, 46.1644447 ], [ -113.368617199999989, 46.1645127 ], [ -113.3685391, 46.1498958 ], [ -113.389212199999989, 46.1498778 ], [ -113.389152, 46.1353806 ], [ -113.473025299999989, 46.1425761 ], [ -113.514703, 46.1352773 ], [ -113.5147253, 46.1498507 ], [ -113.5354634, 46.149835199999984 ], [ -113.535523, 46.1643856 ], [ -113.556331199999988, 46.1644264 ], [ -113.5565752, 46.251444 ], [ -113.5358389, 46.2515125 ], [ -113.5359017, 46.3234992 ], [ -113.5777536, 46.3234425 ], [ -113.5778414, 46.3524854 ], [ -113.6864455, 46.3566808 ], [ -113.7369547, 46.3155352 ], [ -113.7807335, 46.3063095 ], [ -113.784249, 46.2849919 ], [ -113.7482654, 46.2653329 ], [ -113.774215399999989, 46.2446798 ], [ -113.7753324, 46.2280018 ], [ -113.8229596, 46.208672 ], [ -113.8179233, 46.191074199999989 ], [ -113.7848521, 46.1811204 ], [ -113.79522, 46.1522904 ], [ -113.7531665, 46.1120077 ], [ -113.7878857, 46.074011 ], [ -113.8034914, 46.0374462 ], [ -113.769019700000015, 46.0278011 ], [ -113.7449399, 46.048778 ], [ -113.7317327, 46.0383747 ], [ -113.6876725, 46.0354056 ], [ -113.690660799999989, 46.025623499999988 ], [ -113.6712311, 46.0230193 ], [ -113.670246299999988, 45.9939969 ], [ -113.648357499999989, 45.9650381 ], [ -113.6165224, 45.9703802 ], [ -113.608804, 45.9497829 ], [ -113.5839554, 45.9470805 ], [ -113.5793484, 45.9387239 ], [ -113.554326, 45.9472609 ], [ -113.5262398, 45.9450593 ], [ -113.515483, 45.9360169 ], [ -113.5351089, 45.913198 ], [ -113.5286467, 45.8810823 ], [ -113.5791653, 45.873004 ], [ -113.592215599999989, 45.8502243 ], [ -113.6674167, 45.8352611 ], [ -113.7015364, 45.843154 ], [ -113.7586486, 45.801896199999987 ], [ -113.7920059, 45.7921294 ], [ -113.7872397, 45.778441699999988 ], [ -113.829875, 45.7507462 ], [ -113.8493233, 45.7526748 ], [ -113.8550765, 45.773531 ], [ -113.8690962, 45.7814965 ], [ -113.8964856, 45.7700895 ], [ -113.9162666, 45.7461328 ], [ -113.904383400000015, 45.7311878 ], [ -113.9065288, 45.7041747 ], [ -113.9373717, 45.6972734 ], [ -113.919870500000016, 45.657975099999987 ], [ -113.8952072, 45.643667 ], [ -113.9049082, 45.622036 ], [ -113.8866332, 45.617348 ], [ -113.8617621, 45.623834699999989 ], [ -113.8068725, 45.6021881 ], [ -113.7967071, 45.5815024 ], [ -113.8216397, 45.5659005 ], [ -113.834819599999989, 45.5206608 ], [ -113.766060599999989, 45.520688199999988 ], [ -113.7730357, 45.513500099999987 ], [ -113.7599668, 45.4805727 ], [ -113.7844372, 45.4550148 ], [ -113.7762566, 45.433984599999988 ], [ -113.7598034, 45.4271574 ], [ -113.7759893, 45.4077655 ], [ -113.749224399999989, 45.4029503 ], [ -113.733073499999989, 45.3899228 ], [ -113.7381195, 45.328533199999988 ], [ -113.6803242, 45.2788532 ], [ -113.6920214, 45.272475199999988 ], [ -113.6848192, 45.2531956 ], [ -113.6555614, 45.2401533 ], [ -113.6365531, 45.2119818 ], [ -113.5919872, 45.1847534 ], [ -113.5907159, 45.1559279 ], [ -113.5657092, 45.1497156 ], [ -113.5765269, 45.1307694 ], [ -113.5495418, 45.112773599999983 ], [ -113.5113914, 45.1161893 ], [ -113.5062351, 45.1074017 ], [ -113.5222214, 45.0914091 ], [ -113.4921352, 45.0785609 ], [ -113.4854814, 45.0636401 ], [ -113.451964, 45.0590381 ], [ -113.455871, 45.039666499999989 ], [ -113.4379188, 45.007658 ], [ -113.4460646, 44.9647289 ], [ -113.436614, 44.9647323 ], [ -113.436553499999988, 45.0010192 ], [ -113.416205, 45.0010215 ], [ -113.4164465, 45.0445207 ], [ -113.3560587, 45.0445883 ], [ -113.3558901, 45.0156068 ], [ -113.3151453, 45.0198023 ], [ -113.3151729, 45.027076399999984 ], [ -113.3354918, 45.0270079 ], [ -113.3155756, 45.0744855 ], [ -113.29512, 45.074465499999988 ], [ -113.2953237, 45.0890092 ], [ -113.2748956, 45.1036879 ], [ -113.2133634, 45.1038994 ], [ -113.2134601, 45.1330245 ], [ -113.1928367, 45.1329822 ], [ -113.1927637, 45.1476483 ], [ -113.1724812, 45.1617072 ], [ -113.1614593, 45.2342324 ], [ -113.1514362, 45.2378407 ], [ -113.1614582, 45.237850099999989 ], [ -113.161383, 45.2638457 ], [ -113.1716195, 45.2636944 ], [ -113.1723664, 45.3076521 ], [ -113.2135706, 45.3074246 ], [ -113.2136372, 45.3291232 ], [ -113.2549774, 45.3219163 ], [ -113.2552313, 45.2487349 ], [ -113.2963934, 45.2488512 ], [ -113.296161399999988, 45.2049648 ], [ -113.3761708, 45.2049563 ], [ -113.3865999, 45.2475343 ], [ -113.4173542, 45.2475462 ], [ -113.4174059, 45.2547835 ], [ -113.4378847, 45.2547807 ], [ -113.437927699999989, 45.2626076 ], [ -113.4587824, 45.2625959 ], [ -113.4588387, 45.2771279 ], [ -113.4794041, 45.2771365 ], [ -113.4793883, 45.2916547 ], [ -113.4588262, 45.2916451 ], [ -113.4588424, 45.3206588 ], [ -113.4793715, 45.3206784 ], [ -113.4793682, 45.3061808 ], [ -113.4992581, 45.3061601 ], [ -113.499288299999989, 45.3350765 ], [ -113.5198326, 45.3350129 ], [ -113.512116, 45.361018 ], [ -113.553447, 45.3610945 ], [ -113.553649299999989, 45.3900494 ], [ -113.574225, 45.3900789 ], [ -113.5743458, 45.4045795 ], [ -113.5949166, 45.4045808 ], [ -113.5947258, 45.447761 ], [ -113.6152924, 45.447744 ], [ -113.6153024, 45.4622626 ], [ -113.6364263, 45.462243099999988 ], [ -113.6368559, 45.5219862 ], [ -113.657468099999988, 45.5220414 ], [ -113.6574797, 45.536529 ], [ -113.6782168, 45.5365539 ], [ -113.678320200000016, 45.6419758 ], [ -113.6602443, 45.6420445 ], [ -113.6602609, 45.652909799999989 ], [ -113.6421516, 45.656566299999987 ], [ -113.637178299999988, 45.6965581 ], [ -113.6165061, 45.6965414 ], [ -113.6474404, 45.7545197 ], [ -113.5854902, 45.7545213 ], [ -113.5647738, 45.7762092 ], [ -113.503179300000014, 45.7849092 ], [ -113.5031245, 45.7994285 ], [ -113.4823944, 45.7995367 ], [ -113.482467700000015, 45.8141153 ], [ -113.3995164, 45.8140709 ], [ -113.3995026, 45.8282819 ], [ -113.3781496, 45.8283053 ], [ -113.378152199999988, 45.8426417 ], [ -113.357188799999989, 45.8424224 ], [ -113.3571696, 45.8579455 ], [ -113.3365691, 45.8579516 ], [ -113.336678, 45.872645299999988 ], [ -113.3162819, 45.8725671 ], [ -113.3162781, 45.8870146 ], [ -113.2755542, 45.8869944 ], [ -113.275619600000013, 45.901522899999989 ], [ -113.2444085, 45.9014968 ], [ -113.24441, 45.908631799999988 ], [ -113.1605643, 45.9089177 ], [ -113.1500101, 45.9596548 ], [ -113.128342100000012, 45.9597082 ], [ -113.097189899999989, 45.9812262 ], [ -113.0660259, 45.981172 ], [ -113.0657662, 46.0464385 ], [ -113.1500515, 46.0463366 ], [ -113.1500263, 46.0897713 ], [ -113.0891397, 46.0898675 ], [ -113.0892294, 46.1188348 ], [ -113.110065, 46.1187529 ], [ -113.119981900000013, 46.157568399999988 ], [ -113.156818699999988, 46.1546759 ], [ -113.1599945, 46.164816599999988 ], [ -113.0925166, 46.1650278 ], [ -113.0990251, 46.1795802 ], [ -113.0886858, 46.1795269 ], [ -113.085997, 46.1686079 ], [ -113.052176100000011, 46.1649867 ], [ -113.0556965, 46.1793772 ], [ -113.0052573, 46.1797673 ], [ -113.005229, 46.1651161 ], [ -112.9842066, 46.1650795 ], [ -112.9895676, 46.1505402 ], [ -112.9738328, 46.1505107 ], [ -112.9736639, 46.1650529 ], [ -112.9540052, 46.1650354 ], [ -112.953808400000014, 46.1796404 ], [ -112.9744712, 46.1797157 ], [ -112.9745633, 46.194282 ], [ -112.953705, 46.1942325 ], [ -112.9536734, 46.2087064 ], [ -112.9328316, 46.2086531 ], [ -112.9328053, 46.223228 ], [ -112.9120279, 46.2232078 ], [ -112.9112687, 46.309777 ], [ -112.8907378, 46.3098262 ], [ -112.8904207, 46.454558899999988 ], [ -112.9107771, 46.454541299999988 ], [ -112.9106394, 46.4836191 ], [ -112.9548586, 46.483685 ], [ -112.9549185, 46.4980254 ], [ -112.975865, 46.4980519 ], [ -112.9758752, 46.5126921 ], [ -112.996834299999989, 46.5127186 ], [ -112.9971564, 46.5418164 ], [ -113.101462, 46.5421754 ], [ -113.1011178, 46.5276798 ], [ -113.1223342, 46.5274814 ], [ -113.1223478, 46.5128042 ], [ -113.1648301, 46.5127002 ], [ -113.1649839, 46.4834539 ], [ -113.2237263, 46.4834941 ], [ -113.2230832, 46.439588699999987 ], [ -113.2440049, 46.4395895 ], [ -113.2439752, 46.4250616 ], [ -113.2647769, 46.4250234 ], [ -113.264123, 46.3095194 ], [ -113.2925554, 46.3123038 ], [ -113.285068099999989, 46.2661485 ] ] ] ] } },
{ "type": "Feature", "properties": { "name": "Bitterroot National Forest", "region": "01", "acres": 1664512.0, "type": "national_forest" }, "geometry": { "type": "MultiPolygon", "coordinates": [ [ [ [ -114.2424421, 46.0223145 ], [ -114.2216699, 46.0368909 ], [ -114.222151, 46.067949 ], [ -114.201261699999989, 46.0698047 ], [ -114.210915, 46.077038 ], [ -114.201521500000013, 46.0879865 ], [ -114.2225083, 46.0879457 ], [ -114.2227453, 46.1099263 ], [ -114.243631100000016, 46.1026501 ], [ -114.2070213, 46.1389091 ], [ -114.207028, 46.167941 ], [ -114.2226413, 46.1643442 ], [ -114.2286298, 46.2403939 ], [ -114.2390998, 46.240371599999989 ], [ -114.239431, 46.2981724 ], [ -114.218463, 46.301864699999989 ], [ -114.2185106, 46.312836 ], [ -114.2287683, 46.3128763 ], [ -114.2291375, 46.3310175 ], [ -114.2557447, 46.3418686 ], [ -114.261094899999989, 46.3563325 ], [ -114.250567100000012, 46.356336399999989 ], [ -114.2509982, 46.3852352 ], [ -114.2405614, 46.386196 ], [ -114.2505851, 46.3939406 ], [ -114.2409335, 46.393028 ], [ -114.2290158, 46.410515 ], [ -114.234299299999989, 46.4286665 ], [ -114.1987107, 46.435761 ], [ -114.197961299999989, 46.4612343 ], [ -114.1719033, 46.4758577 ], [ -114.172556899999989, 46.5156014 ], [ -114.1567197, 46.5266877 ], [ -114.1620555, 46.533844 ], [ -114.151586, 46.5340192 ], [ -114.1621281, 46.5374679 ], [ -114.1516913, 46.541165799999987 ], [ -114.1570748, 46.5519824 ], [ -114.1413786, 46.5592575 ], [ -114.1306387, 46.5845855 ], [ -114.1201137, 46.584694899999988 ], [ -114.131204900000014, 46.631844 ], [ -114.1415257, 46.6317891 ], [ -114.1401978, 46.6608549 ], [ -114.124450900000014, 46.6645034 ], [ -114.139826700000015, 46.6753178 ], [ -114.129824899999988, 46.7143504 ], [ -114.155901199999988, 46.7066465 ], [ -114.169753, 46.6864991 ], [ -114.2321753, 46.6882527 ], [ -114.2477101, 46.6546519 ], [ -114.2715106, 46.6383886 ], [ -114.280287, 46.601164 ], [ -114.3155833, 46.5909291 ], [ -114.3147879, 46.5800349 ], [ -114.3479421, 46.5516164 ], [ -114.3484029, 46.510173099999989 ], [ -114.4029085, 46.499877399999988 ], [ -114.4008998, 46.4781102 ], [ -114.3793879, 46.4601812 ], [ -114.3845464, 46.4471098 ], [ -114.3684492, 46.436970699999989 ], [ -114.3828296, 46.4324139 ], [ -114.3848579, 46.411314499999989 ], [ -114.4224344, 46.3872242 ], [ -114.41022, 46.3611221 ], [ -114.4333801, 46.3055641 ], [ -114.4271222, 46.2838813 ], [ -114.470822, 46.2655017 ], [ -114.4677657, 46.247897 ], [ -114.448118099999988, 46.2320737 ], [ -114.444161600000015, 46.169095 ], [ -114.4754756, 46.1605839 ], [ -114.5149814, 46.1676738 ], [ -114.5141757, 46.1543672 ], [ -114.5272417, 46.1465323 ], [ -114.5211307, 46.1251858 ], [ -114.4743825, 46.113095699999988 ], [ -114.460237400000011, 46.0969052 ], [ -114.468176899999989, 46.0628929 ], [ -114.506588799999989, 46.0382214 ], [ -114.5044156, 46.0294206 ], [ -114.4804603, 46.030375299999989 ], [ -114.476374299999989, 46.0230577 ], [ -114.4862049, 45.9988198 ], [ -114.520084900000015, 45.9986673 ], [ -114.53227, 45.9831511 ], [ -114.5805751, 45.9753994 ], [ -114.59936949999998, 45.9596414 ], [ -114.6506447, 45.965718 ], [ -114.6954653, 45.953204199999988 ], [ -114.71336, 45.965108 ], [ -114.7389146, 45.958756 ], [ -114.7610209, 45.9787324 ], [ -114.785272499999977, 45.981081 ], [ -114.8076134, 45.9691135 ], [ -114.8299537, 45.9703549 ], [ -114.82960940000001, 45.9561986 ], [ -114.8555508, 45.9437675 ], [ -114.8701243, 45.9225623 ], [ -114.9236699, 45.9195634 ], [ -114.880312600000011, 45.883186699999989 ], [ -114.8913841, 45.8518452 ], [ -114.930293, 45.8119497 ], [ -114.913265200000012, 45.792885 ], [ -114.9270914, 45.7684572 ], [ -114.9638249, 45.7414338 ], [ -114.9634018, 45.719314 ], [ -114.9921288, 45.7044411 ], [ -114.988363299999975, 45.6784416 ], [ -114.94717439999998, 45.683808 ], [ -114.97304579999998, 45.6094037 ], [ -114.9657293, 45.5689625 ], [ -115.018597599999978, 45.5239314 ], [ -115.0245936, 45.5074721 ], [ -114.9816918, 45.4927571 ], [ -114.9597504, 45.4684336 ], [ -114.8727605, 45.4179059 ], [ -114.7924168, 45.3897029 ], [ -114.735147900000015, 45.3953553 ], [ -114.763086899999976, 45.4139525 ], [ -114.7691775, 45.4343922 ], [ -114.7951722, 45.4403264 ], [ -114.78769, 45.458614399999988 ], [ -114.7980382, 45.496851 ], [ -114.7882933, 45.5124147 ], [ -114.7693885, 45.5123028 ], [ -114.734096, 45.4899514 ], [ -114.690966, 45.4909137 ], [ -114.6804448, 45.4740157 ], [ -114.664054299999989, 45.4710416 ], [ -114.626618, 45.5233844 ], [ -114.52765260000001, 45.5708044 ], [ -114.4981976, 45.5554097 ], [ -114.456037, 45.562201099999989 ], [ -114.463641, 45.545187 ], [ -114.430231299999988, 45.5290207 ], [ -114.4251211, 45.510318 ], [ -114.3677886, 45.4921374 ], [ -114.3456611, 45.4606516 ], [ -114.330262, 45.4597433 ], [ -114.2698162, 45.484611 ], [ -114.2493331, 45.520426 ], [ -114.2483833, 45.5458631 ], [ -114.192599699999988, 45.5366916 ], [ -114.180282, 45.5512716 ], [ -114.135334, 45.557376 ], [ -114.1209977, 45.584756899999988 ], [ -114.085975, 45.591474299999987 ], [ -114.0670122, 45.6280601 ], [ -114.0153316, 45.6526798 ], [ -114.0282301, 45.6752492 ], [ -114.014402, 45.683633 ], [ -114.015849, 45.6958358 ], [ -113.9968436, 45.6968225 ], [ -113.9884748, 45.7061072 ], [ -113.970867500000011, 45.702977 ], [ -113.963635, 45.6898592 ], [ -113.9223066, 45.7039699 ], [ -113.9097578, 45.699807899999989 ], [ -113.904383400000015, 45.7311878 ], [ -113.9162666, 45.7461328 ], [ -113.8964357, 45.7701178 ], [ -113.8690962, 45.7814965 ], [ -113.8550765, 45.773531 ], [ -113.8493233, 45.7526748 ], [ -113.829875, 45.7507462 ], [ -113.7872397, 45.778441699999988 ], [ -113.7920059, 45.7921294 ], [ -113.7586486, 45.801896199999987 ], [ -113.7015364, 45.843154 ], [ -113.6675586, 45.8352668 ], [ -113.6266159, 45.8400413 ], [ -113.592215599999989, 45.8502243 ], [ -113.5791653, 45.873004 ], [ -113.5286467, 45.8810823 ], [ -113.5372537, 45.901413299999987 ], [ -113.5179298, 45.9404814 ], [ -113.554326, 45.9472609 ], [ -113.5791651, 45.938665 ], [ -113.5839554, 45.9470805 ], [ -113.608804, 45.9497829 ], [ -113.6154353, 45.970045 ], [ -113.648357499999989, 45.9650381 ], [ -113.670246299999988, 45.9939969 ], [ -113.6712311, 46.0230193 ], [ -113.690660799999989, 46.025623499999988 ], [ -113.6876725, 46.0354056 ], [ -113.7317327, 46.0383747 ], [ -113.7449399, 46.048778 ], [ -113.769019700000015, 46.0278011 ], [ -113.8038253, 46.037915 ], [ -113.7878857, 46.074011 ], [ -113.7531665, 46.1120077 ], [ -113.79522, 46.1522904 ], [ -113.7848521, 46.1811204 ], [ -113.8179233, 46.191074199999989 ], [ -113.8229596, 46.208672 ], [ -113.7753324, 46.2280018 ], [ -113.774215399999989, 46.2446798 ], [ -113.7481958, 46.2654966 ], [ -113.784249, 46.2849919 ], [ -113.7718154, 46.3210349 ], [ -113.7855031, 46.3390989 ], [ -113.7828272, 46.364185099999986 ], [ -113.820241, 46.4072707 ], [ -113.8580414, 46.4197692 ], [ -113.8493698, 46.448624599999988 ], [ -113.8659259, 46.492123 ], [ -113.8786224, 46.4979362 ], [ -113.8463154, 46.5215938 ], [ -113.8287153, 46.570717599999988 ], [ -113.8358895, 46.5834953 ], [ -113.809289, 46.5951502 ], [ -113.8165023, 46.6149081 ], [ -113.8028404, 46.629572 ], [ -113.822696799999989, 46.6458596 ], [ -113.8230277, 46.6710337 ], [ -113.8537749, 46.6878294 ], [ -113.8945441, 46.6805493 ], [ -113.9409413, 46.7043813 ], [ -113.940819600000012, 46.6898592 ], [ -113.9198635, 46.689842 ], [ -113.9197976, 46.6753894 ], [ -113.8983558, 46.675365 ], [ -113.8987817, 46.5742841 ], [ -113.879339, 46.5743468 ], [ -113.8792544, 46.5599983 ], [ -113.900281, 46.559877299999989 ], [ -113.9000348, 46.5452457 ], [ -113.920995499999989, 46.545094 ], [ -113.9203407, 46.4870478 ], [ -113.9067645, 46.4870879 ], [ -113.9057631, 46.399773499999988 ], [ -113.945022, 46.3998908 ], [ -113.945157, 46.3558609 ], [ -113.968011, 46.355854 ], [ -113.9673054, 46.2260139 ], [ -113.988264199999989, 46.2259757 ], [ -113.9882589, 46.197109 ], [ -114.0091459, 46.197111 ], [ -114.0090973, 46.1535998 ], [ -114.0299424, 46.1536176 ], [ -114.0299161, 46.139138599999988 ], [ -114.0506688, 46.1391207 ], [ -114.0507224, 46.149982099999988 ], [ -114.0611524, 46.149968 ], [ -114.0610183, 46.139113099999989 ], [ -114.0918944, 46.1369362 ], [ -114.09188, 46.1296921 ], [ -114.1022222, 46.1297044 ], [ -114.1022412, 46.1390557 ], [ -114.1229284, 46.1390291 ], [ -114.1265856, 46.1249099 ], [ -114.1021898, 46.1155171 ], [ -114.1021657, 46.1043433 ], [ -114.1228883, 46.1043712 ], [ -114.1281306, 46.1188025 ], [ -114.139324699999989, 46.118789299999989 ], [ -114.1393615, 46.102857199999988 ], [ -114.1649307, 46.0954323 ], [ -114.1495008, 46.0882342 ], [ -114.1596421, 46.0772054 ], [ -114.122786, 46.0781164 ], [ -114.122741, 46.0646582 ], [ -114.1392866, 46.0646605 ], [ -114.1227328, 46.061035 ], [ -114.1227853, 46.042553 ], [ -114.138717899999989, 46.0316211 ], [ -114.123141, 46.0317012 ], [ -114.1234039, 46.0174863 ], [ -114.1027084, 46.0177135 ], [ -114.10276, 45.9959601 ], [ -114.040291200000013, 45.9896571 ], [ -114.0400522, 45.9745517 ], [ -114.0816903, 45.9743909 ], [ -114.0815653, 45.9598112 ], [ -114.1021524, 45.9598134 ], [ -114.1015458, 45.93045 ], [ -114.0704213, 45.9306019 ], [ -114.0807815, 45.9195347 ], [ -114.0603, 45.92666 ], [ -114.0600453, 45.8906484 ], [ -114.0393401, 45.8870965 ], [ -114.0497404, 45.8725967 ], [ -114.0965365, 45.8725208 ], [ -114.10667, 45.8869766 ], [ -114.1170473, 45.8833257 ], [ -114.132444600000014, 45.9123795 ], [ -114.1577372, 45.9102596 ], [ -114.158235, 45.9209975 ], [ -114.1424359, 45.917527 ], [ -114.1425804, 45.924758 ], [ -114.174273700000015, 45.9574984 ], [ -114.190156699999989, 45.9573958 ], [ -114.1900865, 45.971869299999987 ], [ -114.174400299999988, 45.982799 ], [ -114.2212902, 45.9939208 ], [ -114.2216181, 46.028727499999988 ], [ -114.2424421, 46.0223145 ] ], [ [ -114.1516312, 46.5736552 ], [ -114.1621371, 46.5736072 ], [ -114.1569803, 46.5807831 ], [ -114.1516312, 46.5736552 ] ], [ [ -114.2196075, 45.877910299999989 ], [ -114.1934613, 45.888663799999989 ], [ -114.193604, 45.9061957 ], [ -114.1729907, 45.8994232 ], [ -114.1729441, 45.8922309 ], [ -114.1883538, 45.8921676 ], [ -114.1939644, 45.8568556 ], [ -114.2144049, 45.8641741 ], [ -114.2194872, 45.842411399999989 ], [ -114.234980799999988, 45.8425607 ], [ -114.225139399999989, 45.8281798 ], [ -114.240491, 45.824953099999988 ], [ -114.2354894, 45.799695299999982 ], [ -114.2561854, 45.7997428 ], [ -114.2562218, 45.788798799999988 ], [ -114.265669, 45.7888143 ], [ -114.2656495, 45.799734699999988 ], [ -114.2971363, 45.8001834 ], [ -114.2970915, 45.8074199 ], [ -114.2509875, 45.8069474 ], [ -114.2196075, 45.877910299999989 ] ], [ [ -114.2588781, 45.7851603 ], [ -114.2590888, 45.7708837 ], [ -114.279706, 45.760487 ], [ -114.2588781, 45.7851603 ] ], [ [ -114.2799228, 45.7173668 ], [ -114.2799766, 45.7029609 ], [ -114.2944369, 45.6976885 ], [ -114.290213099999988, 45.6848311 ], [ -114.309174, 45.6746958 ], [ -114.3006964, 45.6957342 ], [ -114.3058912, 45.6884418 ], [ -114.3111064, 45.6952925 ], [ -114.2799228, 45.7173668 ] ], [ [ -114.3074776, 45.8002001 ], [ -114.3177095, 45.785585399999988 ], [ -114.343660899999989, 45.7856815 ], [ -114.3384898, 45.7929712 ], [ -114.3177988, 45.7928716 ], [ -114.3074776, 45.8002001 ] ], [ [ -114.290386, 45.6702103 ], [ -114.2904725, 45.6191231 ], [ -114.3110308, 45.6408093 ], [ -114.311044599999988, 45.6555567 ], [ -114.3217115, 45.655555899999989 ], [ -114.3216294, 45.6701115 ], [ -114.290386, 45.6702103 ] ], [ [ -114.3007565, 45.6010297 ], [ -114.3268428, 45.5937376 ], [ -114.3115, 45.6046402 ], [ -114.3110485, 45.6227314 ], [ -114.3007613, 45.6210149 ], [ -114.3007565, 45.6010297 ] ] ] ] } },
{ "type": "Feature", "properties": { "name": "Idaho Panhandle National Forests", "region": "01", "acres": 2943333.0, "type": "national_forest" }, "geometry": { "type": "MultiPolygon", "coordinates": [ [ [ [ -116.677858599999979, 47.8459712 ], [ -116.699413299999975, 47.8460269 ], [ -116.700149700000011, 47.7881137 ], [ -116.7431336, 47.78809 ], [ -116.7437505, 47.7008255 ], [ -116.678782399999974, 47.7008716 ], [ -116.678410199999988, 47.6569992 ], [ -116.5684116, 47.6609011 ], [ -116.5682909, 47.6318335 ], [ -116.6134116, 47.6314096 ], [ -116.6129455, 47.6164845 ], [ -116.678636, 47.6152044 ], [ -116.678657899999976, 47.6059573 ], [ -116.701206, 47.6057969 ], [ -116.6998873, 47.5949545 ], [ -116.721475500000011, 47.5912922 ], [ -116.72145660000001, 47.540287 ], [ -116.741406799999979, 47.540028899999989 ], [ -116.7416027, 47.525532 ], [ -116.7830743, 47.5249759 ], [ -116.781380399999989, 47.4973179 ], [ -116.737409499999984, 47.4971706 ], [ -116.7375095, 47.5117811 ], [ -116.672425, 47.512552 ], [ -116.6722776, 47.4978011 ], [ -116.5969214, 47.4983677 ], [ -116.586604, 47.5275806 ], [ -116.565242500000011, 47.5277964 ], [ -116.565941599999988, 47.5422953 ], [ -116.5235264, 47.542747 ], [ -116.5239333, 47.5576435 ], [ -116.512592, 47.557765 ], [ -116.51806040000001, 47.5427914 ], [ -116.5071289, 47.5428804 ], [ -116.5024206, 47.5723555 ], [ -116.4594499, 47.5725126 ], [ -116.4595912, 47.5870542 ], [ -116.286900800000012, 47.5876899 ], [ -116.286897200000013, 47.573119899999988 ], [ -116.222094, 47.5727189 ], [ -116.2220399, 47.5589167 ], [ -116.115349200000011, 47.557921 ], [ -116.115326499999981, 47.5434548 ], [ -116.050667299999986, 47.543443499999988 ], [ -116.0510056, 47.530191599999988 ], [ -116.0082082, 47.53046 ], [ -116.0084283, 47.5159483 ], [ -115.96448, 47.5145256 ], [ -115.964463699999982, 47.5018383 ], [ -115.9436928, 47.500029499999989 ], [ -115.921462300000016, 47.5001917 ], [ -115.921764599999975, 47.5146183 ], [ -115.90050020000001, 47.514650499999988 ], [ -115.9005339, 47.5434118 ], [ -115.8789106, 47.5433962 ], [ -115.878969200000014, 47.5724176 ], [ -115.815266799999989, 47.5724404 ], [ -115.8151672, 47.5311227 ], [ -115.7939831, 47.5308301 ], [ -115.7940849, 47.5165243 ], [ -115.815336899999977, 47.5164937 ], [ -115.815355700000012, 47.5026639 ], [ -115.7942167, 47.5026418 ], [ -115.793339, 47.4876323 ], [ -115.7505893, 47.4878317 ], [ -115.7504937, 47.4588172 ], [ -115.8829406, 47.4584934 ], [ -115.8829219, 47.4427063 ], [ -115.968374199999985, 47.4426706 ], [ -115.9655218, 47.472297399999988 ], [ -116.0082971, 47.472126 ], [ -116.008576800000014, 47.4861838 ], [ -116.072428, 47.4860872 ], [ -116.0723863, 47.500520099999989 ], [ -116.1367031, 47.5014172 ], [ -116.1379626, 47.4062623 ], [ -116.1433308, 47.3990482 ], [ -116.1539692, 47.409915299999987 ], [ -116.1912811, 47.4063309 ], [ -116.2019617, 47.3991042 ], [ -116.191242800000012, 47.3846611 ], [ -116.201855900000012, 47.370216299999989 ], [ -116.2288464, 47.3703656 ], [ -116.2340529, 47.345034 ], [ -116.180684899999989, 47.3377414 ], [ -116.180618599999988, 47.3269126 ], [ -116.137678599999987, 47.3270616 ], [ -116.137770499999974, 47.2832708 ], [ -116.005547100000015, 47.2832752 ], [ -116.005439599999974, 47.2712866 ], [ -115.989540600000012, 47.2677097 ], [ -115.98948, 47.2833005 ], [ -115.9471202, 47.283192 ], [ -115.9472514, 47.2531496 ], [ -115.9259587, 47.254846199999989 ], [ -115.9258427, 47.2676082 ], [ -115.9046798, 47.2675049 ], [ -115.9053193, 47.194971699999989 ], [ -116.0157927, 47.1955236 ], [ -116.0155681, 47.1675616 ], [ -116.079609, 47.167505 ], [ -116.084893099999988, 47.178321 ], [ -116.05824410000001, 47.1783859 ], [ -116.053653400000016, 47.210012 ], [ -116.0324311, 47.20997 ], [ -116.0324108, 47.2243815 ], [ -116.0535262, 47.2244434 ], [ -116.053621600000014, 47.2136198 ], [ -116.0748785, 47.210039599999988 ], [ -116.0750359, 47.1956056 ], [ -116.1115055, 47.1928161 ], [ -116.112202899999986, 47.1992631 ], [ -116.0961498, 47.1992954 ], [ -116.096092700000014, 47.2100873 ], [ -116.1281521, 47.2028472 ], [ -116.1328405, 47.189201499999989 ], [ -116.122165200000012, 47.1891658 ], [ -116.1168173, 47.1746656 ], [ -116.1427138, 47.1674611 ], [ -116.1427199, 47.152937799999989 ], [ -116.1852424, 47.1529293 ], [ -116.2065804, 47.167459 ], [ -116.206556299999988, 47.1601849 ], [ -116.2489932, 47.1454325 ], [ -116.2486803, 47.116349899999989 ], [ -116.238018, 47.1164001 ], [ -116.232586399999988, 47.0951323 ], [ -116.24848870000001, 47.091334599999989 ], [ -116.2377831, 47.0550056 ], [ -116.2272266, 47.0551004 ], [ -116.222117199999985, 47.080574399999989 ], [ -116.2061397, 47.0842103 ], [ -116.2114166, 47.0915246 ], [ -116.190263800000011, 47.1061236 ], [ -116.1425176, 47.1027621 ], [ -116.1425164, 47.0799188 ], [ -116.123087, 47.0799159 ], [ -116.1230169, 47.0655016 ], [ -116.14252, 47.0619081 ], [ -116.133476699999989, 47.0474979 ], [ -116.142523900000015, 47.0474982 ], [ -116.1424014, 46.934418199999989 ], [ -115.964213799999982, 46.9344215 ], [ -115.9536864, 46.9453342 ], [ -115.9380223, 46.9344572 ], [ -115.932801500000011, 46.9487469 ], [ -115.92225449999998, 46.9487556 ], [ -115.9222626, 46.991985899999989 ], [ -115.8958067, 46.9992229 ], [ -115.9116752, 47.0028298 ], [ -115.9116574, 47.0209546 ], [ -115.869832300000013, 47.0209417 ], [ -115.8698105, 47.0064809 ], [ -115.8486229, 47.006453 ], [ -115.848613899999989, 46.9775783 ], [ -115.8063509, 46.9775047 ], [ -115.8169111, 46.9630975 ], [ -115.8063298, 46.963067 ], [ -115.8063214, 46.948662399999989 ], [ -115.801047299999979, 46.9630533 ], [ -115.7852, 46.9630124 ], [ -115.7851785, 46.934374399999989 ], [ -115.7640518, 46.9338471 ], [ -115.756401400000016, 46.9164307 ], [ -115.7244426, 46.9238814 ], [ -115.7052073, 46.946469 ], [ -115.6725157, 46.953303 ], [ -115.6025026, 46.948933599999989 ], [ -115.57941430000001, 46.935493 ], [ -115.554415100000014, 46.9437113 ], [ -115.503912, 46.9392291 ], [ -115.4744116, 46.9675651 ], [ -115.474994400000014, 46.9905384 ], [ -115.4309656, 46.9801082 ], [ -115.432748499999988, 46.9582378 ], [ -115.4132023, 46.946729 ], [ -115.3684408, 46.942959599999988 ], [ -115.3575478, 46.9614322 ], [ -115.2804124, 46.9434901 ], [ -115.2605097, 46.9616021 ], [ -115.204864700000016, 46.9687975 ], [ -115.160539, 47.0070158 ], [ -115.123275, 46.9967007 ], [ -115.0965725, 47.0119189 ], [ -115.069571599999989, 47.0149644 ], [ -115.0873309, 47.0456471 ], [ -115.1060996, 47.048402499999987 ], [ -115.130890799999975, 47.0686267 ], [ -115.1440652, 47.1017504 ], [ -115.1711106, 47.1064122 ], [ -115.199598399999985, 47.1400012 ], [ -115.244640799999985, 47.151410299999988 ], [ -115.2618323, 47.1816319 ], [ -115.3001883, 47.1879157 ], [ -115.2945635, 47.220142 ], [ -115.3173555, 47.233592099999989 ], [ -115.3196132, 47.256155 ], [ -115.384884, 47.2676106 ], [ -115.4109637, 47.2642473 ], [ -115.426018899999988, 47.2802716 ], [ -115.456024599999978, 47.2776744 ], [ -115.4664859, 47.2874742 ], [ -115.4829025, 47.2814564 ], [ -115.5283753, 47.2993277 ], [ -115.551599799999977, 47.3511017 ], [ -115.5752118, 47.3557071 ], [ -115.578445699999975, 47.3676868 ], [ -115.6173178, 47.382477599999987 ], [ -115.643783899999988, 47.3777755 ], [ -115.657784, 47.4004447 ], [ -115.7127832, 47.415575 ], [ -115.720761, 47.425724 ], [ -115.759324600000014, 47.423629 ], [ -115.7482098, 47.4416374 ], [ -115.7159643, 47.452903 ], [ -115.646552, 47.4567107 ], [ -115.6294507, 47.4796153 ], [ -115.6863514, 47.4850759 ], [ -115.7114788, 47.5168328 ], [ -115.6986039, 47.5316523 ], [ -115.742978600000015, 47.538483 ], [ -115.755811, 47.5480489 ], [ -115.6885395, 47.5943909 ], [ -115.6948379, 47.624051 ], [ -115.7367302, 47.6541899 ], [ -115.722552199999981, 47.6950557 ], [ -115.7531969, 47.7169718 ], [ -115.7765887, 47.719841699999989 ], [ -115.79754890000001, 47.7572976 ], [ -115.8315684, 47.7555307 ], [ -115.852205099999978, 47.827569499999989 ], [ -115.8816041, 47.8495118 ], [ -115.9014425, 47.8430677 ], [ -115.918886300000011, 47.853711 ], [ -116.018826600000011, 47.9628336 ], [ -116.0527331, 47.9794956 ], [ -116.0622889, 47.995697199999981 ], [ -116.1033961, 48.0121934 ], [ -116.1043055, 48.0231327 ], [ -116.0763155, 48.0395575 ], [ -116.049711199999976, 48.0381084 ], [ -116.0491032, 48.0645652 ], [ -116.094770200000013, 48.0646029 ], [ -116.0948381, 48.079177 ], [ -116.1378173, 48.0794012 ], [ -116.137848099999985, 48.0939082 ], [ -116.159576699999988, 48.0940382 ], [ -116.1595891, 48.108527599999988 ], [ -116.181074599999988, 48.108503399999989 ], [ -116.1811262, 48.1229728 ], [ -116.2027235, 48.1230687 ], [ -116.202784, 48.1374422 ], [ -116.2461245, 48.1373734 ], [ -116.246146799999977, 48.151861 ], [ -116.34238950000001, 48.1517389 ], [ -116.342581199999984, 48.1973569 ], [ -116.50321550000001, 48.1937436 ], [ -116.5029425, 48.1505308 ], [ -116.5677562, 48.1504527 ], [ -116.5676615, 48.1071763 ], [ -116.589479799999978, 48.107390599999988 ], [ -116.589952200000013, 47.991272 ], [ -116.568365199999988, 47.9912089 ], [ -116.5695334, 47.9184901 ], [ -116.590831699999981, 47.9184307 ], [ -116.590896, 47.8894994 ], [ -116.6776567, 47.8894911 ], [ -116.677721199999979, 47.8657992 ], [ -116.6885048, 47.8676446 ], [ -116.677858599999979, 47.8459712 ] ], [ [ -115.948585099999988, 47.0245833 ], [ -115.9538535, 47.031807 ], [ -115.9644209, 47.0281926 ], [ -115.9538709, 47.0209751 ], [ -116.00675, 47.0208728 ], [ -116.0067072, 47.0353617 ], [ -115.985561099999984, 47.0353934 ], [ -115.985564699999983, 47.0498581 ], [ -115.97497749999998, 47.049855699999988 ], [ -115.9749721, 47.064324 ], [ -115.9537952, 47.0643296 ], [ -115.9537893, 47.0788015 ], [ -115.9855976, 47.071563 ], [ -115.985632400000014, 47.1077352 ], [ -115.932548200000014, 47.1077709 ], [ -115.9432198, 47.0824109 ], [ -115.911419900000013, 47.0896346 ], [ -115.9114703, 47.078781 ], [ -115.8902946, 47.078772699999988 ], [ -115.890545, 47.0353977 ], [ -115.911634, 47.0354078 ], [ -115.9116574, 47.0209546 ], [ -115.948585099999988, 47.0245833 ] ], [ [ -115.815218300000012, 47.6013357 ], [ -115.8579904, 47.6014043 ], [ -115.858046499999986, 47.6158633 ], [ -115.878776, 47.6159394 ], [ -115.8787899, 47.630762 ], [ -115.815341499999988, 47.6305775 ], [ -115.815218300000012, 47.6013357 ] ], [ [ -115.8901231, 47.1077617 ], [ -115.8902096, 47.0932721 ], [ -115.906104699999986, 47.0932574 ], [ -115.9113337, 47.107758 ], [ -115.8901231, 47.1077617 ] ], [ [ -115.9699423, 46.9775977 ], [ -115.938137799999978, 46.977589599999988 ], [ -115.9539188, 46.9705193 ], [ -115.948649300000014, 46.9632051 ], [ -115.96967, 46.9668589 ], [ -115.9699423, 46.9775977 ] ], [ [ -116.164746099999988, 47.3557466 ], [ -116.1646224, 47.348542499999986 ], [ -116.1808256, 47.3557554 ], [ -116.164746099999988, 47.3557466 ] ] ], [ [ [ -116.3461471, 46.9568006 ], [ -116.3453079, 46.9491848 ], [ -116.345742699999988, 46.9569372 ], [ -116.3461471, 46.9568006 ] ] ] ] } },
{ "type": "Feature", "properties": { "name": "Flathead National Forest", "region": "01", "acres": 2651693.0, "type": "national_forest" }, "geometry": { "type": "MultiPolygon", "coordinates": [ [ [ [ -114.1754538, 48.4361069 ], [ -114.1750507, 48.4541867 ], [ -114.1533339, 48.4540559 ], [ -114.1533233, 48.4431969 ], [ -114.1427595, 48.4431378 ], [ -114.1375056, 48.4142956 ], [ -114.0885557, 48.4142983 ], [ -114.088561899999988, 48.4251133 ], [ -114.0619486, 48.4250633 ], [ -114.0619715, 48.414242699999988 ], [ -114.083547, 48.4071023 ], [ -114.1320541, 48.4106364 ], [ -114.115675, 48.3888766 ], [ -114.0901056, 48.389271099999988 ], [ -114.121139200000016, 48.3852948 ], [ -114.1210534, 48.3709238 ], [ -114.1319021, 48.3708508 ], [ -114.1319915, 48.283746799999989 ], [ -114.110405199999988, 48.2690905 ], [ -114.1104665, 48.2473538 ], [ -114.0887439, 48.2474177 ], [ -114.0887879, 48.225625099999988 ], [ -114.0725691, 48.2255719 ], [ -114.0723578, 48.1820971 ], [ -114.018815499999988, 48.1826934 ], [ -114.0081869, 48.1610942 ], [ -113.9864208, 48.1611903 ], [ -113.9865346, 48.1394928 ], [ -113.9649393, 48.1396958 ], [ -113.9645417, 48.1095843 ], [ -113.94281, 48.1099176 ], [ -113.9422548, 48.051607 ], [ -113.9211854, 48.051628799999989 ], [ -113.9207639, 48.0224428 ], [ -113.8996407, 48.0079475 ], [ -113.8996385, 47.9933845 ], [ -113.9853993, 47.9935089 ], [ -113.9853766, 48.0078586 ], [ -114.0070679, 48.0119114 ], [ -114.0174986, 48.0371594 ], [ -114.0498991, 48.037345 ], [ -114.0503088, 48.0084673 ], [ -114.0286109, 48.008358199999989 ], [ -114.0369796, 47.8847019 ], [ -113.9234444, 47.8837634 ], [ -113.9266898, 47.8708511 ], [ -113.943700100000015, 47.871636299999984 ], [ -113.9544854, 47.8482778 ], [ -113.9510062, 47.8365685 ], [ -113.9268545, 47.8300379 ], [ -113.9231543, 47.7595507 ], [ -113.9037784, 47.7595531 ], [ -113.9038694, 47.7739866 ], [ -113.8824164, 47.7739814 ], [ -113.88237620000001, 47.7884707 ], [ -113.898811, 47.788487599999989 ], [ -113.8987686, 47.803019299999988 ], [ -113.9095156, 47.803052099999988 ], [ -113.8986728, 47.831927099999987 ], [ -113.8393946, 47.831817099999988 ], [ -113.839307, 47.8462907 ], [ -113.7966985, 47.8463822 ], [ -113.796663099999989, 47.8716792 ], [ -113.7590913, 47.871703599999989 ], [ -113.7644591, 47.864470799999985 ], [ -113.7537398, 47.8644681 ], [ -113.7537335, 47.8776512 ], [ -113.710858699999989, 47.8776224 ], [ -113.7107757, 47.7884655 ], [ -113.769759, 47.7811348 ], [ -113.7751863, 47.7884535 ], [ -113.7750929, 47.7738887 ], [ -113.7535586, 47.7739167 ], [ -113.7535552, 47.7594312 ], [ -113.7750808, 47.7594217 ], [ -113.7751012, 47.7449646 ], [ -113.7535913, 47.7449456 ], [ -113.7535803, 47.730466199999988 ], [ -113.7321563, 47.7304539 ], [ -113.7321299, 47.7159797 ], [ -113.753558, 47.7160018 ], [ -113.7535362, 47.7015335 ], [ -113.7749854, 47.7015337 ], [ -113.775020399999988, 47.716 ], [ -113.7965136, 47.7160169 ], [ -113.7964313, 47.7015214 ], [ -113.8179033, 47.701530399999989 ], [ -113.8180056, 47.716029 ], [ -113.839408, 47.716031099999988 ], [ -113.839401400000014, 47.7015447 ], [ -113.8607454, 47.7015529 ], [ -113.8608122, 47.716087 ], [ -113.8822118, 47.7161139 ], [ -113.882258, 47.7306192 ], [ -113.9036506, 47.7305926 ], [ -113.9037218, 47.7450866 ], [ -113.9251872, 47.7451129 ], [ -113.9251702, 47.755846899999987 ], [ -113.9567839, 47.7544904 ], [ -113.9690454, 47.7280915 ], [ -113.964678299999989, 47.7069633 ], [ -113.9510108, 47.702306 ], [ -113.9671526, 47.6754526 ], [ -113.9624838, 47.607332899999989 ], [ -113.9298827, 47.5980558 ], [ -113.919483, 47.5493567 ], [ -113.9277619, 47.5206899 ], [ -113.908524199999988, 47.5144214 ], [ -113.951185599999988, 47.475974799999989 ], [ -113.902988799999989, 47.4470591 ], [ -113.871067599999989, 47.3919246 ], [ -113.8758275, 47.371026 ], [ -113.8932251, 47.359239699999989 ], [ -113.881873399999989, 47.3385486 ], [ -113.8866667, 47.3181704 ], [ -113.9006199, 47.3112483 ], [ -113.8782603, 47.3049641 ], [ -113.8722332, 47.2889616 ], [ -113.8429991, 47.271872599999988 ], [ -113.7951102, 47.276174499999989 ], [ -113.7754061, 47.2892889 ], [ -113.758646, 47.2839074 ], [ -113.7155376, 47.3197134 ], [ -113.6652736, 47.327674 ], [ -113.6618489, 47.3448174 ], [ -113.6809898, 47.3558763 ], [ -113.673160400000015, 47.3803169 ], [ -113.6466226, 47.3771579 ], [ -113.6456587, 47.3894141 ], [ -113.6069311, 47.3837103 ], [ -113.6094461, 47.402116899999989 ], [ -113.575249, 47.3943226 ], [ -113.5777409, 47.4080134 ], [ -113.5362279, 47.4254573 ], [ -113.4817596, 47.3473539 ], [ -113.4287116, 47.3438306 ], [ -113.435689599999989, 47.2992294 ], [ -113.4147989, 47.2863374 ], [ -113.403365, 47.288957599999989 ], [ -113.3907684, 47.2655217 ], [ -113.3710788, 47.2624692 ], [ -113.3703324, 47.251933699999988 ], [ -113.3413154, 47.236457 ], [ -113.3242502, 47.2351992 ], [ -113.3195945, 47.2438336 ], [ -113.2806974, 47.228023099999987 ], [ -113.2670345, 47.2327353 ], [ -113.250137099999989, 47.2571849 ], [ -113.257245399999988, 47.297683 ], [ -113.248651, 47.3069505 ], [ -113.2319521, 47.3119729 ], [ -113.2089505, 47.2998104 ], [ -113.2004897, 47.3126247 ], [ -113.1699556, 47.3212818 ], [ -113.1522218, 47.317798 ], [ -113.1300733, 47.2958113 ], [ -113.116077100000012, 47.2669421 ], [ -113.127553299999988, 47.2528321 ], [ -113.097635, 47.2449935 ], [ -113.0661919, 47.265139 ], [ -113.023637799999989, 47.26329 ], [ -112.9975465, 47.3057247 ], [ -112.977109, 47.3059979 ], [ -112.9328277, 47.3422254 ], [ -112.9195164, 47.3814942 ], [ -112.9796334, 47.4220182 ], [ -113.0199269, 47.4888583 ], [ -113.0388615, 47.4940841 ], [ -113.091470699999988, 47.4804842 ], [ -113.1155424, 47.4915425 ], [ -113.1259034, 47.5416346 ], [ -113.1177531, 47.5705536 ], [ -113.1473612, 47.6023163 ], [ -113.1357532, 47.620458 ], [ -113.1447142, 47.6371357 ], [ -113.1303083, 47.6417055 ], [ -113.128632, 47.661065099999988 ], [ -113.1658634, 47.7206477 ], [ -113.138677, 47.7458041 ], [ -113.1209671, 47.7413908 ], [ -113.081148399999989, 47.7497956 ], [ -113.0829577, 47.7727177 ], [ -113.0665833, 47.7761812 ], [ -113.0615333, 47.7878889 ], [ -113.0692915, 47.8292406 ], [ -113.0579862, 47.8707639 ], [ -113.0630257, 47.8855205 ], [ -113.0917868, 47.8948171 ], [ -113.0866237, 47.918144399999989 ], [ -113.065599299999988, 47.926659 ], [ -113.0217622, 47.9272144 ], [ -113.0132835, 47.9419313 ], [ -112.9819993, 47.955208 ], [ -112.9514339, 47.9446011 ], [ -112.9124498, 47.9464451 ], [ -112.8976578, 47.972595899999988 ], [ -112.8785835, 47.975735 ], [ -112.9077528, 48.0297825 ], [ -112.949678299999988, 48.0327674 ], [ -112.9509049, 48.0496091 ], [ -112.937598, 48.0608302 ], [ -112.9637425, 48.074864 ], [ -112.981870199999989, 48.0738776 ], [ -112.9788804, 48.0886772 ], [ -112.9960157, 48.1059808 ], [ -112.9847758, 48.120392699999989 ], [ -113.0305334, 48.133351 ], [ -113.0519569, 48.1214889 ], [ -113.052890600000012, 48.1408541 ], [ -113.0701775, 48.1528354 ], [ -113.090785, 48.1364727 ], [ -113.1295598, 48.1353287 ], [ -113.134619500000014, 48.149065 ], [ -113.1522409, 48.1511658 ], [ -113.1822334, 48.1750842 ], [ -113.2085514, 48.1642335 ], [ -113.2308085, 48.1703723 ], [ -113.237756499999989, 48.21036 ], [ -113.225863, 48.2319255 ], [ -113.2368631, 48.2472877 ], [ -113.2893916, 48.2651401 ], [ -113.2978786, 48.2842981 ], [ -113.3272373, 48.2892592 ], [ -113.3567246, 48.318120699999987 ], [ -113.3666756, 48.303509899999987 ], [ -113.4207669, 48.2961438 ], [ -113.4309048, 48.280717599999988 ], [ -113.4529928, 48.2841767 ], [ -113.4482516, 48.2758204 ], [ -113.4747946, 48.2490342 ], [ -113.5645038, 48.2357357 ], [ -113.5777377, 48.2608186 ], [ -113.604487, 48.2687619 ], [ -113.594156399999989, 48.2887031 ], [ -113.6405406, 48.3336651 ], [ -113.6405547, 48.3585391 ], [ -113.6704297, 48.3698702 ], [ -113.6722053, 48.3791424 ], [ -113.6807609, 48.3749372 ], [ -113.682221, 48.3890622 ], [ -113.7025231, 48.392217 ], [ -113.7306783, 48.4201545 ], [ -113.7565028, 48.4179191 ], [ -113.794556199999988, 48.4284488 ], [ -113.8176357, 48.4732387 ], [ -113.8566334, 48.495608499999989 ], [ -113.909629099999989, 48.4933983 ], [ -113.9323307, 48.5027736 ], [ -113.952263699999989, 48.4953622 ], [ -113.9868961, 48.4982358 ], [ -114.0021947, 48.5085506 ], [ -114.0238912, 48.486537299999988 ], [ -114.0827829, 48.4694484 ], [ -114.0726658, 48.4502934 ], [ -114.0565312, 48.4503534 ], [ -114.078154, 48.4322722 ], [ -114.099494, 48.4287476 ], [ -114.0885544, 48.4431133 ], [ -114.1211554, 48.4395596 ], [ -114.1211033, 48.4503924 ], [ -114.1318935, 48.4503005 ], [ -114.131814100000014, 48.4647011 ], [ -114.1155712, 48.4647442 ], [ -114.0885858, 48.4503142 ], [ -114.0939155, 48.464751299999982 ], [ -114.1156273, 48.468391899999986 ], [ -114.0890104, 48.4708528 ], [ -114.0954637, 48.4827404 ], [ -114.1254506, 48.4906249 ], [ -114.126667399999988, 48.506437599999984 ], [ -114.1396894, 48.5078916 ], [ -114.1134886, 48.5395035 ], [ -114.1290368, 48.5707822 ], [ -114.155868399999989, 48.5797447 ], [ -114.1521377, 48.5924212 ], [ -114.1671683, 48.5949618 ], [ -114.1605154, 48.6014011 ], [ -114.1709988, 48.6092557 ], [ -114.1379699, 48.619532899999989 ], [ -114.1593336, 48.6397549 ], [ -114.1531689, 48.6464079 ], [ -114.187998, 48.6697358 ], [ -114.1864555, 48.6857591 ], [ -114.207999699999988, 48.692674 ], [ -114.2102769, 48.7117944 ], [ -114.2619283, 48.7294092 ], [ -114.2804005, 48.7814241 ], [ -114.3200424, 48.798437 ], [ -114.341127199999988, 48.8209793 ], [ -114.3357391, 48.8340207 ], [ -114.347512, 48.8552205 ], [ -114.3671438, 48.8578065 ], [ -114.3606568, 48.870683299999982 ], [ -114.3777354, 48.8802166 ], [ -114.3655703, 48.8851527 ], [ -114.3842912, 48.910617599999988 ], [ -114.375467199999989, 48.9166082 ], [ -114.3947121, 48.936855199999989 ], [ -114.4754969, 49.0010854 ], [ -114.7355212, 48.9957299 ], [ -114.7347448, 48.982437399999988 ], [ -114.6847368, 48.9728268 ], [ -114.718837400000012, 48.9390217 ], [ -114.7038489, 48.9100167 ], [ -114.7109882, 48.8906831 ], [ -114.689390500000016, 48.8638778 ], [ -114.691559199999986, 48.8422119 ], [ -114.723664199999988, 48.8311896 ], [ -114.7324127, 48.8091747 ], [ -114.671723, 48.799356499999988 ], [ -114.6714148, 48.7745488 ], [ -114.649562300000014, 48.7744955 ], [ -114.649563, 48.7455714 ], [ -114.6277512, 48.7455679 ], [ -114.627745100000013, 48.7329157 ], [ -114.5682531, 48.7328699 ], [ -114.5736138, 48.7040185 ], [ -114.5571932, 48.6750205 ], [ -114.5298467, 48.6749284 ], [ -114.5298676, 48.664047 ], [ -114.480794300000014, 48.6349875 ], [ -114.497112699999988, 48.631336 ], [ -114.4971119, 48.6168639 ], [ -114.458968399999989, 48.6168606 ], [ -114.4480255, 48.5915241 ], [ -114.4262319, 48.5806943 ], [ -114.426221399999989, 48.573452599999989 ], [ -114.4500277, 48.5734431 ], [ -114.428178699999989, 48.515685 ], [ -114.3954913, 48.5120345 ], [ -114.3954884, 48.4866744 ], [ -114.3170777, 48.4865372 ], [ -114.3061413, 48.4577782 ], [ -114.278828, 48.4541273 ], [ -114.262675, 48.4576602 ], [ -114.2626236, 48.4720831 ], [ -114.219048199999989, 48.4720718 ], [ -114.2190328, 48.4286676 ], [ -114.2000391, 48.4324976 ], [ -114.2083268, 48.421553299999985 ], [ -114.1919628, 48.4143964 ], [ -114.202894, 48.3960766 ], [ -114.1701556, 48.3998333 ], [ -114.1755376, 48.4107802 ], [ -114.1538367, 48.414367 ], [ -114.1646964, 48.4216066 ], [ -114.1537304, 48.4361047 ], [ -114.1754538, 48.4361069 ] ], [ [ -113.9035937, 47.7160844 ], [ -113.9250552, 47.7160509 ], [ -113.925134199999988, 47.7305968 ], [ -113.9036506, 47.7305926 ], [ -113.9035937, 47.7160844 ] ], [ [ -113.9249412, 47.7016069 ], [ -113.9463887, 47.7016884 ], [ -113.9571903, 47.7306065 ], [ -113.9464793, 47.7305997 ], [ -113.9464367, 47.7159657 ], [ -113.9250552, 47.7160509 ], [ -113.9249412, 47.7016069 ] ], [ [ -113.7106977, 47.7159901 ], [ -113.7106436, 47.7015018 ], [ -113.7320906, 47.7015165 ], [ -113.7321299, 47.7159797 ], [ -113.7106977, 47.7159901 ] ], [ [ -114.0512127, 48.4034584 ], [ -114.0552755, 48.3928337 ], [ -114.0780427, 48.403482399999987 ], [ -114.0512127, 48.4034584 ] ], [ [ -114.142515100000011, 48.4720903 ], [ -114.1316194, 48.4721042 ], [ -114.14254480000001, 48.4611756 ], [ -114.142515100000011, 48.4720903 ] ], [ [ -114.1641552, 48.4721761 ], [ -114.1533296, 48.4721535 ], [ -114.1533171, 48.4576756 ], [ -114.1642029, 48.457733399999988 ], [ -114.1641552, 48.4721761 ] ], [ [ -114.174977, 48.4721903 ], [ -114.175088699999989, 48.4578051 ], [ -114.1972728, 48.4722577 ], [ -114.174977, 48.4721903 ] ] ] ] } },
{ "type": "Feature", "properties": { "name": "Custer Gallatin National Forest", "region": "01", "acres": 3412204.0, "type": "national_forest" }, "geometry": { "type": "MultiPolygon", "coordinates": [ [ [ [ -109.9921705, 45.697287599999989 ], [ -110.0128043, 45.6973495 ], [ -110.012733, 45.682848 ], [ -110.0334376, 45.6828088 ], [ -110.033446399999988, 45.667134 ], [ -110.0542069, 45.6671471 ], [ -110.0536707, 45.5461583 ], [ -110.0897825, 45.546178 ], [ -110.0897968, 45.5534172 ], [ -110.3275312, 45.5526644 ], [ -110.3327564, 45.5744153 ], [ -110.3224238, 45.5816437 ], [ -110.3431062, 45.5816679 ], [ -110.3535419, 45.6070398 ], [ -110.509344700000014, 45.6116314 ], [ -110.5069893, 45.5261588 ], [ -110.5275866, 45.5261605 ], [ -110.5275844, 45.4820626 ], [ -110.5480798, 45.4820721 ], [ -110.5483647, 45.4533486 ], [ -110.56851420000001, 45.4530466 ], [ -110.5768826, 45.3364121 ], [ -110.6937985, 45.336283799999983 ], [ -110.6991925, 45.3141306 ], [ -110.7196957, 45.306848 ], [ -110.740213, 45.2706397 ], [ -110.7765775, 45.2633085 ], [ -110.7814013, 45.2259549 ], [ -110.8219895, 45.2186352 ], [ -110.8219726, 45.2041505 ], [ -110.883618, 45.2040575 ], [ -110.8834173, 45.1859868 ], [ -110.8922764, 45.185851299999989 ], [ -110.8834832, 45.1782856 ], [ -110.8995832, 45.1908946 ], [ -110.9167296, 45.1908793 ], [ -110.9240907, 45.1440984 ], [ -110.9650931, 45.1440023 ], [ -110.9651542, 45.1295043 ], [ -111.0464621, 45.1295578 ], [ -111.0465524, 45.158477799999986 ], [ -111.0264723, 45.1584879 ], [ -111.0264682, 45.1763783 ], [ -110.9779624, 45.1763804 ], [ -110.9779315, 45.1908585 ], [ -110.9575596, 45.1908401 ], [ -110.957493, 45.2052614 ], [ -110.9269356, 45.1908748 ], [ -110.9368596, 45.2485961 ], [ -110.9164267, 45.2484747 ], [ -110.9165826, 45.2795532 ], [ -110.896950800000013, 45.2793111 ], [ -110.8969612, 45.3367266 ], [ -110.8562932, 45.3367826 ], [ -110.856328499999989, 45.3512868 ], [ -110.8153661, 45.3512765 ], [ -110.8153382, 45.3803862 ], [ -110.7950374, 45.3802787 ], [ -110.7951793, 45.3948573 ], [ -110.7748592, 45.3948954 ], [ -110.7748528, 45.467553799999983 ], [ -110.754224799999989, 45.4675004 ], [ -110.7540555, 45.5252045 ], [ -110.8157821, 45.5250874 ], [ -110.8157468, 45.5831534 ], [ -110.7965934, 45.5831932 ], [ -110.8316718, 45.6127812 ], [ -110.856987, 45.6126128 ], [ -110.8569459, 45.6271059 ], [ -110.877701, 45.627026 ], [ -110.877814199999989, 45.6414896 ], [ -110.9189637, 45.6450979 ], [ -110.919308, 45.5832004 ], [ -111.0012228, 45.5839461 ], [ -111.0012454, 45.598354799999989 ], [ -111.0219944, 45.5984895 ], [ -111.0219077, 45.584345 ], [ -111.0839372, 45.5837381 ], [ -111.0943682, 45.5547699 ], [ -111.145912, 45.5402328 ], [ -111.1462667, 45.525564 ], [ -111.186391, 45.5256069 ], [ -111.2070224, 45.5111736 ], [ -111.2588802, 45.50769 ], [ -111.2639569, 45.4967514 ], [ -111.248852500000012, 45.4967754 ], [ -111.2491918, 45.4822297 ], [ -111.2699462, 45.4821779 ], [ -111.2699462, 45.4678222 ], [ -111.2943909, 45.4748915 ], [ -111.330518700000013, 45.4676824 ], [ -111.330602899999988, 45.4532011 ], [ -111.4549705, 45.4537015 ], [ -111.4548004, 45.4678951 ], [ -111.4746862, 45.4678935 ], [ -111.4746762, 45.4824001 ], [ -111.4953052, 45.4824109 ], [ -111.4958251, 45.5107406 ], [ -111.5368924, 45.509794 ], [ -111.536823500000011, 45.5242895 ], [ -111.5858251, 45.5245004 ], [ -111.5933229, 45.5029536 ], [ -111.5814727, 45.5002174 ], [ -111.5729864, 45.4711772 ], [ -111.5917368, 45.4548164 ], [ -111.5644832, 45.4433966 ], [ -111.560050300000015, 45.4237447 ], [ -111.5371414, 45.4207944 ], [ -111.4843002, 45.3855977 ], [ -111.4574718, 45.3836648 ], [ -111.4257901, 45.3543073 ], [ -111.4068093, 45.3530174 ], [ -111.3921345, 45.3077372 ], [ -111.4296444, 45.2949463 ], [ -111.5089426, 45.2402154 ], [ -111.5020708, 45.2267163 ], [ -111.4799791, 45.2239431 ], [ -111.4770123, 45.1929231 ], [ -111.3994115, 45.1756491 ], [ -111.4018455, 45.1634071 ], [ -111.3695645, 45.1339361 ], [ -111.382945, 45.1227388 ], [ -111.3849345, 45.0971039 ], [ -111.4105189, 45.1006606 ], [ -111.428622, 45.0926366 ], [ -111.4256389, 45.0571171 ], [ -111.4517575, 45.053038099999988 ], [ -111.4591348, 45.0369852 ], [ -111.479629, 45.0388005 ], [ -111.4885934, 45.0179589 ], [ -111.4513354, 44.975028 ], [ -111.4667537, 44.9589241 ], [ -111.4489959, 44.8831061 ], [ -111.4621663, 44.8643017 ], [ -111.4448576, 44.8455645 ], [ -111.4570528, 44.8246741 ], [ -111.4366717, 44.8246447 ], [ -111.4367272, 44.7666503 ], [ -111.4519314, 44.7665846 ], [ -111.4570314, 44.720163 ], [ -111.469126, 44.7116975 ], [ -111.4306841, 44.7207848 ], [ -111.4145391, 44.7107692 ], [ -111.3849079, 44.755015 ], [ -111.35282930000001, 44.7261075 ], [ -111.3239713, 44.7293174 ], [ -111.2665464, 44.6671961 ], [ -111.2782603, 44.6510151 ], [ -111.2526674, 44.6511122 ], [ -111.219318199999989, 44.6225193 ], [ -111.2411139, 44.6145237 ], [ -111.2267862, 44.5767958 ], [ -111.1809738, 44.5692813 ], [ -111.1785905, 44.5524411 ], [ -111.1313187, 44.532475 ], [ -111.1385034, 44.5167377 ], [ -111.1304898, 44.5001267 ], [ -111.0970733, 44.4866255 ], [ -111.0971921, 44.6541661 ], [ -111.1132527, 44.6575629 ], [ -111.1132347, 44.664967 ], [ -111.09717, 44.6650497 ], [ -111.0967909, 45.022108 ], [ -111.1560025, 45.0536981 ], [ -111.134734, 45.061625899999989 ], [ -111.141576199999989, 45.0769523 ], [ -111.1300644, 45.0854831 ], [ -111.131982, 45.1011835 ], [ -111.1038157, 45.1090002 ], [ -111.0847271, 45.1017334 ], [ -111.0550103, 45.066049 ], [ -111.018367, 45.0822494 ], [ -111.0095963, 45.098655 ], [ -110.9820505, 45.0919271 ], [ -110.9760393, 45.0819042 ], [ -110.929716899999988, 45.0674242 ], [ -110.935988, 45.0533263 ], [ -110.9158852, 45.0456296 ], [ -110.9098329, 45.0296071 ], [ -110.8417432, 45.0295607 ], [ -110.8259641, 45.0542224 ], [ -110.7723185, 45.0669293 ], [ -110.7122092, 45.029814 ], [ -110.0770769, 45.0297683 ], [ -110.0234841, 45.0542699 ], [ -110.0003427, 45.0454704 ], [ -110.0039128, 45.0033579 ], [ -109.2343659, 45.005519 ], [ -109.236073499999989, 45.1154845 ], [ -109.2978357, 45.1160762 ], [ -109.306238799999988, 45.1999511 ], [ -109.3364175, 45.199871899999984 ], [ -109.3417378, 45.2109102 ], [ -109.3623138, 45.2111493 ], [ -109.3628776, 45.2258556 ], [ -109.444238399999989, 45.2256334 ], [ -109.445183199999988, 45.2539839 ], [ -109.5673768, 45.2540106 ], [ -109.567591600000014, 45.2904219 ], [ -109.6444912, 45.2904429 ], [ -109.6498937, 45.323013599999989 ], [ -109.6701565, 45.3230742 ], [ -109.6601829, 45.3448095 ], [ -109.6851813, 45.3484146 ], [ -109.685326, 45.3774054 ], [ -109.7059986, 45.3773696 ], [ -109.7060459, 45.3918971 ], [ -109.7265921, 45.3918752 ], [ -109.7266568, 45.406375499999989 ], [ -109.8703695, 45.4066141 ], [ -109.8704128, 45.4210859 ], [ -109.9319828, 45.4211322 ], [ -109.931930099999988, 45.4646279 ], [ -109.9116122, 45.4646095 ], [ -109.9116457, 45.4935532 ], [ -109.891036, 45.4934973 ], [ -109.8910102, 45.464539 ], [ -109.808645399999989, 45.464511599999987 ], [ -109.8088036, 45.63817419999998 ], [ -109.9301556, 45.638233899999989 ], [ -109.9301182, 45.6671947 ], [ -109.992116599999989, 45.6707776 ], [ -109.9921705, 45.697287599999989 ] ] ] ] } },
{ "type": "Feature", "properties": { "name": "Kootenai National Forest", "region": "01", "acres": 2622042.0, "type": "national_forest" }, "geometry": { "type": "MultiPolygon", "coordinates": [ [ [ [ -115.0209411, 48.2551382 ], [ -115.0209699, 48.2696359 ], [ -115.107589, 48.2696502 ], [ -115.107548099999988, 48.2544689 ], [ -115.1929959, 48.2544489 ], [ -115.1930196, 48.2399999 ], [ -115.2146237, 48.23999 ], [ -115.226342699999975, 48.21181 ], [ -115.247900699999988, 48.211837599999988 ], [ -115.247930200000013, 48.1684068 ], [ -115.2687205, 48.1684126 ], [ -115.2686791, 48.1539351 ], [ -115.3116556, 48.153905 ], [ -115.311568400000013, 48.1324709 ], [ -115.3329266, 48.1252563 ], [ -115.3328567, 48.1107817 ], [ -115.3543796, 48.110764599999989 ], [ -115.354404100000011, 48.0673648 ], [ -115.3329685, 48.06737 ], [ -115.3329672, 48.0528894 ], [ -115.354424099999989, 48.0528978 ], [ -115.354472500000014, 48.0321075 ], [ -115.3759322, 48.0320514 ], [ -115.3759008, 48.052913 ], [ -115.4178379, 48.052917 ], [ -115.4179068, 48.067373599999989 ], [ -115.375936200000012, 48.0673795 ], [ -115.376074, 48.153935499999989 ], [ -115.33311350000001, 48.1538891 ], [ -115.3332027, 48.1683458 ], [ -115.31167619999998, 48.1683551 ], [ -115.3118733, 48.211721399999988 ], [ -115.3335451, 48.225603 ], [ -115.3227245, 48.2225776 ], [ -115.322794799999983, 48.2400331 ], [ -115.3012112, 48.2400965 ], [ -115.3012034, 48.2690358 ], [ -115.32286019999998, 48.268982199999982 ], [ -115.3229675, 48.3559961 ], [ -115.3446448, 48.356006 ], [ -115.3446688, 48.3664795 ], [ -115.318453099999985, 48.3684436 ], [ -115.32647990000001, 48.3887869 ], [ -115.308422399999984, 48.4209967 ], [ -115.3066434, 48.2979875 ], [ -115.2903956, 48.2979884 ], [ -115.2957948, 48.2835165 ], [ -115.279565199999979, 48.2835243 ], [ -115.290402199999988, 48.254551899999989 ], [ -115.2795691, 48.2545521 ], [ -115.279574399999987, 48.2400658 ], [ -115.25785590000001, 48.2400505 ], [ -115.2578879, 48.2545338 ], [ -115.2361902, 48.2545019 ], [ -115.2362011, 48.2689823 ], [ -115.171510399999988, 48.2688577 ], [ -115.1714821, 48.2833166 ], [ -115.1076148, 48.2834004 ], [ -115.107680899999977, 48.2985904 ], [ -115.0210039, 48.2913715 ], [ -115.0209912, 48.305862 ], [ -114.999199100000013, 48.305767 ], [ -114.9991984, 48.3125432 ], [ -114.924049, 48.312430199999987 ], [ -114.923746599999987, 48.2979999 ], [ -114.87013850000001, 48.298050599999989 ], [ -114.870109899999989, 48.2836838 ], [ -114.891343, 48.283614299999989 ], [ -114.8913915, 48.269244 ], [ -114.912764200000012, 48.2692282 ], [ -114.912736099999975, 48.2261287 ], [ -114.8695567, 48.2261381 ], [ -114.869563699999986, 48.2117126 ], [ -114.8478738, 48.2116143 ], [ -114.8477401, 48.1971551 ], [ -114.764145, 48.1971055 ], [ -114.7808874, 48.2109829 ], [ -114.8093384, 48.211185199999989 ], [ -114.8307062, 48.225364899999988 ], [ -114.821793700000015, 48.2420807 ], [ -114.8337611, 48.2700294 ], [ -114.8152218, 48.2925598 ], [ -114.8314636, 48.2872315 ], [ -114.848643899999985, 48.2951341 ], [ -114.8648331, 48.3183623 ], [ -114.9244212, 48.3466668 ], [ -114.900274, 48.3679838 ], [ -114.8785522, 48.3624184 ], [ -114.865788, 48.3684458 ], [ -114.840758600000015, 48.4040711 ], [ -114.914953599999976, 48.4556962 ], [ -114.8974085, 48.462781 ], [ -114.908548, 48.4986955 ], [ -114.862380899999977, 48.497414299999988 ], [ -114.848673599999984, 48.5171217 ], [ -114.7933408, 48.5225517 ], [ -114.736709599999983, 48.5700755 ], [ -114.7290153, 48.5893217 ], [ -114.7444242, 48.6015992 ], [ -114.7397308, 48.6168543 ], [ -114.6933445, 48.6169374 ], [ -114.6970289, 48.6374191 ], [ -114.743482399999976, 48.6475234 ], [ -114.7579761, 48.6697919 ], [ -114.7583363, 48.767408 ], [ -114.7371571, 48.7637848 ], [ -114.7371675, 48.7746324 ], [ -114.6932898, 48.7745229 ], [ -114.6933223, 48.7889903 ], [ -114.672838500000012, 48.7889937 ], [ -114.671723, 48.799356499999988 ], [ -114.732568399999977, 48.8096196 ], [ -114.723664199999988, 48.8311896 ], [ -114.691559199999986, 48.8422119 ], [ -114.689390500000016, 48.8638778 ], [ -114.7109882, 48.8906831 ], [ -114.7038489, 48.9100167 ], [ -114.718837400000012, 48.9390217 ], [ -114.6848022, 48.9731576 ], [ -114.7347448, 48.982437399999988 ], [ -114.739417, 48.9911493 ], [ -114.7269229, 49.000508 ], [ -115.041609, 48.9996513 ], [ -115.0416491, 48.9847877 ], [ -115.0087677, 48.9775633 ], [ -114.99828260000001, 48.919704499999987 ], [ -114.9649688, 48.9195495 ], [ -114.9650761, 48.9052048 ], [ -114.916221299999989, 48.872689099999988 ], [ -114.932748800000013, 48.8618386 ], [ -114.888841700000015, 48.8581286 ], [ -114.8887108, 48.7131225 ], [ -114.899573600000011, 48.7131124 ], [ -114.8942001, 48.7276216 ], [ -114.916021299999983, 48.7421195 ], [ -114.921459199999987, 48.716755 ], [ -114.9324802, 48.7204053 ], [ -114.9324307, 48.7059231 ], [ -114.9434077, 48.7059338 ], [ -114.9433933, 48.6986892 ], [ -114.9269066, 48.6986607 ], [ -114.926923299999984, 48.705905199999989 ], [ -114.9103831, 48.7022247 ], [ -114.8995608, 48.7094875 ], [ -114.888680600000015, 48.698628 ], [ -114.9324097, 48.6950525 ], [ -114.9213898, 48.687787 ], [ -114.932380400000014, 48.6769362 ], [ -114.937887300000014, 48.6878065 ], [ -114.9488342, 48.6805627 ], [ -114.9761451, 48.6841766 ], [ -114.976170199999984, 48.6950687 ], [ -114.95435, 48.6878205 ], [ -114.9543793, 48.7023266 ], [ -114.997930599999989, 48.695052399999987 ], [ -114.9979765, 48.7168062 ], [ -115.019698399999982, 48.7166924 ], [ -115.009001500000011, 48.7275871 ], [ -115.019764599999988, 48.731163699999989 ], [ -115.0198248, 48.7492484 ], [ -115.003638900000013, 48.7565095 ], [ -115.0091, 48.774597899999989 ], [ -114.98721110000001, 48.7673984 ], [ -114.987226799999974, 48.778269699999989 ], [ -115.0036428, 48.7782396 ], [ -115.0039898, 48.796353499999988 ], [ -115.019505799999976, 48.7963278 ], [ -115.0064, 48.799969399999981 ], [ -115.01611459999998, 48.811256 ], [ -114.9982536, 48.8072505 ], [ -114.998405600000012, 48.8254787 ], [ -115.0149263, 48.8289134 ], [ -115.014840299999989, 48.8526566 ], [ -115.0191963, 48.8327853 ], [ -115.0412214, 48.832873299999989 ], [ -115.0411521, 48.8473502 ], [ -115.0300918, 48.847297499999989 ], [ -115.0355743, 48.8618459 ], [ -115.0739687, 48.8655024 ], [ -115.0684855, 48.854648 ], [ -115.101577400000011, 48.8583873 ], [ -115.0898115, 48.8480611 ], [ -115.107067, 48.8475727 ], [ -115.106957499999979, 48.8765481 ], [ -115.1771931, 48.873028399999988 ], [ -115.182733899999988, 48.8658198 ], [ -115.188176399999989, 48.8730742 ], [ -115.2101391, 48.869564499999989 ], [ -115.1754318, 48.9007063 ], [ -115.1660951, 48.9007535 ], [ -115.1715872, 48.8947107 ], [ -115.1154933, 48.8955594 ], [ -115.14963680000001, 48.9046672 ], [ -115.1551295, 48.9200832 ], [ -115.1397179, 48.9128123 ], [ -115.1520216, 48.9581837 ], [ -115.129871, 48.9598295 ], [ -115.1298338, 48.977921699999989 ], [ -115.0967493, 48.9850595 ], [ -115.107726699999986, 48.999612 ], [ -115.9721429, 49.0009377 ], [ -115.9690167, 48.936883599999987 ], [ -115.9856325, 48.9289072 ], [ -116.0213709, 48.9333272 ], [ -116.0508807, 48.8949346 ], [ -116.0504295, 48.8712075 ], [ -116.0252646, 48.846158499999987 ], [ -116.0363939, 48.8372646 ], [ -116.0227526, 48.814128 ], [ -116.0294321, 48.7729264 ], [ -116.0490638, 48.7657015 ], [ -116.04911, 48.619908 ], [ -116.0704706, 48.6012524 ], [ -116.0663451, 48.57261 ], [ -116.1164532, 48.5201858 ], [ -116.1827578, 48.5150878 ], [ -116.2011188, 48.4987346 ], [ -116.178642, 48.4839841 ], [ -116.1650667, 48.4461005 ], [ -116.1782737, 48.4170098 ], [ -116.143101800000011, 48.411697599999989 ], [ -116.121866, 48.3915829 ], [ -116.12421710000001, 48.3718348 ], [ -116.0953163, 48.3613552 ], [ -116.098278199999982, 48.3472623 ], [ -116.0671136, 48.3072659 ], [ -116.0723153, 48.2977981 ], [ -116.0597123, 48.2902015 ], [ -116.029030400000011, 48.2927577 ], [ -116.0210712, 48.2693812 ], [ -115.9894001, 48.261724699999988 ], [ -115.9908339, 48.2454299 ], [ -116.030325399999981, 48.240918799999989 ], [ -116.018881299999975, 48.2293447 ], [ -116.028846699999988, 48.2105751 ], [ -116.0129088, 48.1969793 ], [ -116.0181441, 48.169962 ], [ -115.9991925, 48.1565398 ], [ -116.0215566, 48.1289937 ], [ -116.049035, 48.119569 ], [ -116.049084399999984, 48.0955015 ], [ -116.017836899999978, 48.0954585 ], [ -116.0178267, 48.0871937 ], [ -115.996205499999988, 48.088299299999989 ], [ -115.996187600000013, 48.0810336 ], [ -115.9529536, 48.0809306 ], [ -115.931196, 48.0664413 ], [ -115.909616499999984, 48.066597 ], [ -115.909324200000015, 48.0301136 ], [ -115.9202839, 48.0228943 ], [ -115.9744441, 48.0229388 ], [ -115.9744119, 48.0083886 ], [ -115.99604429999998, 48.0084661 ], [ -115.9798822, 48.0375045 ], [ -116.0177074, 48.0375595 ], [ -116.0177344, 48.0520505 ], [ -116.0491187, 48.0522147 ], [ -116.049984099999989, 48.0378587 ], [ -116.0763155, 48.0395575 ], [ -116.1043055, 48.0231327 ], [ -116.1033961, 48.0121934 ], [ -116.0622889, 47.995697199999981 ], [ -116.0527331, 47.9794956 ], [ -116.018826600000011, 47.9628336 ], [ -115.918886300000011, 47.853711 ], [ -115.9014425, 47.8430677 ], [ -115.8816041, 47.8495118 ], [ -115.852205099999978, 47.827569499999989 ], [ -115.832553300000015, 47.7565901 ], [ -115.79754890000001, 47.7572976 ], [ -115.7765887, 47.719841699999989 ], [ -115.731407399999981, 47.705007099999989 ], [ -115.722552199999981, 47.6950557 ], [ -115.7367302, 47.6541899 ], [ -115.693106, 47.6176697 ], [ -115.6535125, 47.6175466 ], [ -115.6436375, 47.6294156 ], [ -115.603904899999989, 47.6344279 ], [ -115.523307199999977, 47.6327802 ], [ -115.502830100000011, 47.6464439 ], [ -115.461501, 47.6486857 ], [ -115.4616737, 47.6727455 ], [ -115.4824312, 47.673215299999988 ], [ -115.4881383, 47.7125753 ], [ -115.5034224, 47.7124195 ], [ -115.5034779, 47.745097799999989 ], [ -115.5249725, 47.7452322 ], [ -115.5249531, 47.7667709 ], [ -115.546647299999975, 47.7739416 ], [ -115.546572700000013, 47.7884159 ], [ -115.5788816, 47.7811844 ], [ -115.578878, 47.7922174 ], [ -115.6003594, 47.7958783 ], [ -115.6002868, 47.8030649 ], [ -115.6321294, 47.803243 ], [ -115.63177610000001, 47.8323287 ], [ -115.6535438, 47.8324113 ], [ -115.653201599999974, 47.8469394 ], [ -115.6960696, 47.850825 ], [ -115.6960755, 47.8735055 ], [ -115.7172438, 47.8735601 ], [ -115.708906399999989, 47.9149749 ], [ -115.631822199999988, 47.9169439 ], [ -115.63150850000001, 47.9024693 ], [ -115.609971699999988, 47.9024615 ], [ -115.6098309, 47.8879244 ], [ -115.5882529, 47.8842423 ], [ -115.589692899999989, 47.86132689999998 ], [ -115.5681725, 47.8470566 ], [ -115.5680494, 47.8320504 ], [ -115.5465317, 47.8316876 ], [ -115.5465407, 47.8252373 ], [ -115.535833, 47.8316295 ], [ -115.5402762, 47.824487 ], [ -115.5250718, 47.824396799999988 ], [ -115.525061699999981, 47.8172304 ], [ -115.5033956, 47.8171767 ], [ -115.4933429, 47.7958529 ], [ -115.471776, 47.7959469 ], [ -115.4505515, 47.7814506 ], [ -115.450452799999979, 47.766871 ], [ -115.424163099999987, 47.7681147 ], [ -115.3828024, 47.817182 ], [ -115.3324594, 47.7709851 ], [ -115.2703828, 47.7551923 ], [ -115.269831499999981, 47.7911498 ], [ -115.2515795, 47.816598899999988 ], [ -115.2628337, 47.834055199999987 ], [ -115.247073, 47.8544393 ], [ -115.2488224, 47.9148429 ], [ -115.2252624, 47.9082725 ], [ -115.2061291, 47.9193757 ], [ -115.1849862, 47.9191784 ], [ -115.176085700000016, 47.9743482 ], [ -115.1561292, 47.9612704 ], [ -115.1361967, 47.9842984 ], [ -115.1181196, 47.973411299999988 ], [ -115.1183018, 48.0176689 ], [ -115.1397792, 48.0177112 ], [ -115.139793900000015, 48.0321773 ], [ -115.204428, 48.0322173 ], [ -115.2044349, 48.0394471 ], [ -115.2686686, 48.0321163 ], [ -115.2686767, 48.0528829 ], [ -115.311539900000014, 48.0528839 ], [ -115.311548, 48.0673459 ], [ -115.2901566, 48.067311 ], [ -115.2902132, 48.0817346 ], [ -115.2687245, 48.0817893 ], [ -115.268732899999989, 48.089974 ], [ -115.2045246, 48.0900305 ], [ -115.2045577, 48.1044975 ], [ -115.1829784, 48.1045011 ], [ -115.1830434, 48.1189727 ], [ -115.161424599999975, 48.1189806 ], [ -115.161495299999984, 48.1538882 ], [ -115.10555549999998, 48.1538313 ], [ -115.1056062, 48.1755664 ], [ -115.0839602, 48.1755597 ], [ -115.0839647, 48.1825258 ], [ -115.0198721, 48.1826562 ], [ -115.0209219, 48.2406219 ], [ -114.999209399999984, 48.2406229 ], [ -114.999155300000012, 48.2551158 ], [ -115.0209411, 48.2551382 ] ], [ [ -114.9760987, 48.6733015 ], [ -114.997858699999981, 48.6805463 ], [ -114.99790990000001, 48.6914283 ], [ -114.9870096, 48.684176199999989 ], [ -114.9761451, 48.6841766 ], [ -114.9760987, 48.6733015 ] ], [ [ -115.008739399999982, 48.6732776 ], [ -114.9977751, 48.6624167 ], [ -115.0193404, 48.6587922 ], [ -115.0194825, 48.680514599999988 ], [ -114.997858699999981, 48.6805463 ], [ -115.008739399999982, 48.6732776 ] ], [ [ -114.8886386, 48.680526199999989 ], [ -114.8886211, 48.6732721 ], [ -114.899507, 48.676513299999989 ], [ -114.8886386, 48.680526199999989 ] ], [ [ -114.9329623, 48.6142383 ], [ -114.932275300000015, 48.6444052 ], [ -114.954179200000013, 48.6444025 ], [ -114.954237799999987, 48.658797 ], [ -114.986897500000012, 48.6587937 ], [ -114.986947, 48.66967 ], [ -114.965154199999986, 48.6624232 ], [ -114.954283199999978, 48.673307 ], [ -114.910384400000012, 48.6769026 ], [ -114.910416399999988, 48.6696588 ], [ -114.9433126, 48.6660544 ], [ -114.9432447, 48.648022499999989 ], [ -114.921413399999977, 48.6624179 ], [ -114.8885898, 48.6587651 ], [ -114.9050096, 48.655213499999988 ], [ -114.894126699999987, 48.6479633 ], [ -114.8995788, 48.633523499999988 ], [ -114.8886859, 48.6334989 ], [ -114.8887102, 48.6009488 ], [ -114.9050463, 48.6009713 ], [ -114.9050274, 48.6154617 ], [ -114.9214056, 48.5937382 ], [ -114.9432581, 48.5937365 ], [ -114.9323042, 48.6082179 ], [ -114.9541876, 48.6082129 ], [ -114.9329623, 48.6142383 ] ], [ [ -115.041142599999986, 48.850981 ], [ -115.0520649, 48.8509973 ], [ -115.0465942, 48.8582299 ], [ -115.041142599999986, 48.850981 ] ], [ [ -115.14988, 48.8475987 ], [ -115.1499139, 48.833153499999987 ], [ -115.1717981, 48.8332501 ], [ -115.1717992, 48.847696 ], [ -115.14988, 48.8475987 ] ], [ [ -115.17177839999998, 48.8585401 ], [ -115.1717923, 48.8513107 ], [ -115.1937375, 48.851410099999988 ], [ -115.1937429, 48.8586385 ], [ -115.17177839999998, 48.8585401 ] ], [ [ -115.220316200000013, 48.8639343 ], [ -115.2446517, 48.8479861 ], [ -115.2256385, 48.8608143 ], [ -115.2319597, 48.8768474 ], [ -115.220316200000013, 48.8639343 ] ], [ [ -115.2211285, 48.840643799999988 ], [ -115.23216810000001, 48.8406907 ], [ -115.226680699999989, 48.8479249 ], [ -115.2211285, 48.840643799999988 ] ], [ [ -115.2362534, 48.5008158 ], [ -115.2361553, 48.482702599999989 ], [ -115.252451, 48.4790035 ], [ -115.258055899999974, 48.5008247 ], [ -115.2362534, 48.5008158 ] ], [ [ -115.2632824, 48.4717361 ], [ -115.2775836, 48.4717444 ], [ -115.274219299999984, 48.478991199999989 ], [ -115.2632824, 48.4717361 ] ], [ [ -115.2795769, 48.4427429 ], [ -115.2827862, 48.4282113 ], [ -115.2904986, 48.4427322 ], [ -115.2795769, 48.4427429 ] ], [ [ -115.4407683, 48.261755 ], [ -115.4083636, 48.2545304 ], [ -115.408347600000013, 48.2400805 ], [ -115.4407803, 48.2328326 ], [ -115.4299868, 48.240067 ], [ -115.4407683, 48.261755 ] ], [ [ -115.4083575, 48.2689921 ], [ -115.3921072, 48.2689956 ], [ -115.397528099999988, 48.2979837 ], [ -115.386727799999989, 48.2979939 ], [ -115.3867081, 48.2545008 ], [ -115.4083636, 48.2545304 ], [ -115.4083575, 48.2689921 ] ], [ [ -115.581012399999977, 48.4386492 ], [ -115.5919745, 48.4277925 ], [ -115.5810554, 48.4278438 ], [ -115.581035199999974, 48.413363499999988 ], [ -115.5537703, 48.413332 ], [ -115.5429071, 48.4007018 ], [ -115.52652879999998, 48.4098321 ], [ -115.5372527, 48.4278334 ], [ -115.520906, 48.427871599999989 ], [ -115.515650099999988, 48.406641199999989 ], [ -115.472506, 48.4135506 ], [ -115.4726458, 48.399079 ], [ -115.510266500000014, 48.3989363 ], [ -115.5156467, 48.3922323 ], [ -115.4995924, 48.377589099999987 ], [ -115.5158525, 48.374155099999989 ], [ -115.521064, 48.3850095 ], [ -115.5320034, 48.370477499999986 ], [ -115.515897399999986, 48.37054 ], [ -115.510579299999989, 48.3560312 ], [ -115.4943372, 48.3560933 ], [ -115.4894858, 48.3053042 ], [ -115.5024817, 48.3089219 ], [ -115.5051523, 48.3016632 ], [ -115.4943129, 48.2726698 ], [ -115.484129599999989, 48.2690433 ], [ -115.4840822, 48.2835302 ], [ -115.429959, 48.2834593 ], [ -115.429976399999987, 48.2689892 ], [ -115.467848799999985, 48.2690257 ], [ -115.478702700000014, 48.2618029 ], [ -115.4624212, 48.2473084 ], [ -115.4678173, 48.2255917 ], [ -115.4400808, 48.2255976 ], [ -115.4400282, 48.2116354 ], [ -115.45614, 48.2115824 ], [ -115.4452864, 48.1971752 ], [ -115.45601520000001, 48.197151 ], [ -115.45610880000001, 48.2079748 ], [ -115.461379600000015, 48.1971389 ], [ -115.4829939, 48.1970764 ], [ -115.477612199999982, 48.2114994 ], [ -115.504552800000013, 48.2114748 ], [ -115.5045725, 48.2255889 ], [ -115.488468, 48.225586 ], [ -115.4884495, 48.2187321 ], [ -115.483094299999976, 48.225587 ], [ -115.4942436, 48.2292029 ], [ -115.4894832, 48.2400628 ], [ -115.515697, 48.2400094 ], [ -115.5211643, 48.268918699999986 ], [ -115.505047499999989, 48.2690011 ], [ -115.505098699999976, 48.2835049 ], [ -115.5212086, 48.283431699999987 ], [ -115.5336946, 48.3269807 ], [ -115.543209899999979, 48.3269822 ], [ -115.543115199999988, 48.3487078 ], [ -115.5322177, 48.3523275 ], [ -115.581244, 48.355915499999988 ], [ -115.5758253, 48.341393499999988 ], [ -115.6029914, 48.3413028 ], [ -115.6030469, 48.355745 ], [ -115.5867011, 48.3558655 ], [ -115.5866763, 48.3631287 ], [ -115.6234244, 48.3592169 ], [ -115.623473, 48.377212 ], [ -115.608452, 48.3774794 ], [ -115.608424099999979, 48.3846834 ], [ -115.6234861, 48.3879139 ], [ -115.6081964, 48.4023402 ], [ -115.6235165, 48.3986141 ], [ -115.6236174, 48.429556 ], [ -115.602835700000014, 48.4096503 ], [ -115.602881599999989, 48.4313448 ], [ -115.581012399999977, 48.4386492 ] ], [ [ -115.41847439999998, 48.1971266 ], [ -115.418344100000013, 48.168345 ], [ -115.4505123, 48.1682977 ], [ -115.439922, 48.197187299999989 ], [ -115.41847439999998, 48.1971266 ] ], [ [ -115.489487700000012, 48.3016786 ], [ -115.473264199999988, 48.298004299999988 ], [ -115.489492299999981, 48.2944223 ], [ -115.489487700000012, 48.3016786 ] ], [ [ -115.558557, 48.456626199999988 ], [ -115.558573199999984, 48.4422391 ], [ -115.580358800000013, 48.4422507 ], [ -115.5748867, 48.456634099999988 ], [ -115.558557, 48.456626199999988 ] ], [ [ -115.5564228, 48.4232799 ], [ -115.5728383, 48.4233019 ], [ -115.5646086, 48.4296178 ], [ -115.5564228, 48.4232799 ] ], [ [ -115.5198396, 48.2743715 ], [ -115.530567099999985, 48.2761079 ], [ -115.5265658, 48.2833858 ], [ -115.5198396, 48.2743715 ] ], [ [ -115.5432268, 48.3197384 ], [ -115.543099900000016, 48.3086359 ], [ -115.5541293, 48.3125189 ], [ -115.5432268, 48.3197384 ] ], [ [ -115.5858086, 48.4530184 ], [ -115.585839, 48.4422298 ], [ -115.59680680000001, 48.4419079 ], [ -115.5858086, 48.4530184 ] ], [ [ -115.537294800000012, 48.2905377 ], [ -115.553399200000015, 48.290533499999988 ], [ -115.548041900000015, 48.2977925 ], [ -115.537294800000012, 48.2905377 ] ], [ [ -115.526399700000013, 48.247202 ], [ -115.5370821, 48.247175 ], [ -115.5318263, 48.2580089 ], [ -115.526399700000013, 48.247202 ] ], [ [ -115.5541123, 48.326992 ], [ -115.559189199999977, 48.3050022 ], [ -115.5812641, 48.3197343 ], [ -115.5541123, 48.326992 ] ], [ [ -115.902819499999978, 48.486671199999989 ], [ -115.8646065, 48.441234599999987 ], [ -115.8167039, 48.4483178 ], [ -115.794291299999983, 48.4429253 ], [ -115.794402, 48.4067915 ], [ -115.8053658, 48.4068194 ], [ -115.805384499999974, 48.3923029 ], [ -115.8216969, 48.3923657 ], [ -115.816488599999985, 48.3416292 ], [ -115.8381222, 48.3417362 ], [ -115.843614100000011, 48.327154199999988 ], [ -115.8379502, 48.2838342 ], [ -115.870453, 48.2838054 ], [ -115.8708227, 48.3413662 ], [ -115.8599429, 48.341670799999989 ], [ -115.881231700000015, 48.3487947 ], [ -115.902819499999978, 48.486671199999989 ] ], [ [ -115.761047, 48.0037967 ], [ -115.761035799999974, 47.9891587 ], [ -115.7475758, 47.9891805 ], [ -115.7178183, 47.960346199999989 ], [ -115.782169700000011, 47.9601853 ], [ -115.782372200000012, 47.9985836 ], [ -115.761047, 48.0037967 ] ] ] ] } },
{ "type": "Feature", "properties": { "name": "Helena-Lewis and Clark National Forest", "region": "01", "acres": 3177729.0, "type": "national_forest" }, "geometry": { "type": "MultiPolygon", "coordinates": [ [ [ [ -112.9013423, 46.9042018 ], [ -112.8907486, 46.9041883 ], [ -112.8908876, 46.8861157 ], [ -112.880157, 46.8861247 ], [ -112.8856907, 46.8643874 ], [ -112.8694424, 46.8569652 ], [ -112.8804471, 46.8316437 ], [ -112.7885623, 46.8316315 ], [ -112.7884074, 46.8170598 ], [ -112.7680266, 46.8170871 ], [ -112.7681631, 46.8316419 ], [ -112.6619837, 46.8279195 ], [ -112.6572817, 46.7915353 ], [ -112.620147, 46.7803739 ], [ -112.6145797, 46.7477446 ], [ -112.57791, 46.7439768 ], [ -112.5778833, 46.7293072 ], [ -112.556774, 46.729301899999989 ], [ -112.5567279, 46.714781599999988 ], [ -112.5356152, 46.7148528 ], [ -112.5263238, 46.685009199999989 ], [ -112.4947884, 46.6849962 ], [ -112.4941909, 46.6705283 ], [ -112.4737333, 46.6705349 ], [ -112.473721, 46.6561964 ], [ -112.4522979, 46.6560788 ], [ -112.4522981, 46.6415823 ], [ -112.3056852, 46.6415692 ], [ -112.3058959, 46.5980559 ], [ -112.3267877, 46.598068299999987 ], [ -112.3267906, 46.5264589 ], [ -112.3477492, 46.526460899999989 ], [ -112.3477842, 46.5120058 ], [ -112.4107568, 46.5113694 ], [ -112.4106431, 46.5547482 ], [ -112.4736537, 46.5555985 ], [ -112.4735697, 46.5411469 ], [ -112.5153023, 46.5413625 ], [ -112.5155471, 46.5120317 ], [ -112.53634120000001, 46.5118515 ], [ -112.5348129, 46.4139833 ], [ -112.5226761, 46.4198663 ], [ -112.4948764, 46.392162299999988 ], [ -112.4911035, 46.3763715 ], [ -112.506591199999988, 46.3674025 ], [ -112.4938037, 46.3533052 ], [ -112.4981712, 46.3423671 ], [ -112.4720857, 46.3407887 ], [ -112.4539703, 46.3290143 ], [ -112.45105310000001, 46.3508585 ], [ -112.4261431, 46.3575979 ], [ -112.4261777, 46.3689195 ], [ -112.4033884, 46.386796399999987 ], [ -112.3501515, 46.3850881 ], [ -112.3079499, 46.4227213 ], [ -112.2692471, 46.4149764 ], [ -112.238871, 46.4245523 ], [ -112.215485, 46.4187821 ], [ -112.2008753, 46.384592399999988 ], [ -112.1715047, 46.375878899999989 ], [ -112.190976, 46.3288416 ], [ -112.1615757, 46.322809899999989 ], [ -112.1613278, 46.3372681 ], [ -112.1413873, 46.3364997 ], [ -112.1427969, 46.4077091 ], [ -112.121794099999988, 46.4077849 ], [ -112.1210773, 46.4851543 ], [ -112.0615087, 46.485232599999989 ], [ -112.061520500000015, 46.5141626 ], [ -112.0405942, 46.5140784 ], [ -112.0407811, 46.5724328 ], [ -112.0618466, 46.5723261 ], [ -112.0621808, 46.5868215 ], [ -112.1042936, 46.5865885 ], [ -112.1037812, 46.5719291 ], [ -112.1449502, 46.5715195 ], [ -112.145019, 46.528689 ], [ -112.1879545, 46.5281709 ], [ -112.1882606, 46.5559716 ], [ -112.271833199999989, 46.5557911 ], [ -112.2725459, 46.5842278 ], [ -112.1886973, 46.5852251 ], [ -112.1892393, 46.614790799999987 ], [ -112.210411400000012, 46.6144088 ], [ -112.21046, 46.6361104 ], [ -112.2520637, 46.635968399999989 ], [ -112.2520636, 46.6427102 ], [ -112.2742194, 46.6424659 ], [ -112.2742254, 46.6572183 ], [ -112.2847253, 46.657235799999988 ], [ -112.2745366, 46.732202099999988 ], [ -112.306005899999988, 46.7280778 ], [ -112.306016899999989, 46.7136332 ], [ -112.3480879, 46.7137123 ], [ -112.348102, 46.7281051 ], [ -112.3691331, 46.7281327 ], [ -112.3691177, 46.742879 ], [ -112.390185300000013, 46.7428549 ], [ -112.390226, 46.7572771 ], [ -112.4320255, 46.7572303 ], [ -112.43209, 46.779033299999988 ], [ -112.4637192, 46.778931299999989 ], [ -112.4533187, 46.7934827 ], [ -112.4321517, 46.7898881 ], [ -112.432085, 46.8009536 ], [ -112.4215267, 46.800950899999989 ], [ -112.4232988, 46.9064816 ], [ -112.370569, 46.9065314 ], [ -112.3705721, 46.9210294 ], [ -112.3480584, 46.9227639 ], [ -112.3480658, 46.9408527 ], [ -112.3375406, 46.9336151 ], [ -112.2954885, 46.9335784 ], [ -112.2954047, 46.9625042 ], [ -112.285354399999989, 46.9625099 ], [ -112.2854555, 46.9770811 ], [ -112.2953933, 46.9770672 ], [ -112.290861, 47.0059123 ], [ -112.316479699999988, 47.0059125 ], [ -112.3164829, 47.02039 ], [ -112.2742382, 47.027567399999988 ], [ -112.2742571, 47.034799 ], [ -112.2954207, 47.0348976 ], [ -112.2954067, 47.0493283 ], [ -112.2795458, 47.0492594 ], [ -112.2795637, 47.0601011 ], [ -112.295352799999989, 47.063776499999989 ], [ -112.300699400000013, 47.078327099999989 ], [ -112.3218014, 47.081951599999989 ], [ -112.3218531, 47.090168899999988 ], [ -112.4009384, 47.090095399999989 ], [ -112.401408499999988, 47.1767544 ], [ -112.42546, 47.1767508 ], [ -112.425391499999989, 47.2636022 ], [ -112.4838416, 47.2634307 ], [ -112.4902975, 47.2779857 ], [ -112.4902685, 47.2689854 ], [ -112.5114969, 47.263371 ], [ -112.5527738, 47.2635148 ], [ -112.5528119, 47.3499371 ], [ -112.6825608, 47.3500076 ], [ -112.6976381, 48.0456606 ], [ -112.7407819, 48.0528487 ], [ -112.7353752, 48.081834699999987 ], [ -112.7623234, 48.089057 ], [ -112.7731434, 48.1179836 ], [ -112.8267106, 48.117967299999989 ], [ -112.8267454, 48.1323623 ], [ -112.8912999, 48.1323581 ], [ -112.8912843, 48.1577572 ], [ -112.9220431, 48.164622099999988 ], [ -112.9213382, 48.2411162 ], [ -113.241615, 48.412846099999989 ], [ -113.259699700000013, 48.4060078 ], [ -113.2604005, 48.3907065 ], [ -113.2825625, 48.3847751 ], [ -113.2881515, 48.363313 ], [ -113.3567246, 48.318120699999987 ], [ -113.3480994, 48.3031685 ], [ -113.2978786, 48.2842981 ], [ -113.2893916, 48.2651401 ], [ -113.2368631, 48.2472877 ], [ -113.225863, 48.2319255 ], [ -113.237756499999989, 48.21036 ], [ -113.2308085, 48.1703723 ], [ -113.2085514, 48.1642335 ], [ -113.1822334, 48.1750842 ], [ -113.1522409, 48.1511658 ], [ -113.134619500000014, 48.149065 ], [ -113.1295598, 48.1353287 ], [ -113.090785, 48.1364727 ], [ -113.0701775, 48.1528354 ], [ -113.052890600000012, 48.1408541 ], [ -113.0519569, 48.1214889 ], [ -113.0305334, 48.133351 ], [ -112.984845299999989, 48.1204545 ], [ -112.9960157, 48.1059808 ], [ -112.9788804, 48.0886772 ], [ -112.981870199999989, 48.0738776 ], [ -112.9637425, 48.074864 ], [ -112.937598, 48.0608302 ], [ -112.9509049, 48.0496091 ], [ -112.949678299999988, 48.0327674 ], [ -112.9077528, 48.0297825 ], [ -112.8786805, 47.9769301 ], [ -112.8976578, 47.972595899999988 ], [ -112.9124498, 47.9464451 ], [ -112.9514339, 47.9446011 ], [ -112.9819993, 47.955208 ], [ -113.0132835, 47.9419313 ], [ -113.0217622, 47.9272144 ], [ -113.065599299999988, 47.926659 ], [ -113.0866237, 47.918144399999989 ], [ -113.0917868, 47.8948171 ], [ -113.0630257, 47.8855205 ], [ -113.0579862, 47.8707639 ], [ -113.0692915, 47.8292406 ], [ -113.0615333, 47.7878889 ], [ -113.0665833, 47.7761812 ], [ -113.0829577, 47.7727177 ], [ -113.081148399999989, 47.7497956 ], [ -113.1209671, 47.7413908 ], [ -113.138677, 47.7458041 ], [ -113.1658634, 47.7206477 ], [ -113.128632, 47.661065099999988 ], [ -113.1303083, 47.6417055 ], [ -113.1447142, 47.6371357 ], [ -113.1357532, 47.620458 ], [ -113.1473612, 47.6023163 ], [ -113.1177531, 47.5705536 ], [ -113.1259034, 47.5416346 ], [ -113.114641, 47.4905873 ], [ -113.091470699999988, 47.4804842 ], [ -113.0388615, 47.4940841 ], [ -113.0199269, 47.4888583 ], [ -112.9796334, 47.4220182 ], [ -112.9195164, 47.3814942 ], [ -112.9286617, 47.3401628 ], [ -112.8825441, 47.3265228 ], [ -112.8639901, 47.308126699999988 ], [ -112.8311879, 47.3106893 ], [ -112.8011498, 47.2906475 ], [ -112.7244298, 47.2823962 ], [ -112.7465693, 47.2469943 ], [ -112.7399847, 47.238005699999988 ], [ -112.7708357, 47.2097896 ], [ -112.7909271, 47.2072006 ], [ -112.81409, 47.2231152 ], [ -112.8295846, 47.2059624 ], [ -112.8508159, 47.2059724 ], [ -112.8507894, 47.1914869 ], [ -112.8720066, 47.1915178 ], [ -112.871989899999988, 47.1770163 ], [ -112.8948164, 47.1770175 ], [ -112.9137418, 47.1496823 ], [ -112.8996494, 47.117700299999989 ], [ -112.8533993, 47.0847888 ], [ -112.8688496, 47.065646199999989 ], [ -112.9017659, 47.0569217 ], [ -112.9015832, 47.0243684 ], [ -112.885921400000015, 47.0203111 ], [ -112.8912401, 47.0058565 ], [ -112.8596694, 46.9913896 ], [ -112.8596091, 46.9804552 ], [ -112.8175214, 46.977082499999987 ], [ -112.817355, 46.9478398 ], [ -112.7743392, 46.9587502 ], [ -112.763682300000013, 46.9367762 ], [ -112.7530997, 46.9367254 ], [ -112.7637747, 46.972875099999989 ], [ -112.753199099999989, 46.9728742 ], [ -112.7531404, 47.0020631 ], [ -112.6272869, 47.0020816 ], [ -112.6272039, 46.9875166 ], [ -112.6167015, 46.9874827 ], [ -112.6167201, 46.9983032 ], [ -112.5852512, 47.0020764 ], [ -112.5852337, 47.0165291 ], [ -112.5641483, 47.0165908 ], [ -112.5642295, 47.0310297 ], [ -112.5851901, 47.0309795 ], [ -112.5851745, 47.0454187 ], [ -112.5646359, 47.0454194 ], [ -112.5643411, 47.0528468 ], [ -112.5643739, 47.059851 ], [ -112.5852061, 47.0598663 ], [ -112.5852312, 47.0742763 ], [ -112.5693324, 47.074250299999989 ], [ -112.56962, 47.081457 ], [ -112.5852427, 47.0815203 ], [ -112.5852562, 47.092596 ], [ -112.5431528, 47.0933353 ], [ -112.538513, 47.0746051 ], [ -112.5279262, 47.074603 ], [ -112.5227194, 47.093064899999987 ], [ -112.480356, 47.0928457 ], [ -112.4803382, 47.0745935 ], [ -112.4961425, 47.0709849 ], [ -112.4961297, 47.0601067 ], [ -112.4803157, 47.0600921 ], [ -112.4803253, 47.0456031 ], [ -112.459088600000015, 47.0456481 ], [ -112.459067, 47.031189499999989 ], [ -112.437811, 47.0312157 ], [ -112.437832, 47.0168224 ], [ -112.4166811, 47.0168566 ], [ -112.416605499999989, 46.9987018 ], [ -112.4007165, 46.9987067 ], [ -112.400694699999988, 46.9914811 ], [ -112.3586915, 46.991430699999988 ], [ -112.3691095, 46.9806072 ], [ -112.4165757, 46.9877882 ], [ -112.4377494, 46.973460599999989 ], [ -112.4536237, 46.9879375 ], [ -112.4906581, 46.998707 ], [ -112.5116663, 46.9805832 ], [ -112.5354378, 46.9786867 ], [ -112.5429679, 46.9641321 ], [ -112.57457, 46.9622376 ], [ -112.5639931, 46.9586538 ], [ -112.564014199999988, 46.9441326 ], [ -112.5430644, 46.9441667 ], [ -112.5427431, 46.9150388 ], [ -112.6372751, 46.915207 ], [ -112.6580257, 46.9224831 ], [ -112.6684309, 46.913806799999989 ], [ -112.6556155, 46.9152207 ], [ -112.6555604, 46.906568 ], [ -112.689473, 46.9005717 ], [ -112.6895527, 46.8896859 ], [ -112.668338, 46.897052 ], [ -112.6736281, 46.886289 ], [ -112.7318925, 46.8933702 ], [ -112.73213, 46.8860946 ], [ -112.7526138, 46.8859904 ], [ -112.7527821, 46.9005304 ], [ -112.7634027, 46.9005074 ], [ -112.7740511, 46.8859692 ], [ -112.7954847, 46.8859033 ], [ -112.7795922, 46.9150775 ], [ -112.8173713, 46.9186368 ], [ -112.817284, 46.9369298 ], [ -112.8384697, 46.9369458 ], [ -112.8596394, 46.9189347 ], [ -112.8912183, 46.9188932 ], [ -112.8805368, 46.9332953 ], [ -112.901421899999988, 46.9332199 ], [ -112.9013423, 46.9042018 ] ], [ [ -112.3217408, 46.9661408 ], [ -112.3217344, 46.9552849 ], [ -112.3427967, 46.9480811 ], [ -112.3217408, 46.9661408 ] ] ] ] } },
{ "type": "Feature", "properties": { "name": "Lolo National Forest", "region": "01", "acres": 2625457.0, "type": "national_forest" }, "geometry": { "type": "MultiPolygon", "coordinates": [ [ [ [ -114.9198797, 47.2114303 ], [ -114.89822719999998, 47.1986067 ], [ -114.8874785, 47.203978799999987 ], [ -114.8874652, 47.1967759 ], [ -114.8609171, 47.1969532 ], [ -114.86085, 47.182142 ], [ -114.8391052, 47.182124 ], [ -114.833712599999984, 47.1602928 ], [ -114.7977053, 47.1529618 ], [ -114.7977641, 47.1384367 ], [ -114.7765172, 47.1384349 ], [ -114.7765834, 47.1238795 ], [ -114.765986500000011, 47.123891 ], [ -114.755535400000014, 47.1056404 ], [ -114.7556444, 47.0801551 ], [ -114.7345173, 47.080074599999989 ], [ -114.7345708, 47.065543 ], [ -114.7133044, 47.0654843 ], [ -114.7136641, 47.0216226 ], [ -114.5872921, 47.0215658 ], [ -114.5872167, 47.0070399 ], [ -114.5659742, 47.0070681 ], [ -114.5471508, 47.0093603 ], [ -114.5361935, 47.0237785 ], [ -114.504348799999988, 47.0235554 ], [ -114.504374899999988, 47.0162055 ], [ -114.4832273, 47.0233582 ], [ -114.4937726, 47.012512 ], [ -114.4353944, 47.0028346 ], [ -114.4140662, 47.0123275 ], [ -114.4196827, 47.0232804 ], [ -114.3981206, 47.0233465 ], [ -114.3982133, 47.037784699999989 ], [ -114.4198216, 47.0378255 ], [ -114.4196909, 47.0523421 ], [ -114.440850700000013, 47.0668571 ], [ -114.4623585, 47.0670273 ], [ -114.4782513, 47.0962039 ], [ -114.5046769, 47.0962652 ], [ -114.5253839, 47.1397833 ], [ -114.5864585, 47.160608599999989 ], [ -114.5863403, 47.1823873 ], [ -114.5464645, 47.182322299999989 ], [ -114.546547499999988, 47.1688445 ], [ -114.525233899999989, 47.168792499999988 ], [ -114.5256387, 47.1594672 ], [ -114.5186476, 47.1755058 ], [ -114.5238558, 47.1603353 ], [ -114.5040465, 47.1786249 ], [ -114.5257582, 47.1470457 ], [ -114.5047049, 47.1469665 ], [ -114.4939644, 47.1324956 ], [ -114.4475194, 47.1449974 ], [ -114.4658036, 47.1373796 ], [ -114.4514114, 47.13954 ], [ -114.4516881, 47.125064199999983 ], [ -114.4713154, 47.135083099999989 ], [ -114.4836684, 47.125205 ], [ -114.4729909, 47.1251467 ], [ -114.462285799999989, 47.0961578 ], [ -114.441188, 47.0960332 ], [ -114.441040199999989, 47.0887178 ], [ -114.4201304, 47.0959949 ], [ -114.41977, 47.0668698 ], [ -114.398021899999989, 47.066723 ], [ -114.3986678, 47.084978 ], [ -114.314117599999989, 47.0809857 ], [ -114.3141386, 47.0660022 ], [ -114.2937891, 47.0660198 ], [ -114.2937248, 47.051931 ], [ -114.2723842, 47.0374134 ], [ -114.213490799999988, 47.033473699999988 ], [ -114.2084028, 47.0084133 ], [ -114.187175, 47.0044776 ], [ -114.1239799, 47.0081286 ], [ -114.1238988, 47.0225681 ], [ -114.1398524, 47.026190199999988 ], [ -114.1080146, 47.0261518 ], [ -114.1239692, 47.0406495 ], [ -114.1057328, 47.0514996 ], [ -114.1416309, 47.0715669 ], [ -114.1212124, 47.0855452 ], [ -114.1201773, 47.1164905 ], [ -114.1507022, 47.1457974 ], [ -114.1986998, 47.1378534 ], [ -114.2116094, 47.1281556 ], [ -114.2359782, 47.1343 ], [ -114.2542477, 47.120428399999987 ], [ -114.2911706, 47.1255777 ], [ -114.3560232, 47.1579121 ], [ -114.3459544, 47.1697473 ], [ -114.3532575, 47.1904541 ], [ -114.381658699999988, 47.188102 ], [ -114.4240193, 47.2100283 ], [ -114.4536605, 47.2078959 ], [ -114.4658124, 47.2186373 ], [ -114.4932382, 47.2194694 ], [ -114.544838899999988, 47.2398488 ], [ -114.5502292, 47.2518442 ], [ -114.6868344, 47.2743276 ], [ -114.6960252, 47.3365641 ], [ -114.7136856, 47.3442592 ], [ -114.7790395, 47.341247199999984 ], [ -114.784963, 47.3557135 ], [ -114.8006119, 47.3557728 ], [ -114.7993497, 47.3806997 ], [ -114.841168599999975, 47.41658 ], [ -114.857708899999977, 47.4132864 ], [ -114.8631512, 47.420565799999984 ], [ -114.863336499999974, 47.3989128 ], [ -114.884811, 47.3989606 ], [ -114.8847865, 47.413361599999988 ], [ -114.9058097, 47.4134184 ], [ -114.9057589, 47.4279378 ], [ -114.9269533, 47.4278753 ], [ -114.927015900000015, 47.4134653 ], [ -114.9481877, 47.4135031 ], [ -114.9482572, 47.3991752 ], [ -114.9690343, 47.3992517 ], [ -114.958871, 47.4063728 ], [ -114.968964700000015, 47.4099798 ], [ -114.9668816, 47.4556081 ], [ -114.988624499999986, 47.4556951 ], [ -114.990202, 47.4411716 ], [ -115.0746292, 47.455726899999988 ], [ -115.0746045, 47.4703254 ], [ -115.0529955, 47.4702583 ], [ -115.0530561, 47.484544899999989 ], [ -115.0101757, 47.4847403 ], [ -115.0101549, 47.4701499 ], [ -114.9884848, 47.4702736 ], [ -114.9883955, 47.484852 ], [ -115.009951699999988, 47.495723 ], [ -115.0078689, 47.5233738 ], [ -115.053324, 47.5210501 ], [ -115.0533472, 47.5285041 ], [ -115.091153600000013, 47.5286179 ], [ -115.0967121, 47.5429246 ], [ -115.1396975, 47.5430224 ], [ -115.173887799999989, 47.5693912 ], [ -115.2038541, 47.571888699999988 ], [ -115.203852499999982, 47.5827502 ], [ -115.247223099999985, 47.5716922 ], [ -115.247192499999983, 47.5572436 ], [ -115.322477, 47.556902 ], [ -115.3330041, 47.571370599999987 ], [ -115.365148, 47.5713238 ], [ -115.36514, 47.5783747 ], [ -115.3970519, 47.5712778 ], [ -115.4078899, 47.6437236 ], [ -115.4184854, 47.6436614 ], [ -115.41863450000001, 47.6582408 ], [ -115.440223, 47.6581897 ], [ -115.440119099999976, 47.6727728 ], [ -115.4616737, 47.6727455 ], [ -115.461501, 47.6486857 ], [ -115.502830100000011, 47.6464439 ], [ -115.523307199999977, 47.6327802 ], [ -115.603904899999989, 47.6344279 ], [ -115.6436375, 47.6294156 ], [ -115.6535125, 47.6175466 ], [ -115.6922012, 47.6171312 ], [ -115.6885395, 47.5943909 ], [ -115.7553348, 47.5511921 ], [ -115.7435462, 47.5386596 ], [ -115.6986039, 47.5316523 ], [ -115.7114788, 47.5168328 ], [ -115.6863514, 47.4850759 ], [ -115.6294507, 47.4796153 ], [ -115.646552, 47.4567107 ], [ -115.7159643, 47.452903 ], [ -115.7482098, 47.4416374 ], [ -115.759324600000014, 47.423629 ], [ -115.720761, 47.425724 ], [ -115.7127832, 47.415575 ], [ -115.657784, 47.4004447 ], [ -115.643783899999988, 47.3777755 ], [ -115.6173178, 47.382477599999987 ], [ -115.578445699999975, 47.3676868 ], [ -115.5752118, 47.3557071 ], [ -115.551599799999977, 47.3511017 ], [ -115.5283753, 47.2993277 ], [ -115.4829025, 47.2814564 ], [ -115.4664859, 47.2874742 ], [ -115.456024599999978, 47.2776744 ], [ -115.426018899999988, 47.2802716 ], [ -115.4109637, 47.2642473 ], [ -115.384884, 47.2676106 ], [ -115.3196132, 47.256155 ], [ -115.3173555, 47.233592099999989 ], [ -115.2945635, 47.220142 ], [ -115.3001883, 47.1879157 ], [ -115.2618323, 47.1816319 ], [ -115.244640799999985, 47.151410299999988 ], [ -115.199598399999985, 47.1400012 ], [ -115.1711106, 47.1064122 ], [ -115.1440652, 47.1017504 ], [ -115.130890799999975, 47.0686267 ], [ -115.1060996, 47.048402499999987 ], [ -115.0873309, 47.0456471 ], [ -115.0716229, 47.0259308 ], [ -115.0675961, 46.9951255 ], [ -115.049339, 46.970182899999983 ], [ -115.0014468, 46.9718719 ], [ -114.9609258, 46.9300022 ], [ -114.9249211, 46.9186445 ], [ -114.9366721, 46.8976895 ], [ -114.931844500000011, 46.8766483 ], [ -114.948326, 46.860065399999989 ], [ -114.928763699999976, 46.854790199999989 ], [ -114.921357899999975, 46.826828 ], [ -114.898325599999978, 46.8218268 ], [ -114.895923299999978, 46.8018991 ], [ -114.865460399999989, 46.8144201 ], [ -114.8293827, 46.782646199999988 ], [ -114.7848453, 46.7800804 ], [ -114.765383, 46.745152 ], [ -114.7886129, 46.7131358 ], [ -114.7674895, 46.697288 ], [ -114.7126765, 46.7156419 ], [ -114.6979656, 46.7405846 ], [ -114.664564399999989, 46.7389687 ], [ -114.620913300000012, 46.7074691 ], [ -114.6398922, 46.6653928 ], [ -114.6147037, 46.6552809 ], [ -114.6138372, 46.6388653 ], [ -114.5926014, 46.6330383 ], [ -114.5419503, 46.6500368 ], [ -114.466834299999988, 46.6318288 ], [ -114.4534735, 46.6491447 ], [ -114.424539599999989, 46.660664399999987 ], [ -114.4116826, 46.6569542 ], [ -114.3581279, 46.6710111 ], [ -114.320668700000013, 46.646969299999988 ], [ -114.3224225, 46.611078299999981 ], [ -114.3441989, 46.5899864 ], [ -114.3252405, 46.575434699999988 ], [ -114.3147879, 46.5800349 ], [ -114.315408, 46.591051199999988 ], [ -114.280287, 46.601164 ], [ -114.2715106, 46.6383886 ], [ -114.2477101, 46.6546519 ], [ -114.231161199999988, 46.6890104 ], [ -114.169753, 46.6864991 ], [ -114.155901199999988, 46.7066465 ], [ -114.129824899999988, 46.7143504 ], [ -114.1295741, 46.740762 ], [ -114.160318, 46.7402733 ], [ -114.1603294, 46.7473812 ], [ -114.1502907, 46.7473966 ], [ -114.1503417, 46.7619654 ], [ -114.129261899999989, 46.7620251 ], [ -114.1293845, 46.7765586 ], [ -114.108392099999989, 46.7765152 ], [ -114.1293688, 46.7910574 ], [ -114.129384699999989, 46.8055059 ], [ -114.1030987, 46.8056525 ], [ -114.1135312, 46.8200629 ], [ -114.087235799999988, 46.8198192 ], [ -114.0867267, 46.8377837 ], [ -114.144642499999989, 46.8413214 ], [ -114.1448447, 46.8776557 ], [ -114.1867374, 46.8772642 ], [ -114.1904051, 46.9166144 ], [ -114.2103894, 46.9306299 ], [ -114.208583300000015, 46.950409 ], [ -114.219981100000012, 46.9536862 ], [ -114.2427454, 47.0042833 ], [ -114.2505118, 46.9962535 ], [ -114.2617324, 47.0085013 ], [ -114.314376599999989, 47.0129346 ], [ -114.3143811, 47.019542099999988 ], [ -114.351119700000012, 47.0304145 ], [ -114.3665849, 47.0095102 ], [ -114.3980395, 47.0089214 ], [ -114.398218899999989, 46.9775017 ], [ -114.4459909, 46.984714 ], [ -114.451322, 46.9775354 ], [ -114.4512895, 46.9847377 ], [ -114.461889899999989, 46.981185499999988 ], [ -114.45655880000001, 46.9919574 ], [ -114.483057699999989, 46.992123 ], [ -114.5043794, 47.0107363 ], [ -114.525945799999988, 47.0128091 ], [ -114.5577562, 47.0019213 ], [ -114.547172, 46.9924395 ], [ -114.608601, 46.9925926 ], [ -114.608617799999976, 47.01428 ], [ -114.619257799999986, 47.007047899999982 ], [ -114.6246254, 47.0142874 ], [ -114.629924500000016, 47.0070546 ], [ -114.6511858, 47.0106657 ], [ -114.6511231, 46.992609 ], [ -114.7562022, 46.992865399999985 ], [ -114.745872800000015, 47.021968 ], [ -114.756400700000015, 47.0219849 ], [ -114.766770299999976, 47.0436921 ], [ -114.7773144, 47.0363915 ], [ -114.7770298, 47.0655565 ], [ -114.7984224, 47.0656318 ], [ -114.797784799999988, 47.1239291 ], [ -114.8284326, 47.131237 ], [ -114.817870699999986, 47.1371872 ], [ -114.8495398, 47.1385407 ], [ -114.8496512, 47.1529405 ], [ -114.881379, 47.1676217 ], [ -114.8813655, 47.1822869 ], [ -114.9035911, 47.1858876 ], [ -114.903524499999989, 47.1967129 ], [ -114.968509900000015, 47.1969717 ], [ -114.968653499999974, 47.2115602 ], [ -114.9198797, 47.2114303 ] ], [ [ -115.070076, 47.2698352 ], [ -115.0650541, 47.262597 ], [ -115.091628, 47.2961464 ], [ -115.1150354, 47.2987686 ], [ -115.115394599999988, 47.3132669 ], [ -115.0941084, 47.3133514 ], [ -115.0943193, 47.324165099999988 ], [ -115.0524297, 47.3133665 ], [ -115.0524687, 47.2988557 ], [ -115.0730757, 47.298873799999988 ], [ -115.0723569, 47.2844091 ], [ -115.0537837, 47.2843685 ], [ -115.053624899999974, 47.269858299999989 ], [ -115.032222800000014, 47.2700177 ], [ -115.0322708, 47.255523 ], [ -115.0535708, 47.2553602 ], [ -115.053715700000012, 47.2408328 ], [ -115.03229420000001, 47.240645799999989 ], [ -115.0322574, 47.248300199999989 ], [ -114.989974699999976, 47.2443723 ], [ -114.9900327, 47.2261819 ], [ -115.0533942, 47.229016799999989 ], [ -115.0589765, 47.2698399 ], [ -115.070076, 47.2698352 ] ], [ [ -114.9686005, 47.2261606 ], [ -114.968653499999974, 47.2115602 ], [ -114.9899182, 47.211368 ], [ -114.9900327, 47.2261819 ], [ -114.9686005, 47.2261606 ] ], [ [ -114.360182, 46.790749 ], [ -114.3602213, 46.7762862 ], [ -114.3391035, 46.7762164 ], [ -114.323309, 46.7617042 ], [ -114.2968209, 46.7618615 ], [ -114.2968632, 46.776107 ], [ -114.255357, 46.7724536 ], [ -114.255307699999989, 46.7615893 ], [ -114.2025234, 46.7550036 ], [ -114.1708591, 46.739688399999984 ], [ -114.2129924, 46.732530499999989 ], [ -114.213011, 46.747064599999987 ], [ -114.296832, 46.7471288 ], [ -114.2968232, 46.7580013 ], [ -114.3127245, 46.7544239 ], [ -114.3602402, 46.7730342 ], [ -114.4025374, 46.7763947 ], [ -114.4025397, 46.7909056 ], [ -114.360182, 46.790749 ] ], [ [ -115.0312846, 47.2987229 ], [ -115.0311189, 47.2842054 ], [ -115.0417668, 47.2842863 ], [ -115.041876699999989, 47.2987893 ], [ -115.0312846, 47.2987229 ] ], [ [ -115.1999583, 47.3132625 ], [ -115.2083115, 47.309701 ], [ -115.2041517, 47.3058356 ], [ -115.2313883, 47.3133857 ], [ -115.1999583, 47.3132625 ] ], [ [ -115.3917075, 47.3848137 ], [ -115.375627099999988, 47.3811698 ], [ -115.370339399999978, 47.3992746 ], [ -115.3174723, 47.3991882 ], [ -115.30669060000001, 47.384725599999989 ], [ -115.327881, 47.384735 ], [ -115.327915, 47.3955686 ], [ -115.338504300000011, 47.391971 ], [ -115.3279658, 47.370261799999987 ], [ -115.3066058, 47.3702028 ], [ -115.3066045, 47.3629244 ], [ -115.2639034, 47.370252099999981 ], [ -115.263921200000013, 47.3557027 ], [ -115.2935087, 47.3530674 ], [ -115.3431215, 47.3716726 ], [ -115.333261499999978, 47.3666045 ], [ -115.348767200000012, 47.3629855 ], [ -115.348929200000015, 47.375994 ], [ -115.391654, 47.3703086 ], [ -115.3916891, 47.3798237 ], [ -115.3832987, 47.3779731 ], [ -115.3917075, 47.3848137 ] ], [ [ -115.2639488, 47.3385141 ], [ -115.2556411, 47.3277084 ], [ -115.2693298, 47.333863099999988 ], [ -115.2639488, 47.3385141 ] ], [ [ -115.3011318, 47.3556957 ], [ -115.3332222, 47.3557273 ], [ -115.3278288, 47.3641143 ], [ -115.3011318, 47.3556957 ] ], [ [ -115.5193955, 47.4312478 ], [ -115.5088603, 47.4349638 ], [ -115.5087734, 47.4281435 ], [ -115.5087459, 47.4425292 ], [ -115.4980553, 47.4424845 ], [ -115.4980907, 47.4281576 ], [ -115.51406990000001, 47.4245112 ], [ -115.502309200000013, 47.4046084 ], [ -115.5203242, 47.4056875 ], [ -115.5193955, 47.4312478 ] ], [ [ -115.604378199999985, 47.4210499 ], [ -115.535433700000013, 47.4181217 ], [ -115.601432800000012, 47.414441 ], [ -115.604378199999985, 47.4210499 ] ] ], [ [ [ -114.8993589, 47.4289031 ], [ -114.8941924, 47.435159299999988 ], [ -114.9024102, 47.4300288 ], [ -114.8993589, 47.4289031 ] ] ] ] } },
{ "type": "Feature", "properties": { "name": "Nez Perce-Clearwater National Forest", "region": "01", "acres": 4072795.0, "type": "national_forest" }, "geometry": { "type": "MultiPolygon", "coordinates": [ [ [ [ -115.6980253, 46.5132276 ], [ -115.7188497, 46.5131201 ], [ -115.7188376, 46.4986781 ], [ -115.7644053, 46.4987253 ], [ -115.7650654, 46.1294607 ], [ -115.7781879, 46.1235869 ], [ -115.7889779, 46.1383075 ], [ -115.8314197, 46.1531136 ], [ -115.8679227, 46.1424267 ], [ -115.9061471, 46.1572013 ], [ -115.9408618, 46.1572921 ], [ -115.948592, 46.1390422 ], [ -115.9692298, 46.1408085 ], [ -115.963974900000011, 46.1316833 ], [ -115.9381859, 46.1317348 ], [ -115.933240399999988, 46.1462675 ], [ -115.8757963, 46.1352306 ], [ -115.81552880000001, 46.1421917 ], [ -115.785946, 46.115927 ], [ -115.7652734, 46.116935 ], [ -115.7663867, 46.0618383 ], [ -115.8286314, 46.062021099999988 ], [ -115.8286359, 46.0186557 ], [ -115.8501016, 46.0198342 ], [ -115.8493827, 45.990138 ], [ -115.8914178, 45.9898352 ], [ -115.891398599999988, 45.9753537 ], [ -115.933011299999976, 45.9751225 ], [ -115.932248500000014, 45.960698 ], [ -115.974846, 45.9607729 ], [ -115.974299300000013, 45.9456791 ], [ -116.0057268, 45.9456731 ], [ -116.0058192, 45.9166318 ], [ -116.0164617, 45.9166787 ], [ -116.016445299999987, 45.9023689 ], [ -116.0368582, 45.9025617 ], [ -116.0373757, 45.8593446 ], [ -116.1397632, 45.8596939 ], [ -116.140615299999979, 45.8017702 ], [ -116.2235025, 45.8008474 ], [ -116.223557399999976, 45.7718633 ], [ -116.2028049, 45.7718547 ], [ -116.2028455, 45.7573757 ], [ -116.1821049, 45.7572946 ], [ -116.1821416, 45.713929199999988 ], [ -116.2028151, 45.7139486 ], [ -116.2033484, 45.5395598 ], [ -116.2703512, 45.539741899999989 ], [ -116.270232099999987, 45.4204084 ], [ -116.209929299999985, 45.3990565 ], [ -116.1431245, 45.4275425 ], [ -116.122909, 45.403104 ], [ -116.110615400000015, 45.401569 ], [ -116.05501910000001, 45.4224387 ], [ -115.9932801, 45.4290504 ], [ -115.9291931, 45.4598861 ], [ -115.8014031, 45.4680201 ], [ -115.7539759, 45.444669399999988 ], [ -115.6674323, 45.4343863 ], [ -115.6131939, 45.3969827 ], [ -115.5091768, 45.3756117 ], [ -115.4277325, 45.457689 ], [ -115.3864868, 45.4768188 ], [ -115.377864, 45.4707984 ], [ -115.3546591, 45.4752267 ], [ -115.335231799999988, 45.485569 ], [ -115.3140417, 45.5237804 ], [ -115.2954446, 45.5355864 ], [ -115.2538807, 45.5394427 ], [ -115.2156828, 45.5694943 ], [ -115.1804522, 45.566057699999988 ], [ -115.162303200000011, 45.5507195 ], [ -115.064085100000014, 45.5100218 ], [ -115.0245936, 45.5074721 ], [ -115.018597599999978, 45.5239314 ], [ -114.9657293, 45.5689625 ], [ -114.97304579999998, 45.6094037 ], [ -114.94717439999998, 45.683808 ], [ -114.988363299999975, 45.6784416 ], [ -114.9921288, 45.7044411 ], [ -114.9634018, 45.719314 ], [ -114.9638249, 45.7414338 ], [ -114.9270914, 45.7684572 ], [ -114.913265200000012, 45.792885 ], [ -114.930293, 45.8119497 ], [ -114.8913841, 45.8518452 ], [ -114.880312600000011, 45.883186699999989 ], [ -114.9236699, 45.9195634 ], [ -114.8701243, 45.9225623 ], [ -114.8555508, 45.9437675 ], [ -114.82960940000001, 45.9561986 ], [ -114.8299537, 45.9703549 ], [ -114.8076134, 45.9691135 ], [ -114.785272499999977, 45.981081 ], [ -114.7610209, 45.9787324 ], [ -114.7389146, 45.958756 ], [ -114.71336, 45.965108 ], [ -114.6954653, 45.953204199999988 ], [ -114.6506447, 45.965718 ], [ -114.607069899999985, 45.9587773 ], [ -114.5836004, 45.9648722 ], [ -114.5805751, 45.9753994 ], [ -114.53227, 45.9831511 ], [ -114.520084900000015, 45.9986673 ], [ -114.4870828, 45.9983655 ], [ -114.4734751, 46.013084 ], [ -114.4804603, 46.030375299999989 ], [ -114.5044156, 46.0294206 ], [ -114.506588799999989, 46.0382214 ], [ -114.468176899999989, 46.0628929 ], [ -114.460237400000011, 46.0969052 ], [ -114.4743825, 46.113095699999988 ], [ -114.5211307, 46.1251858 ], [ -114.5272417, 46.1465323 ], [ -114.5141757, 46.1543672 ], [ -114.5149814, 46.1676738 ], [ -114.4754756, 46.1605839 ], [ -114.444161600000015, 46.169095 ], [ -114.448118099999988, 46.2320737 ], [ -114.4677657, 46.247897 ], [ -114.470822, 46.2655017 ], [ -114.425513599999988, 46.2877691 ], [ -114.4333801, 46.3055641 ], [ -114.41022, 46.3611221 ], [ -114.4224344, 46.3872242 ], [ -114.3848579, 46.411314499999989 ], [ -114.3828296, 46.4324139 ], [ -114.3684492, 46.436970699999989 ], [ -114.3845464, 46.4471098 ], [ -114.3793879, 46.4601812 ], [ -114.4008998, 46.4781102 ], [ -114.4032577, 46.498976399999989 ], [ -114.3584748, 46.5051953 ], [ -114.3419382, 46.5196215 ], [ -114.3479421, 46.5516164 ], [ -114.329768, 46.5766093 ], [ -114.3441989, 46.5899864 ], [ -114.3224225, 46.611078299999981 ], [ -114.320668700000013, 46.646969299999988 ], [ -114.3581279, 46.6710111 ], [ -114.4116826, 46.6569542 ], [ -114.424539599999989, 46.660664399999987 ], [ -114.4534735, 46.6491447 ], [ -114.466834299999988, 46.6318288 ], [ -114.5419503, 46.6500368 ], [ -114.5833029, 46.6332472 ], [ -114.605616200000014, 46.6358045 ], [ -114.6147037, 46.6552809 ], [ -114.6356639, 46.6593611 ], [ -114.633331900000016, 46.672020499999988 ], [ -114.6421676, 46.6729814 ], [ -114.620913300000012, 46.7074691 ], [ -114.665877600000016, 46.7392889 ], [ -114.6979656, 46.7405846 ], [ -114.7126765, 46.7156419 ], [ -114.7674895, 46.697288 ], [ -114.7886129, 46.7131358 ], [ -114.765383, 46.745152 ], [ -114.7848453, 46.7800804 ], [ -114.8293827, 46.782646199999988 ], [ -114.865460399999989, 46.8144201 ], [ -114.895923299999978, 46.8018991 ], [ -114.898325599999978, 46.8218268 ], [ -114.921357899999975, 46.826828 ], [ -114.928763699999976, 46.854790199999989 ], [ -114.948326, 46.860065399999989 ], [ -114.931844500000011, 46.8766483 ], [ -114.9366721, 46.8976895 ], [ -114.9249211, 46.9186445 ], [ -114.9609258, 46.9300022 ], [ -115.0014468, 46.9718719 ], [ -115.048754899999977, 46.9697076 ], [ -115.0728198, 47.0138653 ], [ -115.0965725, 47.0119189 ], [ -115.123275, 46.9967007 ], [ -115.160539, 47.0070158 ], [ -115.204864700000016, 46.9687975 ], [ -115.2605097, 46.9616021 ], [ -115.2804124, 46.9434901 ], [ -115.3575478, 46.9614322 ], [ -115.3684408, 46.942959599999988 ], [ -115.4132023, 46.946729 ], [ -115.432748499999988, 46.9582378 ], [ -115.4309656, 46.9801082 ], [ -115.474994400000014, 46.9905384 ], [ -115.4744116, 46.9675651 ], [ -115.503912, 46.9392291 ], [ -115.554415100000014, 46.9437113 ], [ -115.57941430000001, 46.935493 ], [ -115.6025026, 46.948933599999989 ], [ -115.6725157, 46.953303 ], [ -115.7052073, 46.946469 ], [ -115.7249348, 46.9236169 ], [ -115.764073799999977, 46.920489499999988 ], [ -115.7640892, 46.8619762 ], [ -115.7851542, 46.86202 ], [ -115.7798998, 46.8359473 ], [ -115.759202, 46.8475354 ], [ -115.63821, 46.8462136 ], [ -115.6485204, 46.8311235 ], [ -115.6377951, 46.8311424 ], [ -115.6351553, 46.5276982 ], [ -115.7084562, 46.5276828 ], [ -115.6980253, 46.5132276 ] ], [ [ -115.401894899999988, 45.8001632 ], [ -115.5252088, 45.800118 ], [ -115.525421900000012, 45.8879136 ], [ -115.407005899999987, 45.8879281 ], [ -115.401894899999988, 45.8001632 ] ] ] ] } },
{ "type": "Feature", "properties": { "name": "Dakota Prairie Grasslands", "region": "01", "acres": 1384970.0, "type": "national_forest" }, "geometry": { "type": "MultiPolygon", "coordinates": [ [ [ [ -97.3317334, 46.5146232 ], [ -97.3249158, 46.507577499999989 ], [ -97.322607600000012, 46.508258 ], [ -97.3317334, 46.5146232 ] ] ], [ [ [ -103.5623138, 47.117893099999989 ], [ -103.5621632, 47.1185804 ], [ -103.5647621, 47.1174794 ], [ -103.5623138, 47.117893099999989 ] ] ], [ [ [ -103.5662204, 47.509002 ], [ -103.5768906, 47.512330399999989 ], [ -103.5768865, 47.5098325 ], [ -103.5662204, 47.509002 ] ] ], [ [ [ -103.0963523, 48.006683099999989 ], [ -103.085916, 48.0066659 ], [ -103.0960453, 48.0076692 ], [ -103.0963523, 48.006683099999989 ] ] ], [ [ [ -104.0274793, 47.5215824 ], [ -104.0220545, 47.5323783 ], [ -104.0115662, 47.5179102 ], [ -103.9852369, 47.517834 ], [ -103.9744588, 47.532287599999989 ], [ -103.9371067, 47.5249812 ], [ -103.9369959, 47.539435499999989 ], [ -103.926310199999989, 47.5394137 ], [ -103.937166499999989, 47.5177562 ], [ -103.9264765, 47.5177345 ], [ -103.9266096, 47.4888341 ], [ -103.8838768, 47.4995948 ], [ -103.883917, 47.4887453 ], [ -103.905264699999989, 47.4887929 ], [ -103.9053706, 47.4743366 ], [ -103.8839883, 47.4743071 ], [ -103.8840712, 47.4598822 ], [ -103.8734059, 47.4598434 ], [ -103.8842176, 47.4309869 ], [ -103.8428792, 47.4308687 ], [ -103.8429393, 47.4453182 ], [ -103.821593, 47.4452505 ], [ -103.8217814, 47.4885229 ], [ -103.8004431, 47.4885125 ], [ -103.8004871, 47.5101641 ], [ -103.784492199999988, 47.5101243 ], [ -103.7791315, 47.488444 ], [ -103.7897873, 47.4884783 ], [ -103.7897573, 47.4740354 ], [ -103.7790931, 47.4740011 ], [ -103.7790678, 47.4595547 ], [ -103.8003705, 47.4596227 ], [ -103.8003408, 47.4451731 ], [ -103.779027, 47.4451044 ], [ -103.7896588, 47.4234647 ], [ -103.7790318, 47.4234315 ], [ -103.773718, 47.4089609 ], [ -103.7578169, 47.4016783 ], [ -103.7577968, 47.4233656 ], [ -103.7365723, 47.426923699999989 ], [ -103.7365932, 47.4016661 ], [ -103.6941511, 47.4015944 ], [ -103.6941713, 47.4160264 ], [ -103.6728945, 47.4160099 ], [ -103.6729125, 47.3870679 ], [ -103.6303153, 47.3869805 ], [ -103.6302717, 47.4012784 ], [ -103.6516408, 47.4015307 ], [ -103.6515775, 47.4232279 ], [ -103.694197, 47.430492199999989 ], [ -103.6729478, 47.4340957 ], [ -103.6729817, 47.4449415 ], [ -103.653002199999989, 47.4449472 ], [ -103.651550899999989, 47.459420499999986 ], [ -103.6942379, 47.4594147 ], [ -103.6942595, 47.4738731 ], [ -103.6515335, 47.4739102 ], [ -103.6515419, 47.488341399999989 ], [ -103.6729265, 47.4883277 ], [ -103.672928, 47.5028166 ], [ -103.7578214, 47.5028195 ], [ -103.757792099999989, 47.488357199999989 ], [ -103.7684565, 47.4884005 ], [ -103.757860799999989, 47.531716299999985 ], [ -103.736509, 47.531658899999989 ], [ -103.736515, 47.5172071 ], [ -103.720991399999988, 47.5280565 ], [ -103.715638399999989, 47.5172196 ], [ -103.6622389, 47.517268799999989 ], [ -103.6622346, 47.5317242 ], [ -103.6515626, 47.5317328 ], [ -103.6515651, 47.5172746 ], [ -103.608841, 47.5172953 ], [ -103.6088132, 47.531759 ], [ -103.6248652, 47.5317509 ], [ -103.6248463, 47.5425937 ], [ -103.598288, 47.5376407 ], [ -103.58763, 47.5448726 ], [ -103.5875837, 47.530409 ], [ -103.566235, 47.5304162 ], [ -103.5663367, 47.5738008 ], [ -103.5449969, 47.5738042 ], [ -103.5449615, 47.5593317 ], [ -103.502228699999989, 47.5593456 ], [ -103.5022266, 47.5485044 ], [ -103.523578700000016, 47.544873 ], [ -103.5022258, 47.544890699999989 ], [ -103.5022172, 47.5342501 ], [ -103.4612848, 47.5225014 ], [ -103.4612927, 47.5304181 ], [ -103.480874899999989, 47.5304179 ], [ -103.4808592, 47.5485026 ], [ -103.4613033, 47.544863199999988 ], [ -103.4774894, 47.5593663 ], [ -103.4442394, 47.5609641 ], [ -103.4614629, 47.567012899999987 ], [ -103.461686899999989, 47.6027154 ], [ -103.4189632, 47.631615499999988 ], [ -103.461788, 47.642513799999989 ], [ -103.4510237, 47.6171833 ], [ -103.480877, 47.6171953 ], [ -103.480891, 47.5810326 ], [ -103.480897, 47.588266399999988 ], [ -103.523623199999989, 47.5882851 ], [ -103.5236436, 47.6027523 ], [ -103.5450193, 47.5955187 ], [ -103.5557164, 47.6027555 ], [ -103.5504696, 47.6461673 ], [ -103.566434199999989, 47.61723 ], [ -103.5771175, 47.617232 ], [ -103.5825067, 47.6353243 ], [ -103.5611584, 47.6497919 ], [ -103.6729978, 47.6546019 ], [ -103.6729895, 47.6329175 ], [ -103.6944079, 47.6328944 ], [ -103.6944315, 47.647349299999988 ], [ -103.7265347, 47.6400925 ], [ -103.721196299999988, 47.6473273 ], [ -103.7319069, 47.6473196 ], [ -103.736441899999988, 47.6364655 ], [ -103.779234699999989, 47.632995699999988 ], [ -103.7631667, 47.6546397 ], [ -103.7899459, 47.6747565 ], [ -103.808391199999988, 47.6747552 ], [ -103.8137332, 47.6855852 ], [ -103.7976655, 47.6892026 ], [ -103.8083631, 47.696427799999981 ], [ -103.797641399999989, 47.703660899999981 ], [ -103.7975745, 47.747048899999989 ], [ -103.819017699999989, 47.761516 ], [ -103.8190108, 47.7759911 ], [ -103.7975257, 47.7904278 ], [ -103.8135784, 47.8338166 ], [ -103.7974694, 47.837438899999988 ], [ -103.7870848, 47.8302148 ], [ -103.787073299999989, 47.8121307 ], [ -103.765581, 47.7976942 ], [ -103.770921300000012, 47.783217799999989 ], [ -103.7870309, 47.7904361 ], [ -103.7870047, 47.7795918 ], [ -103.7975434, 47.7795888 ], [ -103.7975622, 47.7615141 ], [ -103.781616700000015, 47.7615216 ], [ -103.786996, 47.7759768 ], [ -103.760182199999988, 47.765146699999988 ], [ -103.7601917, 47.7759942 ], [ -103.7441038, 47.7796204 ], [ -103.7548444, 47.7940922 ], [ -103.7441107, 47.7940925 ], [ -103.7441164, 47.8049412 ], [ -103.7602149, 47.7977014 ], [ -103.760231499999989, 47.8266246 ], [ -103.738749, 47.823029 ], [ -103.7387604, 47.841117399999987 ], [ -103.776387899999989, 47.8483063 ], [ -103.776403699999989, 47.8555346 ], [ -103.7871446, 47.8519104 ], [ -103.7974256, 47.8626394 ], [ -103.797463, 47.8482866 ], [ -103.861921400000014, 47.8518669 ], [ -103.8511783, 47.8374262 ], [ -103.861918, 47.8302131 ], [ -103.8619181, 47.841046 ], [ -103.8780367, 47.837439499999988 ], [ -103.883421, 47.8482502 ], [ -103.9049067, 47.8482425 ], [ -103.8941612, 47.8446494 ], [ -103.8995284, 47.8374116 ], [ -103.9210109, 47.8446208 ], [ -103.9209768, 47.8265606 ], [ -103.9474519, 47.8410036 ], [ -103.9635542, 47.8302282 ], [ -103.9688935, 47.8085756 ], [ -104.000193, 47.8036172 ], [ -104.0434734, 47.7436272 ], [ -104.0445271, 47.5035172 ], [ -104.0117239, 47.4962361 ], [ -104.0274793, 47.5215824 ] ], [ [ -103.587692499999989, 47.5738072 ], [ -103.5877294, 47.5882908 ], [ -103.5663608, 47.5882898 ], [ -103.5663367, 47.5738008 ], [ -103.587692499999989, 47.5738072 ] ], [ [ -103.8628219, 47.4453626 ], [ -103.8627406, 47.4598047 ], [ -103.8429792, 47.4597609 ], [ -103.8429393, 47.4453182 ], [ -103.8628219, 47.4453626 ] ], [ [ -103.6301451, 47.6040593 ], [ -103.6087254, 47.6040827 ], [ -103.608741099999989, 47.5896162 ], [ -103.6301522, 47.5932164 ], [ -103.6301451, 47.6040593 ] ], [ [ -103.6301448, 47.632979899999988 ], [ -103.630133, 47.6185183 ], [ -103.6515577, 47.6184924 ], [ -103.6515445, 47.6329516 ], [ -103.6301448, 47.632979899999988 ] ], [ [ -103.6354916, 47.6438196 ], [ -103.6354937, 47.636588599999982 ], [ -103.6515437, 47.6437975 ], [ -103.6354916, 47.6438196 ] ], [ [ -103.672905899999989, 47.5606247 ], [ -103.672895200000013, 47.5461709 ], [ -103.715664, 47.5461231 ], [ -103.7156855, 47.5605759 ], [ -103.672905899999989, 47.5606247 ] ], [ [ -103.8005506, 47.5607434 ], [ -103.8005436, 47.5535178 ], [ -103.7364874, 47.5605492 ], [ -103.7365226, 47.546105399999988 ], [ -103.757859, 47.538939899999988 ], [ -103.757857199999989, 47.5461635 ], [ -103.7792151, 47.5462292 ], [ -103.8005272, 47.531838 ], [ -103.821889399999989, 47.531912 ], [ -103.8219172, 47.5463707 ], [ -103.8325952, 47.5464007 ], [ -103.8458895, 47.5211476 ], [ -103.8622936, 47.5248047 ], [ -103.8620826, 47.5464823 ], [ -103.8834895, 47.546580399999989 ], [ -103.8593725, 47.5681751 ], [ -103.8005506, 47.5607434 ] ], [ [ -103.7792063, 47.575124699999989 ], [ -103.7792047, 47.5606783 ], [ -103.7898776, 47.560710899999989 ], [ -103.7898875, 47.5751618 ], [ -103.7792063, 47.575124699999989 ] ], [ [ -103.8220384, 47.6548288 ], [ -103.822035, 47.647599 ], [ -103.8380951, 47.6476623 ], [ -103.8380895, 47.636817099999988 ], [ -103.8220267, 47.636758799999988 ], [ -103.8327106, 47.6187172 ], [ -103.848805399999989, 47.6404743 ], [ -103.8434463, 47.6513012 ], [ -103.8220384, 47.6548288 ] ], [ [ -103.8619122, 47.8049009 ], [ -103.8726529, 47.8048976 ], [ -103.8834006, 47.8193693 ], [ -103.8619133, 47.8157402 ], [ -103.8619122, 47.8049009 ] ], [ [ -103.8672679, 47.7832033 ], [ -103.8833773, 47.7831993 ], [ -103.872639, 47.790431 ], [ -103.8672679, 47.7832033 ] ], [ [ -103.8618942, 47.7325868 ], [ -103.861887599999989, 47.7181171 ], [ -103.8833067, 47.7181351 ], [ -103.8833204, 47.7325971 ], [ -103.8618942, 47.7325868 ] ], [ [ -103.8611227, 47.6622383 ], [ -103.8611837, 47.647771 ], [ -103.871823299999988, 47.6622421 ], [ -103.8611227, 47.6622383 ] ], [ [ -103.8779706, 47.6855976 ], [ -103.8664316, 47.6694798 ], [ -103.8878289, 47.669469199999988 ], [ -103.8824466, 47.674757199999988 ], [ -103.900726, 47.6860606 ], [ -103.8779706, 47.6855976 ] ], [ [ -103.8616259, 47.6043488 ], [ -103.8617599, 47.5898932 ], [ -103.883163599999989, 47.5899605 ], [ -103.8776666, 47.6043886 ], [ -103.8616259, 47.6043488 ] ], [ [ -103.8719056, 47.6477763 ], [ -103.8827255, 47.6369337 ], [ -103.9040187, 47.6477753 ], [ -103.8719056, 47.6477763 ] ], [ [ -103.9051214, 47.5176915 ], [ -103.9050068, 47.5321518 ], [ -103.8836055, 47.532116099999989 ], [ -103.8837259, 47.5176437 ], [ -103.8623662, 47.517581199999988 ], [ -103.8624387, 47.5103647 ], [ -103.883867, 47.5031831 ], [ -103.889074799999989, 47.5176556 ], [ -103.9051214, 47.5176915 ] ], [ [ -103.899377199999989, 47.703692 ], [ -103.8940086, 47.6892315 ], [ -103.904722600000014, 47.6964698 ], [ -103.9154206, 47.689239 ], [ -103.9154378, 47.7036834 ], [ -103.899377199999989, 47.703692 ] ], [ [ -103.8939145, 47.5827622 ], [ -103.8886642, 47.5682866 ], [ -103.904689499999989, 47.5719449 ], [ -103.9046163, 47.5827855 ], [ -103.8939145, 47.5827622 ] ], [ [ -103.92580190000001, 47.6045181 ], [ -103.904402, 47.6044653 ], [ -103.904570299999989, 47.590038199999988 ], [ -103.925979399999989, 47.5900903 ], [ -103.92580190000001, 47.6045181 ] ], [ [ -103.9367215, 47.732586399999988 ], [ -103.9260266, 47.7325653 ], [ -103.9260605, 47.7108916 ], [ -103.9367307, 47.7108968 ], [ -103.9367215, 47.732586399999988 ] ], [ [ -103.931372, 47.7361935 ], [ -103.9527818, 47.739847699999984 ], [ -103.9474315, 47.7470743 ], [ -103.9635162, 47.754330599999989 ], [ -103.9688899, 47.7724504 ], [ -103.931372, 47.7361935 ] ], [ [ -103.974167099999988, 47.7037427 ], [ -103.9795119, 47.689301 ], [ -103.9260825, 47.6892393 ], [ -103.9260949, 47.6747806 ], [ -103.957339, 47.6658621 ], [ -103.9572804, 47.6730972 ], [ -103.9732908, 47.6748123 ], [ -103.9474742, 47.674782 ], [ -103.9474619, 47.682006 ], [ -103.995585, 47.6820998 ], [ -104.0116112, 47.6929712 ], [ -104.0116308, 47.6821249 ], [ -104.0223607, 47.6821361 ], [ -104.0331408, 47.7182641 ], [ -103.974167099999988, 47.7037427 ] ], [ [ -103.942083599999989, 47.5792032 ], [ -103.915389499999989, 47.5719529 ], [ -103.9474964, 47.5683722 ], [ -103.942083599999989, 47.5792032 ] ], [ [ -103.947633, 47.546687 ], [ -103.9475438, 47.5611502 ], [ -103.9154419, 47.5647205 ], [ -103.926257, 47.5466426 ], [ -103.947633, 47.546687 ] ], [ [ -103.9898269, 47.6046273 ], [ -103.9898799, 47.590166099999983 ], [ -103.968783699999989, 47.5901644 ], [ -103.968828, 47.5756132 ], [ -104.0006074, 47.568438099999987 ], [ -104.011206699999988, 47.5756104 ], [ -104.0218745, 47.6192553 ], [ -104.005815, 47.6191796 ], [ -104.0058427, 47.6046852 ], [ -103.9898269, 47.6046273 ] ] ] ] } },
{ "type": "Feature", "properties": { "name": "Bighorn National Forest", "region": "02", "acres": 1112948.0, "type": "national_forest" }, "geometry": { "type": "MultiPolygon", "coordinates": [ [ [ [ -107.6040699, 44.9377678 ], [ -107.6040905, 44.9653011 ], [ -107.6245186, 44.9652847 ], [ -107.624529, 44.9795837 ], [ -107.644684399999988, 44.9795741 ], [ -107.6446968, 45.0006741 ], [ -107.9659812, 45.001340599999985 ], [ -107.9658854, 44.9559324 ], [ -107.945519, 44.9560407 ], [ -107.9453832, 44.9269839 ], [ -107.986139799999989, 44.9267647 ], [ -107.9861295, 44.8688001 ], [ -108.0055901, 44.8687786 ], [ -108.0056174, 44.824262399999988 ], [ -107.9858599, 44.8242012 ], [ -107.9857496, 44.8099913 ], [ -107.962054, 44.8099886 ], [ -107.9620341, 44.7955049 ], [ -107.9416893, 44.795522 ], [ -107.9416713, 44.7810455 ], [ -107.9213437, 44.7810791 ], [ -107.921420700000013, 44.766274 ], [ -107.900936699999988, 44.7662692 ], [ -107.900952499999988, 44.7518647 ], [ -107.8806146, 44.7517587 ], [ -107.8807687, 44.7372639 ], [ -107.860271200000014, 44.7372872 ], [ -107.8603055, 44.7228474 ], [ -107.8002544, 44.7221871 ], [ -107.801475599999989, 44.6359983 ], [ -107.781177899999989, 44.6359331 ], [ -107.7811321, 44.6213474 ], [ -107.74080210000001, 44.6213436 ], [ -107.7410056, 44.6064448 ], [ -107.7211796, 44.6066128 ], [ -107.7210651, 44.5932425 ], [ -107.701681900000011, 44.5932502 ], [ -107.7016172, 44.5642975 ], [ -107.55494, 44.5604915 ], [ -107.554952199999988, 44.5460145 ], [ -107.5347138, 44.5459006 ], [ -107.534796899999989, 44.5314153 ], [ -107.5164164, 44.5313752 ], [ -107.5166757, 44.5208801 ], [ -107.4610823, 44.5167559 ], [ -107.4610835, 44.3413378 ], [ -107.4195407, 44.3408768 ], [ -107.4195444, 44.2980248 ], [ -107.3854056, 44.2980789 ], [ -107.3854604, 44.2546747 ], [ -107.360589499999989, 44.2546698 ], [ -107.3591855, 44.2252741 ], [ -107.3253555, 44.2252384 ], [ -107.3253432, 44.1966612 ], [ -107.3047805, 44.1963929 ], [ -107.3048207, 44.1674315 ], [ -107.2699661, 44.1673582 ], [ -107.2693139, 44.120349 ], [ -107.289414799999989, 44.1203904 ], [ -107.2899664, 44.1059852 ], [ -107.310070900000014, 44.1059855 ], [ -107.3099501, 44.0915479 ], [ -107.330148799999989, 44.0915284 ], [ -107.3310756, 44.0476597 ], [ -107.2488638, 44.0477598 ], [ -107.2488297, 44.0769386 ], [ -107.069236499999988, 44.0794424 ], [ -107.0681018, 44.0339416 ], [ -107.0104306, 44.0352503 ], [ -107.0102639, 44.0206154 ], [ -106.9488468, 44.0199724 ], [ -106.9490779, 44.0639242 ], [ -106.9699208, 44.0638335 ], [ -106.97025, 44.0785115 ], [ -106.9904588, 44.0787661 ], [ -106.9900596, 44.1076682 ], [ -106.9697903, 44.107454 ], [ -106.9703424, 44.1365912 ], [ -106.929579, 44.136727 ], [ -106.9293669, 44.1073939 ], [ -106.8881688, 44.1072563 ], [ -106.8885769, 44.1651178 ], [ -106.8407774, 44.1653778 ], [ -106.8411584, 44.3246146 ], [ -106.8611832, 44.3246076 ], [ -106.860825, 44.3685035 ], [ -106.8809433, 44.3684968 ], [ -106.8809412, 44.3832519 ], [ -106.901204299999989, 44.3835349 ], [ -106.9013297, 44.4133869 ], [ -106.921498899999989, 44.4135784 ], [ -106.9207364, 44.5157447 ], [ -106.9323567, 44.5157482 ], [ -106.932653699999989, 44.5736167 ], [ -107.0533741, 44.5743131 ], [ -107.053459499999988, 44.6028919 ], [ -107.1500658, 44.6024345 ], [ -107.1519998, 44.616857599999989 ], [ -107.0935902, 44.616992 ], [ -107.0942657, 44.6316181 ], [ -107.1143777, 44.6314995 ], [ -107.1137955, 44.6459255 ], [ -107.1543193, 44.6457218 ], [ -107.1547375, 44.66016 ], [ -107.1742586, 44.6601598 ], [ -107.1742948, 44.689568699999988 ], [ -107.2767804, 44.6895401 ], [ -107.2767694, 44.7183509 ], [ -107.2365202, 44.7186007 ], [ -107.2417197, 44.7076849 ], [ -107.2164731, 44.7039869 ], [ -107.2180785, 44.7328969 ], [ -107.238326199999989, 44.7331284 ], [ -107.2367638, 44.7621885 ], [ -107.2571134, 44.761925 ], [ -107.2568096, 44.7763371 ], [ -107.301451, 44.7763445 ], [ -107.301976599999989, 44.8054119 ], [ -107.3221695, 44.80558280000001 ], [ -107.3230658, 44.8494492 ], [ -107.3831022, 44.8488096 ], [ -107.378047900000013, 44.8788182 ], [ -107.397837599999988, 44.8789485 ], [ -107.398884099999989, 44.8932595 ], [ -107.4187465, 44.8932403 ], [ -107.4199656, 44.9074888 ], [ -107.5055903, 44.9087015 ], [ -107.5056471, 44.9231709 ], [ -107.542969899999989, 44.9232948 ], [ -107.5429735, 44.9377823 ], [ -107.6040699, 44.9377678 ] ] ] ] } },
{ "type": "Feature", "properties": { "name": "Black Hills National Forest", "region": "02", "acres": 1537483.0, "type": "national_forest" }, "geometry": { "type": "MultiPolygon", "coordinates": [ [ [ [ -104.054941, 44.0306296 ], [ -104.069247300000015, 44.0233849 ], [ -104.0550312, 44.0147376 ], [ -104.055323, 43.7746806 ], [ -104.0400403, 43.7710094 ], [ -104.0400525, 43.7818977 ], [ -104.0149386, 43.7818085 ], [ -104.0249712, 43.7637428 ], [ -104.0049471, 43.7636645 ], [ -104.0099772, 43.7492161 ], [ -103.9949684, 43.7527912 ], [ -103.995066799999989, 43.723889799999988 ], [ -103.9551439, 43.7238982 ], [ -103.9551212, 43.6949509 ], [ -103.9751466, 43.6949468 ], [ -103.975160699999989, 43.6804654 ], [ -103.9501767, 43.6732343 ], [ -103.9501897, 43.6659896 ], [ -103.9009097, 43.6623194 ], [ -103.9104988, 43.6336304 ], [ -103.895567, 43.6336272 ], [ -103.905532799999989, 43.626379 ], [ -103.8955941, 43.6227509 ], [ -103.8957033, 43.5720224 ], [ -103.855863899999989, 43.57199 ], [ -103.8558923, 43.5647418 ], [ -103.830921100000012, 43.5611081 ], [ -103.7974166, 43.5647278 ], [ -103.7974035, 43.5574339 ], [ -103.7774346, 43.5574045 ], [ -103.7774663, 43.5646579 ], [ -103.6977834, 43.5646406 ], [ -103.6977533, 43.5537745 ], [ -103.6836858, 43.553725 ], [ -103.6738984, 43.5645097 ], [ -103.6191832, 43.5641561 ], [ -103.6192963, 43.5352978 ], [ -103.599476, 43.5352094 ], [ -103.5995343, 43.5207021 ], [ -103.6786124, 43.5211749 ], [ -103.678488, 43.4922108 ], [ -103.6587625, 43.4921327 ], [ -103.6586074, 43.4776525 ], [ -103.638790899999989, 43.4776039 ], [ -103.638826, 43.4484769 ], [ -103.5405661, 43.4482576 ], [ -103.5403608, 43.419104 ], [ -103.6783662, 43.4197555 ], [ -103.6783306, 43.4053038 ], [ -103.6976685, 43.4053593 ], [ -103.6976926, 43.3909747 ], [ -103.7175126, 43.3909473 ], [ -103.717633, 43.3147461 ], [ -103.7324527, 43.3147705 ], [ -103.737426700000015, 43.3039236 ], [ -103.6864278, 43.3038574 ], [ -103.6864927, 43.2966056 ], [ -103.6715389, 43.303843 ], [ -103.6617969, 43.2747643 ], [ -103.622172, 43.2748255 ], [ -103.6307031, 43.2916295 ], [ -103.649850199999989, 43.2959001 ], [ -103.6389913, 43.3013544 ], [ -103.6207812, 43.2959496 ], [ -103.6083832, 43.3147094 ], [ -103.5549911, 43.3042323 ], [ -103.559863400000012, 43.2842942 ], [ -103.5222024, 43.276493 ], [ -103.4948822, 43.2894504 ], [ -103.4463168, 43.2838081 ], [ -103.4380846, 43.3019154 ], [ -103.4133433, 43.2931932 ], [ -103.4296481, 43.3068488 ], [ -103.4243376, 43.3351766 ], [ -103.4386636, 43.3421761 ], [ -103.42198, 43.3664984 ], [ -103.3988607, 43.3683968 ], [ -103.4109637, 43.3808164 ], [ -103.4009126, 43.3964074 ], [ -103.4131194, 43.403691 ], [ -103.4359678, 43.400232699999989 ], [ -103.4338998, 43.4066877 ], [ -103.4600025, 43.4198746 ], [ -103.5007749, 43.4190353 ], [ -103.5009431, 43.4699794 ], [ -103.4810249, 43.4883766 ], [ -103.480899799999989, 43.5065286 ], [ -103.5009286, 43.5209276 ], [ -103.520744400000012, 43.5208574 ], [ -103.5206809, 43.5427398 ], [ -103.5007088, 43.5573041 ], [ -103.5007455, 43.6330839 ], [ -103.4808094, 43.6404688 ], [ -103.4807414, 43.6513837 ], [ -103.4986841, 43.6513742 ], [ -103.4984381, 43.8250302 ], [ -103.3385071, 43.8250945 ], [ -103.3384709, 43.8467756 ], [ -103.3290783, 43.8395612 ], [ -103.338352199999989, 43.8829831 ], [ -103.3040225, 43.8902028 ], [ -103.3040133, 43.9082977 ], [ -103.3190447, 43.9082991 ], [ -103.3190756, 43.9301131 ], [ -103.3381521, 43.9337414 ], [ -103.3381475, 43.9518945 ], [ -103.3090652, 43.9518992 ], [ -103.3090524, 43.9627966 ], [ -103.324095899999989, 43.9555314 ], [ -103.3240821, 43.9664336 ], [ -103.338083200000014, 43.9664405 ], [ -103.3322568, 44.0531026 ], [ -103.3522552, 44.0530976 ], [ -103.352352599999989, 44.0821295 ], [ -103.3724319, 44.0821277 ], [ -103.3725415, 44.1257619 ], [ -103.3926147, 44.1257291 ], [ -103.3926236, 44.1402316 ], [ -103.3421746, 44.147655 ], [ -103.337088, 44.169485 ], [ -103.357265399999989, 44.1766649 ], [ -103.3522644, 44.191164099999988 ], [ -103.372441, 44.1911366 ], [ -103.3724859, 44.2129777 ], [ -103.3925413, 44.2129608 ], [ -103.392701, 44.2274918 ], [ -103.4279493, 44.2420335 ], [ -103.4331482, 44.3000765 ], [ -103.4526366, 44.3000482 ], [ -103.4527098, 44.3326954 ], [ -103.4728168, 44.3291027 ], [ -103.4690089, 44.3585886 ], [ -103.4891388, 44.358505199999989 ], [ -103.4890712, 44.3729933 ], [ -103.5092558, 44.3727148 ], [ -103.5089963, 44.3872833 ], [ -103.5492574, 44.3873602 ], [ -103.5690131, 44.4019398 ], [ -103.589106, 44.4018648 ], [ -103.5888794, 44.430772 ], [ -103.649413599999988, 44.4307722 ], [ -103.649431299999989, 44.4164334 ], [ -103.7097619, 44.4164266 ], [ -103.7097204, 44.4308285 ], [ -103.7797948, 44.4309475 ], [ -103.7949385, 44.4454341 ], [ -103.8093666, 44.430918 ], [ -103.829444, 44.430897 ], [ -103.829577700000016, 44.4597987 ], [ -103.854863099999989, 44.4669663 ], [ -103.862905, 44.4599738 ], [ -103.9000628, 44.459849 ], [ -103.894984, 44.470718 ], [ -103.9204918, 44.4781199 ], [ -103.9202536, 44.4599771 ], [ -103.930523799999989, 44.4600364 ], [ -103.9308224, 44.4745464 ], [ -103.9607295, 44.4780719 ], [ -103.9709223, 44.4958683 ], [ -103.980909900000015, 44.4958555 ], [ -103.9859977, 44.4745608 ], [ -104.026359, 44.4746199 ], [ -104.0163578, 44.4855083 ], [ -104.0558873, 44.473685 ], [ -104.0883989, 44.4743875 ], [ -104.0889536, 44.4892388 ], [ -104.1348435, 44.4852487 ], [ -104.1535838, 44.4452564 ], [ -104.173996, 44.4440783 ], [ -104.1724981, 44.4003817 ], [ -104.1931295, 44.3857469 ], [ -104.1925458, 44.3271652 ], [ -104.212802599999989, 44.3273746 ], [ -104.212795899999989, 44.3126994 ], [ -104.232754500000013, 44.3126213 ], [ -104.2326016, 44.356534 ], [ -104.263578099999989, 44.3563665 ], [ -104.2637053, 44.3126496 ], [ -104.2942377, 44.3123295 ], [ -104.3031068, 44.283191699999989 ], [ -104.2827857, 44.2832564 ], [ -104.2827771, 44.2686933 ], [ -104.2628253, 44.2686985 ], [ -104.2128848, 44.2693695 ], [ -104.2131137, 44.2910569 ], [ -104.1325168, 44.2838644 ], [ -104.1324496, 44.1809532 ], [ -104.0547558, 44.1804795 ], [ -104.0547689, 44.1547551 ], [ -104.0741143, 44.1549582 ], [ -104.0741585, 44.1473033 ], [ -104.0547511, 44.1472747 ], [ -104.0547222, 44.1212797 ], [ -104.0587705, 44.1321822 ], [ -104.0836343, 44.1321691 ], [ -104.068775, 44.1247937 ], [ -104.088763899999989, 44.1215826 ], [ -104.088642299999989, 44.0995637 ], [ -104.0786872, 44.0992464 ], [ -104.073727, 44.1137926 ], [ -104.054587399999988, 44.109900599999989 ], [ -104.054871, 44.0986465 ], [ -104.0686631, 44.0991163 ], [ -104.054893299999989, 44.084103299999988 ], [ -104.0548813, 44.0414135 ], [ -104.064819899999989, 44.0306744 ], [ -104.054941, 44.0306296 ] ], [ [ -103.8094355, 44.3877377 ], [ -103.6896074, 44.3876646 ], [ -103.68969, 44.344374 ], [ -103.7143449, 44.3443815 ], [ -103.7143858, 44.3289092 ], [ -103.7345139, 44.328979499999988 ], [ -103.7345592, 44.2999218 ], [ -103.835306, 44.3001811 ], [ -103.835251500000012, 44.3446122 ], [ -103.8295208, 44.3591039 ], [ -103.809449, 44.359005 ], [ -103.8094355, 44.3877377 ] ] ] ] } },
{ "type": "Feature", "properties": { "name": "Grand Mesa, Uncompahgre and Gunnison National Forests", "region": "02", "acres": 3153199.0, "type": "national_forest" }, "geometry": { "type": "MultiPolygon", "coordinates": [ [ [ [ -107.8255385, 39.3811214 ], [ -107.8541509, 39.3695781 ], [ -107.9065122, 39.3712395 ], [ -107.9596363, 39.3490624 ], [ -107.9620973, 39.3183421 ], [ -108.0091839, 39.3057403 ], [ -108.0322706, 39.315709 ], [ -108.0580187, 39.2796315 ], [ -108.1113759, 39.2637669 ], [ -108.133332, 39.2766222 ], [ -108.1468711, 39.2654913 ], [ -108.1468685, 39.2535203 ], [ -108.0441665, 39.2535497 ], [ -108.0441688, 39.2694462 ], [ -108.0068997, 39.2694474 ], [ -108.0069163, 39.2839309 ], [ -107.9697298, 39.2838746 ], [ -107.9706657, 39.2983631 ], [ -107.9529748, 39.3057688 ], [ -107.952795, 39.3203146 ], [ -107.9433129, 39.3133115 ], [ -107.7280648, 39.3129 ], [ -107.7251531, 39.3310141 ], [ -107.7051008, 39.3309911 ], [ -107.713362499999988, 39.3096927 ], [ -107.6992141, 39.3096968 ], [ -107.6992648, 39.2510471 ], [ -107.712889499999989, 39.251119 ], [ -107.7125889, 39.2221369 ], [ -107.7462206, 39.2262199 ], [ -107.7451322, 39.1978131 ], [ -107.8213836, 39.1967006 ], [ -107.8215417, 39.1818422 ], [ -107.8785565, 39.1841663 ], [ -107.8788293, 39.1529107 ], [ -107.9345085, 39.1519743 ], [ -107.9346583, 39.1373807 ], [ -108.0229515, 39.1370605 ], [ -108.0200372, 39.1157892 ], [ -108.0986177, 39.1129339 ], [ -108.100637, 39.0839079 ], [ -108.1191404, 39.083831499999988 ], [ -108.1193629, 39.0692731 ], [ -108.1750791, 39.0690126 ], [ -108.1752708, 39.040603499999989 ], [ -108.268470799999989, 39.0406329 ], [ -108.2684165, 38.9709005 ], [ -108.2123639, 38.9711098 ], [ -108.2123395, 38.9563911 ], [ -108.2306372, 38.9563959 ], [ -108.2307528, 38.8695848 ], [ -108.120367, 38.871481 ], [ -108.1110802, 38.8932224 ], [ -108.064716600000011, 38.9149308 ], [ -108.0646619, 38.9594346 ], [ -108.0343684, 38.9593882 ], [ -108.0343713, 38.9736464 ], [ -107.9879728, 38.9736754 ], [ -107.9879023, 38.9881667 ], [ -107.9693327, 38.9881767 ], [ -107.96923, 39.0027045 ], [ -107.8358736, 39.0025223 ], [ -107.8359776, 38.9591324 ], [ -107.5126718, 38.9563279 ], [ -107.5126427, 38.9706706 ], [ -107.5219368, 38.9706635 ], [ -107.5126265, 38.9779152 ], [ -107.512644, 39.0141376 ], [ -107.5312379, 39.0141356 ], [ -107.531216199999989, 38.9996435 ], [ -107.5498622, 38.9996461 ], [ -107.5592098, 39.0286116 ], [ -107.549905099999989, 39.0286108 ], [ -107.549908, 39.043101 ], [ -107.5034114, 39.0431246 ], [ -107.5033805, 39.0358811 ], [ -107.4801757, 39.0358747 ], [ -107.4800596, 38.955773 ], [ -107.389221299999988, 38.954508 ], [ -107.3891793, 38.963535 ], [ -107.368712, 38.9635604 ], [ -107.3687834, 38.9925622 ], [ -107.3872376, 38.9925221 ], [ -107.3872129, 39.021514 ], [ -107.4151648, 39.0214659 ], [ -107.4244246, 39.0492518 ], [ -107.4337212, 39.0492101 ], [ -107.4246072, 39.1399391 ], [ -107.40592, 39.1399546 ], [ -107.4058914, 39.1217415 ], [ -107.3501999, 39.1225913 ], [ -107.3500134, 39.0492439 ], [ -107.3316382, 39.0507518 ], [ -107.331623600000015, 39.0215112 ], [ -107.313045, 39.0214897 ], [ -107.3037131, 38.978022 ], [ -107.2758727, 38.9780106 ], [ -107.2778428, 38.9289798 ], [ -107.3799032, 38.936241 ], [ -107.3886916, 38.9259988 ], [ -107.4246717, 38.9251185 ], [ -107.4250347, 38.9113459 ], [ -107.4604636, 38.9122896 ], [ -107.4804258, 38.8985726 ], [ -107.4815515, 38.8422883 ], [ -107.5378317, 38.8408719 ], [ -107.5377999, 38.812615 ], [ -107.5850711, 38.8128487 ], [ -107.5946449, 38.7561375 ], [ -107.5763011, 38.7556546 ], [ -107.576214, 38.7412917 ], [ -107.5292456, 38.7413336 ], [ -107.5386089, 38.6972083 ], [ -107.4757291, 38.6972433 ], [ -107.472796100000011, 38.6343472 ], [ -107.49916, 38.634449 ], [ -107.4990745, 38.6199446 ], [ -107.5176344, 38.6200237 ], [ -107.5173193, 38.5766553 ], [ -107.4615657, 38.5692043 ], [ -107.4628343, 38.543168799999989 ], [ -107.480025399999988, 38.5472977 ], [ -107.4800337, 38.5400532 ], [ -107.5169195, 38.5400747 ], [ -107.51692220000001, 38.5328298 ], [ -107.5722469, 38.5328403 ], [ -107.572204, 38.4748833 ], [ -107.480002899999988, 38.4748955 ], [ -107.4798961, 38.488765 ], [ -107.43556, 38.4841762 ], [ -107.4357476, 38.4983551 ], [ -107.3457284, 38.4991654 ], [ -107.345886299999989, 38.5141493 ], [ -107.2361803, 38.5141092 ], [ -107.2353664, 38.5429164 ], [ -107.05964, 38.5446607 ], [ -107.0597856, 38.6025855 ], [ -107.0413053, 38.6021871 ], [ -107.0449128, 38.6744144 ], [ -107.0310484, 38.675161 ], [ -107.0310469, 38.6816586 ], [ -107.0541556, 38.6852817 ], [ -107.055235, 38.7264212 ], [ -107.073737099999988, 38.7267459 ], [ -107.0742749, 38.7557914 ], [ -107.0928044, 38.7560642 ], [ -107.0928006, 38.7850495 ], [ -106.9992474, 38.7846894 ], [ -106.9997902, 38.7553476 ], [ -106.9798202, 38.7553832 ], [ -106.9799897, 38.7334548 ], [ -106.9614115, 38.7332989 ], [ -106.96131530000001, 38.7114746 ], [ -106.9988594, 38.7116788 ], [ -106.9987505, 38.6969734 ], [ -106.9882808, 38.6968987 ], [ -106.9877897, 38.6754588 ], [ -106.9505289, 38.675381 ], [ -106.9502465, 38.6461055 ], [ -106.9316914, 38.6461968 ], [ -106.9315647, 38.6314786 ], [ -106.8021755, 38.6317105 ], [ -106.8030788, 38.5997963 ], [ -106.7665947, 38.5997627 ], [ -106.7665524, 38.585268 ], [ -106.7481074, 38.5853037 ], [ -106.7480547, 38.5707976 ], [ -106.6392841, 38.5708755 ], [ -106.6392197, 38.5444745 ], [ -106.6209664, 38.5444973 ], [ -106.6200078, 38.5156065 ], [ -106.5830629, 38.5160154 ], [ -106.5826741, 38.5017225 ], [ -106.5640342, 38.4989995 ], [ -106.5637735, 38.484518 ], [ -106.5451501, 38.4844824 ], [ -106.5452153, 38.4572355 ], [ -106.5266088, 38.4572435 ], [ -106.5065859, 38.3991569 ], [ -106.548098599999989, 38.3924706 ], [ -106.548150299999989, 38.3854153 ], [ -106.5710531, 38.3847059 ], [ -106.5710357, 38.3919828 ], [ -106.6079697, 38.3847817 ], [ -106.6170642, 38.3995726 ], [ -106.6540174, 38.3998251 ], [ -106.6538064, 38.378017799999988 ], [ -106.6351523, 38.370588 ], [ -106.6351658, 38.3427509 ], [ -106.725895, 38.3428827 ], [ -106.7278341, 38.296976 ], [ -106.6910689, 38.2966088 ], [ -106.69181, 38.2523893 ], [ -106.7279462, 38.2534701 ], [ -106.7313016, 38.2099073 ], [ -106.712513199999989, 38.209296 ], [ -106.713174099999989, 38.1946939 ], [ -106.6560488, 38.1936546 ], [ -106.6555438, 38.165622899999988 ], [ -106.6744191, 38.1658039 ], [ -106.673996, 38.1512699 ], [ -106.6958613, 38.151527 ], [ -106.6965085, 38.1363312 ], [ -106.7158778, 38.1373289 ], [ -106.7159784, 38.1240375 ], [ -106.7890946, 38.1251893 ], [ -106.7868984, 38.1970016 ], [ -106.8050184, 38.1970378 ], [ -106.805737900000011, 38.1825719 ], [ -106.8241124, 38.1830156 ], [ -106.8249114, 38.1687251 ], [ -106.843162, 38.1691105 ], [ -106.8405997, 38.2270721 ], [ -106.8219832, 38.2266396 ], [ -106.8212304, 38.2550848 ], [ -106.8021592, 38.2549319 ], [ -106.8049475, 38.3567328 ], [ -106.9123586, 38.3568137 ], [ -106.912455799999989, 38.285298 ], [ -106.9492812, 38.2853512 ], [ -106.9418051, 38.2175918 ], [ -106.925713699999989, 38.218281 ], [ -106.92381, 38.1587579 ], [ -106.9420573, 38.1587113 ], [ -106.9419621, 38.1438987 ], [ -106.978671, 38.143736 ], [ -106.9767589, 38.0992132 ], [ -106.9971481, 38.099214 ], [ -106.9970431, 38.0849886 ], [ -107.034639399999989, 38.0838894 ], [ -107.0348336, 38.0689438 ], [ -107.0546353, 38.0689886 ], [ -107.053945, 38.0539025 ], [ -107.1073501, 38.055839 ], [ -107.1092687, 38.0992645 ], [ -107.2647559, 38.0994428 ], [ -107.2648145, 38.013728 ], [ -107.245405, 38.0137437 ], [ -107.24528380000001, 37.9348934 ], [ -107.2548451, 37.9301301 ], [ -107.1381851, 37.9323417 ], [ -107.1381364, 37.9385802 ], [ -107.1091726, 37.9436543 ], [ -107.1028629, 37.9554372 ], [ -107.0913274, 37.9491906 ], [ -107.0677276, 37.9614669 ], [ -107.0549471, 37.9509039 ], [ -107.0251358, 37.954430699999989 ], [ -107.0089058, 37.9464723 ], [ -106.9873861, 37.9692677 ], [ -106.967238099999989, 37.9748422 ], [ -106.9449562, 37.9522961 ], [ -106.9202097, 37.967427799999989 ], [ -106.896198399999989, 37.9677182 ], [ -106.8788884, 37.9602819 ], [ -106.8715311, 37.9417178 ], [ -106.850358899999989, 37.9568861 ], [ -106.8149522, 37.9560408 ], [ -106.8021217, 37.9857157 ], [ -106.780213, 38.0007386 ], [ -106.8099483, 38.0163305 ], [ -106.8064972, 38.0304522 ], [ -106.7671347, 38.0797991 ], [ -106.744337, 38.0934231 ], [ -106.6848476, 38.0815033 ], [ -106.6332964, 38.1283995 ], [ -106.6111336, 38.134302 ], [ -106.5970448, 38.1569253 ], [ -106.5981326, 38.1890021 ], [ -106.5871679, 38.1893761 ], [ -106.5548062, 38.2290293 ], [ -106.5590129, 38.251742 ], [ -106.535910300000012, 38.2623294 ], [ -106.5047126, 38.3151693 ], [ -106.4738975, 38.3221577 ], [ -106.4369445, 38.2824957 ], [ -106.3952117, 38.2819006 ], [ -106.3806032, 38.2937396 ], [ -106.334258600000013, 38.2917667 ], [ -106.3162044, 38.3425686 ], [ -106.2435415, 38.3525321 ], [ -106.2373185, 38.379767099999988 ], [ -106.253126, 38.4005582 ], [ -106.2456292, 38.4392384 ], [ -106.269575, 38.4446652 ], [ -106.3113748, 38.4949225 ], [ -106.330126, 38.4937692 ], [ -106.3439857, 38.5040014 ], [ -106.3555085, 38.542607 ], [ -106.3447093, 38.5685067 ], [ -106.3644588, 38.6152214 ], [ -106.3853288, 38.6249881 ], [ -106.3800084, 38.6385578 ], [ -106.4295293, 38.6513538 ], [ -106.4519129, 38.6985839 ], [ -106.4433231, 38.7093383 ], [ -106.4252573, 38.7104504 ], [ -106.4169199, 38.7270618 ], [ -106.4160694, 38.8241347 ], [ -106.383670099999989, 38.8247458 ], [ -106.365235200000015, 38.8527923 ], [ -106.3492641, 38.8549778 ], [ -106.3208002, 38.8934762 ], [ -106.3260088, 38.9110136 ], [ -106.373054, 38.906616899999989 ], [ -106.3808643, 38.9257106 ], [ -106.4029432, 38.910765399999988 ], [ -106.4214146, 38.928204799999989 ], [ -106.437081299999988, 38.9149708 ], [ -106.4648892, 38.910377 ], [ -106.526566699999989, 38.9551521 ], [ -106.5283605, 38.9806233 ], [ -106.554127799999989, 38.9986644 ], [ -106.5768781, 38.9904599 ], [ -106.612639699999988, 38.9957363 ], [ -106.6485643, 39.0223433 ], [ -106.6551952, 39.0441452 ], [ -106.684869, 39.0451799 ], [ -106.6949622, 39.0555759 ], [ -106.7492071, 39.0424882 ], [ -106.7451199, 39.0270298 ], [ -106.7824984, 38.999298 ], [ -106.7843779, 38.9864473 ], [ -106.8041849, 38.9781053 ], [ -106.8467594, 38.9868822 ], [ -106.8613832, 39.0096444 ], [ -106.8765732, 39.0071485 ], [ -106.884343, 38.9905161 ], [ -106.9080654, 38.9925183 ], [ -106.9099954, 38.9998843 ], [ -106.964480099999989, 39.017189 ], [ -106.9675295, 39.030950399999988 ], [ -106.9959979, 39.0339624 ], [ -107.0215988, 39.0136426 ], [ -107.0471046, 39.0150288 ], [ -107.0515685, 38.984929 ], [ -107.095537799999988, 39.0112584 ], [ -107.103286, 38.9917729 ], [ -107.1541458, 38.9938554 ], [ -107.1780448, 39.0303978 ], [ -107.1893596, 39.0328349 ], [ -107.2133406, 39.0316974 ], [ -107.2324099, 39.0198733 ], [ -107.276577500000016, 39.0302184 ], [ -107.286970599999989, 39.0627474 ], [ -107.2767018, 39.0891307 ], [ -107.2860751, 39.1367074 ], [ -107.2967147, 39.1550649 ], [ -107.3529685, 39.172957 ], [ -107.3769044, 39.1990771 ], [ -107.3771693, 39.2463665 ], [ -107.3944112, 39.2563198 ], [ -107.4286027, 39.2575122 ], [ -107.4311773, 39.2399983 ], [ -107.4640709, 39.2283917 ], [ -107.483980100000011, 39.2355813 ], [ -107.4947274, 39.2184997 ], [ -107.526901, 39.2041832 ], [ -107.5190722, 39.2300027 ], [ -107.5613275, 39.2458466 ], [ -107.576167399999989, 39.2620561 ], [ -107.636367, 39.2665678 ], [ -107.6403388, 39.2855863 ], [ -107.66512, 39.2932557 ], [ -107.6739603, 39.3424722 ], [ -107.7077534, 39.3477625 ], [ -107.7257116, 39.3412756 ], [ -107.7844533, 39.3518141 ], [ -107.8255385, 39.3811214 ] ], [ [ -106.5077157, 38.528009399999988 ], [ -106.4892058, 38.527688 ], [ -106.4896826, 38.5132976 ], [ -106.471161099999989, 38.5129399 ], [ -106.4715766, 38.4838025 ], [ -106.5082674, 38.4845323 ], [ -106.5077157, 38.528009399999988 ] ], [ [ -106.4608389, 38.40721 ], [ -106.4608495, 38.381858 ], [ -106.469447, 38.3818574 ], [ -106.4608389, 38.40721 ] ], [ [ -106.6710292, 38.7591856 ], [ -106.6941585, 38.7446804 ], [ -106.689556599999989, 38.7614705 ], [ -106.6710292, 38.7591856 ] ], [ [ -106.7086789, 38.7542042 ], [ -106.7193594, 38.7541927 ], [ -106.7195527, 38.768639 ], [ -106.7086733, 38.7686682 ], [ -106.7086789, 38.7542042 ] ], [ [ -106.7940152, 38.7254864 ], [ -106.775579, 38.7257731 ], [ -106.775574, 38.7112895 ], [ -106.7940274, 38.7146072 ], [ -106.7940152, 38.7254864 ] ], [ [ -107.0017388, 38.9310624 ], [ -107.0091546, 38.8735933 ], [ -106.9439776, 38.8731708 ], [ -106.9440825, 38.8586359 ], [ -106.8887726, 38.8657744 ], [ -106.888764099999989, 38.8300404 ], [ -106.8704911, 38.8304255 ], [ -106.8685654, 38.814821 ], [ -106.8494896, 38.8110339 ], [ -106.8684771, 38.8003385 ], [ -106.8686213, 38.7690289 ], [ -106.8305477, 38.76963 ], [ -106.8310172, 38.6966652 ], [ -106.8866, 38.6966021 ], [ -106.8869017, 38.7691042 ], [ -106.9055988, 38.768826 ], [ -106.9056061, 38.785981299999989 ], [ -106.9244398, 38.7861195 ], [ -106.9346567, 38.8296882 ], [ -106.9533844, 38.8442338 ], [ -107.0184612, 38.8440994 ], [ -107.018261099999989, 38.8875344 ], [ -107.0384497, 38.9026804 ], [ -107.0385118, 38.931401 ], [ -107.0017388, 38.9310624 ] ], [ [ -106.981921899999989, 38.9167333 ], [ -106.9633059, 38.9169845 ], [ -106.9631946, 38.9024514 ], [ -106.9818013, 38.9059096 ], [ -106.981921899999989, 38.9167333 ] ] ] ] } },
{ "type": "Feature", "properties": { "name": "Medicine Bow-Routt National Forest", "region": "02", "acres": 4592798.0, "type": "national_forest" }, "geometry": { "type": "MultiPolygon", "coordinates": [ [ [ [ -104.8393395, 44.1784639 ], [ -104.8390926, 44.1204017 ], [ -104.859344, 44.1201834 ], [ -104.8592909, 44.1056178 ], [ -104.8390913, 44.1058389 ], [ -104.8390627, 44.0622314 ], [ -104.8694096, 44.061954299999989 ], [ -104.8801604, 44.0182006 ], [ -104.879661399999989, 43.9164964 ], [ -104.8394555, 43.916733 ], [ -104.8400289, 43.8727182 ], [ -104.9605917, 43.8719555 ], [ -104.9609266, 43.8282677 ], [ -105.2611038, 43.8255359 ], [ -105.2617858, 43.7379908 ], [ -105.6859161, 43.7367221 ], [ -105.680059899999989, 43.2154193 ], [ -105.4206456, 43.2173119 ], [ -105.4204207, 43.20293 ], [ -105.3997883, 43.2029418 ], [ -105.3596497, 43.2032624 ], [ -105.3596568, 43.2177909 ], [ -105.0783599, 43.2182969 ], [ -105.0785574, 43.1318746 ], [ -104.8973245, 43.131698 ], [ -104.9002169, 43.5006377 ], [ -104.795166400000014, 43.501122699999989 ], [ -104.7950791, 43.5156516 ], [ -104.8399989, 43.5150447 ], [ -104.8398537, 43.5590127 ], [ -104.7999721, 43.559267 ], [ -104.7999905, 43.5520105 ], [ -104.7600614, 43.5483671 ], [ -104.7601143, 43.5665493 ], [ -104.6201878, 43.5674155 ], [ -104.6204315, 43.4946536 ], [ -104.570532199999988, 43.4945567 ], [ -104.5703267, 43.4800175 ], [ -104.3614303, 43.4805595 ], [ -104.3597658, 43.800962 ], [ -104.3197195, 43.8008566 ], [ -104.3147143, 43.8294957 ], [ -104.3579896, 43.8332419 ], [ -104.3576891, 43.8878934 ], [ -104.3878315, 43.8878852 ], [ -104.3878538, 43.8806069 ], [ -104.418004900000014, 43.8733102 ], [ -104.498142, 43.8733232 ], [ -104.4975637, 43.9239713 ], [ -104.5382683, 43.9317532 ], [ -104.538028, 44.004371 ], [ -104.4313826, 44.003566 ], [ -104.4168682, 43.9900385 ], [ -104.3969005, 43.9898462 ], [ -104.3967467, 44.0076215 ], [ -104.3817982, 44.0076565 ], [ -104.3965839, 44.0362968 ], [ -104.397568, 44.0757045 ], [ -104.377713899999989, 44.0756039 ], [ -104.3763386, 44.0900264 ], [ -104.4162408, 44.0902846 ], [ -104.417195299999989, 44.1809007 ], [ -104.8393395, 44.1784639 ] ] ] ] } },
{ "type": "Feature", "properties": { "name": "Nebraska National Forest", "region": "02", "acres": 2064856.0, "type": "national_forest" }, "geometry": { "type": "MultiPolygon", "coordinates": [ [ [ [ -102.9794066, 43.8566109 ], [ -102.8691994, 43.8563171 ], [ -102.8692708, 43.8392992 ], [ -102.8592382, 43.8392855 ], [ -102.8595756, 43.7813182 ], [ -102.9795942, 43.7814574 ], [ -102.9797553, 43.7379876 ], [ -103.0994258, 43.738079 ], [ -103.0996184, 43.6512012 ], [ -103.1437343, 43.6512423 ], [ -103.1444695, 43.5491983 ], [ -103.1544087, 43.549225 ], [ -103.1544236, 43.538392 ], [ -103.1444827, 43.5383651 ], [ -103.1446477, 43.390197 ], [ -103.1843869, 43.3903017 ], [ -103.1843287, 43.3759309 ], [ -103.194237199999989, 43.3759185 ], [ -103.1841975, 43.3578059 ], [ -103.2039681, 43.3505617 ], [ -103.1841494, 43.3469312 ], [ -103.1840703, 43.3324071 ], [ -103.2038355, 43.3324518 ], [ -103.2037735, 43.3180039 ], [ -103.1839984, 43.3179396 ], [ -103.1839276, 43.3034478 ], [ -103.1993372, 43.303458899999988 ], [ -103.1992636, 43.259988 ], [ -103.228367, 43.2600039 ], [ -103.2284477, 43.2165186 ], [ -103.209103, 43.2020439 ], [ -103.2090628, 43.1295875 ], [ -103.2286315, 43.1295863 ], [ -103.2286454, 43.0861192 ], [ -103.3468385, 43.0861223 ], [ -103.3468015, 43.2165628 ], [ -103.583032, 43.216869 ], [ -103.5830505, 43.1300025 ], [ -103.818228100000013, 43.1301994 ], [ -103.8179589, 43.3040139 ], [ -103.8562309, 43.3040505 ], [ -103.8561425, 43.3185484 ], [ -103.8759249, 43.3185509 ], [ -103.8758671, 43.3330348 ], [ -103.895796, 43.3330391 ], [ -103.9254518, 43.3766165 ], [ -103.9856939, 43.4203122 ], [ -104.054823399999989, 43.4163857 ], [ -104.053068599999989, 42.930396699999989 ], [ -103.9732171, 42.9222867 ], [ -103.9731024, 42.9295506 ], [ -103.894824899999989, 42.929613 ], [ -103.891334199999989, 42.8791787 ], [ -103.8665676, 42.8865598 ], [ -103.8661147, 42.9009696 ], [ -103.7581829, 42.9008128 ], [ -103.7586703, 42.8863323 ], [ -103.6563652, 42.8854751 ], [ -103.6412927, 42.8527941 ], [ -103.6217054, 42.849182 ], [ -103.6312382, 42.7991068 ], [ -103.6214729, 42.7990956 ], [ -103.6208286, 42.7849022 ], [ -103.5200596, 42.7849356 ], [ -103.5195842, 42.7409291 ], [ -103.4998102, 42.7410592 ], [ -103.500272099999989, 42.7849517 ], [ -103.3652407, 42.7849373 ], [ -103.365448199999989, 42.8724392 ], [ -103.3845755, 42.8726397 ], [ -103.3844094, 43.0007396 ], [ -103.000609, 43.00067 ], [ -103.0009546, 43.6089913 ], [ -102.9754912, 43.6187544 ], [ -102.932194, 43.6189516 ], [ -102.9089429, 43.6744972 ], [ -102.8297421, 43.6565683 ], [ -102.8124681, 43.6685203 ], [ -102.808624200000011, 43.687565 ], [ -102.6065706, 43.6874352 ], [ -102.6066782, 43.7346504 ], [ -102.556906200000014, 43.7346998 ], [ -102.536997500000012, 43.749175 ], [ -102.5120252, 43.7491916 ], [ -102.5120529, 43.7672642 ], [ -102.502037300000012, 43.7672645 ], [ -102.4875135, 43.7889046 ], [ -102.4177709, 43.7927207 ], [ -102.417601, 43.8357017 ], [ -102.457545599999989, 43.8357954 ], [ -102.4575673, 43.8213201 ], [ -102.6166245, 43.821531799999988 ], [ -102.6165446, 43.7708643 ], [ -102.6765184, 43.7779977 ], [ -102.6764885, 43.8105962 ], [ -102.696441299999989, 43.8142096 ], [ -102.6990292, 43.8228186 ], [ -102.6784953, 43.9115098 ], [ -102.7388057, 43.9115877 ], [ -102.7387555, 43.926023 ], [ -102.773929099999989, 43.9296922 ], [ -102.7789718, 43.9177594 ], [ -102.8241486, 43.9261328 ], [ -102.829216699999989, 43.9116459 ], [ -102.8589894, 43.9116706 ], [ -102.868872, 43.9407299 ], [ -102.8889683, 43.940751399999989 ], [ -102.8990353, 43.9516285 ], [ -102.9790792, 43.9554043 ], [ -102.9794066, 43.8566109 ] ], [ [ -103.9680239, 43.2016012 ], [ -103.920447599999989, 43.2079877 ], [ -103.8676137, 43.2026547 ], [ -103.8676117, 43.2117125 ], [ -103.8577161, 43.2117165 ], [ -103.8379227, 43.1929778 ], [ -103.837918, 43.1736651 ], [ -103.8577299, 43.17368 ], [ -103.8624155, 43.1597889 ], [ -103.9671112, 43.1375497 ], [ -103.9680239, 43.2016012 ] ] ] ] } },
{ "type": "Feature", "properties": { "name": "Rio Grande National Forest", "region": "02", "acres": 1937280.0, "type": "national_forest" }, "geometry": { "type": "MultiPolygon", "coordinates": [ [ [ [ -107.5555723, 37.7870035 ], [ -107.5589592, 37.7620774 ], [ -107.537377400000011, 37.7084413 ], [ -107.5038468, 37.6931906 ], [ -107.4919582, 37.6517292 ], [ -107.461435099999989, 37.6293732 ], [ -107.4418764, 37.6324112 ], [ -107.4239212, 37.650318 ], [ -107.3977264, 37.6530524 ], [ -107.3935853, 37.6786752 ], [ -107.3750952, 37.6876282 ], [ -107.306604, 37.6773544 ], [ -107.2688264, 37.6959757 ], [ -107.289147, 37.6675115 ], [ -107.2764, 37.6554843 ], [ -107.2786129, 37.6407435 ], [ -107.230822, 37.5952194 ], [ -107.2009846, 37.6107849 ], [ -107.199549, 37.625492 ], [ -107.1527968, 37.6371693 ], [ -107.1402071, 37.6245475 ], [ -107.1391871, 37.6020091 ], [ -107.1097822, 37.6076127 ], [ -107.0920659, 37.5959063 ], [ -107.0929949, 37.5736842 ], [ -107.079309200000012, 37.5693301 ], [ -107.0490303, 37.5700222 ], [ -107.044971100000012, 37.5602875 ], [ -107.0187512, 37.5627669 ], [ -107.0081194, 37.5736818 ], [ -106.9689905, 37.565176 ], [ -106.9490409, 37.5707794 ], [ -106.8879184, 37.5647797 ], [ -106.8788046, 37.5440436 ], [ -106.8880488, 37.5170032 ], [ -106.8755988, 37.5003166 ], [ -106.8530952, 37.4921483 ], [ -106.8449491, 37.4993966 ], [ -106.816108899999989, 37.4991191 ], [ -106.8003989, 37.4926009 ], [ -106.8068606, 37.465982 ], [ -106.7983759, 37.4568206 ], [ -106.7726251, 37.4497569 ], [ -106.756808, 37.464619 ], [ -106.734231099999988, 37.4593919 ], [ -106.716892699999988, 37.4418173 ], [ -106.7018607, 37.4513449 ], [ -106.6593629, 37.4286952 ], [ -106.6412867, 37.4077667 ], [ -106.6611364, 37.4072103 ], [ -106.6819381, 37.375501 ], [ -106.6997208, 37.3692763 ], [ -106.696861399999989, 37.3506333 ], [ -106.707537, 37.335509 ], [ -106.6919288, 37.3240341 ], [ -106.6659229, 37.3207885 ], [ -106.6637355, 37.3106434 ], [ -106.6939248, 37.2752263 ], [ -106.6859172, 37.2590537 ], [ -106.6351414, 37.256926199999988 ], [ -106.6268135, 37.2067587 ], [ -106.597631, 37.1949434 ], [ -106.5859522, 37.1198896 ], [ -106.6270857, 37.104507 ], [ -106.641123, 37.0537918 ], [ -106.628008799999989, 37.0345348 ], [ -106.6073433, 37.0278524 ], [ -106.5032299, 37.0329466 ], [ -106.477116, 36.9938123 ], [ -106.163926499999988, 36.9947718 ], [ -106.1740031, 37.0363661 ], [ -106.1922372, 37.0363582 ], [ -106.2013826, 37.0655596 ], [ -106.2195122, 37.065398 ], [ -106.2197421, 37.0942115 ], [ -106.2380065, 37.0940146 ], [ -106.2355913, 37.1499533 ], [ -106.3735208, 37.1497805 ], [ -106.3777979, 37.1931965 ], [ -106.4140857, 37.193464399999989 ], [ -106.4161003, 37.2220732 ], [ -106.3975574, 37.2221632 ], [ -106.3906822, 37.2422481 ], [ -106.3913195, 37.2639634 ], [ -106.4097358, 37.2569929 ], [ -106.4097992, 37.2714834 ], [ -106.3913067, 37.2713446 ], [ -106.3901856, 37.3512458 ], [ -106.3553826, 37.3505439 ], [ -106.3556345, 37.3070075 ], [ -106.3379776, 37.306924 ], [ -106.3377333, 37.2782401 ], [ -106.277496, 37.2728702 ], [ -106.251490100000012, 37.2960119 ], [ -106.2543566, 37.3481862 ], [ -106.2752259, 37.3466485 ], [ -106.294015, 37.3611984 ], [ -106.3296642, 37.3648999 ], [ -106.3432867, 37.375756 ], [ -106.3068835, 37.37549 ], [ -106.2803986, 37.3662883 ], [ -106.2797836, 37.3554157 ], [ -106.2554344, 37.355434699999989 ], [ -106.2585838, 37.4663282 ], [ -106.3039449, 37.4664522 ], [ -106.313088, 37.4737225 ], [ -106.314476899999988, 37.6325047 ], [ -106.4785554, 37.6315989 ], [ -106.4785837, 37.646256099999988 ], [ -106.532865199999989, 37.6479397 ], [ -106.5330417, 37.6633372 ], [ -106.6599993, 37.6642923 ], [ -106.660237099999989, 37.6932034 ], [ -106.5691746, 37.6924401 ], [ -106.5692086, 37.7052868 ], [ -106.4785167, 37.7061116 ], [ -106.4778908, 37.7344846 ], [ -106.3146385, 37.7338025 ], [ -106.3122202, 37.8512059 ], [ -106.3698276, 37.8525864 ], [ -106.3693477, 37.8671017 ], [ -106.4060581, 37.8664045 ], [ -106.4062831, 37.8806902 ], [ -106.4233873, 37.880819 ], [ -106.422877899999989, 37.8950962 ], [ -106.3989265, 37.9019828 ], [ -106.3987473, 37.9235425 ], [ -106.3450019, 37.9240974 ], [ -106.3450319, 37.9385439 ], [ -106.3271305, 37.9386349 ], [ -106.326362, 37.978916399999989 ], [ -106.2903806, 37.9791931 ], [ -106.2900159, 38.0124551 ], [ -106.2718061, 38.0130846 ], [ -106.2694355, 38.0464778 ], [ -106.2517475, 38.0464906 ], [ -106.2514396, 38.0887309 ], [ -106.288896, 38.0887429 ], [ -106.2886024, 38.103080299999988 ], [ -106.363368799999989, 38.1034935 ], [ -106.3630508, 38.1180845 ], [ -106.4457444, 38.1192177 ], [ -106.4543215, 38.068459 ], [ -106.488627, 38.067245899999989 ], [ -106.4883902, 38.0532027 ], [ -106.5334066, 38.0514362 ], [ -106.5515318, 38.0518042 ], [ -106.5530479, 38.0909825 ], [ -106.5168976, 38.0910293 ], [ -106.5104064, 38.133699 ], [ -106.4919717, 38.1337302 ], [ -106.493170600000013, 38.2040705 ], [ -106.474018199999989, 38.2052066 ], [ -106.4703775, 38.2196418 ], [ -106.4453555, 38.2197722 ], [ -106.4341679, 38.2346548 ], [ -106.3780488, 38.2337694 ], [ -106.3774814, 38.2195977 ], [ -106.36901060000001, 38.2193338 ], [ -106.3417098, 38.219353399999989 ], [ -106.3400131, 38.2337841 ], [ -106.3030804, 38.2337709 ], [ -106.3024155, 38.2770839 ], [ -106.287080800000012, 38.2763055 ], [ -106.2866116, 38.2479598 ], [ -106.2328389, 38.2477846 ], [ -106.2319892, 38.2186186 ], [ -106.2497599, 38.218512 ], [ -106.25053, 38.1897452 ], [ -106.1955855, 38.1892577 ], [ -106.1955021, 38.1748657 ], [ -106.158814299999989, 38.1753848 ], [ -106.1583223, 38.1606033 ], [ -106.1409812, 38.1609751 ], [ -106.1417348, 38.1463946 ], [ -106.0675347, 38.1449183 ], [ -106.0670198, 38.1596676 ], [ -106.0488543, 38.1595179 ], [ -106.0481423, 38.174234 ], [ -106.012318799999989, 38.1740872 ], [ -106.0107806, 38.2040909 ], [ -106.1029644, 38.196206 ], [ -106.1104742, 38.2358418 ], [ -106.1386677, 38.2476287 ], [ -106.1382585, 38.2549405 ], [ -106.1565361, 38.2554573 ], [ -106.1564516, 38.2626047 ], [ -106.1748466, 38.2624904 ], [ -106.1750843, 38.2917065 ], [ -106.155992, 38.2917513 ], [ -106.1558875, 38.3058604 ], [ -106.1381061, 38.3053257 ], [ -106.1378494, 38.2622523 ], [ -106.1013284, 38.2617912 ], [ -106.101791, 38.2472156 ], [ -106.0834089, 38.247022 ], [ -106.083812, 38.2251021 ], [ -106.0427089, 38.2291654 ], [ -106.047220599999989, 38.2541399 ], [ -106.0283264, 38.2544216 ], [ -106.0270602, 38.3049819 ], [ -106.0361877, 38.3050401 ], [ -106.0363201, 38.3193752 ], [ -106.0499356, 38.3196644 ], [ -106.048535199999989, 38.3557144 ], [ -106.0622544, 38.3559257 ], [ -106.062204, 38.3741279 ], [ -106.0804535, 38.3779493 ], [ -106.0810944, 38.3922387 ], [ -106.0996893, 38.3925405 ], [ -106.0994329, 38.4142675 ], [ -106.1152257, 38.4040098 ], [ -106.1088206, 38.3797922 ], [ -106.1565599, 38.3530162 ], [ -106.1606065, 38.3426664 ], [ -106.192674200000013, 38.3485361 ], [ -106.2214679, 38.3281342 ], [ -106.2299083, 38.340167099999988 ], [ -106.268701799999988, 38.3527761 ], [ -106.3097512, 38.3446641 ], [ -106.334258600000013, 38.2917667 ], [ -106.3806032, 38.2937396 ], [ -106.3952117, 38.2819006 ], [ -106.4369445, 38.2824957 ], [ -106.4738975, 38.3221577 ], [ -106.5047126, 38.3151693 ], [ -106.535910300000012, 38.2623294 ], [ -106.5590129, 38.251742 ], [ -106.5548062, 38.2290293 ], [ -106.5871679, 38.1893761 ], [ -106.5981326, 38.1890021 ], [ -106.5970448, 38.1569253 ], [ -106.6111336, 38.134302 ], [ -106.6332964, 38.1283995 ], [ -106.6848476, 38.0815033 ], [ -106.744337, 38.0934231 ], [ -106.7671347, 38.0797991 ], [ -106.8064972, 38.0304522 ], [ -106.8099483, 38.0163305 ], [ -106.780213, 38.0007386 ], [ -106.8021217, 37.9857157 ], [ -106.8149522, 37.9560408 ], [ -106.850358899999989, 37.9568861 ], [ -106.8715311, 37.9417178 ], [ -106.8788884, 37.9602819 ], [ -106.896198399999989, 37.9677182 ], [ -106.9202097, 37.967427799999989 ], [ -106.9449562, 37.9522961 ], [ -106.967238099999989, 37.9748422 ], [ -106.9873861, 37.9692677 ], [ -107.0089058, 37.9464723 ], [ -107.0251358, 37.954430699999989 ], [ -107.0549471, 37.9509039 ], [ -107.0677276, 37.9614669 ], [ -107.0913274, 37.9491906 ], [ -107.1028629, 37.9554372 ], [ -107.1091726, 37.9436543 ], [ -107.1381364, 37.9385802 ], [ -107.1381851, 37.9323417 ], [ -107.2280266, 37.93454 ], [ -107.2250535, 37.9260314 ], [ -107.2706712, 37.9349327 ], [ -107.3490718, 37.8565828 ], [ -107.4245673, 37.8592418 ], [ -107.4455254, 37.8437684 ], [ -107.465296099999989, 37.858747 ], [ -107.4671495, 37.8461556 ], [ -107.4937423, 37.8498957 ], [ -107.5141504, 37.8365103 ], [ -107.5307067, 37.8061608 ], [ -107.5555723, 37.7870035 ] ] ] ] } },
{ "type": "Feature", "properties": { "name": "Arapaho and Roosevelt National Forests", "region": "02", "acres": 2491783.0, "type": "national_forest" }, "geometry": { "type": "MultiPolygon", "coordinates": [ [ [ [ -105.8364483, 40.2502729 ], [ -105.8621078, 40.2145206 ], [ -105.8448385, 40.205599 ], [ -105.845162, 40.1841501 ], [ -105.8725286, 40.1873791 ], [ -105.8740477, 40.1958618 ], [ -105.8875605, 40.1883362 ], [ -105.8865926, 40.2027041 ], [ -105.9162359, 40.2103072 ], [ -105.8820261, 40.2134813 ], [ -105.8814511, 40.2424867 ], [ -105.8723481, 40.2425446 ], [ -105.8565562, 40.3064455 ], [ -105.8589334, 40.3145727 ], [ -105.8714953, 40.3146029 ], [ -105.868425, 40.3716096 ], [ -105.911789, 40.3722419 ], [ -105.907560499999988, 40.400327 ], [ -105.9207537, 40.4016822 ], [ -105.9465631, 40.3849512 ], [ -105.9384307, 40.3662128 ], [ -105.9597528, 40.3481583 ], [ -105.9860947, 40.3644008 ], [ -106.0116699, 40.3618756 ], [ -106.018516, 40.3734571 ], [ -106.0854779, 40.3475055 ], [ -106.1006095, 40.3542894 ], [ -106.1348514, 40.3349594 ], [ -106.1149769, 40.3040265 ], [ -106.121894, 40.2789864 ], [ -106.1438352, 40.2777896 ], [ -106.147610899999989, 40.264553899999989 ], [ -106.1392624, 40.2588162 ], [ -106.143036, 40.1999888 ], [ -106.125577299999989, 40.1699086 ], [ -106.1352343, 40.1299655 ], [ -106.1243026, 40.1297886 ], [ -106.1243073, 40.1442393 ], [ -106.086482, 40.1432464 ], [ -106.0865398, 40.1572338 ], [ -106.0675654, 40.1568961 ], [ -106.0674383, 40.1709748 ], [ -106.031115, 40.1709693 ], [ -106.0312889, 40.200254 ], [ -106.0498488, 40.1993195 ], [ -106.0496595, 40.2136348 ], [ -106.0122452, 40.2141618 ], [ -106.012214, 40.1992654 ], [ -105.9939336, 40.1993591 ], [ -105.975642, 40.199976 ], [ -105.9755676, 40.2147657 ], [ -105.947497, 40.2145054 ], [ -105.9210408, 40.1742105 ], [ -105.8918729, 40.1811736 ], [ -105.9162559, 40.1670527 ], [ -105.9018746, 40.1561943 ], [ -105.9018991, 40.1303132 ], [ -105.8832608, 40.1298423 ], [ -105.8784678, 40.1407695 ], [ -105.8615513, 40.144326 ], [ -105.8456052, 40.125886 ], [ -105.846336, 40.0824508 ], [ -105.8314511, 40.0826638 ], [ -105.838217, 40.013709 ], [ -105.8221052, 40.0132631 ], [ -105.8212236, 39.9992909 ], [ -105.7748233, 39.9992651 ], [ -105.7751512, 39.9738666 ], [ -105.7565333, 39.9731696 ], [ -105.7572689, 39.9445179 ], [ -105.774937, 39.9375456 ], [ -105.7758499, 39.9084047 ], [ -105.8307629, 39.9083212 ], [ -105.8310637, 39.922862 ], [ -105.8449077, 39.9337004 ], [ -105.8823803, 39.9296496 ], [ -105.8825698, 39.936731 ], [ -105.9151415, 39.9370132 ], [ -105.9256377, 39.9658351 ], [ -105.9300533, 39.9515146 ], [ -105.9535628, 39.9582116 ], [ -105.9580566, 39.9438731 ], [ -105.9816395, 39.9444675 ], [ -105.9822723, 39.9661429 ], [ -105.9724302, 39.9655497 ], [ -105.9825446, 39.9732913 ], [ -105.97518740000001, 40.0135276 ], [ -105.994388199999989, 40.0136514 ], [ -105.9943978, 40.0277166 ], [ -106.0132907, 40.0277245 ], [ -106.013277699999989, 40.0424306 ], [ -106.0680109, 40.0499567 ], [ -106.067948199999989, 40.057194 ], [ -106.1056288, 40.0575346 ], [ -106.1113941, 39.9499251 ], [ -106.0926417, 39.9499322 ], [ -106.0925942, 39.9059634 ], [ -106.1790771, 39.9018169 ], [ -106.1788264, 39.9148152 ], [ -106.225167399999989, 39.9260547 ], [ -106.2255396, 39.9550348 ], [ -106.294620400000014, 39.9640051 ], [ -106.2947036, 39.9192223 ], [ -106.246428, 39.9124616 ], [ -106.1713337, 39.8454996 ], [ -106.124393, 39.8419456 ], [ -106.0838611, 39.8063637 ], [ -106.0585853, 39.7250202 ], [ -106.0412361, 39.7158065 ], [ -106.024770300000014, 39.6887063 ], [ -105.996306499999989, 39.6840795 ], [ -105.9510748, 39.6951538 ], [ -105.9451993, 39.6888228 ], [ -105.9243805, 39.6987187 ], [ -105.9267186, 39.673827 ], [ -105.912379699999988, 39.6632814 ], [ -105.8849891, 39.6571333 ], [ -105.8648496, 39.6672955 ], [ -105.8487922, 39.6442902 ], [ -105.8211136, 39.6424197 ], [ -105.8175892, 39.6332872 ], [ -105.7927448, 39.6361394 ], [ -105.7643011, 39.5930458 ], [ -105.7222154, 39.6010909 ], [ -105.7029307, 39.594412399999989 ], [ -105.681839599999989, 39.615464 ], [ -105.6597517, 39.6170685 ], [ -105.650899599999988, 39.6127386 ], [ -105.6561491, 39.5920616 ], [ -105.5982613, 39.5536478 ], [ -105.5379093, 39.558589 ], [ -105.495288800000012, 39.5465618 ], [ -105.4725137, 39.5615783 ], [ -105.4449856, 39.5627426 ], [ -105.4449198, 39.5913139 ], [ -105.42574, 39.6051929 ], [ -105.4488569, 39.6090668 ], [ -105.4722905, 39.5874724 ], [ -105.5012541, 39.5876015 ], [ -105.5009898, 39.5944216 ], [ -105.5193714, 39.5949912 ], [ -105.518633099999988, 39.6093979 ], [ -105.5469365, 39.6095438 ], [ -105.547031, 39.6238239 ], [ -105.5186273, 39.6235603 ], [ -105.519069699999989, 39.6525343 ], [ -105.50050730000001, 39.6527136 ], [ -105.4889703, 39.679482 ], [ -105.4702595, 39.6783212 ], [ -105.4614696, 39.6679643 ], [ -105.424210699999989, 39.675576 ], [ -105.4174344, 39.7072882 ], [ -105.4611119, 39.7041303 ], [ -105.4426388, 39.7114345 ], [ -105.4471367, 39.7190674 ], [ -105.4794002, 39.7108442 ], [ -105.4743501, 39.729561 ], [ -105.4881606, 39.7451394 ], [ -105.4956583, 39.7385636 ], [ -105.5371479, 39.7385397 ], [ -105.5557325, 39.7241534 ], [ -105.6143926, 39.7250574 ], [ -105.6118273, 39.7383623 ], [ -105.6308049, 39.7384238 ], [ -105.6306918, 39.7525745 ], [ -105.6493195, 39.7526586 ], [ -105.6686244, 39.7472515 ], [ -105.6682038, 39.7241735 ], [ -105.6858904, 39.7244554 ], [ -105.6875279, 39.6886967 ], [ -105.7010461, 39.6884721 ], [ -105.7013629, 39.6814863 ], [ -105.705546399999989, 39.6883969 ], [ -105.761922, 39.6953951 ], [ -105.7572402, 39.7026409 ], [ -105.7051714, 39.702735 ], [ -105.7039736, 39.7384348 ], [ -105.687219, 39.7384574 ], [ -105.687257, 39.756543199999989 ], [ -105.7058591, 39.7527053 ], [ -105.7058624, 39.7635331 ], [ -105.684379, 39.7631054 ], [ -105.686896, 39.7816441 ], [ -105.649347, 39.7741702 ], [ -105.5373014, 39.7807105 ], [ -105.5373696, 39.8387681 ], [ -105.480976399999989, 39.8387962 ], [ -105.481878, 39.86786 ], [ -105.499791, 39.8672201 ], [ -105.4996146, 39.881797399999989 ], [ -105.3883255, 39.8839344 ], [ -105.3894127, 39.9348348 ], [ -105.3614982, 39.9344962 ], [ -105.370108, 39.9414155 ], [ -105.3702649, 39.9794299 ], [ -105.341948699999989, 39.9793703 ], [ -105.3419547, 40.0000001 ], [ -105.3555818, 39.999992 ], [ -105.3565226, 40.0286246 ], [ -105.4108105, 40.0283612 ], [ -105.4108503, 40.0499121 ], [ -105.429009799999989, 40.0500203 ], [ -105.429655, 40.071420499999988 ], [ -105.3925362, 40.0712653 ], [ -105.3926003, 40.0852328 ], [ -105.319294, 40.0872268 ], [ -105.3210185, 40.1759227 ], [ -105.3016148, 40.1759133 ], [ -105.3013902, 40.2052893 ], [ -105.339585899999989, 40.2048016 ], [ -105.3394831, 40.2194435 ], [ -105.3581316, 40.2192032 ], [ -105.3582252, 40.2339663 ], [ -105.3387832, 40.2340368 ], [ -105.3382879, 40.2767108 ], [ -105.3008168, 40.2781193 ], [ -105.3006343, 40.3075982 ], [ -105.3195364, 40.3221533 ], [ -105.317145, 40.3637149 ], [ -105.3264855, 40.363697 ], [ -105.3265266, 40.3780358 ], [ -105.3456261, 40.377982 ], [ -105.3457969, 40.3923053 ], [ -105.365226, 40.3931687 ], [ -105.3647643, 40.4068153 ], [ -105.3458876, 40.4064894 ], [ -105.336434, 40.3922776 ], [ -105.2889629, 40.3927936 ], [ -105.2889398, 40.3854864 ], [ -105.26936, 40.3852619 ], [ -105.2687746, 40.4068731 ], [ -105.231659799999989, 40.4068421 ], [ -105.2303881, 40.4507743 ], [ -105.2396067, 40.4508651 ], [ -105.2393293, 40.4793272 ], [ -105.2488144, 40.4786861 ], [ -105.2481915, 40.5080985 ], [ -105.2881762, 40.5068149 ], [ -105.287139, 40.5221519 ], [ -105.3057106, 40.5209678 ], [ -105.3054111, 40.5361713 ], [ -105.266627899999989, 40.5365752 ], [ -105.2475262, 40.5223769 ], [ -105.1915082, 40.5231728 ], [ -105.1903564, 40.5966526 ], [ -105.2100157, 40.5950377 ], [ -105.2095904, 40.6548213 ], [ -105.2474128, 40.6548361 ], [ -105.2380347, 40.6972167 ], [ -105.2285987, 40.697229299999989 ], [ -105.2284703, 40.7264106 ], [ -105.1907175, 40.7262659 ], [ -105.1908238, 40.7552749 ], [ -105.2098369, 40.7552391 ], [ -105.2099712, 40.7696377 ], [ -105.3047795, 40.768137 ], [ -105.3047175, 40.7253851 ], [ -105.4002659, 40.7242837 ], [ -105.4012815, 40.7818613 ], [ -105.4203486, 40.7811764 ], [ -105.421889799999988, 40.7974958 ], [ -105.4221845, 40.8123494 ], [ -105.4027565, 40.8125857 ], [ -105.4030552, 40.8275834 ], [ -105.4228955, 40.8273525 ], [ -105.4232182, 40.8569785 ], [ -105.4429437, 40.8718459 ], [ -105.4421583, 40.8866269 ], [ -105.4228784, 40.886351 ], [ -105.4227373, 40.9009359 ], [ -105.4043796, 40.9013033 ], [ -105.4047928, 40.9157209 ], [ -105.424883400000013, 40.9162864 ], [ -105.4204849, 40.9582812 ], [ -105.440139, 40.9585317 ], [ -105.4400865, 40.9730468 ], [ -105.4597144, 40.9733322 ], [ -105.4595814, 40.9877406 ], [ -105.478854, 40.9880579 ], [ -105.4786809, 40.9977548 ], [ -105.6669259, 40.997015 ], [ -105.6669405, 40.9855835 ], [ -105.685712099999989, 40.9858735 ], [ -105.685893900000011, 40.9713866 ], [ -105.6955586, 40.971583 ], [ -105.7046946, 40.9714515 ], [ -105.7049462, 40.9571892 ], [ -105.7425284, 40.9575886 ], [ -105.7430706, 40.9283436 ], [ -105.78144060000001, 40.9289683 ], [ -105.7818195, 40.9147124 ], [ -105.8195969, 40.9153143 ], [ -105.8199594, 40.944093 ], [ -105.8391234, 40.944372 ], [ -105.8384334, 40.9589437 ], [ -105.8570513, 40.9592696 ], [ -105.8587663, 40.8712183 ], [ -105.8778648, 40.8714798 ], [ -105.878395, 40.8137638 ], [ -105.8879166, 40.8137158 ], [ -105.8967512, 40.8141903 ], [ -105.8971283, 40.8284264 ], [ -105.9533338, 40.8284842 ], [ -105.9551178, 40.8715212 ], [ -105.9927248, 40.8718339 ], [ -105.9946215, 40.901674199999988 ], [ -106.0135654, 40.9017263 ], [ -106.0134394, 40.9164491 ], [ -106.0322016, 40.9166087 ], [ -106.0321996, 40.9312129 ], [ -106.0511925, 40.9311888 ], [ -106.0509885, 40.9460042 ], [ -106.0701863, 40.9464894 ], [ -106.0699512, 40.9605564 ], [ -106.0889714, 40.9608193 ], [ -106.0875689, 40.9973732 ], [ -106.1906636, 40.9975451 ], [ -106.1853182, 40.9344581 ], [ -106.131414, 40.8968412 ], [ -106.1307921, 40.87389 ], [ -106.0539507, 40.812984 ], [ -106.0225295, 40.7548498 ], [ -105.9910482, 40.7279342 ], [ -105.948118, 40.6421361 ], [ -105.9468812, 40.6173035 ], [ -105.9298986, 40.6067958 ], [ -105.9106206, 40.5669724 ], [ -105.907608, 40.5159887 ], [ -105.8696872, 40.5209762 ], [ -105.852263799999989, 40.5067512 ], [ -105.854990199999989, 40.4862555 ], [ -105.8224172, 40.4767108 ], [ -105.8046486, 40.4913504 ], [ -105.7725544, 40.4999974 ], [ -105.7480578, 40.523505 ], [ -105.7532098, 40.5348111 ], [ -105.7349179, 40.5473068 ], [ -105.6839326, 40.5509725 ], [ -105.6568699, 40.5279702 ], [ -105.6203077, 40.5402451 ], [ -105.6018325, 40.5380135 ], [ -105.5616988, 40.5058692 ], [ -105.5173746, 40.5189006 ], [ -105.5128684, 40.4339316 ], [ -105.4936362, 40.4336464 ], [ -105.4987175, 40.4227757 ], [ -105.4558861, 40.4228279 ], [ -105.456257, 40.3934819 ], [ -105.4754827, 40.3936706 ], [ -105.4762714, 40.3645697 ], [ -105.4954852, 40.350274 ], [ -105.495833, 40.3169452 ], [ -105.5048799, 40.3169937 ], [ -105.5048894, 40.3311768 ], [ -105.5448026, 40.3324443 ], [ -105.5528776, 40.3542331 ], [ -105.56271, 40.3508362 ], [ -105.5627894, 40.3252973 ], [ -105.5484855, 40.3253285 ], [ -105.5437377, 40.3099048 ], [ -105.5357384, 40.3129238 ], [ -105.5040863, 40.2604712 ], [ -105.5183283, 40.2607914 ], [ -105.5134877, 40.2499799 ], [ -105.5418369, 40.2504922 ], [ -105.5420665, 40.2250651 ], [ -105.5326731, 40.2193154 ], [ -105.542237199999988, 40.214193 ], [ -105.532639, 40.2167936 ], [ -105.5324139, 40.2104727 ], [ -105.5422799, 40.2105527 ], [ -105.5422592, 40.1907797 ], [ -105.5789888, 40.1612316 ], [ -105.6044195, 40.1580094 ], [ -105.6632424, 40.1700111 ], [ -105.7024067, 40.162381 ], [ -105.7283115, 40.179636699999989 ], [ -105.7522868, 40.1644357 ], [ -105.7803589, 40.1762351 ], [ -105.817018499999989, 40.1674149 ], [ -105.814997, 40.1793719 ], [ -105.8422422, 40.2143808 ], [ -105.835047, 40.2345217 ], [ -105.8067955, 40.2340185 ], [ -105.8364483, 40.2502729 ] ], [ [ -105.6667143, 40.9710992 ], [ -105.6671285, 40.9568224 ], [ -105.6861139, 40.957008 ], [ -105.685893900000011, 40.9713866 ], [ -105.6667143, 40.9710992 ] ], [ [ -105.380377, 40.1961959 ], [ -105.3802184, 40.1808746 ], [ -105.3918588, 40.1711781 ], [ -105.410232799999989, 40.171137 ], [ -105.4086971, 40.1857792 ], [ -105.392195199999989, 40.1857091 ], [ -105.380377, 40.1961959 ] ], [ [ -105.4863305, 40.0865148 ], [ -105.4858325, 40.0570491 ], [ -105.5236848, 40.0577974 ], [ -105.5232583, 40.0863271 ], [ -105.4863305, 40.0865148 ] ], [ [ -105.4426927, 39.7004918 ], [ -105.442719, 39.693393 ], [ -105.4612127, 39.6931926 ], [ -105.4611455, 39.7004844 ], [ -105.4426927, 39.7004918 ] ], [ [ -105.6483402, 40.9709556 ], [ -105.6299974, 40.9706345 ], [ -105.6300904, 40.9564776 ], [ -105.648998400000011, 40.9566127 ], [ -105.6483402, 40.9709556 ] ], [ [ -105.497892, 39.7097356 ], [ -105.4806204, 39.7005754 ], [ -105.484281200000012, 39.6896107 ], [ -105.5002273, 39.692084099999988 ], [ -105.497892, 39.7097356 ] ], [ [ -105.614664499999989, 39.6812527 ], [ -105.595492799999988, 39.6810971 ], [ -105.5952205, 39.6519482 ], [ -105.6142643, 39.6518326 ], [ -105.614664499999989, 39.6812527 ] ], [ [ -105.9623263, 39.9224539 ], [ -105.943624500000013, 39.9223272 ], [ -105.9430962, 39.9114423 ], [ -105.9290723, 39.915079399999989 ], [ -105.9288135, 39.9078184 ], [ -105.966503, 39.9074691 ], [ -105.9623263, 39.9224539 ] ] ] ] } },
{ "type": "Feature", "properties": { "name": "Pike and San Isabel National Forests", "region": "02", "acres": 3968994.0, "type": "national_forest" }, "geometry": { "type": "MultiPolygon", "coordinates": [ [ [ [ -105.4087558, 39.5342254 ], [ -105.4180437, 39.5192028 ], [ -105.3993625, 39.5199639 ], [ -105.3901633, 39.5345935 ], [ -105.42163, 39.5568661 ], [ -105.4456288, 39.5543301 ], [ -105.4511271, 39.5652775 ], [ -105.495288800000012, 39.5465618 ], [ -105.5379093, 39.558589 ], [ -105.6061058, 39.5560209 ], [ -105.6319186, 39.5705046 ], [ -105.6323128, 39.5827399 ], [ -105.6563253, 39.5922549 ], [ -105.650899599999988, 39.6127386 ], [ -105.6597517, 39.6170685 ], [ -105.681839599999989, 39.615464 ], [ -105.7038558, 39.5942513 ], [ -105.7222154, 39.6010909 ], [ -105.7643011, 39.5930458 ], [ -105.7758858, 39.6050857 ], [ -105.838283, 39.5729037 ], [ -105.8159453, 39.5521595 ], [ -105.8230472, 39.5300429 ], [ -105.845477699999989, 39.523872 ], [ -105.859651899999989, 39.5316613 ], [ -105.868201, 39.5193525 ], [ -105.8540104, 39.5047794 ], [ -105.8790222, 39.4839275 ], [ -105.8922147, 39.4843497 ], [ -105.905868200000015, 39.4597852 ], [ -105.9390302, 39.4582789 ], [ -105.9442919, 39.4407966 ], [ -105.9666183, 39.438491299999988 ], [ -105.9517371, 39.414673 ], [ -106.014454, 39.3866703 ], [ -106.0228689, 39.3611868 ], [ -106.0564128, 39.3585716 ], [ -106.0970382, 39.3779559 ], [ -106.2168375, 39.3837122 ], [ -106.2510666, 39.3577056 ], [ -106.2592922, 39.362041 ], [ -106.2838323, 39.3494917 ], [ -106.3120051, 39.3622786 ], [ -106.3579475, 39.3551379 ], [ -106.380613400000016, 39.3763248 ], [ -106.4034112, 39.3802238 ], [ -106.4334926, 39.3540876 ], [ -106.432455100000013, 39.316347 ], [ -106.4683176, 39.3073133 ], [ -106.484336200000016, 39.312885699999988 ], [ -106.5027268, 39.297998899999989 ], [ -106.5041164, 39.2848979 ], [ -106.4830217, 39.272581 ], [ -106.4810575, 39.2596761 ], [ -106.4990764, 39.2354147 ], [ -106.4896481, 39.2280121 ], [ -106.4936303, 39.1983491 ], [ -106.5113174, 39.1634074 ], [ -106.5614676, 39.1554925 ], [ -106.5634943, 39.1066196 ], [ -106.5863449, 39.095719 ], [ -106.5777399, 39.0526077 ], [ -106.5972528, 39.0447867 ], [ -106.5998128, 39.0347454 ], [ -106.5912595, 39.0259441 ], [ -106.5954125, 38.9912562 ], [ -106.554127799999989, 38.9986644 ], [ -106.5283605, 38.9806233 ], [ -106.526566699999989, 38.9551521 ], [ -106.4648892, 38.910377 ], [ -106.437081299999988, 38.9149708 ], [ -106.4214146, 38.928204799999989 ], [ -106.4029432, 38.910765399999988 ], [ -106.3808643, 38.9257106 ], [ -106.373054, 38.906616899999989 ], [ -106.3260088, 38.9110136 ], [ -106.3208002, 38.8934762 ], [ -106.3492634, 38.8549784 ], [ -106.365235200000015, 38.8527923 ], [ -106.383670099999989, 38.8247458 ], [ -106.4160694, 38.8241347 ], [ -106.4169199, 38.7270618 ], [ -106.4252573, 38.7104504 ], [ -106.4433231, 38.7093383 ], [ -106.4519129, 38.6985839 ], [ -106.4295293, 38.6513538 ], [ -106.3800084, 38.6385578 ], [ -106.3853288, 38.6249881 ], [ -106.3644588, 38.6152214 ], [ -106.3447093, 38.5685067 ], [ -106.3555085, 38.542607 ], [ -106.3439857, 38.5040014 ], [ -106.330126, 38.4937692 ], [ -106.3113748, 38.4949225 ], [ -106.269575, 38.4446652 ], [ -106.2456292, 38.4392384 ], [ -106.253126, 38.4005582 ], [ -106.237265, 38.3685283 ], [ -106.2534258, 38.3476911 ], [ -106.2299083, 38.340167099999988 ], [ -106.2214679, 38.3281342 ], [ -106.192674200000013, 38.3485361 ], [ -106.1606065, 38.3426664 ], [ -106.1565599, 38.3530162 ], [ -106.1086859, 38.379964699999988 ], [ -106.1164788, 38.3991044 ], [ -106.0994329, 38.4142675 ], [ -106.0993385, 38.436916 ], [ -106.0640949, 38.4367256 ], [ -106.058608100000015, 38.4569302 ], [ -106.0188233, 38.4542367 ], [ -105.9969624, 38.4204853 ], [ -105.9679381, 38.4087153 ], [ -105.9444676, 38.3785718 ], [ -105.8935495, 38.3464275 ], [ -105.8585042, 38.298428199999989 ], [ -105.799898399999989, 38.2696239 ], [ -105.787999, 38.2421352 ], [ -105.759668499999989, 38.2287219 ], [ -105.6990246, 38.1677587 ], [ -105.6731353, 38.1592127 ], [ -105.672982, 38.1362493 ], [ -105.657636599999989, 38.1173644 ], [ -105.6613646, 38.1005978 ], [ -105.6032314, 38.0308898 ], [ -105.5971411, 38.0132826 ], [ -105.6046586, 38.0048081 ], [ -105.5821141, 37.9784147 ], [ -105.5841558, 37.9673277 ], [ -105.5590927, 37.9515325 ], [ -105.53066290000001, 37.9535569 ], [ -105.473422, 37.8968747 ], [ -105.478408, 37.8798647 ], [ -105.4572122, 37.8799401 ], [ -105.4409006, 37.8695021 ], [ -105.4289283, 37.8517815 ], [ -105.4349903, 37.8056654 ], [ -105.4547753, 37.7956938 ], [ -105.454067, 37.7241849 ], [ -105.4778393, 37.7063886 ], [ -105.4772976, 37.6660292 ], [ -105.4985777, 37.6147089 ], [ -105.4932741, 37.6008415 ], [ -105.5012003, 37.5985727 ], [ -105.4854169, 37.5777547 ], [ -105.4560229, 37.5891197 ], [ -105.441411, 37.6120788 ], [ -105.4002251, 37.6135734 ], [ -105.3700308, 37.639506 ], [ -105.3546674, 37.6361976 ], [ -105.311908, 37.6502652 ], [ -105.3454271, 37.6522328 ], [ -105.3636511, 37.6662611 ], [ -105.406621, 37.663053 ], [ -105.4084685, 37.6487817 ], [ -105.4721438, 37.6492789 ], [ -105.4725412, 37.6639598 ], [ -105.4544807, 37.663985 ], [ -105.4464152, 37.7664739 ], [ -105.4185231, 37.7667854 ], [ -105.418589, 37.823584 ], [ -105.401706800000014, 37.8237198 ], [ -105.4014642, 37.8888224 ], [ -105.419097, 37.8960558 ], [ -105.42238, 37.9113707 ], [ -105.4509652, 37.9132329 ], [ -105.4498403, 37.9345607 ], [ -105.4681164, 37.9425412 ], [ -105.4672351, 37.9567362 ], [ -105.4842727, 37.9567873 ], [ -105.4908548, 38.0007518 ], [ -105.5091576, 38.0012033 ], [ -105.5079742, 38.0301528 ], [ -105.5352891, 38.030415 ], [ -105.5347489, 38.0597311 ], [ -105.5529627, 38.0600579 ], [ -105.5609204, 38.089528 ], [ -105.5791195, 38.0896477 ], [ -105.578814, 38.1151844 ], [ -105.5971869, 38.1307353 ], [ -105.5967249, 38.1558167 ], [ -105.6073446, 38.1559047 ], [ -105.6049801, 38.185188 ], [ -105.6238649, 38.1854676 ], [ -105.6228279, 38.2002823 ], [ -105.6412943, 38.2006655 ], [ -105.6402598, 38.2440022 ], [ -105.6582904, 38.2516701 ], [ -105.6579461, 38.2664007 ], [ -105.6747531, 38.2663849 ], [ -105.676103, 38.280777 ], [ -105.7040451, 38.2889536 ], [ -105.7119623, 38.3173432 ], [ -105.775157, 38.317699499999989 ], [ -105.7735017, 38.333036199999988 ], [ -105.801715699999988, 38.3326196 ], [ -105.8009742, 38.3463134 ], [ -105.8382043, 38.3469662 ], [ -105.8374077, 38.3754786 ], [ -105.8562812, 38.3756209 ], [ -105.8563133, 38.4117659 ], [ -105.8745859, 38.4120377 ], [ -105.8743467, 38.4264428 ], [ -105.8924299, 38.4263531 ], [ -105.892366599999988, 38.4336061 ], [ -105.9294507, 38.4332413 ], [ -105.9342193, 38.4630903 ], [ -105.9705605, 38.4630762 ], [ -105.9706691, 38.4921616 ], [ -106.0797935, 38.4917426 ], [ -106.0794392, 38.4778156 ], [ -106.097304, 38.4637744 ], [ -106.098093, 38.4922559 ], [ -106.1712395, 38.4924577 ], [ -106.1718504, 38.5206858 ], [ -106.1930802, 38.5204699 ], [ -106.1932069, 38.5648311 ], [ -106.1565297, 38.5655479 ], [ -106.157183, 38.5797726 ], [ -106.1354791, 38.586395 ], [ -106.1357963, 38.637707 ], [ -106.1166904, 38.6374748 ], [ -106.1156217, 38.666648 ], [ -106.1343767, 38.6667026 ], [ -106.1366389, 38.7013659 ], [ -106.1551125, 38.7015278 ], [ -106.1655002, 38.7780388 ], [ -106.183997, 38.7779159 ], [ -106.18398, 38.7959191 ], [ -106.2025296, 38.7958412 ], [ -106.202388, 38.8397966 ], [ -106.1882119, 38.8397678 ], [ -106.1878302, 38.8544181 ], [ -106.201908, 38.8545442 ], [ -106.2014097, 38.8834172 ], [ -106.2106831, 38.8835168 ], [ -106.2014423, 38.941183 ], [ -106.219757699999988, 38.9411557 ], [ -106.2209711, 38.9700995 ], [ -106.1927762, 38.9704086 ], [ -106.1828082, 38.9411012 ], [ -106.1649312, 38.9409692 ], [ -106.1546709, 38.8827531 ], [ -106.1092033, 38.8829274 ], [ -106.1095063, 38.8684824 ], [ -106.0912187, 38.8676159 ], [ -106.090754, 38.8536261 ], [ -106.0719867, 38.8536841 ], [ -106.0719843, 38.8391089 ], [ -106.0539857, 38.8382456 ], [ -106.0530964, 38.7515513 ], [ -106.0353408, 38.7514567 ], [ -106.0352404, 38.737056 ], [ -106.0171413, 38.7370019 ], [ -106.0331533, 38.5932173 ], [ -105.9683296, 38.5928644 ], [ -105.9607899, 38.5493677 ], [ -105.9340487, 38.54952 ], [ -105.9338361, 38.5350532 ], [ -105.8073962, 38.5308094 ], [ -105.8100354, 38.6437878 ], [ -105.8374904, 38.6442799 ], [ -105.8381621, 38.6586724 ], [ -105.847158, 38.6585994 ], [ -105.8431462, 38.7086508 ], [ -105.8526361, 38.7085455 ], [ -105.8622228, 38.766103 ], [ -105.8802782, 38.7802994 ], [ -105.8799509, 38.8022575 ], [ -105.9063533, 38.8167837 ], [ -105.9069563, 38.8316175 ], [ -105.9163306, 38.8312713 ], [ -105.9218714, 38.882486 ], [ -105.9358617, 38.8823947 ], [ -105.9361386, 38.8967204 ], [ -105.9589773, 38.8966839 ], [ -105.9590475, 38.9112566 ], [ -105.9775341, 38.9257659 ], [ -105.9776374, 38.9475733 ], [ -106.0009521, 38.9475788 ], [ -106.0009123, 38.9620195 ], [ -105.9727032, 38.9622267 ], [ -105.972224, 38.9767471 ], [ -105.9813064, 38.9768033 ], [ -105.980942, 38.9910822 ], [ -105.971546, 38.9911143 ], [ -105.9764457, 39.0562984 ], [ -105.9904341, 39.0562492 ], [ -105.990356, 39.0706549 ], [ -106.083663699999988, 39.078332 ], [ -106.0876769, 39.1287842 ], [ -106.0411366, 39.1293176 ], [ -106.0506053, 39.1658923 ], [ -106.0320704, 39.1691428 ], [ -106.041221299999989, 39.1766322 ], [ -106.0410944, 39.2094956 ], [ -106.0131002, 39.2095951 ], [ -106.0132688, 39.2277765 ], [ -106.045765, 39.227718 ], [ -106.050326399999989, 39.2602642 ], [ -105.975837200000015, 39.2605749 ], [ -105.9758804, 39.2894614 ], [ -105.9388024, 39.2897283 ], [ -105.938787499999989, 39.3042794 ], [ -105.9206519, 39.3043097 ], [ -105.920645, 39.3189996 ], [ -105.901864100000012, 39.3192427 ], [ -105.9016605, 39.3483139 ], [ -105.8830403, 39.348301 ], [ -105.8825061, 39.4062701 ], [ -105.7515583, 39.4051262 ], [ -105.7536534, 39.3045048 ], [ -105.7156658, 39.304674 ], [ -105.7157262, 39.1877218 ], [ -105.6890229, 39.1880473 ], [ -105.6702092, 39.2026543 ], [ -105.6699329, 39.2170413 ], [ -105.6512156, 39.2172401 ], [ -105.6407286, 39.1439639 ], [ -105.650456, 39.1364848 ], [ -105.6488316, 39.1076807 ], [ -105.6393775, 39.1075757 ], [ -105.6398199, 39.0929821 ], [ -105.6042263, 39.0886858 ], [ -105.596165899999988, 39.0986475 ], [ -105.586825499999989, 39.0696704 ], [ -105.558945099999988, 39.0696839 ], [ -105.5589223, 39.0479479 ], [ -105.5467755, 39.041649 ], [ -105.5562726, 39.0016994 ], [ -105.5282464, 39.0032417 ], [ -105.5284064, 38.9743655 ], [ -105.5096931, 38.9754032 ], [ -105.509434500000012, 38.9607113 ], [ -105.5002249, 38.9612754 ], [ -105.5006785, 38.9312724 ], [ -105.4806304, 38.9309918 ], [ -105.4803911, 38.8727286 ], [ -105.518165, 38.8722642 ], [ -105.5184836, 38.8868443 ], [ -105.5928586, 38.8841511 ], [ -105.592368, 38.8695393 ], [ -105.6112781, 38.8688633 ], [ -105.6112934, 38.8616332 ], [ -105.6947454, 38.8614147 ], [ -105.7038813, 38.7740086 ], [ -105.7228227, 38.774019599999988 ], [ -105.7227532, 38.7521422 ], [ -105.7321235, 38.7522656 ], [ -105.7320381, 38.730689 ], [ -105.722566, 38.7305865 ], [ -105.7318009, 38.7089927 ], [ -105.7228521, 38.7015446 ], [ -105.6669133, 38.7094759 ], [ -105.6670747, 38.745322099999989 ], [ -105.648525299999989, 38.7453076 ], [ -105.648506500000011, 38.7593457 ], [ -105.667054799999988, 38.7596536 ], [ -105.666573, 38.7740418 ], [ -105.6392901, 38.7743635 ], [ -105.630305299999989, 38.7820314 ], [ -105.6296609, 38.8042617 ], [ -105.6486608, 38.8035986 ], [ -105.649323, 38.8400702 ], [ -105.6114025, 38.8399931 ], [ -105.6114557, 38.8183365 ], [ -105.5002738, 38.8137955 ], [ -105.499725399999988, 38.8359162 ], [ -105.4613697, 38.8352659 ], [ -105.4620586, 38.8573104 ], [ -105.382634, 38.8561025 ], [ -105.3810476, 38.8699954 ], [ -105.327544, 38.8690398 ], [ -105.3277901, 39.0141477 ], [ -105.2447358, 39.0153226 ], [ -105.2336024, 38.9863094 ], [ -105.1680834, 38.9715348 ], [ -105.1613588, 39.0146324 ], [ -105.1425132, 39.0145686 ], [ -105.1417147, 39.0001571 ], [ -105.11327, 38.9928981 ], [ -105.121659200000011, 38.9784996 ], [ -105.0978327, 38.9711881 ], [ -105.1037546, 38.9892922 ], [ -105.0800507, 38.9818576 ], [ -105.0860169, 39.0000771 ], [ -105.0952899, 39.0001357 ], [ -105.0842146, 39.0418769 ], [ -105.0515089, 39.0421717 ], [ -105.0526076, 38.913852399999989 ], [ -105.158492099999989, 38.913101 ], [ -105.1606871, 38.8698681 ], [ -105.1411199, 38.8623742 ], [ -105.1322247, 38.8132202 ], [ -105.1171326, 38.8173222 ], [ -105.1097436, 38.8103461 ], [ -105.1197643, 38.7842288 ], [ -105.099629799999988, 38.7847915 ], [ -105.1001293, 38.7926135 ], [ -105.0900394, 38.7853346 ], [ -105.0537067, 38.7849739 ], [ -105.0522043, 38.696741 ], [ -104.8674205, 38.6941156 ], [ -104.8680349, 38.781395 ], [ -104.8858108, 38.7817238 ], [ -104.8865718, 38.8244227 ], [ -104.940629500000014, 38.8248491 ], [ -104.9395553, 38.8678078 ], [ -104.886879799999988, 38.8677307 ], [ -104.886826, 39.0129947 ], [ -104.9051489, 39.0130248 ], [ -104.9062393, 39.0421102 ], [ -104.915499900000015, 39.0420188 ], [ -104.915012, 39.0709478 ], [ -104.8871168, 39.0710069 ], [ -104.8869016, 39.0891331 ], [ -104.9236838, 39.0997251 ], [ -104.9238085, 39.1298322 ], [ -104.941427600000011, 39.1297739 ], [ -104.9420037, 39.2173246 ], [ -104.9879118, 39.2172356 ], [ -104.9885449, 39.2390038 ], [ -105.0067634, 39.2389829 ], [ -104.9980607, 39.2607261 ], [ -105.0248979, 39.2674833 ], [ -105.0249708, 39.3041673 ], [ -105.0520395, 39.3040422 ], [ -105.0542978, 39.3915235 ], [ -105.072914200000014, 39.4060853 ], [ -105.0728671, 39.4203586 ], [ -105.092109, 39.420208099999989 ], [ -105.0917056, 39.4635296 ], [ -105.1010559, 39.4635312 ], [ -105.1013951, 39.4781705 ], [ -105.1474998, 39.481772 ], [ -105.1380175, 39.4309301 ], [ -105.240600700000016, 39.4318648 ], [ -105.2406775, 39.4176093 ], [ -105.2595139, 39.4107342 ], [ -105.2592512, 39.403095 ], [ -105.4626237, 39.4019742 ], [ -105.4627039, 39.4094312 ], [ -105.4936111, 39.4081419 ], [ -105.493717, 39.472698 ], [ -105.531105599999989, 39.4731441 ], [ -105.5307307, 39.4945919 ], [ -105.549952, 39.4944002 ], [ -105.5496346, 39.5089646 ], [ -105.5304164, 39.5091527 ], [ -105.5302823, 39.5164733 ], [ -105.4651694, 39.5101053 ], [ -105.4651719, 39.5316521 ], [ -105.441517499999989, 39.5369001 ], [ -105.4275424, 39.522448 ], [ -105.4087558, 39.5342254 ] ], [ [ -106.1618116, 39.3032589 ], [ -106.1617682, 39.2164536 ], [ -106.2915928, 39.2155105 ], [ -106.2916531, 39.2009954 ], [ -106.3102004, 39.2009324 ], [ -106.3100969, 39.1719344 ], [ -106.2915398, 39.1718736 ], [ -106.292703, 39.1000189 ], [ -106.2834842, 39.0999818 ], [ -106.2742928, 39.0792069 ], [ -106.2365277, 39.0784576 ], [ -106.2277267, 39.0124868 ], [ -106.2739874, 39.0122352 ], [ -106.2740072, 39.0267741 ], [ -106.3109835, 39.0286081 ], [ -106.3113614, 39.0491232 ], [ -106.33022, 39.0563652 ], [ -106.330309, 39.0690203 ], [ -106.3042446, 39.0636745 ], [ -106.2926655, 39.0767289 ], [ -106.3301973, 39.107078 ], [ -106.3488734, 39.1070088 ], [ -106.3474433, 39.1717501 ], [ -106.3847389, 39.171954 ], [ -106.3848112, 39.2008903 ], [ -106.4036604, 39.2006629 ], [ -106.4034365, 39.2660656 ], [ -106.3755904, 39.2616457 ], [ -106.3801278, 39.2408241 ], [ -106.3612801, 39.240960699999988 ], [ -106.344979099999989, 39.2555528 ], [ -106.342633299999989, 39.2808624 ], [ -106.3567179, 39.2845579 ], [ -106.3568603, 39.3315306 ], [ -106.3382116, 39.3316452 ], [ -106.3382817, 39.346087 ], [ -106.3290648, 39.3461294 ], [ -106.3287582, 39.2735799 ], [ -106.2911289, 39.2810002 ], [ -106.2912402, 39.2954392 ], [ -106.2725422, 39.2953335 ], [ -106.2726387, 39.3098985 ], [ -106.2343262, 39.3188608 ], [ -106.2312107, 39.3598156 ], [ -106.2142224, 39.3603215 ], [ -106.2181454, 39.3041225 ], [ -106.1618116, 39.3032589 ] ] ] ] } },
{ "type": "Feature", "properties": { "name": "San Juan National Forest", "region": "02", "acres": 2094539.0, "type": "national_forest" }, "geometry": { "type": "MultiPolygon", "coordinates": [ [ [ [ -108.800769699999989, 37.8945735 ], [ -108.805093, 37.8734585 ], [ -108.7927424, 37.8652339 ], [ -108.7869327, 37.828807 ], [ -108.7724864, 37.8331574 ], [ -108.745846199999988, 37.818105 ], [ -108.7442886, 37.8121815 ], [ -108.770767, 37.8083783 ], [ -108.7577765, 37.7868725 ], [ -108.7432057, 37.7761314 ], [ -108.7298939, 37.7781737 ], [ -108.7307808, 37.7688545 ], [ -108.7170156, 37.7742211 ], [ -108.724413200000015, 37.7699303 ], [ -108.7131649, 37.7655725 ], [ -108.7250332, 37.7373468 ], [ -108.728491, 37.6316911 ], [ -108.6616806, 37.6175585 ], [ -108.6570131, 37.6029512 ], [ -108.6388701, 37.6104525 ], [ -108.629881, 37.5958413 ], [ -108.6115852, 37.5923373 ], [ -108.611565899999988, 37.5741804 ], [ -108.5796087, 37.5670142 ], [ -108.575031, 37.5234502 ], [ -108.5932975, 37.5161954 ], [ -108.5850222, 37.4977735 ], [ -108.5934579, 37.4906777 ], [ -108.5477521, 37.4904904 ], [ -108.5383162, 37.4646457 ], [ -108.5153987, 37.4590411 ], [ -108.5018527, 37.4648852 ], [ -108.5019364, 37.4722303 ], [ -108.520224200000015, 37.472147799999988 ], [ -108.5203371, 37.4811382 ], [ -108.5020232, 37.4868965 ], [ -108.5340187, 37.4867555 ], [ -108.529612199999988, 37.5123237 ], [ -108.4831463, 37.5164655 ], [ -108.4830903, 37.5022259 ], [ -108.4657487, 37.5019375 ], [ -108.4657015, 37.487177 ], [ -108.4473903, 37.4872758 ], [ -108.4471768, 37.4725786 ], [ -108.363933100000011, 37.4727881 ], [ -108.36346, 37.4367521 ], [ -108.336005199999988, 37.4368457 ], [ -108.3359823, 37.4151184 ], [ -108.228628199999989, 37.4147983 ], [ -108.2283355, 37.3562356 ], [ -108.213580799999988, 37.3478121 ], [ -108.2115043, 37.334688 ], [ -108.189910399999988, 37.3390699 ], [ -108.1624369, 37.3223832 ], [ -107.901631099999989, 37.3277282 ], [ -107.9037021, 37.3372653 ], [ -107.6864311, 37.3373329 ], [ -107.686779699999988, 37.3651488 ], [ -107.6781934, 37.3673486 ], [ -107.6512377, 37.3599386 ], [ -107.6513397, 37.3526912 ], [ -107.5778331, 37.3510958 ], [ -107.5782576, 37.2215232 ], [ -107.5764005, 37.2147245 ], [ -107.5502515, 37.2147527 ], [ -107.5507, 37.1401277 ], [ -107.2270816, 37.1409577 ], [ -107.2249513, 37.2149119 ], [ -107.25632, 37.2375701 ], [ -107.2563203, 37.2518957 ], [ -107.1488072, 37.2522775 ], [ -107.148838200000014, 37.2610958 ], [ -107.0914795, 37.2617482 ], [ -107.0915402, 37.2762654 ], [ -107.073167, 37.2763788 ], [ -107.0747166, 37.334596 ], [ -107.0206839, 37.3341017 ], [ -107.0201874, 37.3196641 ], [ -106.9667118, 37.3196076 ], [ -106.965883600000012, 37.298489 ], [ -106.9570424, 37.2981759 ], [ -106.9568544, 37.2802547 ], [ -106.9481594, 37.2796017 ], [ -106.9469542, 37.2187364 ], [ -106.9650277, 37.2187625 ], [ -106.967552399999988, 37.1921049 ], [ -107.0104882, 37.1911355 ], [ -107.0104906, 37.1838243 ], [ -107.0828136, 37.1838406 ], [ -107.0828491, 37.2159598 ], [ -107.073061599999988, 37.2179741 ], [ -107.1163952, 37.2149805 ], [ -107.1185875, 37.1404301 ], [ -107.0104468, 37.1403094 ], [ -107.001342900000012, 37.1334377 ], [ -107.001492899999988, 37.0476347 ], [ -106.7869625, 37.0477967 ], [ -106.7867479, 37.0621662 ], [ -106.7327607, 37.0625795 ], [ -106.7191898, 37.0623682 ], [ -106.7193278, 37.0478274 ], [ -106.700581899999989, 37.0478147 ], [ -106.6821686, 37.1084725 ], [ -106.686658, 37.1579529 ], [ -106.6541059, 37.2124202 ], [ -106.6217136, 37.2117295 ], [ -106.6351414, 37.256926199999988 ], [ -106.676973100000012, 37.2553861 ], [ -106.6934671, 37.2724208 ], [ -106.6637355, 37.3106434 ], [ -106.6659229, 37.3207885 ], [ -106.6919288, 37.3240341 ], [ -106.707537, 37.335509 ], [ -106.696861399999989, 37.3506333 ], [ -106.6997208, 37.3692763 ], [ -106.6819381, 37.375501 ], [ -106.6611364, 37.4072103 ], [ -106.6412867, 37.4077667 ], [ -106.6603731, 37.429402 ], [ -106.7018607, 37.4513449 ], [ -106.716892699999988, 37.4418173 ], [ -106.734231099999988, 37.4593919 ], [ -106.756808, 37.464619 ], [ -106.7726251, 37.4497569 ], [ -106.7983759, 37.4568206 ], [ -106.8068606, 37.465982 ], [ -106.8003989, 37.4926009 ], [ -106.816108899999989, 37.4991191 ], [ -106.8449491, 37.4993966 ], [ -106.8530952, 37.4921483 ], [ -106.8755988, 37.5003166 ], [ -106.8880488, 37.5170032 ], [ -106.8788046, 37.5440436 ], [ -106.8879184, 37.5647797 ], [ -106.9490409, 37.5707794 ], [ -106.9689905, 37.565176 ], [ -107.0081194, 37.5736818 ], [ -107.0187512, 37.5627669 ], [ -107.044971100000012, 37.5602875 ], [ -107.0490303, 37.5700222 ], [ -107.079309200000012, 37.5693301 ], [ -107.0929949, 37.5736842 ], [ -107.0920659, 37.5959063 ], [ -107.1097822, 37.6076127 ], [ -107.1391871, 37.6020091 ], [ -107.1402071, 37.6245475 ], [ -107.1527968, 37.6371693 ], [ -107.199549, 37.625492 ], [ -107.2009846, 37.6107849 ], [ -107.230822, 37.5952194 ], [ -107.2786129, 37.6407435 ], [ -107.2764, 37.6554843 ], [ -107.289147, 37.6675115 ], [ -107.2688264, 37.6959757 ], [ -107.306604, 37.6773544 ], [ -107.3750952, 37.6876282 ], [ -107.3935853, 37.6786752 ], [ -107.3977264, 37.6530524 ], [ -107.4239212, 37.650318 ], [ -107.4418764, 37.6324112 ], [ -107.4641295, 37.6303353 ], [ -107.4919582, 37.6517292 ], [ -107.5038468, 37.6931906 ], [ -107.537377400000011, 37.7084413 ], [ -107.5589592, 37.7620774 ], [ -107.5545259, 37.7810158 ], [ -107.6558308, 37.74506 ], [ -107.6723846, 37.7601055 ], [ -107.6691999, 37.7442266 ], [ -107.6872711, 37.7406839 ], [ -107.687364699999989, 37.9014837 ], [ -107.700909599999989, 37.8918247 ], [ -107.738351200000011, 37.9053897 ], [ -107.7489588, 37.8976406 ], [ -107.7611013, 37.8774908 ], [ -107.7827244, 37.8678558 ], [ -107.7793649, 37.8492822 ], [ -107.7964252, 37.8228632 ], [ -107.8287212, 37.8116835 ], [ -107.8222819, 37.7953926 ], [ -107.8438472, 37.773557 ], [ -107.8861677, 37.7854737 ], [ -107.8921466, 37.8024462 ], [ -107.9214033, 37.8237375 ], [ -107.9380612, 37.8228801 ], [ -107.9506873, 37.8358104 ], [ -107.9725629, 37.833005 ], [ -107.9893554, 37.856642699999988 ], [ -108.0311236, 37.8554293 ], [ -108.058305499999989, 37.8410852 ], [ -108.0677407, 37.8514654 ], [ -108.0909842, 37.8400042 ], [ -108.1212233, 37.8537826 ], [ -108.1402938, 37.8324736 ], [ -108.1471886, 37.8389636 ], [ -108.2106426, 37.8214629 ], [ -108.2564448, 37.8962703 ], [ -108.299664, 37.8949854 ], [ -108.3002281, 37.8535408 ], [ -108.2444414, 37.8534843 ], [ -108.2445241, 37.765357 ], [ -108.2844392, 37.7651425 ], [ -108.2844823, 37.7194913 ], [ -108.3364662, 37.7195572 ], [ -108.3364567, 37.6903449 ], [ -108.4095891, 37.6906833 ], [ -108.409693, 37.6761051 ], [ -108.4825864, 37.6763058 ], [ -108.4826277, 37.6617701 ], [ -108.5565534, 37.6618487 ], [ -108.556937300000016, 37.7652423 ], [ -108.4670742, 37.7648489 ], [ -108.465353, 37.8517568 ], [ -108.658083800000014, 37.8519243 ], [ -108.6578099, 37.8663863 ], [ -108.6944004, 37.8663654 ], [ -108.7032642, 37.880787 ], [ -108.7216316, 37.8808601 ], [ -108.7214592, 37.8953626 ], [ -108.800769699999989, 37.8945735 ] ] ] ] } },
{ "type": "Feature", "properties": { "name": "Santa Fe National Forest", "region": "03", "acres": 1681821.0, "type": "national_forest" }, "geometry": { "type": "MultiPolygon", "coordinates": [ [ [ [ -106.795395, 36.5210311 ], [ -106.9926372, 36.5211689 ], [ -106.9923383, 36.2745165 ], [ -106.9567268, 36.2890687 ], [ -106.9522803, 36.3108205 ], [ -106.9254165, 36.3217576 ], [ -106.9119871, 36.3471275 ], [ -106.8671527, 36.3543358 ], [ -106.8671645, 36.3760801 ], [ -106.8313232, 36.3760811 ], [ -106.8314546, 36.2746406 ], [ -106.8493486, 36.2746851 ], [ -106.8497121, 36.2311087 ], [ -106.8850761, 36.2311155 ], [ -106.9031375, 36.21652 ], [ -106.921039, 36.216519 ], [ -106.9209579, 36.1730055 ], [ -106.9392795, 36.1730178 ], [ -106.9389064, 36.0571043 ], [ -106.903134099999988, 36.0570856 ], [ -106.9002045, 35.8263571 ], [ -106.8957709, 35.818927 ], [ -106.856062, 35.8262084 ], [ -106.8499033, 35.6500984 ], [ -106.6732376, 35.6525974 ], [ -106.6732151, 35.6238623 ], [ -106.5584356, 35.6137033 ], [ -106.5357598, 35.6245318 ], [ -106.5349236, 35.6753632 ], [ -106.6282354, 35.6752068 ], [ -106.6185218, 35.6925585 ], [ -106.6089237, 35.6998113 ], [ -106.3568618, 35.6998024 ], [ -106.3570163, 35.8064596 ], [ -106.3702488, 35.8130311 ], [ -106.4033002, 35.8080879 ], [ -106.4183479, 35.8277691 ], [ -106.6212532, 35.8275701 ], [ -106.6213088, 36.008376 ], [ -106.5544995, 36.0083279 ], [ -106.5268536, 35.999352 ], [ -106.498892399999988, 36.0047188 ], [ -106.4907149, 35.9978864 ], [ -106.4876016, 36.0083116 ], [ -106.3291577, 36.0011782 ], [ -106.3294382, 36.0080586 ], [ -106.2958239, 36.0147436 ], [ -106.2959121, 36.0219343 ], [ -106.2067558, 36.0225275 ], [ -106.2071557, 36.0494008 ], [ -106.1619321, 36.0602466 ], [ -106.1624391, 36.158697 ], [ -106.1952497, 36.1715221 ], [ -106.2025094, 36.1867571 ], [ -106.2172397, 36.1864458 ], [ -106.2455533, 36.215246 ], [ -106.2980065, 36.2152318 ], [ -106.2943882, 36.2022731 ], [ -106.3346253, 36.0826238 ], [ -106.3593581, 36.1043322 ], [ -106.383366900000013, 36.107341 ], [ -106.3645999, 36.1759762 ], [ -106.3445183, 36.205759 ], [ -106.3943142, 36.2339877 ], [ -106.4022378, 36.2328626 ], [ -106.4023789, 36.1886693 ], [ -106.4368799, 36.1890041 ], [ -106.445863800000012, 36.1575523 ], [ -106.457195, 36.1575898 ], [ -106.4569717, 36.1950298 ], [ -106.4787769, 36.2045381 ], [ -106.4912191, 36.1978923 ], [ -106.502033900000015, 36.2094424 ], [ -106.5181074, 36.2084216 ], [ -106.5415831, 36.1911257 ], [ -106.5414682, 36.1608722 ], [ -106.5638331, 36.1607738 ], [ -106.5639141, 36.1464063 ], [ -106.6693486, 36.1462202 ], [ -106.6692377, 36.1920169 ], [ -106.6174385, 36.1919823 ], [ -106.6227667, 36.2180958 ], [ -106.5763808, 36.2587327 ], [ -106.5694121, 36.2981842 ], [ -106.5363142, 36.3215017 ], [ -106.5363032, 36.3350109 ], [ -106.6064249, 36.3345292 ], [ -106.6064356, 36.3495681 ], [ -106.652845, 36.3495769 ], [ -106.652874, 36.378573599999989 ], [ -106.6707702, 36.3786012 ], [ -106.6797722, 36.4221342 ], [ -106.6887823, 36.4221399 ], [ -106.68875, 36.465398 ], [ -106.7052478, 36.4654785 ], [ -106.7245613, 36.4844463 ], [ -106.724767899999989, 36.5089029 ], [ -106.795397799999989, 36.5102004 ], [ -106.795395, 36.5210311 ] ] ] ] } },
{ "type": "Feature", "properties": { "name": "Tonto National Forest", "region": "03", "acres": 2966417.0, "type": "national_forest" }, "geometry": { "type": "MultiPolygon", "coordinates": [ [ [ [ -111.3244807, 34.4224453 ], [ -111.353927399999989, 34.4245371 ], [ -111.3518525, 34.4410193 ], [ -111.3716033, 34.439698299999989 ], [ -111.38822, 34.4245683 ], [ -111.397857699999989, 34.4281897 ], [ -111.4011271, 34.4108641 ], [ -111.4111234, 34.407918 ], [ -111.3840382, 34.3906549 ], [ -111.4072955, 34.3769261 ], [ -111.4184988, 34.376951399999989 ], [ -111.4215841, 34.3935704 ], [ -111.4283175, 34.3870359 ], [ -111.4285072, 34.4135759 ], [ -111.4254525, 34.435636 ], [ -111.406734899999989, 34.427412 ], [ -111.3983999, 34.4438164 ], [ -111.435544, 34.4464403 ], [ -111.4334967, 34.4399816 ], [ -111.4439965, 34.4413958 ], [ -111.4433666, 34.4332637 ], [ -111.4621261, 34.4225167 ], [ -111.464316, 34.4091796 ], [ -111.4815322, 34.4229018 ], [ -111.4694194, 34.426754599999988 ], [ -111.4771946, 34.429457 ], [ -111.4672714, 34.4377649 ], [ -111.494884899999988, 34.4339138 ], [ -111.4933804, 34.4186611 ], [ -111.5003548, 34.4276149 ], [ -111.524557699999988, 34.4116867 ], [ -111.5672334, 34.4309937 ], [ -111.5769024, 34.4205235 ], [ -111.6011934, 34.4192523 ], [ -111.6305462, 34.3933945 ], [ -111.659576199999989, 34.3864145 ], [ -111.6692836, 34.3070645 ], [ -111.6955541, 34.3285981 ], [ -111.6968429, 34.3464468 ], [ -111.7151162, 34.363963 ], [ -111.7438228, 34.3759304 ], [ -111.768307299999989, 34.3534324 ], [ -111.7984556, 34.3495602 ], [ -111.7824305, 34.2993151 ], [ -111.848058099999989, 34.2543015 ], [ -111.8648732, 34.2482049 ], [ -111.9248949, 34.2948146 ], [ -111.9565593, 34.2747948 ], [ -111.986266199999989, 34.2730092 ], [ -111.985314300000013, 34.195758 ], [ -112.0290824, 34.1954708 ], [ -112.0289323, 34.1428549 ], [ -112.0463948, 34.142841 ], [ -112.046395, 34.1283224 ], [ -112.0638481, 34.1283096 ], [ -112.0651782, 33.9006327 ], [ -111.8911623, 33.9004517 ], [ -111.8912221, 33.8137853 ], [ -111.7869736, 33.8139207 ], [ -111.7869396, 33.7268747 ], [ -111.6834746, 33.7271157 ], [ -111.6834732, 33.709397 ], [ -111.6194335, 33.7184665 ], [ -111.6432175, 33.5503476 ], [ -111.671054, 33.542749 ], [ -111.6838863, 33.4953425 ], [ -111.606608, 33.4949709 ], [ -111.606551400000015, 33.465953 ], [ -111.476907, 33.4659579 ], [ -111.476818, 33.4078593 ], [ -111.442245, 33.4078675 ], [ -111.4422133, 33.3933561 ], [ -111.269334, 33.3934174 ], [ -111.268925599999989, 33.2783567 ], [ -111.2509795, 33.2783487 ], [ -111.2508964, 33.26386 ], [ -111.233688, 33.2638422 ], [ -111.233641299999988, 33.2493851 ], [ -111.2164089, 33.2493318 ], [ -111.2163291, 33.2348645 ], [ -111.199123199999988, 33.2349004 ], [ -111.199046200000012, 33.2203926 ], [ -111.1817723, 33.2204137 ], [ -111.1817803, 33.2059211 ], [ -111.1645337, 33.2058988 ], [ -111.1533334, 33.1777875 ], [ -111.1188217, 33.177726 ], [ -111.1187966, 33.1922764 ], [ -111.0670545, 33.1922636 ], [ -111.0670519, 33.2060184 ], [ -111.0330253, 33.2067766 ], [ -111.0330391, 33.2501952 ], [ -111.0502938, 33.2502478 ], [ -111.0503489, 33.2925216 ], [ -110.9641234, 33.2929401 ], [ -110.9641339, 33.2792686 ], [ -110.9474072, 33.279353199999989 ], [ -110.9473931, 33.2503794 ], [ -110.738073199999988, 33.2517033 ], [ -110.7158936, 33.3788549 ], [ -110.9283735, 33.3789322 ], [ -110.9283743, 33.4368824 ], [ -110.842855, 33.4365073 ], [ -110.8428225, 33.450837 ], [ -110.7031726, 33.4513133 ], [ -110.6939544, 33.5043191 ], [ -110.530448, 33.6377104 ], [ -110.5275211, 33.8155564 ], [ -110.5583946, 33.8383024 ], [ -110.5664914, 33.8250999 ], [ -110.5854795, 33.8360605 ], [ -110.606851600000013, 33.8232982 ], [ -110.6236116, 33.8256395 ], [ -110.6298044, 33.8078722 ], [ -110.6497816, 33.8158135 ], [ -110.6761827, 33.7744328 ], [ -110.6890992, 33.7685313 ], [ -110.6901506, 33.7403393 ], [ -110.7229954, 33.729035 ], [ -110.7181187, 33.7118238 ], [ -110.7369894, 33.7098812 ], [ -110.72937, 33.7030911 ], [ -110.744181, 33.6975758 ], [ -110.7830578, 33.846768 ], [ -110.780838800000012, 34.3070875 ], [ -110.7882415, 34.2977483 ], [ -110.787594399999989, 34.3087767 ], [ -110.7953045, 34.3068508 ], [ -110.8018683, 34.2977349 ], [ -110.8051304, 34.3109611 ], [ -110.8115782, 34.2950356 ], [ -110.8454594, 34.3069148 ], [ -110.8216146, 34.2917948 ], [ -110.8372288, 34.2805163 ], [ -110.8255253, 34.27646 ], [ -110.847468, 34.265676 ], [ -110.8647745, 34.2709629 ], [ -110.8892202, 34.2849838 ], [ -110.8837052, 34.2896503 ], [ -110.8974997, 34.3026851 ], [ -110.9593722, 34.3153553 ], [ -110.974278, 34.3366426 ], [ -111.006013599999989, 34.3508938 ], [ -111.006134, 34.3609221 ], [ -111.0205215, 34.3615337 ], [ -111.020056700000012, 34.3730682 ], [ -111.0338326, 34.3623603 ], [ -111.0259346, 34.3535965 ], [ -111.0327692, 34.3407617 ], [ -111.0578937, 34.3548749 ], [ -111.0371643, 34.3712243 ], [ -111.0406697, 34.3778516 ], [ -111.0524234, 34.3709841 ], [ -111.0550718, 34.3793609 ], [ -111.0768708, 34.3806566 ], [ -111.0875239, 34.3950786 ], [ -111.1210787, 34.382379 ], [ -111.1286075, 34.3904697 ], [ -111.1469766, 34.3752711 ], [ -111.1610951, 34.4039403 ], [ -111.2095999, 34.4084297 ], [ -111.2277147, 34.4317994 ], [ -111.2401828, 34.4316734 ], [ -111.2482017, 34.4513559 ], [ -111.3244807, 34.4224453 ] ], [ [ -111.096584400000012, 33.2837755 ], [ -111.1095703, 33.2856052 ], [ -111.0985494, 33.2984387 ], [ -111.096584400000012, 33.2837755 ] ], [ [ -111.1005882, 33.6593478 ], [ -111.1005595, 33.6447948 ], [ -111.1265719, 33.6375339 ], [ -111.1179, 33.6557096 ], [ -111.1005882, 33.6593478 ] ] ] ] } },
{ "type": "Feature", "properties": { "name": "Ashley National Forest", "region": "04", "acres": 1401248.0, "type": "national_forest" }, "geometry": { "type": "MultiPolygon", "coordinates": [ [ [ [ -109.4447267, 41.4887186 ], [ -109.4254848, 41.4886134 ], [ -109.4254763, 41.474133 ], [ -109.4064652, 41.4704985 ], [ -109.4064155, 41.459671 ], [ -109.4254801, 41.4596617 ], [ -109.4255226, 41.4162161 ], [ -109.4639306, 41.4163914 ], [ -109.4656558, 41.3754149 ], [ -109.4463574, 41.3719374 ], [ -109.4463485, 41.3610587 ], [ -109.4656772, 41.3609151 ], [ -109.4656244, 41.3466045 ], [ -109.5513132, 41.3319552 ], [ -109.5512916, 41.3463891 ], [ -109.5656855, 41.3482372 ], [ -109.5800659, 41.3754452 ], [ -109.5992545, 41.3754911 ], [ -109.5992725, 41.3899782 ], [ -109.6088144, 41.3900211 ], [ -109.6034196, 41.4057337 ], [ -109.6178439, 41.4057367 ], [ -109.6178566, 41.4166022 ], [ -109.6370898, 41.4166725 ], [ -109.6374867, 41.3774266 ], [ -109.6469857, 41.3728609 ], [ -109.61852, 41.3719236 ], [ -109.6185097, 41.3465585 ], [ -109.5993043, 41.3464979 ], [ -109.5993132, 41.332 ], [ -109.5897211, 41.332023 ], [ -109.5993274, 41.3030732 ], [ -109.5801246, 41.3030273 ], [ -109.580231, 41.281306 ], [ -109.5993822, 41.2741136 ], [ -109.5992899, 41.2596174 ], [ -109.6374228, 41.2596618 ], [ -109.6373726, 41.2234951 ], [ -109.618461, 41.223431 ], [ -109.6184072, 41.1872157 ], [ -109.5991752, 41.1871775 ], [ -109.599179299999989, 41.1726875 ], [ -109.6124378, 41.1727132 ], [ -109.5963148, 41.1220038 ], [ -109.579945, 41.1220286 ], [ -109.5799087, 41.1002188 ], [ -109.5990686, 41.1002676 ], [ -109.599069300000011, 41.071299 ], [ -109.614373199999989, 41.0713084 ], [ -109.618238600000012, 41.0627825 ], [ -109.5991151, 41.049477 ], [ -109.5990769, 41.0132687 ], [ -109.6708348, 41.0133878 ], [ -109.657825, 40.9875827 ], [ -109.6330488, 40.9815821 ], [ -109.6472896, 40.9779496 ], [ -109.6469849, 40.9595894 ], [ -109.6660653, 40.9595167 ], [ -109.6659899, 40.9450889 ], [ -109.694625699999989, 40.9449826 ], [ -109.6946256, 40.9341893 ], [ -109.7413402, 40.9373302 ], [ -109.7413043, 40.9300905 ], [ -109.7602185, 40.9304364 ], [ -109.7794567, 40.9444288 ], [ -109.8944235, 40.9365258 ], [ -109.8944908, 40.9437975 ], [ -110.0561907, 40.9433043 ], [ -110.059555, 40.9213142 ], [ -110.0312347, 40.9201126 ], [ -110.021408099999988, 40.8993263 ], [ -110.029602, 40.8762588 ], [ -110.0551605, 40.8558121 ], [ -110.0401611, 40.8321876 ], [ -110.0578444, 40.8102137 ], [ -110.167541199999988, 40.812502 ], [ -110.2586861, 40.833846 ], [ -110.3495576, 40.8208534 ], [ -110.3618887, 40.7884094 ], [ -110.4052969, 40.7850562 ], [ -110.4239569, 40.7927261 ], [ -110.4374949, 40.7796845 ], [ -110.487711, 40.7805958 ], [ -110.521042799999989, 40.7588301 ], [ -110.5470353, 40.7722713 ], [ -110.5618968, 40.7569099 ], [ -110.5855475, 40.7617937 ], [ -110.600582, 40.7559331 ], [ -110.6231838, 40.7692937 ], [ -110.656705, 40.7399746 ], [ -110.7156775, 40.7482474 ], [ -110.7660215, 40.7422683 ], [ -110.7852167, 40.7336146 ], [ -110.7661438, 40.7063408 ], [ -110.7659759, 40.6812935 ], [ -110.774597199999988, 40.6694908 ], [ -110.8310776, 40.6562805 ], [ -110.828559900000016, 40.6246376 ], [ -110.8405646, 40.6057897 ], [ -110.8881323, 40.6057559 ], [ -110.890485399999989, 40.561186 ], [ -110.965112, 40.5616815 ], [ -110.9181398, 40.5231683 ], [ -110.9502494, 40.5034734 ], [ -110.9040451, 40.4900207 ], [ -110.9028328, 40.4746638 ], [ -110.6384474, 40.4741449 ], [ -110.5812847, 40.4748567 ], [ -110.581227, 40.5038517 ], [ -110.5432613, 40.5038905 ], [ -110.5433138, 40.4893983 ], [ -110.5243742, 40.4894131 ], [ -110.524344899999988, 40.4749221 ], [ -110.5050755, 40.474958 ], [ -110.5036814, 40.5182306 ], [ -110.2205569, 40.5195271 ], [ -110.2205146, 40.606347 ], [ -110.125224, 40.6063092 ], [ -110.124623899999989, 40.5920809 ], [ -110.068097, 40.5921207 ], [ -110.067875500000014, 40.5632891 ], [ -110.0489706, 40.563166 ], [ -110.0488604, 40.5487442 ], [ -109.8974574, 40.549354 ], [ -109.8445628, 40.540338 ], [ -109.8442715, 40.5924811 ], [ -109.5194839, 40.5938955 ], [ -109.520634, 40.6239993 ], [ -109.5016177, 40.624 ], [ -109.501618, 40.6457336 ], [ -109.4635897, 40.6457348 ], [ -109.4635922, 40.6566015 ], [ -109.4445699, 40.6566018 ], [ -109.444570399999989, 40.6638463 ], [ -109.3853708, 40.6625293 ], [ -109.3913394, 40.7475497 ], [ -109.362908499999989, 40.747802899999989 ], [ -109.3779302, 40.7585341 ], [ -109.3659476, 40.7839787 ], [ -109.3711387, 40.8129231 ], [ -109.3373677, 40.8132679 ], [ -109.3257281, 40.8254477 ], [ -109.287501, 40.8255524 ], [ -109.2975318, 40.8618285 ], [ -109.3356712, 40.8653816 ], [ -109.3404344, 40.8726738 ], [ -109.3358264, 40.9126065 ], [ -109.2675647, 40.9110289 ], [ -109.2409601, 40.8911415 ], [ -109.2416033, 40.9391069 ], [ -109.3368613, 40.9504631 ], [ -109.365130600000015, 40.9649555 ], [ -109.462267400000016, 40.9612575 ], [ -109.4718444, 40.9680578 ], [ -109.4718913, 40.999284 ], [ -109.5033074, 40.9991292 ], [ -109.5033354, 41.027879 ], [ -109.522652, 41.0276373 ], [ -109.5226086, 41.0566273 ], [ -109.5034711, 41.056638299999989 ], [ -109.5037103, 41.2015259 ], [ -109.5132992, 41.2015382 ], [ -109.5133322, 41.2305224 ], [ -109.5417882, 41.2305908 ], [ -109.5417332, 41.2450876 ], [ -109.522577, 41.2451268 ], [ -109.522534, 41.2668047 ], [ -109.503752299999988, 41.2667314 ], [ -109.503746, 41.2884342 ], [ -109.4749574, 41.288317 ], [ -109.4653978, 41.3171172 ], [ -109.4463867, 41.3170438 ], [ -109.4463982, 41.3393353 ], [ -109.407979, 41.3465769 ], [ -109.407813, 41.401761 ], [ -109.3966871, 41.4017607 ], [ -109.3967746, 41.4379214 ], [ -109.3824235, 41.4378914 ], [ -109.3776618, 41.4595561 ], [ -109.3824958, 41.4812529 ], [ -109.4064848, 41.4813078 ], [ -109.4065093, 41.4885406 ], [ -109.4351169, 41.495897 ], [ -109.4447267, 41.4887186 ] ] ] ] } },
{ "type": "Feature", "properties": { "name": "Boise National Forest", "region": "04", "acres": 2526862.0, "type": "national_forest" }, "geometry": { "type": "MultiPolygon", "coordinates": [ [ [ [ -115.588707, 44.9476166 ], [ -115.5793686, 44.9248123 ], [ -115.5863266, 44.8699455 ], [ -115.5734329, 44.8480987 ], [ -115.604332, 44.825901 ], [ -115.6050186, 44.8092194 ], [ -115.621543899999978, 44.7942352 ], [ -115.60954289999998, 44.7714691 ], [ -115.620575, 44.771225 ], [ -115.6195602, 44.7506599 ], [ -115.7045135, 44.7490654 ], [ -115.7262497, 44.7751121 ], [ -115.7616119, 44.7503319 ], [ -115.8165665, 44.7576141 ], [ -115.8253632, 44.7436905 ], [ -115.8789248, 44.7436623 ], [ -115.903732300000016, 44.7192154 ], [ -115.90555950000001, 44.6984799 ], [ -115.8870581, 44.6948031 ], [ -115.887042900000012, 44.68754 ], [ -115.902271, 44.6875677 ], [ -115.897120699999988, 44.6730323 ], [ -115.9273145, 44.6730407 ], [ -115.927333499999989, 44.6289532 ], [ -115.952612, 44.6290251 ], [ -115.9576491, 44.6145853 ], [ -115.9677574, 44.6146117 ], [ -115.967728099999988, 44.5857003 ], [ -116.00851080000001, 44.5784923 ], [ -116.0085128, 44.5712603 ], [ -115.9883654, 44.5712489 ], [ -115.988308, 44.5567454 ], [ -115.9679533, 44.55666 ], [ -115.983134, 44.527756 ], [ -115.9274372, 44.5276589 ], [ -115.92744279999998, 44.5565935 ], [ -115.907250799999986, 44.5566534 ], [ -115.907164600000016, 44.5711475 ], [ -115.907183, 44.5856089 ], [ -115.9274105, 44.5856481 ], [ -115.9273287, 44.6000924 ], [ -115.8718256, 44.5891913 ], [ -115.8668101, 44.556626 ], [ -115.8466339, 44.5565587 ], [ -115.846600200000012, 44.542158 ], [ -115.8769509, 44.5421651 ], [ -115.8668492, 44.520416 ], [ -115.8870541, 44.520433 ], [ -115.887081900000013, 44.4986849 ], [ -115.858142499999985, 44.498670499999989 ], [ -115.8580555, 44.4535886 ], [ -115.8985874, 44.4536951 ], [ -115.8986255, 44.4391514 ], [ -115.91861729999998, 44.4392329 ], [ -115.91844110000001, 44.4101777 ], [ -115.958695499999976, 44.4103692 ], [ -115.958277, 44.323042 ], [ -115.9782165, 44.3230305 ], [ -115.9782659, 44.2788702 ], [ -115.998370600000015, 44.2788329 ], [ -115.9983704, 44.2643931 ], [ -116.0369679, 44.2643499 ], [ -116.0369386, 44.1484267 ], [ -116.0183746, 44.1630275 ], [ -116.01841, 44.1774774 ], [ -115.998266899999976, 44.1775466 ], [ -115.998296299999978, 44.192017 ], [ -115.9481269, 44.1921047 ], [ -115.9481788, 44.2064739 ], [ -115.918231099999986, 44.206826899999989 ], [ -115.918246, 44.1922716 ], [ -115.938061799999986, 44.192161 ], [ -115.937599100000014, 44.1486129 ], [ -115.9179452, 44.1486195 ], [ -115.9184969, 44.0642771 ], [ -115.9388949, 44.0641907 ], [ -115.938543599999988, 44.0451636 ], [ -115.9586061, 44.0450717 ], [ -115.958767799999976, 44.0233857 ], [ -115.9787252, 44.0232506 ], [ -115.9790182, 44.0641901 ], [ -116.0379316, 44.0641503 ], [ -116.0381453, 43.979764599999989 ], [ -116.0767407, 43.9797659 ], [ -116.0783536, 43.9224931 ], [ -116.0983319, 43.9226148 ], [ -116.097757300000012, 43.8073296 ], [ -116.1939698, 43.8072839 ], [ -116.193218, 43.719898199999989 ], [ -116.1529827, 43.7197291 ], [ -116.1533459, 43.7055947 ], [ -116.1345834, 43.705421699999988 ], [ -116.134614899999988, 43.675858 ], [ -116.114700099999979, 43.6758094 ], [ -116.1147313, 43.6616415 ], [ -116.0947316, 43.661391 ], [ -116.0947344, 43.6472683 ], [ -116.074122500000016, 43.6471174 ], [ -116.074836099999985, 43.6035538 ], [ -115.956071900000012, 43.6036297 ], [ -115.956062099999983, 43.5891874 ], [ -115.9462395, 43.5892358 ], [ -115.945229699999985, 43.5019522 ], [ -115.915297199999983, 43.5018187 ], [ -115.9153033, 43.4873823 ], [ -115.8855037, 43.4872969 ], [ -115.8854815, 43.4728069 ], [ -115.815926399999981, 43.4725237 ], [ -115.815870899999979, 43.458039899999989 ], [ -115.786578599999984, 43.457915 ], [ -115.786061300000014, 43.4143491 ], [ -115.756728, 43.4142046 ], [ -115.7564575, 43.3853029 ], [ -115.7367693, 43.38525 ], [ -115.736652099999986, 43.3708752 ], [ -115.618741, 43.3705217 ], [ -115.6187052, 43.3429459 ], [ -115.5591799, 43.342551899999989 ], [ -115.5592259, 43.3136982 ], [ -115.480992, 43.3140472 ], [ -115.4809775, 43.2851275 ], [ -115.4413993, 43.2852437 ], [ -115.441277699999986, 43.2562409 ], [ -115.4025069, 43.2562546 ], [ -115.4023641, 43.2273114 ], [ -115.3627184, 43.2272954 ], [ -115.3626685, 43.2128294 ], [ -115.342836499999976, 43.2128311 ], [ -115.3430166, 43.2853045 ], [ -115.2839796, 43.2852847 ], [ -115.284080499999988, 43.2998545 ], [ -115.2043435, 43.299791 ], [ -115.204510899999988, 43.3578522 ], [ -115.1261335, 43.3575338 ], [ -115.1405899, 43.369977 ], [ -115.1494681, 43.4144761 ], [ -115.1823734, 43.4297439 ], [ -115.1674346, 43.4535376 ], [ -115.1752008, 43.5117207 ], [ -115.1531479, 43.5415395 ], [ -115.15287020000001, 43.5587501 ], [ -115.1687622, 43.5695991 ], [ -115.1682663, 43.5837402 ], [ -115.201553300000015, 43.572567 ], [ -115.2292557, 43.5893135 ], [ -115.2349233, 43.629865 ], [ -115.1685486, 43.6692162 ], [ -115.1648865, 43.6976585 ], [ -115.130188, 43.6946144 ], [ -115.1077347, 43.7122688 ], [ -115.09949490000001, 43.7037773 ], [ -115.0645121, 43.7147553 ], [ -115.0430679, 43.7123337 ], [ -115.0293655, 43.7284393 ], [ -115.0422363, 43.744507 ], [ -115.0361023, 43.7663612 ], [ -115.0571594, 43.7836876 ], [ -115.0585483, 43.8218307 ], [ -115.1238382, 43.82175 ], [ -115.130592299999975, 43.8399124 ], [ -115.1431846, 43.8395984 ], [ -115.146938299999988, 43.8484828 ], [ -115.1865904, 43.8450898 ], [ -115.177126199999989, 43.8821068 ], [ -115.2027733, 43.895276 ], [ -115.1940826, 43.9488099 ], [ -115.2330207, 43.95843 ], [ -115.2267532, 43.9724884 ], [ -115.255088, 43.9939694 ], [ -115.246623899999989, 44.0202243 ], [ -115.257270800000015, 44.0431633 ], [ -115.2204666, 44.0742302 ], [ -115.2356644, 44.0962524 ], [ -115.1813354, 44.0925789 ], [ -115.168014500000012, 44.1347275 ], [ -115.1789283, 44.1620242 ], [ -115.1392899, 44.1800461 ], [ -115.169055899999989, 44.2059352 ], [ -115.162715799999987, 44.2138125 ], [ -115.1747627, 44.2355334 ], [ -115.156494099999989, 44.2466278 ], [ -115.1753998, 44.293285399999988 ], [ -115.2027664, 44.2824822 ], [ -115.213470399999977, 44.3048059 ], [ -115.2385712, 44.3068924 ], [ -115.261535599999988, 44.3287392 ], [ -115.293098399999977, 44.3338051 ], [ -115.284523, 44.357811 ], [ -115.2464447, 44.3878021 ], [ -115.2452316, 44.4311714 ], [ -115.253677400000015, 44.4382439 ], [ -115.2735443, 44.4262466 ], [ -115.3076782, 44.4235992 ], [ -115.332458500000016, 44.4314079 ], [ -115.3775482, 44.4096718 ], [ -115.3734207, 44.4221725 ], [ -115.3902893, 44.4496307 ], [ -115.381073, 44.4626274 ], [ -115.3998108, 44.4495926 ], [ -115.4234314, 44.4544563 ], [ -115.469389600000014, 44.4235721 ], [ -115.498330900000013, 44.4236569 ], [ -115.4983262, 44.4359987 ], [ -115.5489655, 44.4674988 ], [ -115.523574799999977, 44.5032234 ], [ -115.49794009999998, 44.5031776 ], [ -115.490341199999989, 44.5108375 ], [ -115.506752, 44.5517693 ], [ -115.485565200000011, 44.5596504 ], [ -115.48951719999998, 44.5754967 ], [ -115.469429, 44.5776977 ], [ -115.4792404, 44.5951462 ], [ -115.4668808, 44.6048698 ], [ -115.4416809, 44.5986404 ], [ -115.4363403, 44.6065292 ], [ -115.413719199999989, 44.6048813 ], [ -115.4053085, 44.6157599 ], [ -115.4182053, 44.636486 ], [ -115.447624199999979, 44.6417046 ], [ -115.4480743, 44.6640587 ], [ -115.413604699999979, 44.7163963 ], [ -115.4346008, 44.768379200000012 ], [ -115.424003599999978, 44.7784958 ], [ -115.405808799999988, 44.769527599999989 ], [ -115.389976499999989, 44.7756386 ], [ -115.3950424, 44.7979469 ], [ -115.3771896, 44.8114815 ], [ -115.3756409, 44.8526611 ], [ -115.39588160000001, 44.8722496 ], [ -115.399528499999974, 44.8957519 ], [ -115.4148636, 44.8900185 ], [ -115.4285202, 44.8964157 ], [ -115.459259, 44.9365578 ], [ -115.4390412, 44.9600639 ], [ -115.491900699999988, 44.970123699999988 ], [ -115.588707, 44.9476166 ] ], [ [ -115.32094570000001, 43.5152408 ], [ -115.301351, 43.5152385 ], [ -115.3013925, 43.5296829 ], [ -115.261684699999989, 43.5296322 ], [ -115.2618486, 43.4139492 ], [ -115.2907298, 43.4137818 ], [ -115.2717729, 43.4194083 ], [ -115.286622900000012, 43.4247203 ], [ -115.2914482, 43.4790491 ], [ -115.3114684, 43.4844737 ], [ -115.3162366, 43.479027 ], [ -115.32094570000001, 43.5152408 ] ], [ [ -115.3209761, 43.4718613 ], [ -115.311235599999989, 43.47182 ], [ -115.3173763, 43.4573485 ], [ -115.3209761, 43.4718613 ] ], [ [ -115.340975199999988, 43.4428179 ], [ -115.311492800000011, 43.4428582 ], [ -115.3114113, 43.4211173 ], [ -115.3359982, 43.4137807 ], [ -115.340975199999988, 43.4428179 ] ], [ [ -115.539887900000011, 43.497643 ], [ -115.5199605, 43.497641699999988 ], [ -115.519943500000011, 43.486766499999987 ], [ -115.539861699999989, 43.4903717 ], [ -115.539887900000011, 43.497643 ] ], [ [ -115.5393555, 43.370408 ], [ -115.539400199999974, 43.3631489 ], [ -115.549268500000011, 43.3668632 ], [ -115.5393555, 43.370408 ] ], [ [ -115.598196, 43.4282352 ], [ -115.608259499999988, 43.4283423 ], [ -115.6032991, 43.4428058 ], [ -115.598196, 43.4282352 ] ], [ [ -115.6969755, 43.5441271 ], [ -115.6969548, 43.533596 ], [ -115.7068925, 43.5441412 ], [ -115.6969755, 43.5441271 ] ], [ [ -115.8603355, 43.9795192 ], [ -115.84067, 43.9794248 ], [ -115.840573299999988, 43.9653313 ], [ -115.8553659, 43.9653698 ], [ -115.8603355, 43.9795192 ] ], [ [ -115.8360416, 43.8510075 ], [ -115.8208642, 43.8511429 ], [ -115.821046200000012, 43.822203 ], [ -115.861064899999988, 43.8222476 ], [ -115.8608582, 43.836636 ], [ -115.8387355, 43.8328921 ], [ -115.8360416, 43.8510075 ] ], [ [ -115.8999858, 43.9227402 ], [ -115.8801585, 43.9226525 ], [ -115.8801319, 43.9082587 ], [ -115.8969216, 43.9083169 ], [ -115.8999858, 43.9227402 ] ], [ [ -115.9387744, 43.9516109 ], [ -115.9388629, 43.937203 ], [ -115.959125300000011, 43.9373618 ], [ -115.9590622, 43.9517232 ], [ -115.9387744, 43.9516109 ] ], [ [ -115.9786389, 43.9801326 ], [ -115.979086200000012, 43.951635499999988 ], [ -116.018747499999975, 43.9517782 ], [ -116.018603699999986, 43.9798773 ], [ -115.9786389, 43.9801326 ] ] ] ] } }
]
}
