{
"type": "FeatureCollection",
"name": "nps",
"crs": { "type": "name", "properties": { "name": "urn:ogc:def:crs:OGC:1.3:CRS84" } },
"features": [
{ "type": "Feature", "properties": { "name": "Apostle Islands National Lakeshore", "code": "APIS", "designation": "National Lakeshores", "state": "WI", "acres": 13449.0, "type": "nps" }, "geometry": { "type": "Polygon", "coordinates": [ [ [ -90.5015024, 46.9598241 ], [ -90.5294442, 46.9743773 ], [ -90.6357169, 46.947783699999988 ], [ -90.6616748, 46.9193336 ], [ -90.6359035, 46.902882299999987 ], [ -90.6049434, 46.915713 ], [ -90.5874979, 46.9120458 ], [ -90.5655296, 46.9204305 ], [ -90.5478182, 46.9030299 ], [ -90.5316854, 46.911282899999989 ], [ -90.539461800000012, 46.9278729 ], [ -90.5248831, 46.929608 ], [ -90.5015024, 46.9598241 ] ] ] } },
{ "type": "Feature", "properties": { "name": "Effigy Mounds National Monument", "code": "EFMO", "designation": "National Monuments", "state": "IA", "acres": 2109.0, "type": "nps" }, "geometry": { "type": "Polygon", "coordinates": [ [ [ -91.1987624, 43.102414 ], [ -91.2166422, 43.1024707 ], [ -91.2362755, 43.0952183 ], [ -91.2362554, 43.0879175 ], [ -91.2167945, 43.0914019 ], [ -91.2166291, 43.0804317 ], [ -91.2067157, 43.080321 ], [ -91.2019961, 43.0877064 ], [ -91.1915252, 43.0658674 ], [ -91.1802766, 43.0640311 ], [ -91.181294799999989, 43.084813 ], [ -91.1833881, 43.0869229 ], [ -91.1907875, 43.0881216 ], [ -91.1963974, 43.0943393 ], [ -91.194372300000012, 43.0979914 ], [ -91.1987624, 43.102414 ] ] ] } },
{ "type": "Feature", "properties": { "name": "Gulf Islands National Seashore", "code": "GUIS", "designation": "National Seashores", "state": "MS", "acres": 61655.0, "type": "nps" }, "geometry": { "type": "Polygon", "coordinates": [ [ [ -86.558919, 30.4010369 ], [ -86.7260467, 30.4081668 ], [ -86.7643847, 30.3972655 ], [ -86.8514066, 30.3986381 ], [ -87.1108682, 30.3567111 ], [ -87.169750400000012, 30.3392137 ], [ -87.299657599999989, 30.3339494 ], [ -87.3067707, 30.3322178 ], [ -87.3050996, 30.3133965 ], [ -87.2667845, 30.3012525 ], [ -87.215196, 30.3051293 ], [ -86.882619, 30.3614038 ], [ -86.7334145, 30.378462199999987 ], [ -86.6247779, 30.3816369 ], [ -86.5222848, 30.3716322 ], [ -86.5135237, 30.3767157 ], [ -86.5133196, 30.391543 ], [ -86.5260737, 30.40851480000001 ], [ -86.558919, 30.4010369 ] ] ] } },
{ "type": "Feature", "properties": { "name": "Harpers Ferry National Historical Park", "code": "HAFE", "designation": "National Historical Parks", "state": "VA", "acres": 1255.0, "type": "nps" }, "geometry": { "type": "Polygon", "coordinates": [ [ [ -77.7590599, 39.3204902 ], [ -77.7667062, 39.3091526 ], [ -77.741701, 39.3194911 ], [ -77.7674586, 39.3024367 ], [ -77.7469789, 39.3090353 ], [ -77.7564067, 39.2774936 ], [ -77.7421052, 39.3064243 ], [ -77.7169979, 39.3190032 ], [ -77.7422552, 39.3205238 ], [ -77.7313538, 39.3246118 ], [ -77.7590599, 39.3204902 ] ] ] } },
{ "type": "Feature", "properties": { "name": "Herbert Hoover National Historic Site", "code": "HEHO", "designation": "National Historic Sites", "state": "IA", "acres": 108.0, "type": "nps" }, "geometry": { "type": "Polygon", "coordinates": [ [ [ -91.3588411, 41.6712671 ], [ -91.3589087, 41.6648668 ], [ -91.3440846, 41.6712968 ], [ -91.3588411, 41.6712671 ] ] ] } },
{ "type": "Feature", "properties": { "name": "Indiana Dunes National Park", "code": "INDU", "designation": "National Parks", "state": "IN", "acres": 11179.0, "type": "nps" }, "geometry": { "type": "MultiPolygon", "coordinates": [ [ [ [ -87.1270194, 41.6162931 ], [ -87.1303524, 41.6150329 ], [ -87.1697582, 41.6104036 ], [ -87.1541211, 41.6113198 ], [ -87.149467199999989, 41.607398 ], [ -87.1270194, 41.6162931 ] ] ], [ [ [ -87.0925962, 41.6167185 ], [ -87.0770504, 41.627626 ], [ -87.0867524, 41.6343009 ], [ -87.065863, 41.640470199999989 ], [ -87.054006199999989, 41.6369102 ], [ -87.0288326, 41.6478249 ], [ -87.0218405, 41.6442116 ], [ -86.9759074, 41.6731313 ], [ -86.9932968, 41.6633776 ], [ -86.9956643, 41.6685324 ], [ -86.9244487, 41.7003976 ], [ -86.9185037, 41.716987499999988 ], [ -87.1218618, 41.6477029 ], [ -87.1210113, 41.6392193 ], [ -87.091827, 41.635597499999989 ], [ -87.1103754, 41.627856 ], [ -87.096443, 41.6278477 ], [ -87.1243282, 41.6173105 ], [ -87.0925962, 41.6167185 ] ], [ [ -86.9625934, 41.6994749 ], [ -86.9614384, 41.6914318 ], [ -86.9944622, 41.6777719 ], [ -86.9993287, 41.6848806 ], [ -86.9625934, 41.6994749 ] ], [ [ -87.0828608, 41.6491072 ], [ -87.1037743, 41.6476974 ], [ -87.0718553, 41.6599199 ], [ -87.0828608, 41.6491072 ] ] ] ] } },
{ "type": "Feature", "properties": { "name": "Missouri National Recreational River", "code": "MNRR", "designation": "National Wild & Scenic Rivers", "state": "SD", "acres": 34708.0, "type": "nps" }, "geometry": { "type": "MultiPolygon", "coordinates": [ [ [ [ -97.345066, 42.8713155 ], [ -97.351872700000015, 42.8671638 ], [ -97.3393367, 42.8640902 ], [ -97.3520596, 42.8625101 ], [ -97.3619565, 42.864796399999989 ], [ -97.3575405, 42.8688052 ], [ -97.4121551, 42.8708246 ], [ -97.4393469, 42.8492656 ], [ -97.4611213, 42.8459182 ], [ -97.4409948, 42.8431207 ], [ -97.3929737, 42.8611474 ], [ -97.3614859, 42.8515687 ], [ -97.3226097, 42.857433 ], [ -97.2657018, 42.8471496 ], [ -97.2496521, 42.8509236 ], [ -97.2171788, 42.8075443 ], [ -97.1519787, 42.7880603 ], [ -97.1471299, 42.7693003 ], [ -97.1014765, 42.7525326 ], [ -97.0790832, 42.7486824 ], [ -97.0932877, 42.760606 ], [ -97.0357774, 42.7587574 ], [ -96.9779568, 42.7469752 ], [ -96.9683497, 42.7371017 ], [ -96.9693289, 42.7193227 ], [ -96.9763672, 42.7193045 ], [ -96.965223099999989, 42.7107367 ], [ -96.9108546, 42.7073011 ], [ -96.9278653, 42.7165577 ], [ -96.8769011, 42.7191471 ], [ -96.8105719, 42.6935909 ], [ -96.8088535, 42.6737875 ], [ -96.823834, 42.6854316 ], [ -96.8276667, 42.6667566 ], [ -96.8176591, 42.6716604 ], [ -96.7982397, 42.6569274 ], [ -96.7724709, 42.6566415 ], [ -96.7524608, 42.6462682 ], [ -96.7645104, 42.6568352 ], [ -96.727418, 42.661162 ], [ -96.7072884, 42.6545682 ], [ -96.7063719, 42.6368037 ], [ -96.7334345, 42.6078719 ], [ -96.7221639, 42.5896585 ], [ -96.6930673, 42.5945354 ], [ -96.7042469, 42.6159654 ], [ -96.679653500000015, 42.6526847 ], [ -96.688307099999989, 42.6705063 ], [ -96.747287, 42.6735851 ], [ -96.7791054, 42.6669182 ], [ -96.7968019, 42.6763769 ], [ -96.7908298, 42.7022822 ], [ -96.8375306, 42.7147381 ], [ -96.854575, 42.730207 ], [ -96.9069322, 42.7387922 ], [ -96.9454225, 42.7238952 ], [ -96.9452451, 42.7497862 ], [ -97.0063053, 42.7727946 ], [ -97.0260958, 42.7673264 ], [ -97.071795, 42.774603 ], [ -97.057124, 42.7793807 ], [ -97.0756253, 42.776767 ], [ -97.0788013, 42.7823983 ], [ -97.1197431, 42.7724202 ], [ -97.1410891, 42.7975083 ], [ -97.2066002, 42.8199156 ], [ -97.2202663, 42.852167699999988 ], [ -97.290871, 42.8720979 ], [ -97.345066, 42.8713155 ] ] ], [ [ [ -98.0429222, 42.6557217 ], [ -98.0380374, 42.6652657 ], [ -98.038887800000012, 42.6697113 ], [ -98.0429222, 42.6557217 ] ] ] ] } },
{ "type": "Feature", "properties": { "name": "North Cascades National Park", "code": "NOCA", "designation": "National Parks", "state": "WA", "acres": 291605.0, "type": "nps" }, "geometry": { "type": "Polygon", "coordinates": [ [ [ -121.5224271, 48.9994271 ], [ -121.5235012, 48.8611457 ], [ -121.6294051, 48.8611256 ], [ -121.639930099999987, 48.7876257 ], [ -121.5520803, 48.7876639 ], [ -121.5433202, 48.7768899 ], [ -121.5416141, 48.708954899999988 ], [ -121.563795, 48.6866967 ], [ -121.563865299999975, 48.652907399999989 ], [ -121.5467298, 48.6500999 ], [ -121.5120564, 48.6265174 ], [ -121.485772, 48.633255399999989 ], [ -121.4704992, 48.6131269 ], [ -121.4604692, 48.6147588 ], [ -121.4668071, 48.6578133 ], [ -121.40072090000001, 48.6761094 ], [ -121.376483499999978, 48.6359275 ], [ -121.3251395, 48.674027699999989 ], [ -121.2541153, 48.6896397 ], [ -121.2274385, 48.7081932 ], [ -121.1699346, 48.7283737 ], [ -121.079125800000014, 48.7404853 ], [ -121.0684349, 48.7592763 ], [ -121.1782337, 48.8037895 ], [ -121.161339499999983, 48.820039 ], [ -121.098962300000011, 48.8188022 ], [ -121.0598383, 48.8463098 ], [ -121.1214173, 48.9070848 ], [ -121.1072749, 48.9317378 ], [ -121.130391, 48.9874608 ], [ -121.1194397, 49.000210599999988 ], [ -121.5224271, 48.9994271 ] ] ] } },
{ "type": "Feature", "properties": { "name": "Olympic National Park", "code": "OLYM", "designation": "National Parks", "state": "WA", "acres": 873820.0, "type": "nps" }, "geometry": { "type": "Polygon", "coordinates": [ [ [ -123.808101899999983, 48.0997664 ], [ -123.8084021, 48.074618799999989 ], [ -123.9435808, 48.0917015 ], [ -123.9461023, 48.0720961 ], [ -124.0000317, 48.0673761 ], [ -123.9929614, 48.051169099999989 ], [ -123.9633641, 48.0469736 ], [ -123.9244446, 48.023676599999988 ], [ -123.9239472, 47.9816395 ], [ -123.9449117, 47.9500643 ], [ -123.957527, 47.9533579 ], [ -123.9730677, 47.9459387 ], [ -123.9899441, 47.9510314 ], [ -124.087334, 47.9315428 ], [ -124.1039156, 47.939535199999987 ], [ -124.155589600000013, 47.9291799 ], [ -124.2474671, 47.952836399999988 ], [ -124.247604700000011, 47.859901799999989 ], [ -124.2139149, 47.8590859 ], [ -124.214347499999988, 47.851965 ], [ -124.1614853, 47.8519026 ], [ -124.1614864, 47.8445288 ], [ -124.0327953, 47.8383354 ], [ -124.0328387, 47.8165496 ], [ -123.968589099999988, 47.816341799999989 ], [ -123.968577700000012, 47.8090829 ], [ -123.9469362, 47.8091584 ], [ -123.948630900000012, 47.7573467 ], [ -123.9422486, 47.7502009 ], [ -123.9170163, 47.7493864 ], [ -123.8984664, 47.7313024 ], [ -123.9012942, 47.7104145 ], [ -123.9405234, 47.691897499999989 ], [ -123.961431, 47.6699335 ], [ -124.012711699999983, 47.6569886 ], [ -124.012699900000015, 47.6349552 ], [ -124.023334600000013, 47.6349716 ], [ -124.0393733, 47.6204854 ], [ -124.1217462, 47.598795599999988 ], [ -124.121714399999988, 47.5843362 ], [ -124.1695274, 47.5769359 ], [ -124.1906962, 47.5589139 ], [ -124.244199400000014, 47.5624122 ], [ -124.2762492, 47.5588443 ], [ -124.2760999, 47.5533597 ], [ -124.217362799999989, 47.540798099999989 ], [ -124.164253699999989, 47.555312 ], [ -124.153827599999985, 47.5661793 ], [ -124.0948421, 47.5698976 ], [ -124.089618699999988, 47.5916013 ], [ -124.0140044, 47.6048736 ], [ -124.0057947, 47.621529 ], [ -123.873461600000013, 47.6214298 ], [ -123.7972015, 47.609085 ], [ -123.7998801, 47.569153199999988 ], [ -123.8182351, 47.5612814 ], [ -123.81858050000001, 47.5176991 ], [ -123.9241996, 47.5104196 ], [ -123.924683699999974, 47.4724718 ], [ -123.9125306, 47.469707199999988 ], [ -123.8491328, 47.497951099999987 ], [ -123.8424915, 47.493388499999988 ], [ -123.80479050000001, 47.4986673 ], [ -123.7789539, 47.5173142 ], [ -123.7752939, 47.5294738 ], [ -123.741752099999985, 47.536344799999988 ], [ -123.696249099999989, 47.5313114 ], [ -123.696721700000012, 47.494748199999989 ], [ -123.641261299999982, 47.5004479 ], [ -123.617588, 47.4853105 ], [ -123.5950678, 47.4961946 ], [ -123.5871289, 47.5100686 ], [ -123.561425, 47.5177209 ], [ -123.3418477, 47.520205 ], [ -123.3417777, 47.5064424 ], [ -123.3149683, 47.5058552 ], [ -123.296951299999989, 47.5205802 ], [ -123.3020352, 47.5297945 ], [ -123.2932257, 47.5379475 ], [ -123.313469200000014, 47.5491048 ], [ -123.3135147, 47.5863717 ], [ -123.273454, 47.5909167 ], [ -123.256062500000013, 47.6074624 ], [ -123.206384199999988, 47.6074403 ], [ -123.1406394, 47.6537181 ], [ -123.128107599999979, 47.6717796 ], [ -123.1304914, 47.692853399999983 ], [ -123.1383506, 47.6911918 ], [ -123.1344934, 47.751785 ], [ -123.1204903, 47.751785 ], [ -123.1204619, 47.7957296 ], [ -123.206514899999988, 47.7957296 ], [ -123.1972315, 47.843088 ], [ -123.1572, 47.8679871 ], [ -123.167186300000012, 47.910318599999989 ], [ -123.202716099999989, 47.910317899999988 ], [ -123.2102631, 47.9247898 ], [ -123.227099700000011, 47.92479 ], [ -123.2306234, 47.9704244 ], [ -123.2543346, 47.9704256 ], [ -123.2541899, 47.9999459 ], [ -123.3401817, 47.9999632 ], [ -123.345601, 48.0146074 ], [ -123.367115799999979, 48.0146471 ], [ -123.372482599999984, 48.0291551 ], [ -123.383103299999988, 48.0292248 ], [ -123.3828923, 48.0434488 ], [ -123.4184151, 48.0435346 ], [ -123.4192469, 48.0606468 ], [ -123.4312533, 48.0686316 ], [ -123.4255695, 48.1018356 ], [ -123.4349372, 48.1016729 ], [ -123.4361785, 48.068749399999987 ], [ -123.422243, 48.050666799999988 ], [ -123.4307916, 48.0400145 ], [ -123.542061799999985, 48.042502899999988 ], [ -123.5625674, 48.051579499999988 ], [ -123.5866053, 48.0425458 ], [ -123.6571887, 48.0493552 ], [ -123.6789816, 48.0436865 ], [ -123.7421528, 48.0559491 ], [ -123.742211900000015, 48.0996501 ], [ -123.808101899999983, 48.0997664 ] ] ] } },
{ "type": "Feature", "properties": { "name": "Pinnacles National Park", "code": "PINN", "designation": "National Parks", "state": "CA", "acres": 26760.0, "type": "nps" }, "geometry": { "type": "Polygon", "coordinates": [ [ [ -121.2297974, 36.5389446 ], [ -121.238833699999986, 36.5354651 ], [ -121.2301726, 36.5315623 ], [ -121.230988599999989, 36.517041899999988 ], [ -121.2399215, 36.5170905 ], [ -121.245534100000015, 36.5029964 ], [ -121.2321399, 36.5025607 ], [ -121.232988299999988, 36.4732696 ], [ -121.20607769999998, 36.4732222 ], [ -121.207102, 36.4297851 ], [ -121.189121700000015, 36.4228637 ], [ -121.1891472, 36.4084234 ], [ -121.1713151, 36.408405 ], [ -121.17113590000001, 36.4156285 ], [ -121.153142499999987, 36.4161773 ], [ -121.1575018, 36.4304584 ], [ -121.144354299999975, 36.4702849 ], [ -121.1171811, 36.4737882 ], [ -121.108113, 36.4844288 ], [ -121.111717299999981, 36.4917351 ], [ -121.133488199999988, 36.4881153 ], [ -121.13369130000001, 36.4954759 ], [ -121.101224, 36.4990148 ], [ -121.124534899999986, 36.51627 ], [ -121.1387378, 36.5178643 ], [ -121.16227139999998, 36.5422369 ], [ -121.1846914, 36.5423054 ], [ -121.1849701, 36.531651 ], [ -121.1939475, 36.5316556 ], [ -121.193478699999986, 36.5496016 ], [ -121.211308699999989, 36.5532961 ], [ -121.215383799999984, 36.5641623 ], [ -121.238699099999977, 36.5463379 ], [ -121.2297974, 36.5389446 ] ] ] } },
{ "type": "Feature", "properties": { "name": "Point Reyes National Seashore", "code": "PORE", "designation": "National Seashores", "state": "CA", "acres": 73085.0, "type": "nps" }, "geometry": { "type": "Polygon", "coordinates": [ [ [ -122.92811540000001, 38.1900529 ], [ -122.9824026, 38.2395114 ], [ -122.9983537, 38.2439262 ], [ -122.953876, 38.154573 ], [ -122.978362600000011, 38.0820496 ], [ -123.027956300000014, 37.9932759 ], [ -122.962496699999988, 37.9863677 ], [ -122.9636924, 37.9961176 ], [ -122.979289799999975, 38.0042187 ], [ -122.9481758, 38.0272156 ], [ -122.8749986, 38.0193047 ], [ -122.8251657, 37.9935613 ], [ -122.79825529999998, 37.9696944 ], [ -122.787022600000014, 37.9453269 ], [ -122.7418334, 37.9225415 ], [ -122.7310314, 37.9004031 ], [ -122.713630699999982, 37.8964196 ], [ -122.7039854, 37.9054896 ], [ -122.7103908, 37.9189512 ], [ -122.701227, 37.9206534 ], [ -122.724833499999988, 37.9349226 ], [ -122.709558, 37.9397141 ], [ -122.7147871, 37.9567627 ], [ -122.780128300000015, 38.0233524 ], [ -122.804825, 38.0634183 ], [ -122.8176648, 38.0614652 ], [ -122.8192383, 38.0518652 ], [ -122.8274374, 38.0539552 ], [ -122.8209352, 38.0613864 ], [ -122.827283, 38.0655885 ], [ -122.8381739, 38.0557386 ], [ -122.842950899999977, 38.0595421 ], [ -122.8325314, 38.0679161 ], [ -122.8394019, 38.0738076 ], [ -122.8483386, 38.0687331 ], [ -122.850766400000012, 38.0752868 ], [ -122.8361829, 38.0826987 ], [ -122.8482514, 38.0866143 ], [ -122.8478718, 38.094242 ], [ -122.8456868, 38.0921974 ], [ -122.837865600000015, 38.0933439 ], [ -122.8890072, 38.1323153 ], [ -122.92811540000001, 38.1900529 ] ], [ [ -122.8658795, 38.0946329 ], [ -122.8834074, 38.1113505 ], [ -122.8698873, 38.1148344 ], [ -122.848082300000016, 38.094439 ], [ -122.8658795, 38.0946329 ] ] ] } },
{ "type": "Feature", "properties": { "name": "Prince William Forest Park", "code": "PRWI", "designation": "Other Designations", "state": "VA", "acres": 13371.0, "type": "nps" }, "geometry": { "type": "Polygon", "coordinates": [ [ [ -77.4367785, 38.6331887 ], [ -77.437720700000014, 38.62551 ], [ -77.4228109, 38.6060804 ], [ -77.4294898, 38.5851907 ], [ -77.422826, 38.5486853 ], [ -77.3969306, 38.5478416 ], [ -77.3912396, 38.5369431 ], [ -77.3847423, 38.561148599999989 ], [ -77.3442355, 38.5510398 ], [ -77.330169400000017, 38.5748029 ], [ -77.336386, 38.5978262 ], [ -77.3896924, 38.6134297 ], [ -77.4367785, 38.6331887 ] ] ] } },
{ "type": "Feature", "properties": { "name": "Pu'uhonua o Honaunau National Historical Park", "code": "PUHO", "designation": "National Historical Parks", "state": "HI", "acres": 496.0, "type": "nps" }, "geometry": { "type": "Polygon", "coordinates": [ [ [ -155.888810799999987, 19.4117023 ], [ -155.9025728, 19.4106793 ], [ -155.9077925, 19.4234671 ], [ -155.9140487, 19.4209052 ], [ -155.906696, 19.4066976 ], [ -155.888965899999988, 19.4053179 ], [ -155.888810799999987, 19.4117023 ] ] ] } },
{ "type": "Feature", "properties": { "name": "Reconstruction Era National Historical Park", "code": "REER", "designation": "National Historical Parks", "state": "SC", "acres": 0.0, "type": "nps" }, "geometry": { "type": "GeometryCollection", "geometries": [ ] } },
{ "type": "Feature", "properties": { "name": "Saugus Iron Works National Historic Site", "code": "SAIR", "designation": "National Historic Sites", "state": "MA", "acres": 0.0, "type": "nps" }, "geometry": { "type": "GeometryCollection", "geometries": [ ] } },
{ "type": "Feature", "properties": { "name": "Saratoga National Historical Park", "code": "SARA", "designation": "National Historical Parks", "state": "NY", "acres": 3247.0, "type": "nps" }, "geometry": { "type": "Polygon", "coordinates": [ [ [ -73.6592022, 42.9986082 ], [ -73.6513794, 42.99752 ], [ -73.6519188, 42.9774478 ], [ -73.6305727, 42.9733695 ], [ -73.6098551, 42.9834342 ], [ -73.6198036, 42.9854791 ], [ -73.6001444, 43.0142101 ], [ -73.6143462, 43.0079873 ], [ -73.6496557, 43.0146869 ], [ -73.6592022, 42.9986082 ] ] ] } },
{ "type": "Feature", "properties": { "name": "Emmett Till and Mamie Till-Mobley National Monument", "code": "TILL", "designation": "National Monuments", "state": "MS", "acres": 0.0, "type": "nps" }, "geometry": { "type": "GeometryCollection", "geometries": [ ] } },
{ "type": "Feature", "properties": { "name": "Vicksburg National Military Park", "code": "VICK", "designation": "National Military Parks", "state": "MS", "acres": 1909.0, "type": "nps" }, "geometry": { "type": "Polygon", "coordinates": [ [ [ -90.8505674, 32.3413538 ], [ -90.8506242, 32.3413218 ], [ -90.849127, 32.340854 ], [ -90.8371271, 32.3547831 ], [ -90.8395591, 32.370946 ], [ -90.8305772, 32.3750146 ], [ -90.8335163, 32.3802639 ], [ -90.8672701, 32.3797179 ], [ -90.8738671, 32.368224 ], [ -90.846565900000016, 32.3676946 ], [ -90.8575712, 32.3434921 ], [ -90.8518289, 32.3416982 ], [ -90.8505674, 32.3413538 ] ] ] } },
{ "type": "Feature", "properties": { "name": "Voyageurs National Park", "code": "VOYA", "designation": "National Parks", "state": "MN", "acres": 200902.0, "type": "nps" }, "geometry": { "type": "Polygon", "coordinates": [ [ [ -92.9845048, 48.6238238 ], [ -93.154112, 48.6246423 ], [ -93.147687499999989, 48.5727251 ], [ -93.1090457, 48.5584998 ], [ -93.099921099999989, 48.570183199999988 ], [ -93.0841315, 48.562109799999988 ], [ -93.0989313, 48.553635299999982 ], [ -93.090087200000013, 48.5470709 ], [ -93.1062313, 48.5472084 ], [ -93.101284, 48.540259 ], [ -93.1119316, 48.5459512 ], [ -93.1123537, 48.5154871 ], [ -93.1450702, 48.516506899999989 ], [ -93.1560648, 48.5095821 ], [ -93.1560598, 48.4740012 ], [ -93.1022313, 48.4739206 ], [ -93.1020986, 48.489334 ], [ -93.0889367, 48.492597499999988 ], [ -93.0740548, 48.4827727 ], [ -93.0572222, 48.4843319 ], [ -93.0638927, 48.4742083 ], [ -93.0804789, 48.4794603 ], [ -93.0807462, 48.46506 ], [ -93.0589067, 48.4703649 ], [ -93.0635936, 48.4666851 ], [ -93.0485507, 48.4625539 ], [ -93.0535614, 48.4537453 ], [ -93.0640812, 48.454098299999984 ], [ -93.0299324, 48.4475617 ], [ -93.002375199999989, 48.4284989 ], [ -93.0127443, 48.4257926 ], [ -93.00528, 48.4246513 ], [ -93.0070455, 48.409280699999989 ], [ -92.9520905, 48.4085155 ], [ -92.9524336, 48.394037499999989 ], [ -92.8977274, 48.3915018 ], [ -92.896907399999989, 48.412440599999982 ], [ -92.846716500000014, 48.4117141 ], [ -92.8358892, 48.3976223 ], [ -92.8433479, 48.4116649 ], [ -92.8000295, 48.4113372 ], [ -92.799265, 48.4247346 ], [ -92.7836479, 48.4185057 ], [ -92.781165, 48.3974821 ], [ -92.737291, 48.3970829 ], [ -92.7373356, 48.4113875 ], [ -92.715592199999989, 48.4115259 ], [ -92.7159238, 48.3824464 ], [ -92.628617, 48.3821896 ], [ -92.6167029, 48.3644734 ], [ -92.604654, 48.3633743 ], [ -92.6112343, 48.3723281 ], [ -92.5855503, 48.3525547 ], [ -92.5719535, 48.3242262 ], [ -92.520316799999989, 48.323817 ], [ -92.520185500000011, 48.309097699999988 ], [ -92.5058912, 48.3088634 ], [ -92.505962, 48.3227353 ], [ -92.4984297, 48.322762 ], [ -92.4922173, 48.311894499999987 ], [ -92.4997579, 48.3108407 ], [ -92.473149, 48.2993076 ], [ -92.4636899, 48.302674 ], [ -92.4654105, 48.3251213 ], [ -92.4539457, 48.3289892 ], [ -92.4770647, 48.3716005 ], [ -92.456921, 48.4137451 ], [ -92.475926199999989, 48.4182952 ], [ -92.5078788, 48.4476697 ], [ -92.6566025, 48.436290199999988 ], [ -92.6884732, 48.4435474 ], [ -92.712995600000013, 48.462836 ], [ -92.698934799999989, 48.4946713 ], [ -92.62727910000001, 48.5030424 ], [ -92.6350811, 48.5423179 ], [ -92.7285799, 48.5392101 ], [ -92.949978, 48.608331 ], [ -92.9497346, 48.6291957 ], [ -92.9845048, 48.6238238 ] ] ] } },
{ "type": "Feature", "properties": { "name": "George Washington Birthplace National Monument", "code": "GEWA", "designation": "National Monuments", "state": "VA", "acres": 520.0, "type": "nps" }, "geometry": { "type": "Polygon", "coordinates": [ [ [ -76.934712, 38.1972011 ], [ -76.9184042, 38.1821606 ], [ -76.9133497, 38.1927158 ], [ -76.9048912, 38.1929286 ], [ -76.9279142, 38.2010006 ], [ -76.934712, 38.1972011 ] ] ] } },
{ "type": "Feature", "properties": { "name": "Carlisle Federal Indian Boarding School National Monument", "code": "CIBS", "designation": "National Monuments", "state": "PA", "acres": 0.0, "type": "nps" }, "geometry": { "type": "GeometryCollection", "geometries": [ ] } },
{ "type": "Feature", "properties": { "name": "Frances Perkins National Monument", "code": "FRPE", "designation": "National Monuments", "state": "ME", "acres": 0.0, "type": "nps" }, "geometry": { "type": "GeometryCollection", "geometries": [ ] } },
{ "type": "Feature", "properties": { "name": "Mississippi National River and Recreation Area", "code": "MISS", "designation": "National Rivers", "state": "MN", "acres": 51925.0, "type": "nps" }, "geometry": { "type": "Polygon", "coordinates": [ [ [ -93.5225904, 45.2443619 ], [ -93.4831068, 45.2205279 ], [ -93.4681294, 45.2241589 ], [ -93.45538, 45.211478799999988 ], [ -93.4329794, 45.2132868 ], [ -93.392398, 45.1806108 ], [ -93.3640531, 45.1719318 ], [ -93.3163835, 45.1413879 ], [ -93.300536799999989, 45.123019899999981 ], [ -93.28636, 45.097954 ], [ -93.2796673, 44.9910621 ], [ -93.2065602, 44.9483153 ], [ -93.2065978, 44.9197692 ], [ -93.213762, 44.9171262 ], [ -93.1905668, 44.8932382 ], [ -93.199494, 44.8852422 ], [ -93.1907197, 44.8817672 ], [ -93.2099921, 44.8630221 ], [ -93.1761928, 44.8611943 ], [ -93.172195, 44.8813593 ], [ -93.1523653, 44.8837814 ], [ -93.1009722, 44.9305235 ], [ -93.0869268, 44.9339105 ], [ -93.065196899999989, 44.9247976 ], [ -93.0350822, 44.8888599 ], [ -93.020677, 44.8479431 ], [ -93.0205236, 44.8224803 ], [ -93.0389569, 44.7995612 ], [ -93.032692, 44.7650164 ], [ -92.9848378, 44.7422919 ], [ -92.947811, 44.742643 ], [ -92.9241822, 44.763632 ], [ -92.908601499999989, 44.766623 ], [ -92.8660432, 44.7442682 ], [ -92.8330444, 44.7432835 ], [ -92.832876399999989, 44.724053399999988 ], [ -92.7976798, 44.7237383 ], [ -92.761492, 44.7027723 ], [ -92.7527103, 44.6582551 ], [ -92.7326745, 44.658155199999989 ], [ -92.7354749, 44.7157884 ], [ -92.8222458, 44.7498212 ], [ -92.8224087, 44.7573448 ], [ -92.857101, 44.7646162 ], [ -92.8838437, 44.789946 ], [ -92.9040096, 44.7900599 ], [ -92.9039408, 44.7973189 ], [ -92.954945099999989, 44.7900557 ], [ -92.9648718, 44.8044106 ], [ -92.9794215, 44.8044256 ], [ -92.9956435, 44.8187534 ], [ -93.008752199999989, 44.884133 ], [ -92.9995972, 44.9014829 ], [ -93.0210296, 44.9423676 ], [ -93.0726666, 44.9539185 ], [ -93.1127297, 44.9370575 ], [ -93.164115, 44.9003263 ], [ -93.1876218, 44.8996812 ], [ -93.198686, 44.9506073 ], [ -93.2716641, 44.9995572 ], [ -93.2818123, 45.0594371 ], [ -93.2718716, 45.1023561 ], [ -93.2930596, 45.128055 ], [ -93.295387, 45.149692 ], [ -93.3378303, 45.1583558 ], [ -93.3485578, 45.1757848 ], [ -93.4096867, 45.1998098 ], [ -93.4202311, 45.2169909 ], [ -93.4859369, 45.2301829 ], [ -93.5024855, 45.245876 ], [ -93.5225904, 45.2443619 ] ] ] } },
{ "type": "Feature", "properties": { "name": "Boston National Historical Park", "code": "BOST", "designation": "National Historical Parks", "state": "MA", "acres": 0.0, "type": "nps" }, "geometry": { "type": "GeometryCollection", "geometries": [ ] } },
{ "type": "Feature", "properties": { "name": "Martin Van Buren National Historic Site", "code": "MAVA", "designation": "National Historic Sites", "state": "NY", "acres": 108.0, "type": "nps" }, "geometry": { "type": "Polygon", "coordinates": [ [ [ -73.7203278, 42.3669201 ], [ -73.7101388, 42.3644465 ], [ -73.7045958, 42.3725152 ], [ -73.7203278, 42.3669201 ] ] ] } },
{ "type": "Feature", "properties": { "name": "Springfield Armory National Historic Site", "code": "SPAR", "designation": "National Historic Sites", "state": "MA", "acres": 0.0, "type": "nps" }, "geometry": { "type": "GeometryCollection", "geometries": [ ] } },
{ "type": "Feature", "properties": { "name": "Acadia National Park", "code": "ACAD", "designation": "National Parks", "state": "ME", "acres": 19506.0, "type": "nps" }, "geometry": { "type": "MultiPolygon", "coordinates": [ [ [ [ -68.2017627, 44.3229896 ], [ -68.1877349, 44.3088558 ], [ -68.2038855, 44.3266492 ], [ -68.2033057, 44.3163481 ], [ -68.2017627, 44.3229896 ] ] ], [ [ [ -68.2134106, 44.3140116 ], [ -68.2032549, 44.3377572 ], [ -68.1897686, 44.3152398 ], [ -68.1835814, 44.328776399999988 ], [ -68.1733909, 44.3286825 ], [ -68.183213, 44.3635153 ], [ -68.195496100000014, 44.368819 ], [ -68.2015667, 44.3591714 ], [ -68.1880055, 44.3601104 ], [ -68.2050915, 44.3585253 ], [ -68.2044857, 44.3685837 ], [ -68.2360487, 44.3912633 ], [ -68.2249842, 44.390842 ], [ -68.2393403, 44.4082739 ], [ -68.2511015, 44.4120228 ], [ -68.2545467, 44.4024729 ], [ -68.2528491, 44.4105643 ], [ -68.266172, 44.4160877 ], [ -68.2854398, 44.4120561 ], [ -68.2740164, 44.3748073 ], [ -68.2892466, 44.3760151 ], [ -68.285214, 44.3807466 ], [ -68.2956412, 44.385037 ], [ -68.2974697, 44.3752126 ], [ -68.309363, 44.3814401 ], [ -68.3175386, 44.3719726 ], [ -68.3089767, 44.3628722 ], [ -68.287556, 44.3640175 ], [ -68.3010007, 44.3476607 ], [ -68.298353, 44.3406186 ], [ -68.283911, 44.3425663 ], [ -68.2774079, 44.3213303 ], [ -68.293904400000017, 44.3131238 ], [ -68.2893196, 44.2978014 ], [ -68.2817407, 44.3118581 ], [ -68.2728746, 44.3037721 ], [ -68.2599149, 44.3051514 ], [ -68.2489, 44.3231789 ], [ -68.2444196, 44.3094343 ], [ -68.207582700000017, 44.2979324 ], [ -68.2034714, 44.315635 ], [ -68.2134106, 44.3140116 ] ], [ [ -68.252152, 44.3501021 ], [ -68.2569714, 44.3606387 ], [ -68.2468505, 44.3765343 ], [ -68.252152, 44.3501021 ] ] ] ] } },
{ "type": "Feature", "properties": { "name": "Saint Croix Island International Historic Site", "code": "SACR", "designation": "International Historic Sites", "state": "ME", "acres": 0.0, "type": "nps" }, "geometry": { "type": "GeometryCollection", "geometries": [ ] } },
{ "type": "Feature", "properties": { "name": "Adams National Historical Park", "code": "ADAM", "designation": "National Historical Parks", "state": "MA", "acres": 0.0, "type": "nps" }, "geometry": { "type": "GeometryCollection", "geometries": [ ] } },
{ "type": "Feature", "properties": { "name": "John Fitzgerald Kennedy National Historic Site", "code": "JOFI", "designation": "National Historic Sites", "state": "MA", "acres": 0.0, "type": "nps" }, "geometry": { "type": "GeometryCollection", "geometries": [ ] } },
{ "type": "Feature", "properties": { "name": "Minute Man National Historical Park", "code": "MIMA", "designation": "National Historical Parks", "state": "MA", "acres": 450.0, "type": "nps" }, "geometry": { "type": "MultiPolygon", "coordinates": [ [ [ [ -71.3268793, 42.4573847 ], [ -71.3092096, 42.4544049 ], [ -71.3110703, 42.463409 ], [ -71.3268793, 42.4573847 ] ] ], [ [ [ -71.2895009, 42.4510781 ], [ -71.301344, 42.4586136 ], [ -71.3090889, 42.4543845 ], [ -71.2895009, 42.4510781 ] ] ], [ [ [ -71.2568273, 42.4455555 ], [ -71.261815, 42.4522387 ], [ -71.2801727, 42.4495023 ], [ -71.2568273, 42.4455555 ] ] ] ] } },
{ "type": "Feature", "properties": { "name": "Salem Maritime National Historic Site", "code": "SAMA", "designation": "National Historical Parks", "state": "MA", "acres": 0.0, "type": "nps" }, "geometry": { "type": "GeometryCollection", "geometries": [ ] } },
{ "type": "Feature", "properties": { "name": "Cape Cod National Seashore", "code": "CACO", "designation": "National Seashores", "state": "MA", "acres": 42929.0, "type": "nps" }, "geometry": { "type": "Polygon", "coordinates": [ [ [ -70.1611829, 42.0835564 ], [ -70.2017719, 42.0868539 ], [ -70.2351391, 42.0795258 ], [ -70.2515277, 42.0623402 ], [ -70.193907, 42.016068 ], [ -70.1746944, 42.01905 ], [ -70.161439, 42.0354185 ], [ -70.1955017, 42.0334955 ], [ -70.2128115, 42.052166 ], [ -70.1919744, 42.0577224 ], [ -70.1919737, 42.0632747 ], [ -70.1519772, 42.0664307 ], [ -70.0672059, 42.0305576 ], [ -70.0617875, 42.0100649 ], [ -70.0422665, 42.0068363 ], [ -70.0422321, 41.9886533 ], [ -70.0665611, 41.984969 ], [ -70.0642552, 41.9659871 ], [ -70.084110200000012, 41.9608433 ], [ -70.0787251, 41.8844007 ], [ -70.0685756, 41.8732499 ], [ -70.0600851, 41.875354 ], [ -70.0646706, 41.8943264 ], [ -70.0450162, 41.9215155 ], [ -70.0651697, 41.9288225 ], [ -70.0440413, 41.955381 ], [ -70.0209303, 41.957996 ], [ -70.0148776, 41.9320391 ], [ -69.9854793, 41.9177274 ], [ -69.9832437, 41.8776827 ], [ -69.963296, 41.8456701 ], [ -69.9753796, 41.8381662 ], [ -69.9736428, 41.8308708 ], [ -69.9669323, 41.8172372 ], [ -69.9386175, 41.7977426 ], [ -69.9370908, 41.7772734 ], [ -69.9586675, 41.7530362 ], [ -69.9407855, 41.7327022 ], [ -69.9436499, 41.6707932 ], [ -69.9870142, 41.5994956 ], [ -69.9619429, 41.608992 ], [ -69.9275484, 41.6799829 ], [ -69.9230975, 41.7374708 ], [ -69.9331544, 41.819836 ], [ -69.9641402, 41.9155755 ], [ -70.0021558, 41.985923799999988 ], [ -70.0476152, 42.0392019 ], [ -70.0984136, 42.0660336 ], [ -70.1611829, 42.0835564 ] ] ] } },
{ "type": "Feature", "properties": { "name": "Eleanor Roosevelt National Historic Site", "code": "ELRO", "designation": "National Historic Sites", "state": "NY", "acres": 129.0, "type": "nps" }, "geometry": { "type": "Polygon", "coordinates": [ [ [ -73.9080692, 41.7657077 ], [ -73.8938381, 41.7561118 ], [ -73.8956561, 41.7652779 ], [ -73.9080692, 41.7657077 ] ] ] } },
{ "type": "Feature", "properties": { "name": "Longfellow House-Washington's Headquarters National Historic Site", "code": "LONG", "designation": "National Historic Sites", "state": "MA", "acres": 0.0, "type": "nps" }, "geometry": { "type": "GeometryCollection", "geometries": [ ] } },
{ "type": "Feature", "properties": { "name": "Gateway National Recreation Area", "code": "GATE", "designation": "National Recreation Areas", "state": "NY", "acres": 19683.0, "type": "nps" }, "geometry": { "type": "Polygon", "coordinates": [ [ [ -73.8545371, 40.658355199999988 ], [ -73.8710288, 40.6480866 ], [ -73.8943389, 40.6242514 ], [ -73.9092797, 40.5873563 ], [ -73.9312023, 40.5836943 ], [ -73.9252312, 40.5650362 ], [ -73.9427747, 40.5559332 ], [ -73.9458451, 40.5392054 ], [ -73.8612587, 40.5635774 ], [ -73.8675793, 40.5802026 ], [ -73.8236901, 40.5899693 ], [ -73.776651500000014, 40.6151851 ], [ -73.7883422, 40.6227582 ], [ -73.7824555, 40.6290038 ], [ -73.8270696, 40.6504442 ], [ -73.8468622, 40.6476301 ], [ -73.8545371, 40.658355199999988 ] ] ] } },
{ "type": "Feature", "properties": { "name": "Saint Paul's Church National Historic Site", "code": "SAPA", "designation": "National Historic Sites", "state": "NY", "acres": 0.0, "type": "nps" }, "geometry": { "type": "GeometryCollection", "geometries": [ ] } },
{ "type": "Feature", "properties": { "name": "Theodore Roosevelt Inaugural National Historic Site", "code": "THRI", "designation": "National Historic Sites", "state": "NY", "acres": 0.0, "type": "nps" }, "geometry": { "type": "GeometryCollection", "geometries": [ ] } },
{ "type": "Feature", "properties": { "name": "Fort Stanwix National Monument", "code": "FOST", "designation": "National Monuments", "state": "NY", "acres": 0.0, "type": "nps" }, "geometry": { "type": "GeometryCollection", "geometries": [ ] } },
{ "type": "Feature", "properties": { "name": "Fire Island National Seashore", "code": "FIIS", "designation": "National Seashores", "state": "NY", "acres": 19718.0, "type": "nps" }, "geometry": { "type": "Polygon", "coordinates": [ [ [ -72.7536982, 40.7615909 ], [ -72.7533143, 40.7809941 ], [ -72.7953963, 40.7739931 ], [ -72.8149302, 40.7561519 ], [ -72.8757556, 40.7354935 ], [ -72.8952474, 40.7447866 ], [ -72.8978514, 40.7356005 ], [ -73.0275503, 40.685807 ], [ -73.1632731, 40.6529346 ], [ -73.1661543, 40.6599257 ], [ -73.1932226, 40.6620558 ], [ -73.2355837, 40.6560018 ], [ -73.2356306, 40.6488597 ], [ -73.2242885, 40.6419116 ], [ -73.2225489, 40.6252264 ], [ -73.0749435, 40.6587177 ], [ -72.7536982, 40.7615909 ] ] ] } },
{ "type": "Feature", "properties": { "name": "Home of Franklin D. Roosevelt National Historic Site", "code": "HOFR", "designation": "National Historic Sites", "state": "NY", "acres": 750.0, "type": "nps" }, "geometry": { "type": "Polygon", "coordinates": [ [ [ -73.921680200000011, 41.7734274 ], [ -73.9467155, 41.769782 ], [ -73.9353258, 41.7559851 ], [ -73.9303454, 41.7626316 ], [ -73.9068401, 41.7602333 ], [ -73.921680200000011, 41.7734274 ] ] ] } },
{ "type": "Feature", "properties": { "name": "Vanderbilt Mansion National Historic Site", "code": "VAMA", "designation": "National Historic Sites", "state": "NY", "acres": 145.0, "type": "nps" }, "geometry": { "type": "Polygon", "coordinates": [ [ [ -73.945796, 41.788662 ], [ -73.9372869, 41.7934091 ], [ -73.9428856, 41.805267 ], [ -73.945796, 41.788662 ] ] ] } },
{ "type": "Feature", "properties": { "name": "Saint-Gaudens National Historical Park", "code": "SAGA", "designation": "National Historical Parks", "state": "NH", "acres": 73.0, "type": "nps" }, "geometry": { "type": "Polygon", "coordinates": [ [ [ -72.3702366, 43.5031749 ], [ -72.3795807, 43.5030955 ], [ -72.3749465, 43.4961206 ], [ -72.3702366, 43.5031749 ] ] ] } },
{ "type": "Feature", "properties": { "name": "Statue of Liberty National Monument", "code": "STLI", "designation": "National Monuments", "state": "NY", "acres": 0.0, "type": "nps" }, "geometry": { "type": "GeometryCollection", "geometries": [ ] } },
{ "type": "Feature", "properties": { "name": "Thomas Edison National Historical Park", "code": "EDIS", "designation": "National Historical Parks", "state": "NJ", "acres": 0.0, "type": "nps" }, "geometry": { "type": "GeometryCollection", "geometries": [ ] } },
{ "type": "Feature", "properties": { "name": "Morristown National Historical Park", "code": "MORR", "designation": "National Historical Parks", "state": "NJ", "acres": 1584.0, "type": "nps" }, "geometry": { "type": "MultiPolygon", "coordinates": [ [ [ [ -74.564483200000012, 40.7429332 ], [ -74.5575135, 40.7396688 ], [ -74.5540255, 40.7489426 ], [ -74.564483200000012, 40.7429332 ] ] ], [ [ [ -74.5415041, 40.7486054 ], [ -74.53941, 40.7572371 ], [ -74.5190599, 40.7607783 ], [ -74.5093131, 40.7690482 ], [ -74.5132163, 40.775083 ], [ -74.5224806, 40.7710222 ], [ -74.530931, 40.782645 ], [ -74.5447809, 40.7757545 ], [ -74.5480745, 40.7581476 ], [ -74.5395941, 40.7572323 ], [ -74.553732, 40.7491112 ], [ -74.5415041, 40.7486054 ] ] ] ] } },
{ "type": "Feature", "properties": { "name": "Theodore Roosevelt Birthplace National Historic Site", "code": "THRB", "designation": "National Historic Sites", "state": "NY", "acres": 0.0, "type": "nps" }, "geometry": { "type": "GeometryCollection", "geometries": [ ] } },
{ "type": "Feature", "properties": { "name": "Castle Clinton National Monument", "code": "CACL", "designation": "National Monuments", "state": "NY", "acres": 0.0, "type": "nps" }, "geometry": { "type": "GeometryCollection", "geometries": [ ] } },
{ "type": "Feature", "properties": { "name": "Federal Hall National Memorial", "code": "FEHA", "designation": "National Memorials", "state": "NY", "acres": 0.0, "type": "nps" }, "geometry": { "type": "GeometryCollection", "geometries": [ ] } },
{ "type": "Feature", "properties": { "name": "General Grant National Memorial", "code": "GEGR", "designation": "National Memorials", "state": "NY", "acres": 0.0, "type": "nps" }, "geometry": { "type": "GeometryCollection", "geometries": [ ] } },
{ "type": "Feature", "properties": { "name": "Hamilton Grange National Memorial", "code": "HAGR", "designation": "National Memorials", "state": "NY", "acres": 0.0, "type": "nps" }, "geometry": { "type": "GeometryCollection", "geometries": [ ] } },
{ "type": "Feature", "properties": { "name": "Sagamore Hill National Historic Site", "code": "SAHI", "designation": "National Historic Sites", "state": "NY", "acres": 0.0, "type": "nps" }, "geometry": { "type": "GeometryCollection", "geometries": [ ] } },
{ "type": "Feature", "properties": { "name": "Boston African American National Historic Site", "code": "BOAF", "designation": "National Historic Sites", "state": "MA", "acres": 0.0, "type": "nps" }, "geometry": { "type": "GeometryCollection", "geometries": [ ] } },
{ "type": "Feature", "properties": { "name": "Boston Harbor Islands National Recreation Area", "code": "BOHA", "designation": "National Recreation Areas", "state": "MA", "acres": 121.0, "type": "nps" }, "geometry": { "type": "Polygon", "coordinates": [ [ [ -70.8753943, 42.2574018 ], [ -70.8669084, 42.2670607 ], [ -70.8769705, 42.2667794 ], [ -70.8795119, 42.274487199999989 ], [ -70.8753943, 42.2574018 ] ] ] } },
{ "type": "Feature", "properties": { "name": "African Burial Ground National Monument", "code": "AFBG", "designation": "National Monuments", "state": "NY", "acres": 0.0, "type": "nps" }, "geometry": { "type": "GeometryCollection", "geometries": [ ] } },
{ "type": "Feature", "properties": { "name": "Governors Island National Monument", "code": "GOIS", "designation": "National Monuments", "state": "NY", "acres": 0.0, "type": "nps" }, "geometry": { "type": "GeometryCollection", "geometries": [ ] } },
{ "type": "Feature", "properties": { "name": "Lowell National Historical Park", "code": "LOWE", "designation": "National Historical Parks", "state": "MA", "acres": 227.0, "type": "nps" }, "geometry": { "type": "MultiPolygon", "coordinates": [ [ [ [ -71.3338709, 42.6486124 ], [ -71.3210457, 42.6511855 ], [ -71.3175433, 42.6421631 ], [ -71.3062043, 42.6441119 ], [ -71.3214599, 42.6520393 ], [ -71.3338709, 42.6486124 ] ] ], [ [ [ -71.3320447, 42.6473641 ], [ -71.3286027, 42.6402613 ], [ -71.3194329, 42.6418382 ], [ -71.3320447, 42.6473641 ] ] ] ] } },
{ "type": "Feature", "properties": { "name": "Roger Williams National Memorial", "code": "ROWI", "designation": "National Memorials", "state": "RI", "acres": 0.0, "type": "nps" }, "geometry": { "type": "GeometryCollection", "geometries": [ ] } },
{ "type": "Feature", "properties": { "name": "New Bedford Whaling National Historical Park", "code": "NEBE", "designation": "National Historical Parks", "state": "MA", "acres": 0.0, "type": "nps" }, "geometry": { "type": "GeometryCollection", "geometries": [ ] } },
{ "type": "Feature", "properties": { "name": "Weir Farm National Historical Park", "code": "WEFA", "designation": "National Historical Parks", "state": "CT", "acres": 0.0, "type": "nps" }, "geometry": { "type": "GeometryCollection", "geometries": [ ] } },
{ "type": "Feature", "properties": { "name": "Marsh-Billings-Rockefeller National Historical Park", "code": "MABI", "designation": "National Historical Parks", "state": "VT", "acres": 376.0, "type": "nps" }, "geometry": { "type": "Polygon", "coordinates": [ [ [ -72.5540539, 43.6396103 ], [ -72.5472627, 43.6285359 ], [ -72.5174175, 43.6298421 ], [ -72.5540539, 43.6396103 ] ] ] } },
{ "type": "Feature", "properties": { "name": "Women's Rights National Historical Park", "code": "WORI", "designation": "National Historical Parks", "state": "NY", "acres": 0.0, "type": "nps" }, "geometry": { "type": "GeometryCollection", "geometries": [ ] } },
{ "type": "Feature", "properties": { "name": "Frederick Law Olmsted National Historic Site", "code": "FRLA", "designation": "National Historic Sites", "state": "MA", "acres": 0.0, "type": "nps" }, "geometry": { "type": "GeometryCollection", "geometries": [ ] } },
{ "type": "Feature", "properties": { "name": "Knife River Indian Villages National Historic Site", "code": "KNRI", "designation": "National Historic Sites", "state": "ND", "acres": 1731.0, "type": "nps" }, "geometry": { "type": "Polygon", "coordinates": [ [ [ -101.367181699999989, 47.3352269 ], [ -101.3821864, 47.3452715 ], [ -101.3784408, 47.3715088 ], [ -101.3981778, 47.3860637 ], [ -101.3887723, 47.3296464 ], [ -101.371056, 47.321407799999989 ], [ -101.367181699999989, 47.3352269 ] ] ] } },
{ "type": "Feature", "properties": { "name": "Badlands National Park", "code": "BADL", "designation": "National Parks", "state": "SD", "acres": 216595.0, "type": "nps" }, "geometry": { "type": "Polygon", "coordinates": [ [ [ -102.437632, 43.918874 ], [ -102.447558199999989, 43.835783299999989 ], [ -102.4176111, 43.8357088 ], [ -102.417781, 43.7927278 ], [ -102.487523599999989, 43.7889116 ], [ -102.5020498, 43.7780962 ], [ -102.5020474, 43.7672716 ], [ -102.512063, 43.7672713 ], [ -102.5120353, 43.7491987 ], [ -102.5370075, 43.7491821 ], [ -102.536999099999989, 43.7419351 ], [ -102.5568991, 43.741951 ], [ -102.5569163, 43.7347068 ], [ -102.6066882, 43.7346575 ], [ -102.6065807, 43.6874423 ], [ -102.7941277, 43.6875693 ], [ -102.7941032, 43.6512357 ], [ -102.8884535, 43.6512493 ], [ -102.8934039, 43.564425 ], [ -102.8735241, 43.531841 ], [ -102.8834663, 43.5318411 ], [ -102.898088199999989, 43.5161054 ], [ -102.861911400000011, 43.4822403 ], [ -102.8137456, 43.490159 ], [ -102.8138134, 43.4992059 ], [ -102.7939594, 43.5109179 ], [ -102.7939761, 43.5208838 ], [ -102.8039422, 43.5208976 ], [ -102.8039889, 43.54261 ], [ -102.7294381, 43.5352732 ], [ -102.7046268, 43.5606499 ], [ -102.6797324, 43.5606206 ], [ -102.6896501, 43.5388933 ], [ -102.6348474, 43.5388684 ], [ -102.6348537, 43.5135465 ], [ -102.6149962, 43.5063126 ], [ -102.6150073, 43.4990758 ], [ -102.595232, 43.4990332 ], [ -102.5952526, 43.5062687 ], [ -102.4762009, 43.509856 ], [ -102.4762672, 43.5278968 ], [ -102.4957793, 43.5279582 ], [ -102.495818, 43.5207548 ], [ -102.5355631, 43.5207681 ], [ -102.5454879, 43.5497006 ], [ -102.5953615, 43.5496272 ], [ -102.5953004, 43.5931302 ], [ -102.6149611, 43.5931658 ], [ -102.6299014, 43.6076716 ], [ -102.6399086, 43.643892699999988 ], [ -102.6149766, 43.6511169 ], [ -102.6150079, 43.6655542 ], [ -102.5953994, 43.6654869 ], [ -102.595373, 43.6510493 ], [ -102.5654867, 43.6509601 ], [ -102.5654594, 43.6292514 ], [ -102.5555018, 43.629221 ], [ -102.5555556, 43.6653537 ], [ -102.5405916, 43.6653374 ], [ -102.5355783, 43.6725467 ], [ -102.5270346, 43.7346815 ], [ -102.4970375, 43.7347534 ], [ -102.4970434, 43.7419885 ], [ -102.4774187, 43.7419948 ], [ -102.4774449, 43.7492361 ], [ -102.4574612, 43.7491983 ], [ -102.4574454, 43.7709031 ], [ -102.4225161, 43.7709748 ], [ -102.4224727, 43.7492183 ], [ -102.3776889, 43.7493038 ], [ -102.377695300000013, 43.7628156 ], [ -102.3384622, 43.7627242 ], [ -102.3384869, 43.777186 ], [ -102.298458700000012, 43.7772212 ], [ -102.2884684, 43.7881694 ], [ -102.2984296, 43.7989321 ], [ -102.298224499999989, 43.8209035 ], [ -102.2287571, 43.8279271 ], [ -102.2287354, 43.8206765 ], [ -102.1987404, 43.8206394 ], [ -102.1685796, 43.7920456 ], [ -102.1585805, 43.792046 ], [ -102.1585953, 43.7775587 ], [ -102.138590799999989, 43.7777073 ], [ -102.1386194, 43.7632051 ], [ -102.0989885, 43.7630203 ], [ -102.0990264, 43.7557848 ], [ -102.0192324, 43.7628676 ], [ -102.0192346, 43.748435699999987 ], [ -101.999550899999988, 43.7484238 ], [ -101.9994387, 43.7411881 ], [ -101.9446437, 43.7413447 ], [ -101.9395874, 43.7322904 ], [ -101.889790499999989, 43.7487616 ], [ -101.8901962, 43.7921988 ], [ -101.9065342, 43.7921313 ], [ -101.9042175, 43.8029792 ], [ -101.9096589, 43.7848316 ], [ -101.9696355, 43.7847766 ], [ -101.9883692, 43.8027213 ], [ -102.0151031, 43.7955121 ], [ -102.0293065, 43.8063905 ], [ -102.1292448, 43.8062477 ], [ -102.1385625, 43.8206496 ], [ -102.1586009, 43.8206408 ], [ -102.158589400000011, 43.8568603 ], [ -102.1986094, 43.8641488 ], [ -102.1986424, 43.8786331 ], [ -102.2186644, 43.8786526 ], [ -102.218680299999988, 43.8858943 ], [ -102.2582777, 43.885884 ], [ -102.2783659, 43.9076599 ], [ -102.3384214, 43.9150696 ], [ -102.343397, 43.9223201 ], [ -102.437632, 43.918874 ] ] ] } },
{ "type": "Feature", "properties": { "name": "Bighorn Canyon National Recreation Area", "code": "BICA", "designation": "National Recreation Areas", "state": "MT", "acres": 118107.0, "type": "nps" }, "geometry": { "type": "Polygon", "coordinates": [ [ [ -107.805236, 45.3771754 ], [ -107.8003127, 45.4044284 ], [ -107.7519785, 45.4374076 ], [ -107.7517071, 45.4461707 ], [ -107.8152264, 45.4023633 ], [ -107.8190848, 45.3770351 ], [ -107.840859, 45.3586466 ], [ -107.8639761, 45.3595112 ], [ -107.895557599999989, 45.340254699999988 ], [ -107.9083629, 45.3403463 ], [ -107.9185927, 45.3185875 ], [ -107.9494432, 45.320444 ], [ -107.9494484, 45.333187 ], [ -108.030093600000015, 45.329836 ], [ -108.0352679, 45.3008485 ], [ -108.1327276, 45.2935914 ], [ -108.1327152, 45.286346099999989 ], [ -108.1635106, 45.286335199999989 ], [ -108.1635008, 45.279083199999988 ], [ -108.2344965, 45.271827099999989 ], [ -108.2344563, 45.2203232 ], [ -108.1729868, 45.2205059 ], [ -108.1730313, 45.1830326 ], [ -108.1935063, 45.1830467 ], [ -108.2091596, 45.1468271 ], [ -108.2909488, 45.1467826 ], [ -108.3011219, 45.0961018 ], [ -108.2807058, 45.0562445 ], [ -108.2801086, 44.9710522 ], [ -108.3004328, 44.9710078 ], [ -108.3002622, 44.9278352 ], [ -108.2901034, 44.9278589 ], [ -108.2900766, 44.9206531 ], [ -108.2696518, 44.9099065 ], [ -108.2238955, 44.9135338 ], [ -108.2238335, 44.902682 ], [ -108.2086674, 44.902683 ], [ -108.208656, 44.8882174 ], [ -108.2290864, 44.884566 ], [ -108.233767899999989, 44.8664961 ], [ -108.2189899, 44.8590423 ], [ -108.2228999, 44.8519322 ], [ -108.2090759, 44.8519613 ], [ -108.208975, 44.838604 ], [ -108.1883948, 44.815010199999989 ], [ -108.1814982, 44.7930288 ], [ -108.1876084, 44.7590734 ], [ -108.1648101, 44.7710508 ], [ -108.177766, 44.7785376 ], [ -108.1625091, 44.7805635 ], [ -108.1574539, 44.8457762 ], [ -108.167657, 44.8530237 ], [ -108.168103699999989, 44.8736756 ], [ -108.1578299, 44.8916951 ], [ -108.1629113, 44.9132827 ], [ -108.178166, 44.9167546 ], [ -108.1831812, 44.9275884 ], [ -108.1984692, 44.927664799999988 ], [ -108.2087034, 44.956552 ], [ -108.2236007, 44.9565891 ], [ -108.228951099999989, 45.000419099999988 ], [ -108.106871, 45.0004195 ], [ -108.1615353, 45.0200258 ], [ -108.1982467, 45.0164147 ], [ -108.2415462, 45.0238322 ], [ -108.2385253, 45.0412891 ], [ -108.214655799999989, 45.046371 ], [ -108.2185899, 45.0569857 ], [ -108.2341079, 45.0593472 ], [ -108.2223742, 45.0623589 ], [ -108.2132344, 45.08905 ], [ -108.1689488, 45.102402 ], [ -108.1777329, 45.116667299999989 ], [ -108.1639615, 45.1224056 ], [ -108.1765225, 45.1276721 ], [ -108.1539849, 45.140032399999988 ], [ -108.1666723, 45.1570656 ], [ -108.1535566, 45.1597654 ], [ -108.1431902, 45.1771949 ], [ -108.1362835, 45.172812799999988 ], [ -108.1235717, 45.1794513 ], [ -108.1273059, 45.2005449 ], [ -108.1170492, 45.210193 ], [ -108.0790811, 45.2217358 ], [ -108.068425, 45.2136804 ], [ -108.0582375, 45.231182399999987 ], [ -108.0644366, 45.246215 ], [ -108.0417382, 45.2571728 ], [ -108.0321221, 45.2494433 ], [ -108.0101339, 45.2498252 ], [ -108.010996, 45.2695158 ], [ -107.9822018, 45.2605672 ], [ -107.958138600000012, 45.2424481 ], [ -107.9509777, 45.2471965 ], [ -107.9660089, 45.2606489 ], [ -107.9186307, 45.260601799999989 ], [ -107.918648499999989, 45.3079752 ], [ -107.867344, 45.3322603 ], [ -107.8677578, 45.349525 ], [ -107.833148099999988, 45.350602099999989 ], [ -107.805236, 45.3771754 ] ] ] } },
{ "type": "Feature", "properties": { "name": "Canyonlands National Park", "code": "CANY", "designation": "National Parks", "state": "UT", "acres": 331143.0, "type": "nps" }, "geometry": { "type": "Polygon", "coordinates": [ [ [ -109.7825414, 38.4963773 ], [ -109.7892307, 38.5043032 ], [ -109.7943486, 38.5002722 ], [ -109.7941123, 38.4906609 ], [ -109.8522336, 38.4908833 ], [ -109.8673389, 38.4822364 ], [ -109.8840173, 38.4864102 ], [ -109.921542699999989, 38.4795227 ], [ -109.9325982, 38.4801282 ], [ -109.911845899999989, 38.4895075 ], [ -109.9070618, 38.5024207 ], [ -109.9324504, 38.4881923 ], [ -109.9385798, 38.4918236 ], [ -109.9489859, 38.4792162 ], [ -109.9537672, 38.4874777 ], [ -109.9612997, 38.4810165 ], [ -109.9708822, 38.4840961 ], [ -109.963225099999988, 38.4929201 ], [ -109.9761624, 38.4906444 ], [ -109.976176599999988, 38.4999411 ], [ -110.0253752, 38.4999878 ], [ -110.0145968, 38.4893713 ], [ -110.0148377, 38.4630546 ], [ -110.0516639, 38.4630672 ], [ -110.0516808, 38.3762631 ], [ -110.0240092, 38.376266 ], [ -110.0240037, 38.3617744 ], [ -109.9963906, 38.3617772 ], [ -109.9964709, 38.340038 ], [ -109.978338, 38.3400266 ], [ -109.97845190000001, 38.3111255 ], [ -109.9600103, 38.3111245 ], [ -109.9599687, 38.2821237 ], [ -110.0148685, 38.2748349 ], [ -110.014869, 38.2675895 ], [ -110.0332463, 38.2675937 ], [ -110.0332449, 38.2603479 ], [ -110.0516198, 38.2603528 ], [ -110.0516781, 38.1517337 ], [ -110.0663653, 38.1517322 ], [ -110.0663997, 38.1047436 ], [ -110.1023692, 38.1047807 ], [ -110.1023803, 38.075782 ], [ -110.038648, 38.075763699999989 ], [ -110.038642, 38.0612274 ], [ -109.8097671, 38.0614657 ], [ -109.809750799999989, 38.032326 ], [ -109.7914575, 38.0323205 ], [ -109.7914239, 38.0033575 ], [ -109.773118599999989, 38.003357199999989 ], [ -109.7731138, 37.974377 ], [ -109.7460662, 37.9744014 ], [ -109.736920900000015, 37.9599145 ], [ -109.708269199999989, 37.9599164 ], [ -109.7238347, 37.9805271 ], [ -109.707764700000013, 37.9648358 ], [ -109.6910006, 37.9712645 ], [ -109.6891481, 37.9648318 ], [ -109.6681236, 37.9649781 ], [ -109.6737949, 37.9830743 ], [ -109.6639343, 37.9926659 ], [ -109.6639459, 38.0179038 ], [ -109.6822184, 38.017924799999989 ], [ -109.6823486, 38.1268773 ], [ -109.7065249, 38.1268749 ], [ -109.7065409, 38.1703553 ], [ -109.7431942, 38.1703333 ], [ -109.7431946, 38.1848066 ], [ -109.7615765, 38.1847572 ], [ -109.761597, 38.1992243 ], [ -109.779855, 38.1991671 ], [ -109.7798539, 38.2064031 ], [ -109.7890282, 38.2064091 ], [ -109.780581, 38.2937586 ], [ -109.7530805, 38.2937015 ], [ -109.7530328, 38.3444837 ], [ -109.725507, 38.344468299999988 ], [ -109.725554699999989, 38.4169028 ], [ -109.7397409, 38.4169285 ], [ -109.7352475, 38.4282526 ], [ -109.7714188, 38.445948 ], [ -109.7746468, 38.5074962 ], [ -109.7825414, 38.4963773 ] ] ] } },
{ "type": "Feature", "properties": { "name": "Arches National Park", "code": "ARCH", "designation": "National Parks", "state": "UT", "acres": 76557.0, "type": "nps" }, "geometry": { "type": "Polygon", "coordinates": [ [ [ -109.666716, 38.846939 ], [ -109.7131743, 38.8469091 ], [ -109.7132104, 38.8391568 ], [ -109.6854192, 38.8245984 ], [ -109.694715, 38.7738264 ], [ -109.6855051, 38.7737629 ], [ -109.685446, 38.7593051 ], [ -109.6722832, 38.7592933 ], [ -109.6719732, 38.744897099999989 ], [ -109.635119, 38.7387739 ], [ -109.6350045, 38.6880751 ], [ -109.6534007, 38.687993 ], [ -109.6534593, 38.6663628 ], [ -109.6441908, 38.6663759 ], [ -109.6350394, 38.6185256 ], [ -109.6009481, 38.6060187 ], [ -109.563477299999988, 38.6033059 ], [ -109.555180799999988, 38.6152986 ], [ -109.538861, 38.6100295 ], [ -109.4778683, 38.6433074 ], [ -109.484154499999988, 38.6490945 ], [ -109.505917, 38.6462541 ], [ -109.5001844, 38.6917875 ], [ -109.5140273, 38.7171675 ], [ -109.5140395, 38.7244131 ], [ -109.4909579, 38.7243551 ], [ -109.4909921, 38.7388395 ], [ -109.4817397, 38.738846 ], [ -109.4819859, 38.7606119 ], [ -109.5096823, 38.7605989 ], [ -109.5084835, 38.7685643 ], [ -109.518909799999989, 38.7740495 ], [ -109.5052295, 38.7700907 ], [ -109.4975298, 38.7740334 ], [ -109.5075509, 38.7756531 ], [ -109.5059379, 38.7823412 ], [ -109.489235100000016, 38.7791934 ], [ -109.4917898, 38.787467 ], [ -109.5101813, 38.785882699999988 ], [ -109.4933311, 38.8001113 ], [ -109.5165168, 38.7967621 ], [ -109.5245567, 38.7787977 ], [ -109.5382801, 38.7943791 ], [ -109.5274126, 38.8024967 ], [ -109.5384721, 38.8113095 ], [ -109.5431983, 38.7980855 ], [ -109.554776499999988, 38.8100968 ], [ -109.5525038, 38.7971964 ], [ -109.5799077, 38.7955529 ], [ -109.579909199999989, 38.8100934 ], [ -109.6169771, 38.8172616 ], [ -109.6169933, 38.8245091 ], [ -109.6354401, 38.8245026 ], [ -109.6354449, 38.831746599999988 ], [ -109.6668682, 38.831739 ], [ -109.666716, 38.846939 ] ] ] } },
{ "type": "Feature", "properties": { "name": "Natural Bridges National Monument", "code": "NABR", "designation": "National Monuments", "state": "UT", "acres": 7517.0, "type": "nps" }, "geometry": { "type": "Polygon", "coordinates": [ [ [ -109.9658405, 37.6349157 ], [ -109.9926437, 37.6348882 ], [ -109.9926496, 37.6276448 ], [ -110.0153691, 37.6276404 ], [ -110.033564399999989, 37.6059201 ], [ -110.047210100000015, 37.6059136 ], [ -110.0473057, 37.5921176 ], [ -110.0290836, 37.5884865 ], [ -110.0245271, 37.5703442 ], [ -110.0017884, 37.570359 ], [ -110.0017895, 37.5848035 ], [ -109.9658319, 37.6071455 ], [ -109.9235059, 37.5930478 ], [ -109.9137723, 37.5818493 ], [ -109.9227427, 37.593964299999989 ], [ -109.9658332, 37.608595 ], [ -109.9658405, 37.6349157 ] ] ] } },
{ "type": "Feature", "properties": { "name": "Black Canyon of the Gunnison National Park", "code": "BLCA", "designation": "National Parks", "state": "CO", "acres": 30835.0, "type": "nps" }, "geometry": { "type": "Polygon", "coordinates": [ [ [ -107.8077787, 38.6412424 ], [ -107.8264372, 38.6412788 ], [ -107.8294582, 38.5824808 ], [ -107.8015271, 38.5762438 ], [ -107.788722299999989, 38.5551341 ], [ -107.7159969, 38.5557511 ], [ -107.7209447, 38.5449616 ], [ -107.7116537, 38.5319526 ], [ -107.6924618, 38.5392164 ], [ -107.6967277, 38.5283464 ], [ -107.673711200000014, 38.524726 ], [ -107.6691102, 38.5174883 ], [ -107.6553205, 38.5174984 ], [ -107.6552993, 38.5283317 ], [ -107.6183788, 38.5247333 ], [ -107.627561199999988, 38.5392049 ], [ -107.6367865, 38.5392197 ], [ -107.6255444, 38.5584305 ], [ -107.635061799999988, 38.5584457 ], [ -107.6434406, 38.5803026 ], [ -107.6718655, 38.5804702 ], [ -107.6711896, 38.598661 ], [ -107.6665665, 38.5912375 ], [ -107.6479128, 38.5913748 ], [ -107.6524679, 38.6205946 ], [ -107.6848946, 38.6207473 ], [ -107.6852385, 38.6097578 ], [ -107.7037443, 38.598698 ], [ -107.7329829, 38.5989445 ], [ -107.732856, 38.6132977 ], [ -107.7668104, 38.6130843 ], [ -107.766492700000015, 38.620241 ], [ -107.7827894, 38.6199514 ], [ -107.8077787, 38.6412424 ] ] ] } },
{ "type": "Feature", "properties": { "name": "Colorado National Monument", "code": "COLM", "designation": "National Monuments", "state": "CO", "acres": 21060.0, "type": "nps" }, "geometry": { "type": "Polygon", "coordinates": [ [ [ -108.7136168, 39.0191375 ], [ -108.6597848, 39.0191189 ], [ -108.6950978, 39.004645 ], [ -108.695093199999988, 38.9937825 ], [ -108.7098076, 38.993792 ], [ -108.6990185, 38.9882707 ], [ -108.7010085, 38.9810001 ], [ -108.678989699999988, 38.9775463 ], [ -108.6791304, 38.9978875 ], [ -108.6733723, 38.9906299 ], [ -108.6533875, 38.9906004 ], [ -108.6533892, 38.9978422 ], [ -108.6242292, 39.0046453 ], [ -108.6262992, 39.0360374 ], [ -108.6544117, 39.0487037 ], [ -108.6640035, 39.070418599999989 ], [ -108.7038576, 39.1042815 ], [ -108.6996014, 39.1098864 ], [ -108.7133763, 39.1099657 ], [ -108.7245121, 39.1207039 ], [ -108.7569649, 39.1207627 ], [ -108.7570091, 39.1063173 ], [ -108.7413662, 39.1055741 ], [ -108.7414747, 39.0481379 ], [ -108.7321935, 39.0481438 ], [ -108.7322007, 39.0336674 ], [ -108.7136141, 39.0300122 ], [ -108.7136168, 39.0191375 ] ] ] } },
{ "type": "Feature", "properties": { "name": "Curecanti National Recreation Area", "code": "CURE", "designation": "National Recreation Areas", "state": "CO", "acres": 41218.0, "type": "nps" }, "geometry": { "type": "Polygon", "coordinates": [ [ [ -107.268663499999988, 38.5072265 ], [ -107.296439299999989, 38.4930499 ], [ -107.2917163, 38.5218864 ], [ -107.318149800000015, 38.5281486 ], [ -107.3092561, 38.5214831 ], [ -107.3098244, 38.4818637 ], [ -107.3256124, 38.4670529 ], [ -107.336871800000011, 38.4706243 ], [ -107.3369262, 38.4562118 ], [ -107.4080192, 38.4557059 ], [ -107.4081842, 38.4628628 ], [ -107.4261651, 38.4627506 ], [ -107.421023, 38.4533893 ], [ -107.4487075, 38.449742 ], [ -107.4627966, 38.4736429 ], [ -107.4691374, 38.4562825 ], [ -107.5353154, 38.4554195 ], [ -107.5445893, 38.4748989 ], [ -107.5676126, 38.4748901 ], [ -107.5603967, 38.4946629 ], [ -107.5722336, 38.4966221 ], [ -107.5722453, 38.503867 ], [ -107.5920925, 38.5038757 ], [ -107.5921094, 38.5175196 ], [ -107.6138111, 38.506635 ], [ -107.6091561, 38.5175127 ], [ -107.6183828, 38.5211144 ], [ -107.6091479, 38.5247463 ], [ -107.6552993, 38.5283317 ], [ -107.6553205, 38.5174984 ], [ -107.6322572, 38.5138643 ], [ -107.618456099999989, 38.488517 ], [ -107.5954187, 38.4849065 ], [ -107.5920762, 38.4748893 ], [ -107.5675883, 38.4676433 ], [ -107.5675637, 38.4603981 ], [ -107.5920857, 38.4603969 ], [ -107.5778156, 38.4595485 ], [ -107.5870616, 38.4410908 ], [ -107.5594533, 38.4398392 ], [ -107.5563406, 38.4473111 ], [ -107.5503181, 38.4398173 ], [ -107.5502387, 38.4477102 ], [ -107.541076499999988, 38.4483088 ], [ -107.5311539, 38.4410556 ], [ -107.49447, 38.4371819 ], [ -107.4666452, 38.4407899 ], [ -107.4666442, 38.4351959 ], [ -107.4193168, 38.4422332 ], [ -107.405993, 38.4207757 ], [ -107.411853, 38.4461377 ], [ -107.3464901, 38.4455975 ], [ -107.33811, 38.43412 ], [ -107.3290979, 38.4343273 ], [ -107.3328858, 38.4496602 ], [ -107.3132168, 38.4522034 ], [ -107.2921722, 38.4427245 ], [ -107.2971401, 38.4344659 ], [ -107.2839858, 38.4300025 ], [ -107.2839602, 38.4194105 ], [ -107.2636592, 38.4212378 ], [ -107.2637085, 38.4066231 ], [ -107.2501282, 38.4058646 ], [ -107.2453509, 38.3766396 ], [ -107.2409448, 38.3909898 ], [ -107.2636348, 38.4347053 ], [ -107.2637534, 38.4533952 ], [ -107.2971177, 38.4503269 ], [ -107.2919358, 38.466266 ], [ -107.2644136, 38.4647447 ], [ -107.2644477, 38.4563104 ], [ -107.2081515, 38.4558101 ], [ -107.2081865, 38.4455941 ], [ -107.1987883, 38.445624 ], [ -107.1713281, 38.416741 ], [ -107.171298, 38.434853 ], [ -107.18451850000001, 38.4528146 ], [ -107.10553, 38.4552913 ], [ -107.0966389, 38.470589 ], [ -107.0548593, 38.4677414 ], [ -107.0555877, 38.4852823 ], [ -107.0225097, 38.4867924 ], [ -107.022416299999989, 38.5048738 ], [ -107.0046925, 38.5117169 ], [ -107.0047666, 38.5187894 ], [ -107.0224338, 38.5165952 ], [ -107.0363411, 38.4940071 ], [ -107.097814, 38.490435399999988 ], [ -107.129422, 38.4727069 ], [ -107.1463075, 38.4775406 ], [ -107.1690095, 38.4735488 ], [ -107.1691636, 38.4846374 ], [ -107.2013176, 38.4882737 ], [ -107.2736437, 38.4849354 ], [ -107.268663499999988, 38.5072265 ] ], [ [ -107.5731626, 38.4554476 ], [ -107.554765, 38.4554531 ], [ -107.5685875, 38.4507551 ], [ -107.5731626, 38.4554476 ] ] ] } },
{ "type": "Feature", "properties": { "name": "Little Bighorn Battlefield National Monument", "code": "LIBI", "designation": "National Monuments", "state": "MT", "acres": 606.0, "type": "nps" }, "geometry": { "type": "Polygon", "coordinates": [ [ [ -107.4330294, 45.5559332 ], [ -107.4142081, 45.562974499999989 ], [ -107.4262069, 45.5749645 ], [ -107.4434341, 45.564240299999987 ], [ -107.4330294, 45.5559332 ] ] ] } },
{ "type": "Feature", "properties": { "name": "Devils Tower National Monument", "code": "DETO", "designation": "National Monuments", "state": "WY", "acres": 1245.0, "type": "nps" }, "geometry": { "type": "Polygon", "coordinates": [ [ [ -104.7302761, 44.5789863 ], [ -104.7030473, 44.5793649 ], [ -104.700033, 44.6008822 ], [ -104.7252635, 44.6010419 ], [ -104.7302761, 44.5789863 ] ] ] } },
{ "type": "Feature", "properties": { "name": "Dinosaur National Monument", "code": "DINO", "designation": "National Monuments", "state": "UT", "acres": 209357.0, "type": "nps" }, "geometry": { "type": "MultiPolygon", "coordinates": [ [ [ [ -109.0942556, 40.4795699 ], [ -109.0507463, 40.4796923 ], [ -109.0511038, 40.4537951 ], [ -109.021173499999989, 40.4501861 ], [ -109.0250589, 40.4437138 ], [ -109.0397733, 40.4508015 ], [ -109.0627947, 40.4403203 ], [ -109.0841241, 40.4614014 ], [ -109.065461, 40.4377709 ], [ -109.038829, 40.4480835 ], [ -109.0032816, 40.4366221 ], [ -109.019828, 40.4449628 ], [ -109.0172346, 40.4501946 ], [ -108.947789199999988, 40.4393532 ], [ -108.9477766, 40.4284594 ], [ -108.5406359, 40.4277366 ], [ -108.540652, 40.4422292 ], [ -108.5105852, 40.440375 ], [ -108.5157744, 40.4422467 ], [ -108.502710799999988, 40.4422694 ], [ -108.5027282, 40.4567597 ], [ -108.5406586, 40.4712118 ], [ -108.540685, 40.4929444 ], [ -108.664082, 40.4932344 ], [ -108.664144799999988, 40.5005254 ], [ -108.7205847, 40.5007894 ], [ -108.7221009, 40.5153265 ], [ -108.74113, 40.5153117 ], [ -108.7411423, 40.5298358 ], [ -108.8736028, 40.5299457 ], [ -108.8736163, 40.5371896 ], [ -108.9019652, 40.5371942 ], [ -108.9022419, 40.5951127 ], [ -108.854714300000012, 40.6023474 ], [ -108.8547091, 40.6457943 ], [ -108.8737381, 40.6457877 ], [ -108.8679986, 40.7467882 ], [ -108.9060981, 40.7468198 ], [ -108.9156733, 40.7031912 ], [ -108.9346846, 40.7032525 ], [ -108.939583, 40.653022199999988 ], [ -108.9680806, 40.6529604 ], [ -108.968231, 40.6095056 ], [ -109.0062381, 40.6095189 ], [ -109.0064333, 40.5805784 ], [ -109.0797053, 40.5806711 ], [ -109.0792401, 40.5515776 ], [ -109.1452987, 40.5515196 ], [ -109.1452666, 40.5371784 ], [ -109.1736284, 40.5372072 ], [ -109.1736155, 40.515519 ], [ -109.2021327, 40.5154772 ], [ -109.211370699999989, 40.4940506 ], [ -109.3376723, 40.4943201 ], [ -109.3375355, 40.428794 ], [ -109.3269486, 40.4366145 ], [ -109.2930445, 40.4275413 ], [ -109.2880003, 40.4048195 ], [ -109.273138, 40.3936853 ], [ -109.2702502, 40.4152652 ], [ -109.259110299999989, 40.4215964 ], [ -109.2500876, 40.4084407 ], [ -109.2368257, 40.4058739 ], [ -109.2232469, 40.4229 ], [ -109.2018625, 40.4145865 ], [ -109.1546282, 40.4144978 ], [ -109.1543479, 40.4796469 ], [ -109.0984823, 40.479569 ], [ -109.0954367, 40.4757163 ], [ -109.0942556, 40.4795699 ] ], [ [ -109.253182, 40.4361084 ], [ -109.2018185, 40.4360968 ], [ -109.2018371, 40.4209369 ], [ -109.2248227, 40.4253864 ], [ -109.235983499999989, 40.4098337 ], [ -109.253182, 40.4361084 ] ] ], [ [ [ -108.9988806, 40.3689675 ], [ -108.9499314, 40.3487255 ], [ -108.948751699999988, 40.3254883 ], [ -108.9352588, 40.3125559 ], [ -108.959831600000015, 40.2928332 ], [ -108.9830926, 40.2874373 ], [ -108.9802597, 40.2408962 ], [ -108.9684397, 40.2409274 ], [ -108.980465, 40.2586116 ], [ -108.9798428, 40.286279 ], [ -108.9577157, 40.2906161 ], [ -108.9317482, 40.3132828 ], [ -108.947120900000016, 40.3504356 ], [ -108.9951574, 40.369282399999989 ], [ -108.9964038, 40.4174985 ], [ -108.9891356, 40.429488299999988 ], [ -108.995875, 40.4328873 ], [ -108.9988806, 40.3689675 ] ] ], [ [ [ -108.4589669, 40.4371747 ], [ -108.420737, 40.4555029 ], [ -108.3840702, 40.4490275 ], [ -108.3430727, 40.4019101 ], [ -108.3793078, 40.4540993 ], [ -108.4253668, 40.4581202 ], [ -108.4582163, 40.4400869 ], [ -108.4986074, 40.4396342 ], [ -108.4589669, 40.4371747 ] ] ] ] } },
{ "type": "Feature", "properties": { "name": "Fort Laramie National Historic Site", "code": "FOLA", "designation": "National Historic Sites", "state": "WY", "acres": 896.0, "type": "nps" }, "geometry": { "type": "Polygon", "coordinates": [ [ [ -104.5616285, 42.2089788 ], [ -104.5653545, 42.201777 ], [ -104.5591375, 42.1957184 ], [ -104.5323804, 42.1985559 ], [ -104.5275573, 42.1937408 ], [ -104.532292, 42.2091124 ], [ -104.5616285, 42.2089788 ] ] ] } },
{ "type": "Feature", "properties": { "name": "Glacier National Park", "code": "GLAC", "designation": "National Parks", "state": "MT", "acres": 1011456.0, "type": "nps" }, "geometry": { "type": "Polygon", "coordinates": [ [ [ -114.4749614, 49.0010889 ], [ -114.4252368, 48.9536408 ], [ -114.4130842, 48.9520958 ], [ -114.4110738, 48.941537499999988 ], [ -114.3947861, 48.9367959 ], [ -114.3861354, 48.9182942 ], [ -114.3749652, 48.9163563 ], [ -114.3844236, 48.9113119 ], [ -114.3747868, 48.908742 ], [ -114.3791888, 48.898784 ], [ -114.3654712, 48.8851021 ], [ -114.3779514, 48.881057 ], [ -114.3606656, 48.8697369 ], [ -114.3670654, 48.8574528 ], [ -114.3474586, 48.8548235 ], [ -114.3531173, 48.8498789 ], [ -114.3353591, 48.8339556 ], [ -114.340831799999989, 48.8206425 ], [ -114.319648199999989, 48.7980891 ], [ -114.280434, 48.7816017 ], [ -114.2776721, 48.7602886 ], [ -114.2617504, 48.7480808 ], [ -114.2642595, 48.7324767 ], [ -114.248757399999988, 48.7192424 ], [ -114.2103409, 48.7119181 ], [ -114.208496900000014, 48.6952893 ], [ -114.1882012, 48.6869287 ], [ -114.1882175, 48.6697931 ], [ -114.1425699, 48.6299086 ], [ -114.138251400000016, 48.619264199999989 ], [ -114.1715914, 48.6077727 ], [ -114.160871899999989, 48.6018478 ], [ -114.1670228, 48.5944715 ], [ -114.1518537, 48.5919612 ], [ -114.1562914, 48.5799687 ], [ -114.128178100000014, 48.5696681 ], [ -114.125414299999989, 48.5484017 ], [ -114.1135008, 48.5398652 ], [ -114.1149382, 48.5286139 ], [ -114.139766099999989, 48.5085254 ], [ -114.1260739, 48.5059007 ], [ -114.1255599, 48.4905104 ], [ -114.1087379, 48.4891685 ], [ -114.0887028, 48.470346899999988 ], [ -114.0714451, 48.4683773 ], [ -114.0233462, 48.4867836 ], [ -114.0060007, 48.4972372 ], [ -114.0053225, 48.5080538 ], [ -113.9863171, 48.4980262 ], [ -113.952845599999989, 48.4953099 ], [ -113.9324304, 48.5027839 ], [ -113.9099608, 48.4935176 ], [ -113.8564752, 48.495506 ], [ -113.817980299999988, 48.4736013 ], [ -113.7936129, 48.4283633 ], [ -113.729590500000015, 48.419702199999989 ], [ -113.7029705, 48.3917156 ], [ -113.6823748, 48.389417299999984 ], [ -113.6805541, 48.374633 ], [ -113.6730274, 48.379655299999989 ], [ -113.6708211, 48.370003 ], [ -113.640968, 48.3590084 ], [ -113.6400411, 48.3330615 ], [ -113.5937859, 48.2883582 ], [ -113.6056179, 48.2805677 ], [ -113.604806599999989, 48.2693874 ], [ -113.5778235, 48.261101599999989 ], [ -113.565255, 48.2361028 ], [ -113.5431452, 48.2345404 ], [ -113.4745971, 48.24913 ], [ -113.4482681, 48.2758243 ], [ -113.4528027, 48.2842875 ], [ -113.4312174, 48.2805197 ], [ -113.4169469, 48.2963462 ], [ -113.3943255, 48.2941746 ], [ -113.3655796, 48.3036747 ], [ -113.3634306, 48.3128563 ], [ -113.2813419, 48.3688749 ], [ -113.241886, 48.4132257 ], [ -113.4217364, 48.6935442 ], [ -113.4227965, 48.7347052 ], [ -113.4874432, 48.7850432 ], [ -113.609763199999989, 48.9329374 ], [ -113.609720700000011, 48.9979673 ], [ -114.4749614, 49.0010889 ] ] ] } },
{ "type": "Feature", "properties": { "name": "Glen Canyon National Recreation Area", "code": "GLCA", "designation": "National Recreation Areas", "state": "AZ", "acres": 1252078.0, "type": "nps" }, "geometry": { "type": "MultiPolygon", "coordinates": [ [ [ [ -111.2457117, 36.882491 ], [ -111.2450394, 36.8901621 ], [ -111.2788696, 36.898624 ], [ -111.2778386, 36.909350599999989 ], [ -111.2703253, 36.9082383 ], [ -111.2758789, 36.9149607 ], [ -111.3052177, 36.9163232 ], [ -111.3173732, 36.9269181 ], [ -111.3131297, 36.9378263 ], [ -111.3264254, 36.9440735 ], [ -111.3240443, 36.952443 ], [ -111.3578203, 36.9629633 ], [ -111.3714777, 36.9833499 ], [ -111.394332100000014, 36.9822626 ], [ -111.405755899999988, 37.0010976 ], [ -111.357012200000014, 36.9998875 ], [ -111.3245264, 37.0117959 ], [ -111.3160567, 37.0085324 ], [ -111.3166307, 36.9989964 ], [ -111.307156, 36.9932748 ], [ -111.2979628, 36.9986164 ], [ -111.2826784, 36.9830428 ], [ -111.3030443, 37.0113952 ], [ -111.2863385, 37.0104477 ], [ -111.2934141, 37.0226979 ], [ -111.2765501, 37.0330307 ], [ -111.275669, 37.0263262 ], [ -111.267764899999989, 37.0295053 ], [ -111.2701771, 37.0046182 ], [ -111.2578704, 37.0060201 ], [ -111.2514185, 36.9902454 ], [ -111.238535399999989, 36.9975818 ], [ -111.240375199999988, 36.9792524 ], [ -111.2283249, 36.9919486 ], [ -111.212731, 36.9726904 ], [ -111.2170264, 36.9653929 ], [ -111.2079243, 36.9654791 ], [ -111.213109500000016, 36.9800635 ], [ -111.2066558, 36.9849855 ], [ -111.2183038, 36.9842095 ], [ -111.2202121, 36.9946329 ], [ -111.2464225, 37.0064691 ], [ -111.2500963, 37.0161224 ], [ -111.2468449, 37.0206576 ], [ -111.2304344, 37.0133122 ], [ -111.2190292, 37.0386711 ], [ -111.2078035, 37.0229132 ], [ -111.1978671, 37.0287286 ], [ -111.1953429, 37.0118859 ], [ -111.1885729, 37.0130677 ], [ -111.1945979, 37.0286135 ], [ -111.1653688, 37.0197096 ], [ -111.1714076, 37.0128744 ], [ -111.1453391, 37.0035319 ], [ -111.1195781, 36.977337 ], [ -111.1382673, 37.0052107 ], [ -111.1552567, 37.0123547 ], [ -111.1429287, 37.0132741 ], [ -111.1573803, 37.0138171 ], [ -111.172466899999989, 37.0289482 ], [ -111.2078835, 37.0390143 ], [ -111.1965948, 37.0460717 ], [ -111.1848242, 37.0424893 ], [ -111.1915288, 37.0469623 ], [ -111.1805118, 37.0510947 ], [ -111.1932511, 37.0632995 ], [ -111.1865794, 37.0694983 ], [ -111.1990737, 37.0693602 ], [ -111.1687309, 37.0938023 ], [ -111.1626735, 37.0944716 ], [ -111.1494005, 37.064481 ], [ -111.1490807, 37.0880498 ], [ -111.1312613, 37.0774756 ], [ -111.1346085, 37.0871211 ], [ -111.1175335, 37.0868352 ], [ -111.1072318, 37.0764757 ], [ -111.1134694, 37.0618229 ], [ -111.0931105, 37.0434265 ], [ -111.1095551, 37.0634016 ], [ -111.101813, 37.074862 ], [ -111.0933968, 37.071529 ], [ -111.0957654, 37.0774467 ], [ -111.118462099999988, 37.0992154 ], [ -111.0957971, 37.1014497 ], [ -111.0881314, 37.0940881 ], [ -111.0829952, 37.1000184 ], [ -111.0785552, 37.0935953 ], [ -111.0781315, 37.1005138 ], [ -111.0678408, 37.0985035 ], [ -111.0740048, 37.0798578 ], [ -111.0625718, 37.0812928 ], [ -111.0681329, 37.0689778 ], [ -111.060322200000016, 37.0722532 ], [ -111.0574565, 37.0538112 ], [ -111.057888, 37.0641917 ], [ -111.049434, 37.0594927 ], [ -111.0591017, 37.0652358 ], [ -111.0592592, 37.074171 ], [ -111.0520104, 37.0743905 ], [ -111.0597803, 37.0829633 ], [ -111.0496976, 37.0866995 ], [ -111.0604525, 37.0861286 ], [ -111.058861, 37.0986411 ], [ -111.0371224, 37.0950228 ], [ -111.0455525, 37.0982554 ], [ -111.0232928, 37.1096143 ], [ -111.0084821, 37.0759396 ], [ -111.0097907, 37.0882 ], [ -111.0039265, 37.0875928 ], [ -111.0116058, 37.0922782 ], [ -111.0045949, 37.0929125 ], [ -111.01294870000001, 37.0946637 ], [ -111.0057714, 37.0974356 ], [ -111.0144749, 37.1004891 ], [ -111.014255, 37.112441 ], [ -110.9950128, 37.1050267 ], [ -111.000993799999989, 37.110171 ], [ -110.975651899999988, 37.1130267 ], [ -110.9787284, 37.0877622 ], [ -110.970284299999989, 37.0799731 ], [ -110.966825199999988, 37.0886874 ], [ -110.9760585, 37.0926171 ], [ -110.9674286, 37.1073794 ], [ -110.9743567, 37.1230012 ], [ -110.9590611, 37.1231732 ], [ -110.963183, 37.1203243 ], [ -110.9609659, 37.1144505 ], [ -110.945582, 37.1144448 ], [ -110.9325733, 37.1053023 ], [ -110.9431576, 37.114432 ], [ -110.9361101, 37.1220527 ], [ -110.9447294, 37.1461646 ], [ -110.9413353, 37.1441827 ], [ -110.9240324, 37.1472631 ], [ -110.930794, 37.149687 ], [ -110.9222915, 37.1704907 ], [ -110.9052776, 37.1653274 ], [ -110.9211581, 37.1726171 ], [ -110.8849758, 37.1725188 ], [ -110.866232599999989, 37.1952743 ], [ -110.877797199999989, 37.1760322 ], [ -110.8646386, 37.1655522 ], [ -110.8722843, 37.1529152 ], [ -110.8655913, 37.1536658 ], [ -110.8623693, 37.1808789 ], [ -110.8547365, 37.1642153 ], [ -110.837163600000011, 37.1779579 ], [ -110.8132434, 37.1477431 ], [ -110.8096734, 37.1638821 ], [ -110.784810799999988, 37.1641811 ], [ -110.7827131, 37.1736761 ], [ -110.770327099999989, 37.1696939 ], [ -110.7616669, 37.1504687 ], [ -110.7679992, 37.1697151 ], [ -110.7416504, 37.1736191 ], [ -110.7419301, 37.1712078 ], [ -110.722739800000014, 37.1894024 ], [ -110.6980093, 37.1576291 ], [ -110.6986667, 37.1471884 ], [ -110.6885896, 37.1434632 ], [ -110.6999278, 37.1758615 ], [ -110.6779271, 37.1655859 ], [ -110.6686605, 37.1832513 ], [ -110.656002199999989, 37.1861554 ], [ -110.648635899999988, 37.1802074 ], [ -110.653989, 37.1883199 ], [ -110.6462084, 37.1989502 ], [ -110.6511579, 37.2199867 ], [ -110.6709878, 37.2194583 ], [ -110.6596164, 37.2376335 ], [ -110.7051027, 37.2496919 ], [ -110.701776200000012, 37.2662272 ], [ -110.6726747, 37.250599 ], [ -110.656476399999988, 37.2558082 ], [ -110.6548106, 37.2421876 ], [ -110.632017800000014, 37.2351398 ], [ -110.6027702, 37.1998032 ], [ -110.5926669, 37.2030042 ], [ -110.590803, 37.1968502 ], [ -110.564612200000013, 37.2089477 ], [ -110.5760282, 37.1974846 ], [ -110.5593581, 37.1801155 ], [ -110.565614599999989, 37.190012 ], [ -110.556814, 37.217289 ], [ -110.526856099999989, 37.2204429 ], [ -110.5115026, 37.2058041 ], [ -110.5232909, 37.2188593 ], [ -110.5152207, 37.2247413 ], [ -110.522697, 37.2245188 ], [ -110.5091354, 37.2306347 ], [ -110.514594699999989, 37.2365276 ], [ -110.5038299, 37.2540826 ], [ -110.4902374, 37.2582436 ], [ -110.473252699999989, 37.253326 ], [ -110.4655772, 37.2605992 ], [ -110.4596517, 37.2527024 ], [ -110.459959399999988, 37.2628027 ], [ -110.4465286, 37.2483341 ], [ -110.4312627, 37.2471816 ], [ -110.422577, 37.2372556 ], [ -110.420274299999988, 37.2457855 ], [ -110.4151567, 37.2419985 ], [ -110.4235599, 37.2557766 ], [ -110.411653, 37.2580953 ], [ -110.4058519, 37.2509601 ], [ -110.410578, 37.2585475 ], [ -110.4035453, 37.2602693 ], [ -110.4132898, 37.261356899999988 ], [ -110.4019872, 37.2756758 ], [ -110.4112966, 37.2746598 ], [ -110.406758, 37.2898088 ], [ -110.3502242, 37.2831948 ], [ -110.3397227, 37.296336 ], [ -110.3132489, 37.3048236 ], [ -110.2947844, 37.2839603 ], [ -110.2844815, 37.2831672 ], [ -110.2605475, 37.2970099 ], [ -110.2321372, 37.294155 ], [ -110.2050456, 37.3186811 ], [ -110.1507475, 37.320454 ], [ -110.1540228, 37.3037185 ], [ -110.115120499999989, 37.2909165 ], [ -110.0723446, 37.2398533 ], [ -110.047129, 37.246418299999988 ], [ -110.0352298, 37.2180639 ], [ -110.0260936, 37.215797599999988 ], [ -110.0132242, 37.2288148 ], [ -109.9989054, 37.2135638 ], [ -110.0053366, 37.2016185 ], [ -109.9849948, 37.2144325 ], [ -109.9840567, 37.1967624 ], [ -109.9704522, 37.2002448 ], [ -109.9633799, 37.1944481 ], [ -109.9633682, 37.2152651 ], [ -109.9451851, 37.2152863 ], [ -109.9450494, 37.2442299 ], [ -109.9988534, 37.2443759 ], [ -109.9987479, 37.2587832 ], [ -110.0380467, 37.2588351 ], [ -110.0380095, 37.2733135 ], [ -110.0561829, 37.2733395 ], [ -110.0561812, 37.2878166 ], [ -110.074304, 37.2878255 ], [ -110.0743055, 37.302296 ], [ -110.0936598, 37.3023692 ], [ -110.093696, 37.3313294 ], [ -110.2387748, 37.3313275 ], [ -110.2388009, 37.3168338 ], [ -110.4380702, 37.3167277 ], [ -110.4380784, 37.2949876 ], [ -110.4924812, 37.2949966 ], [ -110.4924742, 37.2877524 ], [ -110.5106153, 37.287758 ], [ -110.510600599999989, 37.2732672 ], [ -110.5559299, 37.273335 ], [ -110.556015, 37.2588408 ], [ -110.5770281, 37.2588571 ], [ -110.5770221, 37.2517229 ], [ -110.6374981, 37.258889 ], [ -110.6374711, 37.3023659 ], [ -110.6918469, 37.3023976 ], [ -110.691933299999988, 37.3893624 ], [ -110.6196043, 37.3892972 ], [ -110.6196607, 37.447218 ], [ -110.5287746, 37.4470913 ], [ -110.528799299999989, 37.6210004 ], [ -110.4562807, 37.6209999 ], [ -110.4562897, 37.6354812 ], [ -110.4380678, 37.635483 ], [ -110.4380727, 37.6644346 ], [ -110.384094499999989, 37.6644775 ], [ -110.3840746, 37.6845846 ], [ -110.3759777, 37.6845809 ], [ -110.376015099999989, 37.7714514 ], [ -110.339517199999989, 37.7714214 ], [ -110.3395672, 37.8583918 ], [ -110.1755133, 37.8584541 ], [ -110.175542799999988, 37.894348099999988 ], [ -110.1938262, 37.894484 ], [ -110.1938454, 37.9092357 ], [ -110.175559400000012, 37.9091418 ], [ -110.1847366, 37.9453269 ], [ -110.1573241, 37.9453318 ], [ -110.1481521, 37.9743317 ], [ -110.1207242, 37.9743229 ], [ -110.1207136, 37.9888141 ], [ -110.0934941, 37.9888129 ], [ -110.0934851, 37.9743228 ], [ -110.0662553, 37.9743462 ], [ -110.066271, 37.981685399999989 ], [ -110.0296719, 37.9814021 ], [ -110.0296758, 37.9888519 ], [ -110.0113828, 37.9888554 ], [ -110.0112767, 38.0612193 ], [ -110.038642, 38.0612274 ], [ -110.038648, 38.075763699999989 ], [ -110.1023803, 38.075782 ], [ -110.1023692, 38.1047807 ], [ -110.0663997, 38.1047436 ], [ -110.0663653, 38.1517322 ], [ -110.0516781, 38.1517336 ], [ -110.0516198, 38.2603528 ], [ -110.0332449, 38.2603479 ], [ -110.0332463, 38.2675937 ], [ -110.014869, 38.2675895 ], [ -110.0148685, 38.2748349 ], [ -109.9599687, 38.2821237 ], [ -109.9600103, 38.3111245 ], [ -109.97845190000001, 38.3111255 ], [ -109.978338, 38.3400232 ], [ -109.9964709, 38.340038 ], [ -109.9963906, 38.3617772 ], [ -110.0240037, 38.3617744 ], [ -110.0240092, 38.376266 ], [ -110.0517104, 38.3798877 ], [ -110.0516639, 38.4630672 ], [ -110.0148377, 38.4630546 ], [ -110.0145968, 38.4893713 ], [ -110.0246093, 38.4993932 ], [ -110.0700779, 38.4993872 ], [ -110.0701487, 38.4703161 ], [ -110.0885584, 38.4703711 ], [ -110.0885526, 38.4558883 ], [ -110.1065101, 38.4559332 ], [ -110.1065296, 38.4269726 ], [ -110.1249881, 38.4270009 ], [ -110.1249917, 38.4125009 ], [ -110.1433933, 38.4125084 ], [ -110.143389700000014, 38.3689802 ], [ -110.1618133, 38.3689627 ], [ -110.1618144, 38.2820601 ], [ -110.1802242, 38.2820528 ], [ -110.180080499999988, 38.2385596 ], [ -110.1617812, 38.2385737 ], [ -110.1617424, 38.1517263 ], [ -110.2021877, 38.1517262 ], [ -110.2021883, 37.9723573 ], [ -110.266674, 37.9723688 ], [ -110.2665771, 37.9453228 ], [ -110.3396499, 37.9453029 ], [ -110.3396275, 37.9723693 ], [ -110.366465, 37.9723667 ], [ -110.3665453, 38.0593128 ], [ -110.4207986, 38.0593405 ], [ -110.4209216, 37.9288644 ], [ -110.4758539, 37.9288871 ], [ -110.475995, 37.8563516 ], [ -110.5306226, 37.8564306 ], [ -110.5298027, 37.7429944 ], [ -110.5663139, 37.7429857 ], [ -110.5662236, 37.6991218 ], [ -110.548017, 37.6991044 ], [ -110.5470809, 37.664448 ], [ -110.5834703, 37.6644431 ], [ -110.5834559, 37.6499508 ], [ -110.601677599999988, 37.6499505 ], [ -110.601607199999989, 37.6289339 ], [ -110.6198534, 37.6291686 ], [ -110.6198384, 37.6137401 ], [ -110.646470100000016, 37.6130269 ], [ -110.6464743, 37.5768038 ], [ -110.6737915, 37.5768048 ], [ -110.6737962, 37.5913008 ], [ -110.7102435, 37.5913033 ], [ -110.7102213, 37.5695697 ], [ -110.737544, 37.5695679 ], [ -110.7375829, 37.5985615 ], [ -110.7545168, 37.5985576 ], [ -110.754509899999988, 37.6275572 ], [ -110.8091462, 37.6275601 ], [ -110.8091608, 37.5985658 ], [ -110.8905951, 37.5985829 ], [ -110.8905731, 37.6130775 ], [ -110.8996859, 37.6130761 ], [ -110.899708, 37.6275501 ], [ -110.9088716, 37.6275358 ], [ -110.917982099999989, 37.6564538 ], [ -110.9362372, 37.6564608 ], [ -110.936348599999988, 37.6709377 ], [ -111.069759, 37.6707065 ], [ -111.0862836, 37.7139913 ], [ -111.1821619, 37.7139873 ], [ -111.1819591, 37.6996257 ], [ -111.2730487, 37.6996126 ], [ -111.2730315, 37.6923623 ], [ -111.254811600000011, 37.6923599 ], [ -111.2365334, 37.6597528 ], [ -111.2729877, 37.6561179 ], [ -111.2998386, 37.6453205 ], [ -111.2998545, 37.6126311 ], [ -111.2137579, 37.6126683 ], [ -111.2137683, 37.5836774 ], [ -111.1909906, 37.5836807 ], [ -111.191018, 37.5401889 ], [ -111.1256789, 37.5401903 ], [ -111.1256657, 37.514618 ], [ -111.0892926, 37.5146424 ], [ -111.0893079, 37.4566594 ], [ -111.1438389, 37.456635 ], [ -111.1438207, 37.4276627 ], [ -111.0893018, 37.4276519 ], [ -111.0892968, 37.3986537 ], [ -111.0167833, 37.3986593 ], [ -111.0167727, 37.3551781 ], [ -111.071286, 37.3551662 ], [ -111.0703265, 37.3327353 ], [ -111.0349315, 37.3261708 ], [ -111.0349114, 37.3038615 ], [ -111.016759900000011, 37.2971701 ], [ -111.0192383, 37.2370068 ], [ -111.0554779, 37.236991 ], [ -111.0554579, 37.2080092 ], [ -111.2363753, 37.2080983 ], [ -111.2363755, 37.2226015 ], [ -111.3267897, 37.2226474 ], [ -111.326792399999988, 37.2081458 ], [ -111.399317, 37.2081489 ], [ -111.3992384, 37.1791711 ], [ -111.3810829, 37.179190299999988 ], [ -111.3810652, 37.1646996 ], [ -111.3629778, 37.1646874 ], [ -111.3629581, 37.135671 ], [ -111.5074439, 37.135729 ], [ -111.5073973, 37.1067532 ], [ -111.54321, 37.1068002 ], [ -111.5432261, 37.0921546 ], [ -111.6336518, 37.0921855 ], [ -111.6336659, 37.0341965 ], [ -111.6100295, 37.0341977 ], [ -111.597504199999989, 37.0250824 ], [ -111.6054248, 37.0097197 ], [ -111.6155903, 37.0106332 ], [ -111.6155886, 37.0014515 ], [ -111.6016368, 37.0014492 ], [ -111.601634499999989, 36.9904041 ], [ -111.5835719, 36.9904059 ], [ -111.5835763, 36.9759036 ], [ -111.5475387, 36.9758803 ], [ -111.5475302, 36.9613881 ], [ -111.5294492, 36.9613824 ], [ -111.5294417, 36.917861099999989 ], [ -111.547502400000013, 36.9178765 ], [ -111.547492, 36.9033966 ], [ -111.568988, 36.9033989 ], [ -111.568986099999989, 36.888897 ], [ -111.6231928, 36.8887664 ], [ -111.6231796, 36.8742997 ], [ -111.6412262, 36.8742989 ], [ -111.6412084, 36.8525786 ], [ -111.6592279, 36.8453336 ], [ -111.659211899999988, 36.8199734 ], [ -111.6328755, 36.8163673 ], [ -111.616520600000015, 36.84892 ], [ -111.5881195, 36.8656467 ], [ -111.5784215, 36.8624356 ], [ -111.5697785, 36.8422479 ], [ -111.5461517, 36.8433931 ], [ -111.543037399999989, 36.8497694 ], [ -111.5647717, 36.8738081 ], [ -111.5058514, 36.8743824 ], [ -111.5103413, 36.8961317 ], [ -111.4967952, 36.8961319 ], [ -111.4910589, 36.9142373 ], [ -111.4752458, 36.9214972 ], [ -111.4706928, 36.9396165 ], [ -111.4345453, 36.9396149 ], [ -111.4209807, 36.9269333 ], [ -111.440700299999989, 36.9636868 ], [ -111.3978266, 36.9522983 ], [ -111.379713099999989, 36.965793 ], [ -111.3797979, 36.9810972 ], [ -111.346201, 36.9515647 ], [ -111.3264402, 36.9498545 ], [ -111.3294234, 36.9414134 ], [ -111.3185446, 36.9372546 ], [ -111.3316308, 36.9266747 ], [ -111.3202618, 36.9280993 ], [ -111.3143951, 36.9132019 ], [ -111.2799795, 36.9118076 ], [ -111.2848775, 36.8975704 ], [ -111.2413434, 36.8802817 ], [ -111.2457117, 36.882491 ] ] ], [ [ [ -111.2170666, 36.8617055 ], [ -111.2203294, 36.8696498 ], [ -111.2321167, 36.8756144 ], [ -111.2170666, 36.8617055 ] ] ], [ [ [ -111.2121359, 36.8571471 ], [ -111.2112482, 36.8593773 ], [ -111.1843187, 36.8609319 ], [ -111.183070199999989, 36.8591767 ], [ -111.1810711, 36.8650144 ], [ -111.215852399999989, 36.860583 ], [ -111.2121359, 36.8571471 ] ] ], [ [ [ -110.9158749, 37.1293093 ], [ -110.9154067, 37.1352989 ], [ -110.9250089, 37.1355091 ], [ -110.9189268, 37.1395692 ], [ -110.9285968, 37.1367426 ], [ -110.9158749, 37.1293093 ] ] ], [ [ [ -110.9672406, 37.1175194 ], [ -110.961548, 37.1076343 ], [ -110.9634121, 37.1201659 ], [ -110.9672406, 37.1175194 ] ] ] ] } },
{ "type": "Feature", "properties": { "name": "Rainbow Bridge National Monument", "code": "RABR", "designation": "National Monuments", "state": "UT", "acres": 80.0, "type": "nps" }, "geometry": { "type": "Polygon", "coordinates": [ [ [ -110.9700448, 37.0815175 ], [ -110.9700446, 37.0742689 ], [ -110.960997299999988, 37.0762321 ], [ -110.9700448, 37.0815175 ] ] ] } },
{ "type": "Feature", "properties": { "name": "Golden Spike National Historical Park", "code": "GOSP", "designation": "National Historical Parks", "state": "UT", "acres": 2561.0, "type": "nps" }, "geometry": { "type": "MultiPolygon", "coordinates": [ [ [ [ -112.5533773, 41.6227148 ], [ -112.6065475, 41.5680178 ], [ -112.6246686, 41.5669099 ], [ -112.6372308, 41.5823351 ], [ -112.6299541, 41.5618865 ], [ -112.6041063, 41.5681911 ], [ -112.5604289, 41.6109162 ], [ -112.5409373, 41.6157889 ], [ -112.5273132, 41.6297604 ], [ -112.5533773, 41.6227148 ] ] ], [ [ [ -112.5094659, 41.6345112 ], [ -112.509345599999989, 41.6199279 ], [ -112.4900201, 41.6203709 ], [ -112.480529, 41.634638 ], [ -112.4704826, 41.6356568 ], [ -112.4691443, 41.6535611 ], [ -112.4816748, 41.6420813 ], [ -112.5097311, 41.6345094 ], [ -112.5094659, 41.6345112 ] ] ] ] } },
{ "type": "Feature", "properties": { "name": "Grand Teton National Park", "code": "GRTE", "designation": "National Parks", "state": "WY", "acres": 309898.0, "type": "nps" }, "geometry": { "type": "Polygon", "coordinates": [ [ [ -110.8154696, 44.0821584 ], [ -110.824121800000015, 44.0658215 ], [ -110.841866, 44.0677524 ], [ -110.8318136, 44.0501478 ], [ -110.8755803, 44.0248535 ], [ -110.8664619, 44.0006337 ], [ -110.8716493, 43.9784365 ], [ -110.8517869, 43.9595481 ], [ -110.858338, 43.9405037 ], [ -110.8389431, 43.8961327 ], [ -110.8406188, 43.8825356 ], [ -110.871946, 43.8745805 ], [ -110.879108, 43.85572 ], [ -110.870241799999988, 43.8054039 ], [ -110.8580439, 43.8012573 ], [ -110.8451443, 43.7703537 ], [ -110.8555574, 43.7579033 ], [ -110.8525487, 43.7250528 ], [ -110.838051299999989, 43.7161324 ], [ -110.8394555, 43.7056073 ], [ -110.8243797, 43.6900882 ], [ -110.836637599999989, 43.6838217 ], [ -110.8603875, 43.688947899999988 ], [ -110.863594299999988, 43.6817245 ], [ -110.892005, 43.6821212 ], [ -110.906622899999988, 43.6711658 ], [ -110.904941799999989, 43.6534153 ], [ -110.9129124, 43.6503596 ], [ -110.9002689, 43.630747 ], [ -110.908259, 43.6341801 ], [ -110.9458737, 43.6230665 ], [ -110.9483384, 43.6063127 ], [ -110.9320673, 43.6027555 ], [ -110.896689600000016, 43.5740482 ], [ -110.8869839, 43.5925967 ], [ -110.8509292, 43.6076758 ], [ -110.8220993, 43.6119502 ], [ -110.822054799999989, 43.5963784 ], [ -110.7830724, 43.5962592 ], [ -110.751148199999989, 43.6391426 ], [ -110.7249, 43.6394592 ], [ -110.7545122, 43.6108302 ], [ -110.7442141, 43.6035905 ], [ -110.7431525, 43.5650349 ], [ -110.7531798, 43.561468 ], [ -110.752933899999988, 43.548792 ], [ -110.7430605, 43.5488752 ], [ -110.7368633, 43.5380035 ], [ -110.7327851, 43.5675436 ], [ -110.7111893, 43.5782821 ], [ -110.6843332, 43.6073204 ], [ -110.6478437, 43.6211839 ], [ -110.6345783, 43.6165638 ], [ -110.5938258, 43.6261584 ], [ -110.5834767, 43.6400297 ], [ -110.5839912, 43.676802 ], [ -110.6191039, 43.6801578 ], [ -110.6247326, 43.6910351 ], [ -110.6155676, 43.724137 ], [ -110.5955219, 43.7278524 ], [ -110.6009296, 43.7387911 ], [ -110.5674818, 43.7477188 ], [ -110.5476275, 43.7767498 ], [ -110.4279254, 43.7767086 ], [ -110.422814699999989, 43.846287 ], [ -110.4407689, 43.8386897 ], [ -110.44134, 43.8272319 ], [ -110.4678043, 43.8256183 ], [ -110.467990199999988, 43.9294124 ], [ -110.6203306, 43.9307839 ], [ -110.6192767, 44.0019162 ], [ -110.6597518, 44.0018954 ], [ -110.660010899999989, 44.0463362 ], [ -110.795106499999989, 44.0437614 ], [ -110.795300399999988, 44.0836225 ], [ -110.8154696, 44.0821584 ] ] ] } },
{ "type": "Feature", "properties": { "name": "Sand Creek Massacre National Historic Site", "code": "SAND", "designation": "National Historic Sites", "state": "CO", "acres": 12498.0, "type": "nps" }, "geometry": { "type": "Polygon", "coordinates": [ [ [ -102.510397, 38.5991929 ], [ -102.5657131, 38.5988992 ], [ -102.5657889, 38.5557416 ], [ -102.5290616, 38.5482168 ], [ -102.528972, 38.526996499999989 ], [ -102.473016, 38.5271241 ], [ -102.4731241, 38.5849865 ], [ -102.5103639, 38.584751399999988 ], [ -102.510397, 38.5991929 ] ] ] } },
{ "type": "Feature", "properties": { "name": "Great Sand Dunes National Park", "code": "GRSA", "designation": "National Parks", "state": "CO", "acres": 108058.0, "type": "nps" }, "geometry": { "type": "Polygon", "coordinates": [ [ [ -105.5936241, 37.8526995 ], [ -105.6201583, 37.8792893 ], [ -105.6386532, 37.8810625 ], [ -105.6534429, 37.891979 ], [ -105.6429638, 37.924527 ], [ -105.6908227, 37.9094906 ], [ -105.728139399999989, 37.9176618 ], [ -105.7282035, 37.6920265 ], [ -105.710421, 37.6925392 ], [ -105.711087299999988, 37.6631872 ], [ -105.5956847, 37.6629766 ], [ -105.5657127, 37.674258 ], [ -105.5484345, 37.6934651 ], [ -105.5169713, 37.6969928 ], [ -105.5168689, 37.7222246 ], [ -105.5077338, 37.7220518 ], [ -105.5065782, 37.7365589 ], [ -105.4978517, 37.7363968 ], [ -105.4979018, 37.8237334 ], [ -105.5635135, 37.8237033 ], [ -105.5593218, 37.8573167 ], [ -105.5936241, 37.8526995 ] ] ] } },
{ "type": "Feature", "properties": { "name": "Great Sand Dunes National Preserve", "code": "GRSA", "designation": "National Preserves", "state": "CO", "acres": 42024.0, "type": "nps" }, "geometry": { "type": "Polygon", "coordinates": [ [ [ -105.5519903, 37.9503976 ], [ -105.5408989, 37.9063662 ], [ -105.5817784, 37.852714299999988 ], [ -105.5593218, 37.8573167 ], [ -105.5635135, 37.8237033 ], [ -105.4979018, 37.8237334 ], [ -105.4978517, 37.7363968 ], [ -105.5065782, 37.7365589 ], [ -105.5077338, 37.7220518 ], [ -105.5168689, 37.7222246 ], [ -105.5170326, 37.6961812 ], [ -105.4802803, 37.6974939 ], [ -105.454058500000016, 37.7240382 ], [ -105.454846, 37.7952789 ], [ -105.4350453, 37.8054534 ], [ -105.4289951, 37.852267 ], [ -105.45099, 37.8781544 ], [ -105.478425699999988, 37.879821299999989 ], [ -105.4784457, 37.9032785 ], [ -105.511166100000011, 37.9389372 ], [ -105.5385373, 37.9549996 ], [ -105.5519903, 37.9503976 ] ] ] } },
{ "type": "Feature", "properties": { "name": "John D. Rockefeller, Jr., Memorial Parkway", "code": "JODR", "designation": "Parkways", "state": "WY", "acres": 23479.0, "type": "nps" }, "geometry": { "type": "Polygon", "coordinates": [ [ [ -110.7690887, 44.1325167 ], [ -110.7657782, 44.1224325 ], [ -110.7916066, 44.1204774 ], [ -110.7862448, 44.0900243 ], [ -110.7953019, 44.0840125 ], [ -110.795106499999989, 44.0437614 ], [ -110.6834562, 44.0463229 ], [ -110.6548206, 44.0858666 ], [ -110.665810799999988, 44.0981958 ], [ -110.656121899999988, 44.1288146 ], [ -110.7690887, 44.1325167 ] ] ] } },
{ "type": "Feature", "properties": { "name": "Fossil Butte National Monument", "code": "FOBU", "designation": "National Monuments", "state": "WY", "acres": 8066.0, "type": "nps" }, "geometry": { "type": "Polygon", "coordinates": [ [ [ -110.7241402, 41.8537955 ], [ -110.736238199999988, 41.8537845 ], [ -110.7362613, 41.8682823 ], [ -110.7517335, 41.868269 ], [ -110.7517269, 41.882754899999988 ], [ -110.7662894, 41.8827169 ], [ -110.771121, 41.8990001 ], [ -110.7831904, 41.8990248 ], [ -110.7831995, 41.889977099999989 ], [ -110.814683, 41.8899858 ], [ -110.814653799999988, 41.8790643 ], [ -110.7905067, 41.8790904 ], [ -110.775905, 41.8234688 ], [ -110.7190003, 41.8242773 ], [ -110.7180667, 41.8356781 ], [ -110.7265401, 41.8393004 ], [ -110.7241402, 41.8537955 ] ] ] } },
{ "type": "Feature", "properties": { "name": "Mesa Verde National Park", "code": "MEVE", "designation": "National Parks", "state": "CO", "acres": 53595.0, "type": "nps" }, "geometry": { "type": "Polygon", "coordinates": [ [ [ -108.4261683, 37.3126808 ], [ -108.4445436, 37.3123476 ], [ -108.4447912, 37.2977206 ], [ -108.4539214, 37.2978595 ], [ -108.4540469, 37.2905125 ], [ -108.5546038, 37.2829186 ], [ -108.5449024, 37.1565356 ], [ -108.44563, 37.1564264 ], [ -108.4455944, 37.2161551 ], [ -108.3396057, 37.2159996 ], [ -108.3590343, 37.2681638 ], [ -108.3710833, 37.2687045 ], [ -108.371076699999989, 37.2835708 ], [ -108.389719899999989, 37.2832985 ], [ -108.3896064, 37.290601599999988 ], [ -108.3988601, 37.2906184 ], [ -108.3983467, 37.3344551 ], [ -108.4215406, 37.3505243 ], [ -108.4261683, 37.3126808 ] ] ] } },
{ "type": "Feature", "properties": { "name": "Hovenweep National Monument", "code": "HOVE", "designation": "National Monuments", "state": "CO", "acres": 319.0, "type": "nps" }, "geometry": { "type": "Polygon", "coordinates": [ [ [ -109.0639317, 37.3889674 ], [ -109.0820784, 37.389003 ], [ -109.082078599999988, 37.3817564 ], [ -109.063926, 37.3817239 ], [ -109.0639317, 37.3889674 ] ] ] } },
{ "type": "Feature", "properties": { "name": "Yucca House National Monument", "code": "YUHO", "designation": "National Monuments", "state": "CO", "acres": 127.0, "type": "nps" }, "geometry": { "type": "Polygon", "coordinates": [ [ [ -108.6869007, 37.239406 ], [ -108.6775242, 37.2393669 ], [ -108.6845083, 37.2504877 ], [ -108.6869007, 37.239406 ] ] ] } },
{ "type": "Feature", "properties": { "name": "Mount Rushmore National Memorial", "code": "MORU", "designation": "National Memorials", "state": "SD", "acres": 1037.0, "type": "nps" }, "geometry": { "type": "Polygon", "coordinates": [ [ [ -103.429328399999989, 43.8898519 ], [ -103.451648, 43.886209 ], [ -103.4636057, 43.8918445 ], [ -103.4636142, 43.8683199 ], [ -103.444186, 43.8716774 ], [ -103.429328399999989, 43.8898519 ] ] ] } },
{ "type": "Feature", "properties": { "name": "Rocky Mountain National Park", "code": "ROMO", "designation": "National Parks", "state": "CO", "acres": 265989.0, "type": "nps" }, "geometry": { "type": "MultiPolygon", "coordinates": [ [ [ [ -105.5485001, 40.3253701 ], [ -105.582088700000014, 40.3252957 ], [ -105.58196, 40.3360694 ], [ -105.5917645, 40.3325352 ], [ -105.5917472, 40.3433697 ], [ -105.5711997, 40.3486548 ], [ -105.5667831, 40.3598696 ], [ -105.5438498, 40.3630081 ], [ -105.5664446, 40.3693685 ], [ -105.5662179, 40.376448 ], [ -105.5519968, 40.3797645 ], [ -105.56612, 40.3801558 ], [ -105.5657045, 40.3942166 ], [ -105.5888132, 40.3976106 ], [ -105.588866400000015, 40.4047366 ], [ -105.5564059, 40.3978575 ], [ -105.5520117, 40.3833594 ], [ -105.538023, 40.3825398 ], [ -105.4946226, 40.4047287 ], [ -105.493593800000014, 40.4336329 ], [ -105.5128787, 40.433938 ], [ -105.517394599999989, 40.5192067 ], [ -105.5585935, 40.5054607 ], [ -105.5889021, 40.5214137 ], [ -105.6001605, 40.537815 ], [ -105.6200358, 40.5403632 ], [ -105.6636416, 40.5287607 ], [ -105.6813743, 40.5494725 ], [ -105.6984646, 40.5537938 ], [ -105.75022, 40.5387309 ], [ -105.7478844, 40.5237823 ], [ -105.772867, 40.4997759 ], [ -105.8047821, 40.4911933 ], [ -105.822817199999989, 40.4767889 ], [ -105.8547455, 40.4862312 ], [ -105.891886, 40.476450899999989 ], [ -105.9033723, 40.3903213 ], [ -105.9137243, 40.3729326 ], [ -105.8776235, 40.3735898 ], [ -105.8746578, 40.3670014 ], [ -105.8686376, 40.371874399999989 ], [ -105.8715057, 40.3146093 ], [ -105.8585312, 40.3143117 ], [ -105.8434463, 40.2565905 ], [ -105.7991226, 40.2562229 ], [ -105.8061513, 40.2488917 ], [ -105.7969408, 40.2380857 ], [ -105.8352636, 40.2345192 ], [ -105.8423577, 40.2144409 ], [ -105.815074599999988, 40.1791575 ], [ -105.8172534, 40.1674074 ], [ -105.7805554, 40.1761069 ], [ -105.75252230000001, 40.1641884 ], [ -105.7282217, 40.179394 ], [ -105.6988584, 40.1617904 ], [ -105.6633559, 40.1701483 ], [ -105.6028532, 40.1580956 ], [ -105.5785059, 40.1612155 ], [ -105.5697468, 40.1758843 ], [ -105.5423919, 40.1905312 ], [ -105.5422773, 40.2105874 ], [ -105.5328217, 40.2105322 ], [ -105.532658, 40.2250787 ], [ -105.542097700000014, 40.2251115 ], [ -105.5420899, 40.2614272 ], [ -105.5607919, 40.2614838 ], [ -105.5614201, 40.289850099999988 ], [ -105.552795, 40.3005043 ], [ -105.5338468, 40.3034863 ], [ -105.5485001, 40.3253701 ] ] ], [ [ [ -105.523369699999989, 40.2749792 ], [ -105.523230399999989, 40.2678995 ], [ -105.523352, 40.2749803 ], [ -105.523369699999989, 40.2749792 ] ] ] ] } },
{ "type": "Feature", "properties": { "name": "Bent's Old Fort National Historic Site", "code": "BEOL", "designation": "National Historic Sites", "state": "CO", "acres": 809.0, "type": "nps" }, "geometry": { "type": "Polygon", "coordinates": [ [ [ -103.4354532, 38.0485988 ], [ -103.4355533, 38.0273751 ], [ -103.4171753, 38.0333045 ], [ -103.4185891, 38.0499437 ], [ -103.4354532, 38.0485988 ] ] ] } },
{ "type": "Feature", "properties": { "name": "Bryce Canyon National Park", "code": "BRCA", "designation": "National Parks", "state": "UT", "acres": 35823.0, "type": "nps" }, "geometry": { "type": "Polygon", "coordinates": [ [ [ -112.13346820000001, 37.6153775 ], [ -112.1105606, 37.6227332 ], [ -112.0969742, 37.662607 ], [ -112.0832482, 37.6626431 ], [ -112.0841764, 37.6992737 ], [ -112.1388135, 37.6955304 ], [ -112.1387733, 37.6810761 ], [ -112.1456456, 37.6810421 ], [ -112.138749, 37.6627507 ], [ -112.1838045, 37.6445589 ], [ -112.1831144, 37.6165865 ], [ -112.2104096, 37.6129404 ], [ -112.2104337, 37.602081 ], [ -112.2286566, 37.5948315 ], [ -112.2559343, 37.5440897 ], [ -112.273883, 37.5440735 ], [ -112.2661461, 37.4420874 ], [ -112.229850399999989, 37.4421331 ], [ -112.2285704, 37.4570454 ], [ -112.2149309, 37.4570322 ], [ -112.2149439, 37.4932515 ], [ -112.2467902, 37.4931888 ], [ -112.2377405, 37.5440718 ], [ -112.2195095, 37.5440924 ], [ -112.2194876, 37.551364 ], [ -112.2103931, 37.5513463 ], [ -112.210586299999989, 37.5658353 ], [ -112.1289041, 37.5648626 ], [ -112.13346820000001, 37.6153775 ] ] ] } },
{ "type": "Feature", "properties": { "name": "Capitol Reef National Park", "code": "CARE", "designation": "National Parks", "state": "UT", "acres": 245099.0, "type": "nps" }, "geometry": { "type": "Polygon", "coordinates": [ [ [ -111.3982357, 38.5270617 ], [ -111.3958331, 38.4755669 ], [ -111.3773994, 38.4755896 ], [ -111.377379499999989, 38.4465517 ], [ -111.4140702, 38.4464945 ], [ -111.414074, 38.439249 ], [ -111.423293699999988, 38.4392481 ], [ -111.4232957, 38.4247524 ], [ -111.39575, 38.4247833 ], [ -111.3956967, 38.3957824 ], [ -111.3588762, 38.3958371 ], [ -111.3570159, 38.3094365 ], [ -111.3202345, 38.3094546 ], [ -111.3202336, 38.2980745 ], [ -111.3018208, 38.2908406 ], [ -111.3018832, 38.254585 ], [ -111.26514130000001, 38.2545926 ], [ -111.2652134, 38.2400982 ], [ -111.2487798, 38.2401052 ], [ -111.2487847, 38.2112221 ], [ -111.2304173, 38.2112335 ], [ -111.230427, 38.1967418 ], [ -111.2118917, 38.1967628 ], [ -111.2125238, 38.1528549 ], [ -111.1870742, 38.15291 ], [ -111.187046400000014, 38.0091506 ], [ -111.1416955, 38.0018744 ], [ -111.141680099999988, 37.9946305 ], [ -111.132536, 37.9946187 ], [ -111.132486199999988, 37.9801385 ], [ -111.1142047, 37.980122 ], [ -111.1141221, 37.9458522 ], [ -111.0957986, 37.9458754 ], [ -111.0955739, 37.902414899999989 ], [ -111.0772711, 37.9024386 ], [ -111.077219899999989, 37.8081986 ], [ -111.049924600000011, 37.7937045 ], [ -111.049894099999989, 37.7719685 ], [ -111.022489299999989, 37.7574668 ], [ -111.0224817, 37.7429802 ], [ -111.0042263, 37.7429826 ], [ -111.004227, 37.7284968 ], [ -110.9859813, 37.7284971 ], [ -110.985973699999988, 37.7140097 ], [ -110.9733616, 37.7140079 ], [ -110.9733689, 37.6709034 ], [ -110.936348599999988, 37.6709377 ], [ -110.9362372, 37.6564608 ], [ -110.917982099999989, 37.6564538 ], [ -110.9088716, 37.6275358 ], [ -110.899708, 37.6275501 ], [ -110.8996859, 37.6130761 ], [ -110.8905731, 37.6130775 ], [ -110.8905951, 37.5985829 ], [ -110.8624181, 37.5985776 ], [ -110.8733249, 37.6269819 ], [ -110.9040046, 37.652169799999989 ], [ -110.9032425, 37.6638472 ], [ -110.9282058, 37.7051045 ], [ -110.9301769, 37.7329871 ], [ -110.942110899999989, 37.740257 ], [ -110.9556901, 37.771436 ], [ -110.9677736, 37.8430278 ], [ -111.0026952, 37.8626397 ], [ -110.9932683, 37.8734559 ], [ -111.0103342, 37.870829799999989 ], [ -111.0088484, 37.8986201 ], [ -111.0199808, 37.8936829 ], [ -111.0229084, 37.9314356 ], [ -111.0331009, 37.9336956 ], [ -111.0436268, 37.9516512 ], [ -111.0414844, 37.9872489 ], [ -111.0597699, 37.9872414 ], [ -111.0598091, 38.0307629 ], [ -111.114284399999988, 38.0308306 ], [ -111.1143178, 38.0597835 ], [ -111.123476, 38.0597825 ], [ -111.123476599999989, 38.0743011 ], [ -111.1143419, 38.074285 ], [ -111.1143153, 38.0887862 ], [ -111.0959253, 38.0960292 ], [ -111.0959661, 38.1177535 ], [ -111.114316699999989, 38.1250041 ], [ -111.1199774, 38.1929609 ], [ -111.137580899999989, 38.1929753 ], [ -111.1381278, 38.2144924 ], [ -111.1387048, 38.2831306 ], [ -111.1201818, 38.28524 ], [ -111.1198065, 38.3244751 ], [ -111.1381982, 38.3244713 ], [ -111.1382135, 38.3389522 ], [ -111.156589, 38.3389423 ], [ -111.1566455, 38.3823896 ], [ -111.1750276, 38.3823864 ], [ -111.1750755, 38.3968772 ], [ -111.1934897, 38.3968826 ], [ -111.1935209, 38.4257168 ], [ -111.1750946, 38.4257227 ], [ -111.1751506, 38.4546783 ], [ -111.1935473, 38.4546695 ], [ -111.193568899999988, 38.4691673 ], [ -111.2484439, 38.4691063 ], [ -111.2484815, 38.5126047 ], [ -111.2945999, 38.5124966 ], [ -111.2946163, 38.5269901 ], [ -111.305714200000011, 38.5269848 ], [ -111.3056857, 38.5343961 ], [ -111.3982357, 38.5270617 ] ] ] } },
{ "type": "Feature", "properties": { "name": "Cedar Breaks National Monument", "code": "CEBR", "designation": "National Monuments", "state": "UT", "acres": 5686.0, "type": "nps" }, "geometry": { "type": "Polygon", "coordinates": [ [ [ -112.8697579, 37.6581774 ], [ -112.8698204, 37.6159033 ], [ -112.8561494, 37.6123036 ], [ -112.856149, 37.605057 ], [ -112.8265101, 37.6105523 ], [ -112.8196602, 37.6335712 ], [ -112.824264, 37.6607309 ], [ -112.8697579, 37.6581774 ] ] ] } },
{ "type": "Feature", "properties": { "name": "Pipe Spring National Monument", "code": "PISP", "designation": "National Monuments", "state": "AZ", "acres": 0.0, "type": "nps" }, "geometry": { "type": "GeometryCollection", "geometries": [ ] } },
{ "type": "Feature", "properties": { "name": "Zion National Park", "code": "ZION", "designation": "National Parks", "state": "UT", "acres": 148847.0, "type": "nps" }, "geometry": { "type": "Polygon", "coordinates": [ [ [ -113.015807099999989, 37.1718415 ], [ -113.0066517, 37.2011766 ], [ -112.9884424, 37.2012795 ], [ -112.9885013, 37.1865037 ], [ -113.011285, 37.1644022 ], [ -112.970453, 37.1645028 ], [ -112.9702364, 37.1413552 ], [ -112.8988852, 37.1413875 ], [ -112.89881410000001, 37.1516569 ], [ -112.8634604, 37.1514978 ], [ -112.8635055, 37.2524152 ], [ -112.8816027, 37.252401 ], [ -112.8816604, 37.2669846 ], [ -112.8991856, 37.2669323 ], [ -112.9011122, 37.3697819 ], [ -113.0005431, 37.3698754 ], [ -113.0004721, 37.3952679 ], [ -113.0104543, 37.3985207 ], [ -113.0262465, 37.393802099999988 ], [ -113.0368498, 37.3988066 ], [ -113.0553816, 37.3731532 ], [ -113.0908954, 37.3735345 ], [ -113.0913396, 37.4454195 ], [ -113.1445081, 37.4453367 ], [ -113.1446981, 37.5028342 ], [ -113.1983333, 37.5042896 ], [ -113.1981458, 37.4810467 ], [ -113.2072381, 37.481048199999989 ], [ -113.2072293, 37.4665469 ], [ -113.2242104, 37.4669951 ], [ -113.2282972, 37.4521911 ], [ -113.216969299999988, 37.4521888 ], [ -113.2149962, 37.4024034 ], [ -113.2059154, 37.4023971 ], [ -113.1967964, 37.3733995 ], [ -113.1268871, 37.37342 ], [ -113.1268885, 37.3516313 ], [ -113.1178265, 37.3516336 ], [ -113.117769599999988, 37.3371875 ], [ -113.1088533, 37.3371595 ], [ -113.1090501, 37.2587253 ], [ -113.1185666, 37.2574178 ], [ -113.118453, 37.2359836 ], [ -113.1095006, 37.2360381 ], [ -113.109457, 37.1998266 ], [ -113.0913702, 37.1998073 ], [ -113.0913351, 37.1721576 ], [ -113.015807099999989, 37.1718415 ] ] ] } },
{ "type": "Feature", "properties": { "name": "Theodore Roosevelt National Park", "code": "THRO", "designation": "National Parks", "state": "ND", "acres": 45793.0, "type": "nps" }, "geometry": { "type": "Polygon", "coordinates": [ [ [ -103.5720184, 47.0231674 ], [ -103.6038272, 47.0015006 ], [ -103.5932674, 46.9798491 ], [ -103.578101600000011, 46.979843699999989 ], [ -103.567495, 46.9688175 ], [ -103.5674615, 46.9287939 ], [ -103.5462587, 46.932351499999989 ], [ -103.5267993, 46.914249299999987 ], [ -103.5147706, 46.9218963 ], [ -103.4151205, 46.9013056 ], [ -103.3966098, 46.891122 ], [ -103.3824769, 46.8947669 ], [ -103.363453100000015, 46.8882836 ], [ -103.3155177, 46.8965728 ], [ -103.3155165, 46.9336949 ], [ -103.3923713, 46.980004 ], [ -103.41355, 46.9799806 ], [ -103.4136052, 46.9944245 ], [ -103.4770515, 46.9942875 ], [ -103.477070400000017, 47.008744799999988 ], [ -103.5087861, 47.0087352 ], [ -103.5087981, 47.0159399 ], [ -103.5720184, 47.0231674 ] ] ] } },
{ "type": "Feature", "properties": { "name": "Fort Union Trading Post National Historic Site", "code": "FOUS", "designation": "National Historic Sites", "state": "ND", "acres": 126.0, "type": "nps" }, "geometry": { "type": "Polygon", "coordinates": [ [ [ -104.0282743, 48.000603 ], [ -104.0500221, 48.0039423 ], [ -104.0282771, 47.994965 ], [ -104.0282743, 48.000603 ] ] ] } },
{ "type": "Feature", "properties": { "name": "Timpanogos Cave National Monument", "code": "TICA", "designation": "National Monuments", "state": "UT", "acres": 250.0, "type": "nps" }, "geometry": { "type": "Polygon", "coordinates": [ [ [ -111.7034796, 40.4449309 ], [ -111.7153324, 40.4449306 ], [ -111.7153322, 40.4358751 ], [ -111.70348, 40.4358753 ], [ -111.7034796, 40.4449309 ] ] ] } },
{ "type": "Feature", "properties": { "name": "Wind Cave National Park", "code": "WICA", "designation": "National Parks", "state": "SD", "acres": 33489.0, "type": "nps" }, "geometry": { "type": "Polygon", "coordinates": [ [ [ -103.5007558, 43.6330909 ], [ -103.500719, 43.5573111 ], [ -103.5206912, 43.5427468 ], [ -103.5207547, 43.5208644 ], [ -103.5009389, 43.5209345 ], [ -103.4908548, 43.5137524 ], [ -103.4715194, 43.518987 ], [ -103.461040400000016, 43.4972035 ], [ -103.437023, 43.5102123 ], [ -103.4415676, 43.5210905 ], [ -103.4216113, 43.5210538 ], [ -103.4214291, 43.539189 ], [ -103.401499, 43.5391384 ], [ -103.4113247, 43.5644644 ], [ -103.3614912, 43.5679849 ], [ -103.3614027, 43.5932994 ], [ -103.3412257, 43.5932329 ], [ -103.3368187, 43.6076744 ], [ -103.3368544, 43.6257331 ], [ -103.4411444, 43.6296441 ], [ -103.460827, 43.6404952 ], [ -103.5007558, 43.6330909 ] ] ] } },
{ "type": "Feature", "properties": { "name": "Jewel Cave National Monument", "code": "JECA", "designation": "National Monuments", "state": "SD", "acres": 1178.0, "type": "nps" }, "geometry": { "type": "Polygon", "coordinates": [ [ [ -103.847447800000012, 43.737068799999989 ], [ -103.8461182, 43.7238251 ], [ -103.8163221, 43.7201477 ], [ -103.8163146, 43.7418526 ], [ -103.847447800000012, 43.737068799999989 ] ] ] } },
{ "type": "Feature", "properties": { "name": "Big Hole National Battlefield", "code": "BIHO", "designation": "National Battlefields", "state": "MT", "acres": 722.0, "type": "nps" }, "geometry": { "type": "Polygon", "coordinates": [ [ [ -113.631861199999989, 45.638465499999988 ], [ -113.6318464, 45.6529877 ], [ -113.6551082, 45.6564465 ], [ -113.6550952, 45.6419695 ], [ -113.631861199999989, 45.638465499999988 ] ] ] } },
{ "type": "Feature", "properties": { "name": "Grant-Kohrs Ranch National Historic Site", "code": "GRKO", "designation": "National Historic Sites", "state": "MT", "acres": 1579.0, "type": "nps" }, "geometry": { "type": "Polygon", "coordinates": [ [ [ -112.7290858, 46.4296748 ], [ -112.7400513, 46.440501 ], [ -112.7533605, 46.4115542 ], [ -112.7657094, 46.4115908 ], [ -112.7656117, 46.3970518 ], [ -112.7352947, 46.4042875 ], [ -112.7290858, 46.4296748 ] ] ] } },
{ "type": "Feature", "properties": { "name": "National Capital Parks", "code": "NACA", "designation": "Other Designations", "state": "DC", "acres": 1496.0, "type": "nps" }, "geometry": { "type": "Polygon", "coordinates": [ [ [ -76.757379899999989, 39.1410515 ], [ -76.770817, 39.1201789 ], [ -76.8393846, 39.0626791 ], [ -76.8675427, 39.0138338 ], [ -76.8652472, 39.0036368 ], [ -76.8919076, 38.9871391 ], [ -76.9158324, 38.9395978 ], [ -76.8890601, 38.9879627 ], [ -76.8639818, 39.0031408 ], [ -76.8310034, 39.0686809 ], [ -76.7652261, 39.1232443 ], [ -76.757379899999989, 39.1410515 ] ] ] } },
{ "type": "Feature", "properties": { "name": "Clara Barton National Historic Site", "code": "CLBA", "designation": "National Historic Sites", "state": "MD", "acres": 0.0, "type": "nps" }, "geometry": { "type": "GeometryCollection", "geometries": [ ] } },
{ "type": "Feature", "properties": { "name": "Belmont-Paul Women's Equality National Monument", "code": "BEPA", "designation": "National Monuments", "state": "DC", "acres": 0.0, "type": "nps" }, "geometry": { "type": "GeometryCollection", "geometries": [ ] } },
{ "type": "Feature", "properties": { "name": "Fort Washington Park", "code": "FOWA", "designation": "Other Designations", "state": "MD", "acres": 246.0, "type": "nps" }, "geometry": { "type": "Polygon", "coordinates": [ [ [ -77.03711, 38.7123092 ], [ -77.0283846, 38.7028068 ], [ -77.0229953, 38.7205547 ], [ -77.03711, 38.7123092 ] ] ] } },
{ "type": "Feature", "properties": { "name": "Lyndon Baines Johnson Memorial Grove on the Potomac", "code": "LYBA", "designation": "National Memorials", "state": "DC", "acres": 0.0, "type": "nps" }, "geometry": { "type": "GeometryCollection", "geometries": [ ] } },
{ "type": "Feature", "properties": { "name": "National Mall", "code": "MALL", "designation": "Other Designations", "state": "DC", "acres": 0.0, "type": "nps" }, "geometry": { "type": "GeometryCollection", "geometries": [ ] } },
{ "type": "Feature", "properties": { "name": "Greenbelt Park", "code": "GREE", "designation": "Other Designations", "state": "MD", "acres": 838.0, "type": "nps" }, "geometry": { "type": "Polygon", "coordinates": [ [ [ -76.9011772, 38.9955491 ], [ -76.9147787, 38.9722566 ], [ -76.8995794, 38.9742776 ], [ -76.8833492, 38.9953708 ], [ -76.9011772, 38.9955491 ] ] ] } },
{ "type": "Feature", "properties": { "name": "Rock Creek Park", "code": "ROCR", "designation": "Other Designations", "state": "DC", "acres": 2102.0, "type": "nps" }, "geometry": { "type": "Polygon", "coordinates": [ [ [ -77.0471174, 38.9911905 ], [ -77.0543052, 38.9855703 ], [ -77.058405, 38.956264 ], [ -77.0486224, 38.9327368 ], [ -77.0367294, 38.9368814 ], [ -77.048136, 38.9408297 ], [ -77.0366781, 38.9524505 ], [ -77.0366399, 38.9808536 ], [ -77.0471174, 38.9911905 ] ] ] } },
{ "type": "Feature", "properties": { "name": "Pennsylvania Avenue National Historic Site", "code": "PAAV", "designation": "National Historic Sites", "state": "DC", "acres": 0.0, "type": "nps" }, "geometry": { "type": "GeometryCollection", "geometries": [ ] } },
{ "type": "Feature", "properties": { "name": "Antietam National Battlefield", "code": "ANTI", "designation": "National Battlefields", "state": "MD", "acres": 3059.0, "type": "nps" }, "geometry": { "type": "Polygon", "coordinates": [ [ [ -77.7363567, 39.4964427 ], [ -77.7496911, 39.49716 ], [ -77.7621658, 39.4853144 ], [ -77.7407936, 39.4616668 ], [ -77.7470243, 39.4535186 ], [ -77.7407776, 39.4384499 ], [ -77.7281431, 39.4415381 ], [ -77.7236268, 39.4666509 ], [ -77.7098102, 39.4751679 ], [ -77.7278538, 39.476891599999988 ], [ -77.7370677, 39.4948871 ], [ -77.7363567, 39.4964427 ] ] ] } },
{ "type": "Feature", "properties": { "name": "Chesapeake and Ohio Canal National Historical Park", "code": "CHOH", "designation": "National Historical Parks", "state": "MD", "acres": 23623.0, "type": "nps" }, "geometry": { "type": "MultiPolygon", "coordinates": [ [ [ [ -78.7488672, 39.6284571 ], [ -78.773974, 39.6241135 ], [ -78.7634602, 39.6485418 ], [ -78.7764403, 39.6222956 ], [ -78.7630346, 39.6192952 ], [ -78.7478427, 39.6272528 ], [ -78.746613, 39.6267723 ], [ -78.7488672, 39.6284571 ] ] ], [ [ [ -78.7412732, 39.6052735 ], [ -78.7315966, 39.615546 ], [ -78.7371922, 39.6197299 ], [ -78.7412732, 39.6052735 ] ] ], [ [ [ -78.766304, 39.5952164 ], [ -78.7562603, 39.587495 ], [ -78.7328829, 39.58679 ], [ -78.7242556, 39.5643589 ], [ -78.6755906, 39.5408522 ], [ -78.6504525, 39.5357418 ], [ -78.6199841, 39.5397236 ], [ -78.6026655, 39.532567799999988 ], [ -78.5912229, 39.5374326 ], [ -78.5895219, 39.5300716 ], [ -78.5657744, 39.520642 ], [ -78.5214588, 39.5254325 ], [ -78.472493, 39.516614 ], [ -78.4624815, 39.5229967 ], [ -78.4628489, 39.5369574 ], [ -78.4494517, 39.54054 ], [ -78.4618906, 39.5510974 ], [ -78.4379817, 39.5393013 ], [ -78.4379805, 39.5539426 ], [ -78.4181034, 39.5482717 ], [ -78.4552718, 39.5733096 ], [ -78.4538231, 39.5708402 ], [ -78.469913, 39.5435688 ], [ -78.4683666, 39.5205159 ], [ -78.5526809, 39.5304853 ], [ -78.5543454, 39.5243895 ], [ -78.564128200000013, 39.5251457 ], [ -78.5877343, 39.5387109 ], [ -78.6251747, 39.54645 ], [ -78.640054300000017, 39.5390906 ], [ -78.6664186, 39.5416806 ], [ -78.7191176, 39.5666558 ], [ -78.7341798, 39.5902025 ], [ -78.7530584, 39.5875148 ], [ -78.7654283, 39.5948466 ], [ -78.7457401, 39.6005303 ], [ -78.7435274, 39.6028801 ], [ -78.766304, 39.5952164 ] ], [ [ -78.5882962, 39.538127 ], [ -78.6246661, 39.5460614 ], [ -78.5877831, 39.5383179 ], [ -78.586035, 39.5311358 ], [ -78.5882962, 39.538127 ] ] ], [ [ [ -78.4565761, 39.582043 ], [ -78.4570273, 39.5824861 ], [ -78.456641, 39.5825492 ], [ -78.4573674, 39.5882185 ], [ -78.4435877, 39.5922037 ], [ -78.4076425, 39.579330899999988 ], [ -78.39613, 39.5846979 ], [ -78.427409, 39.606952 ], [ -78.4297273, 39.6174087 ], [ -78.42434, 39.6069584 ], [ -78.4271049, 39.6191495 ], [ -78.4301805, 39.6194524 ], [ -78.4310989, 39.6235941 ], [ -78.416716100000016, 39.6198025 ], [ -78.3955786, 39.6160409 ], [ -78.4065646, 39.6171251 ], [ -78.3759606, 39.6090473 ], [ -78.382602, 39.626022 ], [ -78.3948864, 39.6181907 ], [ -78.433167, 39.624995899999988 ], [ -78.438996, 39.6150158 ], [ -78.4265278, 39.6024173 ], [ -78.4302721, 39.5905718 ], [ -78.4509934, 39.5950252 ], [ -78.4619763, 39.5847357 ], [ -78.4555092, 39.5737141 ], [ -78.4565761, 39.582043 ] ] ], [ [ [ -78.434969, 39.5860871 ], [ -78.4565079, 39.5833083 ], [ -78.4559139, 39.582668 ], [ -78.434969, 39.5860871 ] ] ], [ [ [ -78.3561596, 39.626941599999988 ], [ -78.3601833, 39.6384553 ], [ -78.3531848, 39.6412738 ], [ -78.3581515, 39.6416004 ], [ -78.3793632, 39.6280862 ], [ -78.3561596, 39.626941599999988 ] ] ], [ [ [ -78.2660591, 39.6202375 ], [ -78.2538831, 39.6432762 ], [ -78.225317, 39.6604593 ], [ -78.2332972, 39.6740933 ], [ -78.202795, 39.6775909 ], [ -78.1807195, 39.697463 ], [ -78.0963635, 39.6797389 ], [ -78.0515664, 39.6513547 ], [ -78.0071887, 39.6030058 ], [ -77.9778914, 39.6009138 ], [ -77.9545165, 39.6092165 ], [ -77.9448663, 39.5860025 ], [ -77.9377123, 39.6016975 ], [ -77.942206400000018, 39.620113 ], [ -77.9304647, 39.6184166 ], [ -77.9194576, 39.605478 ], [ -77.8864054, 39.5988058 ], [ -77.8863691, 39.6005479 ], [ -77.9176739, 39.6063891 ], [ -77.927421, 39.6189814 ], [ -77.9472411, 39.6228307 ], [ -77.9763629, 39.6054312 ], [ -78.0043593, 39.6065503 ], [ -78.0137417, 39.6240587 ], [ -78.0695266, 39.6675077 ], [ -78.107708, 39.6853263 ], [ -78.1802666, 39.6983247 ], [ -78.1958547, 39.6934075 ], [ -78.2036156, 39.6804449 ], [ -78.2354373, 39.6737628 ], [ -78.2315148, 39.6588648 ], [ -78.2559773, 39.6447084 ], [ -78.2679069, 39.6208731 ], [ -78.337947, 39.6451204 ], [ -78.3363958, 39.6401681 ], [ -78.3511081, 39.6411371 ], [ -78.2660591, 39.6202375 ] ] ], [ [ [ -77.8860313, 39.6167237 ], [ -77.8563834, 39.6114261 ], [ -77.8847363, 39.6178011 ], [ -77.8878569, 39.6245727 ], [ -77.8863371, 39.6020778 ], [ -77.8860313, 39.6167237 ] ] ], [ [ [ -77.8272473, 39.5909083 ], [ -77.834264500000018, 39.5659548 ], [ -77.8777418, 39.5622494 ], [ -77.8866935, 39.5553836 ], [ -77.8639506, 39.5399895 ], [ -77.8617874, 39.5161063 ], [ -77.8438978, 39.5191352 ], [ -77.8361583, 39.5335742 ], [ -77.8235987, 39.5295005 ], [ -77.8241668, 39.5158886 ], [ -77.8441891, 39.4995494 ], [ -77.800639, 39.4912374 ], [ -77.7829502, 39.5003144 ], [ -77.7660934, 39.4962142 ], [ -77.7796085, 39.5031278 ], [ -77.80427, 39.4931036 ], [ -77.8392839, 39.5003552 ], [ -77.8203083, 39.5194447 ], [ -77.8207944, 39.5322569 ], [ -77.8359914, 39.5354125 ], [ -77.8562276, 39.5196948 ], [ -77.86285, 39.5414009 ], [ -77.8801478, 39.5526329 ], [ -77.8721814, 39.5605796 ], [ -77.8335883, 39.5647227 ], [ -77.8206195, 39.6033742 ], [ -77.8358652, 39.606808099999988 ], [ -77.8272473, 39.5909083 ] ] ], [ [ [ -77.796813899999989, 39.4788292 ], [ -77.7763359, 39.4619204 ], [ -77.796938, 39.45951 ], [ -77.783530399999989, 39.4454519 ], [ -77.8012483, 39.43758 ], [ -77.755734, 39.427248 ], [ -77.7363215, 39.4004584 ], [ -77.7333445, 39.3876208 ], [ -77.7510499, 39.3805557 ], [ -77.7425988, 39.3595592 ], [ -77.7410915, 39.3720756 ], [ -77.730932, 39.3830129 ], [ -77.7379748, 39.4174927 ], [ -77.7529359, 39.4304509 ], [ -77.7973942, 39.4367894 ], [ -77.7819183, 39.445867 ], [ -77.7945336, 39.4584934 ], [ -77.7808201, 39.4547096 ], [ -77.7725374, 39.460696 ], [ -77.7920123, 39.4788119 ], [ -77.7870098, 39.4754635 ], [ -77.7620149, 39.4941273 ], [ -77.7649311, 39.4956195 ], [ -77.796813899999989, 39.4788292 ] ] ], [ [ [ -77.7559033, 39.3376634 ], [ -77.7252112, 39.3233127 ], [ -77.6773099, 39.3284857 ], [ -77.6533241, 39.3194074 ], [ -77.6718849, 39.3297526 ], [ -77.7224287, 39.32423 ], [ -77.735723, 39.3317083 ], [ -77.744130400000017, 39.346837 ], [ -77.7434128, 39.3527982 ], [ -77.7559033, 39.3376634 ] ] ], [ [ [ -77.6214984, 39.3073513 ], [ -77.6096886, 39.3073164 ], [ -77.6378437, 39.3135447 ], [ -77.6214984, 39.3073513 ] ] ], [ [ [ -77.5632048, 39.3071683 ], [ -77.5584591, 39.2990092 ], [ -77.5599159, 39.3085318 ], [ -77.5770245, 39.3072141 ], [ -77.5632048, 39.3071683 ] ] ], [ [ [ -77.543903, 39.2739714 ], [ -77.5194938, 39.264994 ], [ -77.5431859, 39.274136399999989 ], [ -77.5389421, 39.280595 ], [ -77.5535242, 39.2905229 ], [ -77.543903, 39.2739714 ] ] ], [ [ [ -77.4543885, 39.2253575 ], [ -77.4615678, 39.2129005 ], [ -77.4449635, 39.2263946 ], [ -77.4662549, 39.2444251 ], [ -77.4862191, 39.2521423 ], [ -77.4543885, 39.2253575 ] ] ], [ [ [ -77.4769246, 39.1862385 ], [ -77.5166221, 39.1658669 ], [ -77.5131995, 39.1228854 ], [ -77.4807185, 39.1104442 ], [ -77.4635526, 39.0926844 ], [ -77.47253, 39.1183506 ], [ -77.5116124, 39.1244785 ], [ -77.5132955, 39.1666059 ], [ -77.4991716, 39.1733725 ], [ -77.4871676, 39.1643991 ], [ -77.4677895, 39.1888019 ], [ -77.4670037, 39.2034654 ], [ -77.4769246, 39.1862385 ] ] ], [ [ [ -77.4536086, 39.0823912 ], [ -77.3902681, 39.0677012 ], [ -77.330762, 39.0675378 ], [ -77.2500214, 39.0356665 ], [ -77.2381874, 39.0231877 ], [ -77.2364297, 39.027166 ], [ -77.2642205, 39.0470949 ], [ -77.2667004, 39.0426157 ], [ -77.279156, 39.0478438 ], [ -77.2939657, 39.0633669 ], [ -77.3098476, 39.0710364 ], [ -77.313029899999989, 39.0647193 ], [ -77.3432733, 39.0702418 ], [ -77.3425953, 39.0799523 ], [ -77.346061, 39.0705974 ], [ -77.3691795, 39.0740247 ], [ -77.3641342, 39.0688643 ], [ -77.3734562, 39.0681736 ], [ -77.4402933, 39.0797707 ], [ -77.4625594, 39.0916564 ], [ -77.4536086, 39.0823912 ] ] ], [ [ [ -77.2495946, 39.0004906 ], [ -77.2443088, 38.9844597 ], [ -77.1942821, 38.9710153 ], [ -77.1619925, 38.9703954 ], [ -77.1939289, 38.9713503 ], [ -77.2375916, 38.984385 ], [ -77.2482414, 39.0004229 ], [ -77.2414054, 39.0159029 ], [ -77.2495946, 39.0004906 ] ] ], [ [ [ -77.1007492, 38.9124272 ], [ -77.0690154, 38.9042648 ], [ -77.0950154, 38.9110147 ], [ -77.1453867, 38.9698956 ], [ -77.1488438, 38.9699998 ], [ -77.1007492, 38.9124272 ] ] ] ] } },
{ "type": "Feature", "properties": { "name": "Mary McLeod Bethune Council House National Historic Site", "code": "MABE", "designation": "National Historic Sites", "state": "DC", "acres": 0.0, "type": "nps" }, "geometry": { "type": "GeometryCollection", "geometries": [ ] } },
{ "type": "Feature", "properties": { "name": "Catoctin Mountain Park", "code": "CATO", "designation": "Other Designations", "state": "MD", "acres": 5505.0, "type": "nps" }, "geometry": { "type": "Polygon", "coordinates": [ [ [ -77.5048355, 39.6632194 ], [ -77.4941617, 39.6584359 ], [ -77.493353500000012, 39.6433051 ], [ -77.4740921, 39.6324826 ], [ -77.4486836, 39.6331217 ], [ -77.4377226, 39.6211147 ], [ -77.4222835, 39.6229807 ], [ -77.4256622, 39.6378018 ], [ -77.4177554, 39.63801 ], [ -77.4319571, 39.6422158 ], [ -77.4574895, 39.672976 ], [ -77.466122, 39.6620785 ], [ -77.474134, 39.6655343 ], [ -77.4860317, 39.6851651 ], [ -77.5048355, 39.6632194 ] ] ] } },
{ "type": "Feature", "properties": { "name": "George Washington Memorial Parkway", "code": "GWMP", "designation": "Parkways", "state": "VA", "acres": 2329.0, "type": "nps" }, "geometry": { "type": "MultiPolygon", "coordinates": [ [ [ [ -77.0526577, 38.8443127 ], [ -77.0447401, 38.8165138 ], [ -77.0524099, 38.7887226 ], [ -77.0358385, 38.8352616 ], [ -77.0485676, 38.843682699999988 ], [ -77.0365054, 38.8656048 ], [ -77.0457285, 38.8755129 ], [ -77.0526577, 38.8443127 ] ] ], [ [ [ -77.0572742, 38.7710855 ], [ -77.0428403, 38.7264561 ], [ -77.0582396, 38.7106997 ], [ -77.0796543, 38.7205333 ], [ -77.0889088, 38.7169777 ], [ -77.0860276, 38.7100373 ], [ -77.0830978, 38.7162151 ], [ -77.0537394, 38.709428 ], [ -77.041455, 38.7260347 ], [ -77.0484817, 38.7504525 ], [ -77.0416162, 38.7703032 ], [ -77.0539187, 38.7832529 ], [ -77.0572742, 38.7710855 ] ] ], [ [ [ -77.2267334, 38.981748 ], [ -77.19255290000001, 38.9754289 ], [ -77.1896368, 38.9750043 ], [ -77.2268707, 38.982289699999988 ], [ -77.2267334, 38.981748 ] ] ] ] } },
{ "type": "Feature", "properties": { "name": "Arlington House, The Robert E. Lee Memorial", "code": "ARHO", "designation": "National Memorials", "state": "VA", "acres": 0.0, "type": "nps" }, "geometry": { "type": "GeometryCollection", "geometries": [ ] } },
{ "type": "Feature", "properties": { "name": "Theodore Roosevelt Island", "code": "THIS", "designation": "National Memorials", "state": "DC", "acres": 0.0, "type": "nps" }, "geometry": { "type": "GeometryCollection", "geometries": [ ] } },
{ "type": "Feature", "properties": { "name": "World War II Memorial", "code": "WWII", "designation": "National Memorials", "state": "DC", "acres": 0.0, "type": "nps" }, "geometry": { "type": "GeometryCollection", "geometries": [ ] } },
{ "type": "Feature", "properties": { "name": "Franklin Delano Roosevelt Memorial", "code": "FRDE", "designation": "National Memorials", "state": "DC", "acres": 0.0, "type": "nps" }, "geometry": { "type": "GeometryCollection", "geometries": [ ] } },
{ "type": "Feature", "properties": { "name": "Ford's Theatre National Historic Site", "code": "FOTH", "designation": "National Historic Sites", "state": "DC", "acres": 0.0, "type": "nps" }, "geometry": { "type": "GeometryCollection", "geometries": [ ] } },
{ "type": "Feature", "properties": { "name": "Thomas Jefferson Memorial", "code": "JEFM", "designation": "National Memorials", "state": "DC", "acres": 0.0, "type": "nps" }, "geometry": { "type": "GeometryCollection", "geometries": [ ] } },
{ "type": "Feature", "properties": { "name": "Lincoln Memorial", "code": "LINC", "designation": "National Memorials", "state": "DC", "acres": 0.0, "type": "nps" }, "geometry": { "type": "GeometryCollection", "geometries": [ ] } },
{ "type": "Feature", "properties": { "name": "Washington Monument", "code": "WAMO", "designation": "National Memorials", "state": "DC", "acres": 70.0, "type": "nps" }, "geometry": { "type": "Polygon", "coordinates": [ [ [ -77.0393205, 38.8886975 ], [ -77.0322807, 38.8826503 ], [ -77.0334664, 38.8919884 ], [ -77.0393205, 38.8886975 ] ] ] } },
{ "type": "Feature", "properties": { "name": "Korean War Veterans Memorial", "code": "KOWA", "designation": "National Memorials", "state": "DC", "acres": 0.0, "type": "nps" }, "geometry": { "type": "GeometryCollection", "geometries": [ ] } },
{ "type": "Feature", "properties": { "name": "Piscataway Park", "code": "PISC", "designation": "Other Designations", "state": "MD", "acres": 4184.0, "type": "nps" }, "geometry": { "type": "Polygon", "coordinates": [ [ [ -77.0547212, 38.6931206 ], [ -77.0671136, 38.6958055 ], [ -77.100007, 38.686121899999989 ], [ -77.1044798, 38.6757 ], [ -77.0952681, 38.6677855 ], [ -77.0812741, 38.6780451 ], [ -77.0740027, 38.6674512 ], [ -77.0662359, 38.6740223 ], [ -77.0184357, 38.6753805 ], [ -77.009479400000018, 38.691912 ], [ -77.0433057, 38.6968797 ], [ -77.0436024, 38.7020937 ], [ -77.0547212, 38.6931206 ] ] ] } },
{ "type": "Feature", "properties": { "name": "Frederick Douglass National Historic Site", "code": "FRDO", "designation": "National Historic Sites", "state": "DC", "acres": 0.0, "type": "nps" }, "geometry": { "type": "GeometryCollection", "geometries": [ ] } },
{ "type": "Feature", "properties": { "name": "Carter G. Woodson Home National Historic Site", "code": "CAWO", "designation": "National Historic Sites", "state": "DC", "acres": 0.0, "type": "nps" }, "geometry": { "type": "GeometryCollection", "geometries": [ ] } },
{ "type": "Feature", "properties": { "name": "Monocacy National Battlefield", "code": "MONO", "designation": "National Battlefields", "state": "MD", "acres": 1409.0, "type": "nps" }, "geometry": { "type": "Polygon", "coordinates": [ [ [ -77.3818327, 39.3811733 ], [ -77.3870365, 39.3726678 ], [ -77.406081, 39.3754274 ], [ -77.4081371, 39.3489572 ], [ -77.3960295, 39.3506389 ], [ -77.3885356, 39.3440781 ], [ -77.3883358, 39.3661525 ], [ -77.3743067, 39.3661198 ], [ -77.3818327, 39.3811733 ] ] ] } },
{ "type": "Feature", "properties": { "name": "Vietnam Veterans Memorial", "code": "VIVE", "designation": "National Memorials", "state": "DC", "acres": 0.0, "type": "nps" }, "geometry": { "type": "GeometryCollection", "geometries": [ ] } },
{ "type": "Feature", "properties": { "name": "Constitution Gardens", "code": "COGA", "designation": "Other Designations", "state": "DC", "acres": 0.0, "type": "nps" }, "geometry": { "type": "GeometryCollection", "geometries": [ ] } },
{ "type": "Feature", "properties": { "name": "Wolf Trap National Park for the Performing Arts", "code": "WOTR", "designation": "Other Designations", "state": "VA", "acres": 0.0, "type": "nps" }, "geometry": { "type": "GeometryCollection", "geometries": [ ] } },
{ "type": "Feature", "properties": { "name": "White House", "code": "WHHO", "designation": "Other Designations", "state": "DC", "acres": 0.0, "type": "nps" }, "geometry": { "type": "GeometryCollection", "geometries": [ ] } },
{ "type": "Feature", "properties": { "name": "Allegheny Portage Railroad National Historic Site", "code": "ALPO", "designation": "National Historic Sites", "state": "PA", "acres": 999.0, "type": "nps" }, "geometry": { "type": "MultiPolygon", "coordinates": [ [ [ [ -78.5586731, 40.4519063 ], [ -78.5390381, 40.4507662 ], [ -78.5212893, 40.4313225 ], [ -78.4627412, 40.4070404 ], [ -78.4521091, 40.4125951 ], [ -78.518721, 40.4327259 ], [ -78.53685870000001, 40.4510532 ], [ -78.5586731, 40.4519063 ] ] ], [ [ [ -78.8342157, 40.3763788 ], [ -78.8507035, 40.3757258 ], [ -78.8507284, 40.3756372 ], [ -78.8342157, 40.3763788 ] ] ] ] } },
{ "type": "Feature", "properties": { "name": "Fort Necessity National Battlefield", "code": "FONE", "designation": "National Battlefields", "state": "PA", "acres": 862.0, "type": "nps" }, "geometry": { "type": "Polygon", "coordinates": [ [ [ -79.6016059, 39.8141767 ], [ -79.6011454, 39.8036104 ], [ -79.5772808, 39.8014451 ], [ -79.5745348, 39.8107487 ], [ -79.5901431, 39.8208946 ], [ -79.6016059, 39.8141767 ] ] ] } },
{ "type": "Feature", "properties": { "name": "Johnstown Flood National Memorial", "code": "JOFL", "designation": "National Memorials", "state": "PA", "acres": 0.0, "type": "nps" }, "geometry": { "type": "GeometryCollection", "geometries": [ ] } },
{ "type": "Feature", "properties": { "name": "Appomattox Court House National Historical Park", "code": "APCO", "designation": "National Historical Parks", "state": "VA", "acres": 990.0, "type": "nps" }, "geometry": { "type": "Polygon", "coordinates": [ [ [ -78.8238664, 37.3763168 ], [ -78.7922327, 37.3750768 ], [ -78.7815946, 37.3933566 ], [ -78.7889262, 37.395685799999988 ], [ -78.8238664, 37.3763168 ] ] ] } },
{ "type": "Feature", "properties": { "name": "Assateague Island National Seashore", "code": "ASIS", "designation": "National Seashores", "state": "MD", "acres": 48412.0, "type": "nps" }, "geometry": { "type": "Polygon", "coordinates": [ [ [ -75.0964413, 38.3270502 ], [ -75.1073833, 38.3177538 ], [ -75.14931820000001, 38.2458048 ], [ -75.1588688, 38.2505135 ], [ -75.1496366, 38.245476 ], [ -75.2029055, 38.1773425 ], [ -75.1946222, 38.1540144 ], [ -75.215872, 38.1061078 ], [ -75.2426624, 38.1061157 ], [ -75.242898, 38.086139 ], [ -75.2735046, 38.0544746 ], [ -75.2907286, 38.0135132 ], [ -75.3154718, 37.9904868 ], [ -75.3045275, 37.9835072 ], [ -75.3218844, 37.9674575 ], [ -75.3177645, 37.9437664 ], [ -75.3397126, 37.9320369 ], [ -75.3462189, 37.9179652 ], [ -75.3524581, 37.9219342 ], [ -75.3570265, 37.9146858 ], [ -75.3826244, 37.913693 ], [ -75.3829112, 37.8968115 ], [ -75.4083982, 37.8784529 ], [ -75.395981300000017, 37.8439853 ], [ -75.3722975, 37.8468945 ], [ -75.3430943, 37.8732775 ], [ -75.1946227, 38.0786047 ], [ -75.0885948, 38.3225567 ], [ -75.0964413, 38.3270502 ] ] ] } },
{ "type": "Feature", "properties": { "name": "Bluestone National Scenic River", "code": "BLUE", "designation": "National Wild & Scenic Rivers", "state": "WV", "acres": 4412.0, "type": "nps" }, "geometry": { "type": "Polygon", "coordinates": [ [ [ -80.9531644, 37.6044418 ], [ -80.9549507, 37.5976011 ], [ -80.9663905, 37.5969492 ], [ -80.975488, 37.6028441 ], [ -80.9753826, 37.576693 ], [ -81.0056776, 37.5681188 ], [ -81.0135188, 37.5406307 ], [ -81.0265762, 37.5374218 ], [ -81.0191878, 37.5274607 ], [ -81.0300072, 37.5275689 ], [ -81.0211662, 37.517304 ], [ -81.0040147, 37.5207784 ], [ -81.0161884, 37.5345145 ], [ -81.0030796, 37.5353966 ], [ -81.0032373, 37.5417716 ], [ -80.9938371, 37.5383666 ], [ -80.9865083, 37.546715 ], [ -80.9944521, 37.558476399999989 ], [ -80.9724091, 37.5710745 ], [ -80.9624098, 37.5666821 ], [ -80.9670652, 37.5784509 ], [ -80.9600143, 37.5829872 ], [ -80.942169, 37.5804739 ], [ -80.9383578, 37.5979091 ], [ -80.9531644, 37.6044418 ] ] ] } },
{ "type": "Feature", "properties": { "name": "Booker T. Washington National Monument", "code": "BOWA", "designation": "National Monuments", "state": "VA", "acres": 170.0, "type": "nps" }, "geometry": { "type": "Polygon", "coordinates": [ [ [ -79.7301716, 37.1068466 ], [ -79.7252807, 37.12042 ], [ -79.7350567, 37.1218162 ], [ -79.7301716, 37.1068466 ] ] ] } },
{ "type": "Feature", "properties": { "name": "Colonial National Historical Park", "code": "COLO", "designation": "National Historical Parks", "state": "VA", "acres": 2849.0, "type": "nps" }, "geometry": { "type": "Polygon", "coordinates": [ [ [ -76.5865789, 37.2791363 ], [ -76.6059265, 37.2740083 ], [ -76.6443611, 37.2842961 ], [ -76.6790778, 37.2787115 ], [ -76.644034, 37.2829014 ], [ -76.6099362, 37.269598 ], [ -76.5867521, 37.2735027 ], [ -76.5568829, 37.2681538 ], [ -76.5263367, 37.2418141 ], [ -76.5428243, 37.2336485 ], [ -76.5281974, 37.2363619 ], [ -76.5300884, 37.2310287 ], [ -76.5155594, 37.2266684 ], [ -76.511406900000011, 37.2125481 ], [ -76.5069223, 37.2074384 ], [ -76.4904923, 37.2048973 ], [ -76.4934061, 37.2237322 ], [ -76.4825291, 37.2217619 ], [ -76.526028400000015, 37.2432805 ], [ -76.5533026, 37.2680499 ], [ -76.5865789, 37.2791363 ] ] ] } },
{ "type": "Feature", "properties": { "name": "Delaware Water Gap National Recreation Area", "code": "DEWA", "designation": "National Recreation Areas", "state": "NJ", "acres": 38061.0, "type": "nps" }, "geometry": { "type": "MultiPolygon", "coordinates": [ [ [ [ -75.2816746, 41.1535517 ], [ -75.2816845, 41.1536433 ], [ -75.2895876, 41.151056 ], [ -75.2816746, 41.1535517 ] ] ], [ [ [ -75.1286134, 40.9982983 ], [ -75.1300942, 40.9976838 ], [ -75.1310253, 40.9942381 ], [ -75.1286134, 40.9982983 ] ] ], [ [ [ -74.7928567, 41.311810199999989 ], [ -74.7954638, 41.3099166 ], [ -74.7970831, 41.3020481 ], [ -74.8253338, 41.277907 ], [ -74.8376798, 41.2768875 ], [ -74.839508, 41.2593197 ], [ -74.8610853, 41.2421331 ], [ -74.8663319, 41.2291673 ], [ -74.8602379, 41.219912 ], [ -74.858835, 41.2181273 ], [ -74.8839619, 41.1777523 ], [ -74.9232846, 41.1374884 ], [ -74.9814128, 41.1081265 ], [ -74.9910617, 41.089462 ], [ -74.969414, 41.0970088 ], [ -74.9685657, 41.0865598 ], [ -75.0133468, 41.0624781 ], [ -75.019888, 41.0420182 ], [ -75.1304009, 40.9898293 ], [ -75.134713, 40.9736601 ], [ -75.1195536, 40.9694366 ], [ -75.1113395, 40.948721299999988 ], [ -75.0909817, 40.9556715 ], [ -75.095986, 40.9704944 ], [ -75.1055687, 40.968819 ], [ -75.0531881, 40.9895715 ], [ -75.0306228, 41.0166392 ], [ -74.9597598, 41.0465325 ], [ -74.9505381, 41.0624261 ], [ -74.8621197, 41.1249739 ], [ -74.8479706, 41.142371 ], [ -74.8500352, 41.1483599 ], [ -74.8701038, 41.1503249 ], [ -74.8705744, 41.1572958 ], [ -74.8570443, 41.1596479 ], [ -74.8673945, 41.1620593 ], [ -74.8406121, 41.1868196 ], [ -74.8498325, 41.1939325 ], [ -74.8492207, 41.2079711 ], [ -74.8171868, 41.2491487 ], [ -74.8152469, 41.2671735 ], [ -74.7986568, 41.2764492 ], [ -74.8041133, 41.2808713 ], [ -74.7898331, 41.2921111 ], [ -74.7922022, 41.3077677 ], [ -74.7458735, 41.3347008 ], [ -74.7564256, 41.3412435 ], [ -74.766338, 41.3251644 ], [ -74.793088, 41.3214583 ], [ -74.7948207, 41.3130414 ], [ -74.7928567, 41.311810199999989 ] ] ] ] } },
{ "type": "Feature", "properties": { "name": "Edgar Allan Poe National Historic Site", "code": "EDAL", "designation": "National Historic Sites", "state": "PA", "acres": 0.0, "type": "nps" }, "geometry": { "type": "GeometryCollection", "geometries": [ ] } },
{ "type": "Feature", "properties": { "name": "Middle Delaware National Scenic River", "code": "DELA", "designation": "National Wild & Scenic Rivers", "state": "NJ", "acres": 4321.0, "type": "nps" }, "geometry": { "type": "MultiPolygon", "coordinates": [ [ [ [ -74.838802, 41.2784172 ], [ -74.8680874, 41.2318329 ], [ -74.8604249, 41.2188362 ], [ -74.9096171, 41.152564399999989 ], [ -74.982819600000013, 41.1084565 ], [ -74.9925415, 41.0886218 ], [ -74.9698099, 41.095582 ], [ -74.9727183, 41.085287 ], [ -75.012313, 41.0677574 ], [ -75.0286727, 41.0397089 ], [ -75.1300941, 40.9976838 ], [ -75.1364974, 40.9739804 ], [ -75.1203136, 40.9681075 ], [ -75.1141064, 40.9487396 ], [ -75.1195536, 40.9694365 ], [ -75.1348912, 40.9740804 ], [ -75.130401, 40.9898293 ], [ -75.019888, 41.0420182 ], [ -75.0133468, 41.0624781 ], [ -74.9685657, 41.0865598 ], [ -74.969414, 41.0970087 ], [ -74.9910617, 41.0894619 ], [ -74.9814128, 41.1081266 ], [ -74.9232845, 41.1374884 ], [ -74.9038695, 41.1564124 ], [ -74.858835, 41.2181273 ], [ -74.8663048, 41.2302741 ], [ -74.8570461, 41.2484171 ], [ -74.8395079, 41.2593197 ], [ -74.8376797, 41.2768875 ], [ -74.8286244, 41.2776354 ], [ -74.8298374, 41.2848264 ], [ -74.838802, 41.2784172 ] ] ], [ [ [ -74.8253338, 41.277907 ], [ -74.7970831, 41.302048 ], [ -74.7955919, 41.309294 ], [ -74.8176035, 41.2935702 ], [ -74.8115897, 41.2971288 ], [ -74.8280862, 41.2776798 ], [ -74.8253338, 41.277907 ] ] ], [ [ [ -74.7930879, 41.3214583 ], [ -74.766338, 41.3251644 ], [ -74.7549485, 41.3337083 ], [ -74.762097, 41.3324501 ], [ -74.758033, 41.3418729 ], [ -74.7712967, 41.3261861 ], [ -74.7961609, 41.320891 ], [ -74.7947729, 41.3132733 ], [ -74.7930879, 41.3214583 ] ] ] ] } },
{ "type": "Feature", "properties": { "name": "Fort McHenry National Monument and Historic Shrine", "code": "FOMC", "designation": "National Monuments", "state": "MD", "acres": 0.0, "type": "nps" }, "geometry": { "type": "GeometryCollection", "geometries": [ ] } },
{ "type": "Feature", "properties": { "name": "Gauley River National Recreation Area", "code": "GARI", "designation": "National Recreation Areas", "state": "WV", "acres": 11499.0, "type": "nps" }, "geometry": { "type": "Polygon", "coordinates": [ [ [ -81.0367619, 38.2454447 ], [ -81.0519712, 38.2254311 ], [ -81.0765523, 38.2247372 ], [ -81.077658, 38.2106318 ], [ -81.0975275, 38.2118202 ], [ -81.1090614, 38.227235 ], [ -81.1227279, 38.2222286 ], [ -81.0868736, 38.1916989 ], [ -81.0673774, 38.1848171 ], [ -81.0565176, 38.1963319 ], [ -81.0639182, 38.2075938 ], [ -81.0477523, 38.2063938 ], [ -81.04309, 38.2184815 ], [ -81.0259592, 38.2135927 ], [ -81.0226808, 38.1985018 ], [ -81.010189, 38.1958764 ], [ -80.9998729, 38.2041324 ], [ -81.0046652, 38.2128582 ], [ -80.9845741, 38.2202998 ], [ -80.9666778, 38.1955071 ], [ -80.9493923, 38.1937119 ], [ -80.9564147, 38.1754642 ], [ -80.9458762, 38.1518567 ], [ -80.9326438, 38.1483564 ], [ -80.9372837, 38.1402836 ], [ -80.9301083, 38.1495807 ], [ -80.9135943, 38.1398811 ], [ -80.9233947, 38.1508292 ], [ -80.917425, 38.1538399 ], [ -80.9393916, 38.1557775 ], [ -80.9438702, 38.1736305 ], [ -80.9333258, 38.1828122 ], [ -80.9412729, 38.1877328 ], [ -80.929569, 38.2062459 ], [ -80.903397, 38.1973193 ], [ -80.8846296, 38.2032024 ], [ -80.8846483, 38.218747 ], [ -80.8984721, 38.2196802 ], [ -80.9017147, 38.2050511 ], [ -80.9141091, 38.2142131 ], [ -80.9282155, 38.2121361 ], [ -80.942272, 38.197769199999989 ], [ -80.9614002, 38.2064144 ], [ -80.9533897, 38.2226845 ], [ -80.959599, 38.2271706 ], [ -80.9706258, 38.2198782 ], [ -80.9900595, 38.2306785 ], [ -81.0187245, 38.2160537 ], [ -81.0278458, 38.225579 ], [ -81.0207711, 38.2401628 ], [ -81.0367619, 38.2454447 ] ] ] } },
{ "type": "Feature", "properties": { "name": "Hampton National Historic Site", "code": "HAMP", "designation": "National Historic Sites", "state": "MD", "acres": 0.0, "type": "nps" }, "geometry": { "type": "GeometryCollection", "geometries": [ ] } },
{ "type": "Feature", "properties": { "name": "Friendship Hill National Historic Site", "code": "FRHI", "designation": "National Historic Sites", "state": "PA", "acres": 522.0, "type": "nps" }, "geometry": { "type": "Polygon", "coordinates": [ [ [ -79.9332795, 39.7827059 ], [ -79.9288493, 39.7604735 ], [ -79.9299216, 39.7683685 ], [ -79.9126458, 39.7666026 ], [ -79.9175216, 39.7751518 ], [ -79.9227592, 39.7724302 ], [ -79.9190986, 39.7855916 ], [ -79.9332795, 39.7827059 ] ] ] } },
{ "type": "Feature", "properties": { "name": "Fredericksburg and Spotsylvania County Battlefields Memorial National Military Park", "code": "FRSP", "designation": "National Military Parks", "state": "VA", "acres": 3828.0, "type": "nps" }, "geometry": { "type": "MultiPolygon", "coordinates": [ [ [ [ -77.637057, 38.2888511 ], [ -77.6334368, 38.2919722 ], [ -77.6380341, 38.2900918 ], [ -77.637057, 38.2888511 ] ] ], [ [ [ -77.6487425, 38.2857107 ], [ -77.646867, 38.2825784 ], [ -77.6473597, 38.2862765 ], [ -77.6487425, 38.2857107 ] ] ], [ [ [ -77.7601661, 38.316269 ], [ -77.7522245, 38.2836173 ], [ -77.7434043, 38.280735899999989 ], [ -77.736983, 38.2910311 ], [ -77.7284456, 38.2866657 ], [ -77.7185647, 38.2918797 ], [ -77.6755274, 38.2630197 ], [ -77.6932067, 38.2798207 ], [ -77.6843334, 38.2827722 ], [ -77.7068808, 38.2963562 ], [ -77.7089185, 38.31382 ], [ -77.7151504, 38.2990128 ], [ -77.7350606, 38.3095111 ], [ -77.7364755, 38.314327 ], [ -77.7205466, 38.3138775 ], [ -77.7267454, 38.3252996 ], [ -77.7601661, 38.316269 ] ] ] ] } },
{ "type": "Feature", "properties": { "name": "Gettysburg National Military Park", "code": "GETT", "designation": "National Military Parks", "state": "PA", "acres": 3915.0, "type": "nps" }, "geometry": { "type": "Polygon", "coordinates": [ [ [ -77.2369813, 39.8159695 ], [ -77.2429711, 39.8295944 ], [ -77.2619412, 39.8214183 ], [ -77.2502209, 39.7801839 ], [ -77.257799, 39.7775117 ], [ -77.2669031, 39.7877361 ], [ -77.2650847, 39.7744403 ], [ -77.222789300000017, 39.780959599999989 ], [ -77.2341317, 39.7898257 ], [ -77.2328094, 39.8015717 ], [ -77.2181978, 39.7988052 ], [ -77.2185768, 39.8087868 ], [ -77.2077011, 39.8090471 ], [ -77.2177479, 39.8311142 ], [ -77.2369813, 39.8159695 ] ] ] } },
{ "type": "Feature", "properties": { "name": "Eisenhower National Historic Site", "code": "EISE", "designation": "National Historic Sites", "state": "PA", "acres": 471.0, "type": "nps" }, "geometry": { "type": "Polygon", "coordinates": [ [ [ -77.258003, 39.7836062 ], [ -77.2613034, 39.8099645 ], [ -77.2652572, 39.7992175 ], [ -77.279625, 39.794189 ], [ -77.258003, 39.7836062 ] ] ] } },
{ "type": "Feature", "properties": { "name": "Hopewell Furnace National Historic Site", "code": "HOFU", "designation": "National Historic Sites", "state": "PA", "acres": 625.0, "type": "nps" }, "geometry": { "type": "Polygon", "coordinates": [ [ [ -75.769866100000016, 40.1898566 ], [ -75.7691557, 40.2008046 ], [ -75.7559649, 40.2021631 ], [ -75.7640554, 40.2195393 ], [ -75.7760054, 40.2165232 ], [ -75.769866100000016, 40.1898566 ] ] ] } },
{ "type": "Feature", "properties": { "name": "Independence National Historical Park", "code": "INDE", "designation": "National Historical Parks", "state": "PA", "acres": 0.0, "type": "nps" }, "geometry": { "type": "GeometryCollection", "geometries": [ ] } },
{ "type": "Feature", "properties": { "name": "Thaddeus Kosciuszko National Memorial", "code": "THKO", "designation": "National Memorials", "state": "PA", "acres": 0.0, "type": "nps" }, "geometry": { "type": "GeometryCollection", "geometries": [ ] } },
{ "type": "Feature", "properties": { "name": "Petersburg National Battlefield", "code": "PETE", "designation": "National Battlefields", "state": "VA", "acres": 2129.0, "type": "nps" }, "geometry": { "type": "MultiPolygon", "coordinates": [ [ [ [ -77.3730157, 37.217857 ], [ -77.3729692, 37.2183799 ], [ -77.373188399999989, 37.2183292 ], [ -77.3730157, 37.217857 ] ] ], [ [ [ -77.632052, 37.1444294 ], [ -77.6478932, 37.1438586 ], [ -77.6482927, 37.1355446 ], [ -77.5949692, 37.1301236 ], [ -77.6058919, 37.1627695 ], [ -77.632052, 37.1444294 ] ] ] ] } },
{ "type": "Feature", "properties": { "name": "New River Gorge National Park and Preserve", "code": "NERI", "designation": "National Preserves", "state": "WV", "acres": 72056.0, "type": "nps" }, "geometry": { "type": "Polygon", "coordinates": [ [ [ -81.1377324, 38.1075414 ], [ -81.123141, 38.1156363 ], [ -81.1041896, 38.1007135 ], [ -81.1056327, 38.0888183 ], [ -81.0894972, 38.0821584 ], [ -81.1014965, 38.0665709 ], [ -81.1000709, 38.0606178 ], [ -81.0895068, 38.06254 ], [ -81.0961314, 38.0528281 ], [ -81.0790654, 38.0401455 ], [ -81.0685829, 38.0442918 ], [ -81.0774465, 38.0396869 ], [ -81.0724777, 38.0301501 ], [ -81.0598817, 38.0296298 ], [ -81.0419332, 38.0435531 ], [ -81.0442122, 38.0217615 ], [ -81.0312933, 38.0149145 ], [ -81.03878850000001, 37.9961851 ], [ -81.0268785, 38.0015351 ], [ -81.030545, 37.9631895 ], [ -81.0611227, 37.9660489 ], [ -81.073389, 37.9767246 ], [ -81.0878646, 37.9665498 ], [ -81.1095982, 37.9748804 ], [ -81.1112144, 37.9679661 ], [ -81.0841958, 37.9572116 ], [ -81.1234058, 37.9274689 ], [ -81.109133, 37.9269576 ], [ -81.0937499, 37.9383982 ], [ -81.0817273, 37.9293015 ], [ -81.0671733, 37.9301874 ], [ -81.0654759, 37.9051304 ], [ -81.0856293, 37.893221 ], [ -81.0867629, 37.8773815 ], [ -81.1039333, 37.8766027 ], [ -81.1044671, 37.8476757 ], [ -81.1204905, 37.8433686 ], [ -81.0818849, 37.8427629 ], [ -81.0659912, 37.8296958 ], [ -81.063008, 37.8160398 ], [ -81.0484733, 37.8248266 ], [ -81.041908, 37.8175655 ], [ -81.0400267, 37.8274799 ], [ -81.019979, 37.820508 ], [ -81.038328, 37.7965274 ], [ -81.0361742, 37.7800523 ], [ -81.054951, 37.7724372 ], [ -81.0389245, 37.7599416 ], [ -81.010495, 37.7600711 ], [ -81.0018482, 37.7661614 ], [ -81.0038457, 37.799817 ], [ -80.9923806, 37.8104496 ], [ -80.995438299999989, 37.8205608 ], [ -80.964377399999989, 37.8238397 ], [ -80.967071, 37.8075355 ], [ -80.9402469, 37.8043377 ], [ -80.9515748, 37.7929504 ], [ -80.9403585, 37.7759749 ], [ -80.9467942, 37.7442795 ], [ -80.9275446, 37.7329907 ], [ -80.936059899999989, 37.7262104 ], [ -80.9326744, 37.7118546 ], [ -80.890299, 37.6874734 ], [ -80.8923682, 37.6742336 ], [ -80.8745428, 37.6882049 ], [ -80.8975606, 37.7307547 ], [ -80.8875105, 37.7404954 ], [ -80.8944094, 37.7760916 ], [ -80.8858076, 37.7829355 ], [ -80.9089114, 37.7943301 ], [ -80.8994298, 37.802204 ], [ -80.8975382, 37.8245281 ], [ -80.8644923, 37.8340429 ], [ -80.8562732, 37.8481357 ], [ -80.8913634, 37.8400005 ], [ -80.8856125, 37.845239 ], [ -80.8929292, 37.8517484 ], [ -80.8924662, 37.8440502 ], [ -80.9315164, 37.8255506 ], [ -80.92832, 37.8739896 ], [ -80.9477547, 37.8788022 ], [ -80.9793157, 37.8659795 ], [ -80.9788162, 37.8713998 ], [ -80.9944671, 37.8559441 ], [ -80.9892757, 37.861135 ], [ -81.0119654, 37.877747 ], [ -81.0120202, 37.8873494 ], [ -81.0239311, 37.8884885 ], [ -81.0080515, 37.8888396 ], [ -80.9962971, 37.9020815 ], [ -81.0100174, 37.9277689 ], [ -81.0223489, 37.918286699999989 ], [ -81.039856, 37.9208006 ], [ -81.039015, 37.934699 ], [ -81.0547484, 37.9560691 ], [ -81.0697989, 37.9573062 ], [ -81.0436882, 37.9567132 ], [ -81.0397293, 37.945919 ], [ -81.0288252, 37.9471548 ], [ -81.027362599999989, 37.9315444 ], [ -81.0199311, 37.9367564 ], [ -81.0248934, 37.9412907 ], [ -81.0147235, 37.9374565 ], [ -81.0206537, 37.9484462 ], [ -81.0149595, 37.9558174 ], [ -80.9969721, 37.952715399999988 ], [ -81.0187079, 37.9829337 ], [ -80.9990178, 37.9860955 ], [ -81.0061805, 37.9931467 ], [ -80.9596362, 37.9860329 ], [ -80.9697182, 37.9709583 ], [ -80.964021699999989, 37.9696295 ], [ -80.9390191, 37.9815284 ], [ -80.9441574, 38.0040414 ], [ -80.9516503, 38.0080204 ], [ -80.9674168, 37.9977297 ], [ -81.000340799999989, 38.002525299999988 ], [ -81.0130534, 38.0347414 ], [ -81.031453, 38.0532682 ], [ -81.0723935, 38.068079 ], [ -81.0712339, 38.0786146 ], [ -81.0947729, 38.0933384 ], [ -81.0972143, 38.1060307 ], [ -81.1270026, 38.1190415 ], [ -81.1377324, 38.1075414 ] ] ] } },
{ "type": "Feature", "properties": { "name": "Maggie L. Walker National Historic Site", "code": "MAWA", "designation": "National Historic Sites", "state": "VA", "acres": 0.0, "type": "nps" }, "geometry": { "type": "GeometryCollection", "geometries": [ ] } },
{ "type": "Feature", "properties": { "name": "Richmond National Battlefield Park", "code": "RICH", "designation": "National Battlefield Parks", "state": "VA", "acres": 2753.0, "type": "nps" }, "geometry": { "type": "MultiPolygon", "coordinates": [ [ [ [ -77.2824012, 37.599663 ], [ -77.2897161, 37.605775199999989 ], [ -77.2864394, 37.5995926 ], [ -77.2974713, 37.5911992 ], [ -77.2879807, 37.5802689 ], [ -77.3018632, 37.5794192 ], [ -77.3049012, 37.5719426 ], [ -77.2709805, 37.5520102 ], [ -77.2762251, 37.5680555 ], [ -77.2651644, 37.5656736 ], [ -77.2674477, 37.5753274 ], [ -77.2577489, 37.578078 ], [ -77.2718171, 37.5799266 ], [ -77.2707973, 37.5897857 ], [ -77.2644187, 37.5893654 ], [ -77.2757488, 37.5961995 ], [ -77.2669847, 37.6062142 ], [ -77.2824012, 37.599663 ] ] ], [ [ [ -77.2657178, 37.6076616 ], [ -77.2750899, 37.6119808 ], [ -77.2776805, 37.6054978 ], [ -77.2668606, 37.6063559 ], [ -77.2657178, 37.6076616 ] ] ], [ [ [ -77.3801682, 37.4380233 ], [ -77.3771049, 37.4368682 ], [ -77.3787748, 37.44138 ], [ -77.3801682, 37.4380233 ] ] ], [ [ [ -77.3719952, 37.4146789 ], [ -77.372106, 37.4149395 ], [ -77.381249, 37.4157061 ], [ -77.3719952, 37.4146789 ] ] ] ] } },
{ "type": "Feature", "properties": { "name": "Shenandoah National Park", "code": "SHEN", "designation": "National Parks", "state": "VA", "acres": 197118.0, "type": "nps" }, "geometry": { "type": "Polygon", "coordinates": [ [ [ -78.4514491, 38.4246938 ], [ -78.4619154, 38.4293249 ], [ -78.4367153, 38.4393051 ], [ -78.4436618, 38.4659759 ], [ -78.4306976, 38.4731706 ], [ -78.3892303, 38.422216 ], [ -78.3807618, 38.422144 ], [ -78.3832825, 38.43936 ], [ -78.3670522, 38.4370231 ], [ -78.3573377, 38.4446199 ], [ -78.3662977, 38.4763393 ], [ -78.3853853, 38.4796593 ], [ -78.3840034, 38.4676767 ], [ -78.3955794, 38.4611997 ], [ -78.4208811, 38.4788744 ], [ -78.4035977, 38.4924354 ], [ -78.4075839, 38.5095301 ], [ -78.4001107, 38.500395 ], [ -78.3752468, 38.5052145 ], [ -78.3745156, 38.511987 ], [ -78.3663711, 38.5083044 ], [ -78.3659074, 38.5157397 ], [ -78.3531227, 38.5130999 ], [ -78.3588278, 38.5367579 ], [ -78.3453204, 38.5496137 ], [ -78.3389004, 38.5417484 ], [ -78.34703, 38.531342 ], [ -78.3327637, 38.5195258 ], [ -78.3422872, 38.510302 ], [ -78.3369707, 38.5144454 ], [ -78.3169365, 38.507136 ], [ -78.3098623, 38.5148211 ], [ -78.3142662, 38.5246798 ], [ -78.3032136, 38.5165962 ], [ -78.2948679, 38.5335742 ], [ -78.2816272, 38.5376795 ], [ -78.2809108, 38.5545245 ], [ -78.2952649, 38.5657435 ], [ -78.2926051, 38.5721119 ], [ -78.299589400000016, 38.5663941 ], [ -78.3005843, 38.5762699 ], [ -78.2686008, 38.5953352 ], [ -78.2730074, 38.6068885 ], [ -78.2605448, 38.6140111 ], [ -78.2584884, 38.6328443 ], [ -78.2497341, 38.632412 ], [ -78.2500935, 38.6468822 ], [ -78.2722864, 38.653515 ], [ -78.2591963, 38.6679485 ], [ -78.2462478, 38.665509 ], [ -78.2485435, 38.6742797 ], [ -78.263635, 38.6725887 ], [ -78.2687904, 38.6919873 ], [ -78.276213, 38.6854147 ], [ -78.2818983, 38.6923131 ], [ -78.2418134, 38.7079425 ], [ -78.2598685, 38.7258951 ], [ -78.257217, 38.7460816 ], [ -78.2358594, 38.7545603 ], [ -78.2306303, 38.748531 ], [ -78.2143156, 38.7491656 ], [ -78.1943124, 38.7588897 ], [ -78.1859678, 38.7588931 ], [ -78.190663, 38.7515747 ], [ -78.1795958, 38.7415753 ], [ -78.1552104, 38.7516418 ], [ -78.1649165, 38.7548193 ], [ -78.1579592, 38.7700919 ], [ -78.1710311, 38.7852114 ], [ -78.1603716, 38.784849 ], [ -78.1694164, 38.7899831 ], [ -78.1512578, 38.8050146 ], [ -78.1619292, 38.8161711 ], [ -78.1500008, 38.8461825 ], [ -78.152906, 38.8510056 ], [ -78.1683857, 38.8423597 ], [ -78.1746843, 38.8483952 ], [ -78.1878291, 38.8439109 ], [ -78.1975971, 38.8506144 ], [ -78.1919703, 38.8779343 ], [ -78.1778065, 38.8783925 ], [ -78.170686, 38.8880914 ], [ -78.1810714, 38.8973143 ], [ -78.1900052, 38.8930613 ], [ -78.1952068, 38.9068137 ], [ -78.204511, 38.9046243 ], [ -78.1948939, 38.903167 ], [ -78.1962132, 38.8970005 ], [ -78.2091992, 38.8948569 ], [ -78.2055606, 38.8889949 ], [ -78.2172879, 38.8769553 ], [ -78.2084916, 38.872119 ], [ -78.2121751, 38.8351254 ], [ -78.1988776, 38.82196 ], [ -78.2013298, 38.8103655 ], [ -78.1910585, 38.8065991 ], [ -78.19699, 38.7952897 ], [ -78.2159613, 38.7820444 ], [ -78.2472641, 38.7823459 ], [ -78.2589048, 38.7708764 ], [ -78.275976, 38.7825263 ], [ -78.268657800000014, 38.8043921 ], [ -78.2911017, 38.8111492 ], [ -78.3098202, 38.7967119 ], [ -78.3194464, 38.7988432 ], [ -78.3130079, 38.8134661 ], [ -78.3199427, 38.8206753 ], [ -78.3335499, 38.8136485 ], [ -78.3365152, 38.7981569 ], [ -78.3496379, 38.7936759 ], [ -78.3585121, 38.7733037 ], [ -78.3307113, 38.7704016 ], [ -78.3270331, 38.7585872 ], [ -78.3485918, 38.7546997 ], [ -78.3821874, 38.719671 ], [ -78.3807689, 38.7104494 ], [ -78.3893944, 38.707534 ], [ -78.3924892, 38.7197075 ], [ -78.3992189, 38.7120641 ], [ -78.3915273, 38.6951213 ], [ -78.3994812, 38.6921361 ], [ -78.3866479, 38.6825024 ], [ -78.3761771, 38.6846062 ], [ -78.3747213, 38.677753 ], [ -78.3469455, 38.6964651 ], [ -78.3282391, 38.6951832 ], [ -78.3287354, 38.6869823 ], [ -78.3433262, 38.6811432 ], [ -78.3424956, 38.662488 ], [ -78.3650274, 38.658493799999988 ], [ -78.3338987, 38.6458362 ], [ -78.3517735, 38.6382733 ], [ -78.3500425, 38.6313732 ], [ -78.3738224, 38.6277696 ], [ -78.3717048, 38.6172708 ], [ -78.3808902, 38.6200851 ], [ -78.4022615, 38.6084751 ], [ -78.4075401, 38.5659533 ], [ -78.4191937, 38.5763831 ], [ -78.4167843, 38.5627611 ], [ -78.436613, 38.553622 ], [ -78.4347141, 38.5437032 ], [ -78.4433254, 38.5440538 ], [ -78.4545702, 38.5243825 ], [ -78.47308670000001, 38.5190218 ], [ -78.4697717, 38.5114855 ], [ -78.460449, 38.5138019 ], [ -78.461632, 38.4956724 ], [ -78.4754655, 38.4958998 ], [ -78.4717434, 38.5091626 ], [ -78.4869233, 38.5214001 ], [ -78.505141, 38.5062574 ], [ -78.5213611, 38.5071605 ], [ -78.5773948, 38.5313454 ], [ -78.5575399, 38.4600176 ], [ -78.5285546, 38.495257 ], [ -78.5140951, 38.4952843 ], [ -78.4972928, 38.4841097 ], [ -78.4991309, 38.4626146 ], [ -78.4805799, 38.4576533 ], [ -78.4919851, 38.444653 ], [ -78.4971351, 38.4481285 ], [ -78.4931317, 38.4331264 ], [ -78.5035218, 38.42564 ], [ -78.5018368, 38.4148368 ], [ -78.5198046, 38.4194128 ], [ -78.5298794, 38.4364344 ], [ -78.5537875, 38.4223077 ], [ -78.5499232, 38.4123606 ], [ -78.5275129, 38.413783099999989 ], [ -78.524265, 38.4074416 ], [ -78.5401929, 38.3967535 ], [ -78.5307337, 38.3923513 ], [ -78.5312539, 38.3787025 ], [ -78.5479462, 38.3816479 ], [ -78.5559417, 38.37412 ], [ -78.5709678, 38.3790322 ], [ -78.5854393, 38.362369 ], [ -78.5589278, 38.3442811 ], [ -78.5742193, 38.3371874 ], [ -78.5852187, 38.3447129 ], [ -78.5847833, 38.3363197 ], [ -78.6009774, 38.3359584 ], [ -78.606415, 38.324144 ], [ -78.6117494, 38.3280462 ], [ -78.6107959, 38.319183 ], [ -78.6339135, 38.3183226 ], [ -78.6315044, 38.3421836 ], [ -78.6165359, 38.3461242 ], [ -78.6227, 38.3594002 ], [ -78.6059447, 38.35714 ], [ -78.590843, 38.3647463 ], [ -78.6016581, 38.3946671 ], [ -78.6240748, 38.3791386 ], [ -78.6021574, 38.3714659 ], [ -78.6203713, 38.374107699999989 ], [ -78.6245322, 38.3675553 ], [ -78.6271759, 38.3771468 ], [ -78.638603, 38.3560806 ], [ -78.6551921, 38.3560974 ], [ -78.6726381, 38.3324934 ], [ -78.6951132, 38.3192027 ], [ -78.7125964, 38.3210327 ], [ -78.7077687, 38.3069223 ], [ -78.718014, 38.3027879 ], [ -78.7314157, 38.3130498 ], [ -78.7348382, 38.2977639 ], [ -78.7509554, 38.2904554 ], [ -78.7703306, 38.2571932 ], [ -78.7859576, 38.2634965 ], [ -78.7894008, 38.2447738 ], [ -78.8096029, 38.2527083 ], [ -78.8084804, 38.2299125 ], [ -78.7956819, 38.2377104 ], [ -78.7851909, 38.23221 ], [ -78.7936565, 38.1986914 ], [ -78.8064187, 38.1921589 ], [ -78.7970833, 38.1876364 ], [ -78.8142218, 38.1670379 ], [ -78.811121, 38.1569131 ], [ -78.7920119, 38.1550523 ], [ -78.8336847, 38.1080745 ], [ -78.8242867, 38.099827 ], [ -78.7831043, 38.0926414 ], [ -78.8091281, 38.082091 ], [ -78.7910745, 38.068880799999988 ], [ -78.7935136, 38.063547 ], [ -78.8161651, 38.0605683 ], [ -78.8011691, 38.0701919 ], [ -78.8166112, 38.074706 ], [ -78.8284938, 38.0629594 ], [ -78.8363556, 38.0668935 ], [ -78.8287135, 38.0586388 ], [ -78.859362, 38.033604 ], [ -78.8225719, 38.0597073 ], [ -78.8085303, 38.0554476 ], [ -78.7916902, 38.0610211 ], [ -78.7878816, 38.0701321 ], [ -78.7993326, 38.077443 ], [ -78.7714598, 38.0953843 ], [ -78.770175, 38.1047807 ], [ -78.7549406, 38.1096455 ], [ -78.7668024, 38.120172 ], [ -78.7574389, 38.1367269 ], [ -78.7476211, 38.1433287 ], [ -78.7403747, 38.1392202 ], [ -78.7328018, 38.1503694 ], [ -78.7322821, 38.1845058 ], [ -78.7421855, 38.1869493 ], [ -78.7212497, 38.210626 ], [ -78.7266049, 38.2183439 ], [ -78.7175515, 38.2239035 ], [ -78.7123532, 38.219761 ], [ -78.7073356, 38.211995 ], [ -78.7155959, 38.195342 ], [ -78.7045152, 38.1961846 ], [ -78.6802096, 38.2333503 ], [ -78.6337986, 38.2457478 ], [ -78.6254706, 38.2637413 ], [ -78.6473577, 38.2709701 ], [ -78.6483179, 38.2778968 ], [ -78.6269517, 38.2757645 ], [ -78.6192645, 38.2906745 ], [ -78.6064417, 38.2928464 ], [ -78.6109889, 38.3041392 ], [ -78.5888332, 38.305528 ], [ -78.5908805, 38.3189602 ], [ -78.5757551, 38.3138552 ], [ -78.5763283, 38.3230528 ], [ -78.5555344, 38.3238611 ], [ -78.5413752, 38.3348543 ], [ -78.5150784, 38.3298155 ], [ -78.5104955, 38.3424677 ], [ -78.47613960000001, 38.3607897 ], [ -78.4865788, 38.3673947 ], [ -78.5025773, 38.3586496 ], [ -78.5042371, 38.3690942 ], [ -78.4940597, 38.3747271 ], [ -78.5040033, 38.3911583 ], [ -78.5001317, 38.3974086 ], [ -78.4892408, 38.3852108 ], [ -78.442188, 38.4067912 ], [ -78.4362324, 38.4283134 ], [ -78.4514491, 38.4246938 ] ] ] } },
{ "type": "Feature", "properties": { "name": "Thomas Stone National Historic Site", "code": "THST", "designation": "National Historic Sites", "state": "MD", "acres": 0.0, "type": "nps" }, "geometry": { "type": "GeometryCollection", "geometries": [ ] } },
{ "type": "Feature", "properties": { "name": "Upper Delaware Scenic and Recreational River", "code": "UPDE", "designation": "National Wild & Scenic Rivers", "state": "NY", "acres": 57129.0, "type": "nps" }, "geometry": { "type": "Polygon", "coordinates": [ [ [ -74.7784107, 41.4425 ], [ -74.7902906, 41.4311232 ], [ -74.7890621, 41.4407097 ], [ -74.8054198, 41.4534467 ], [ -74.835773, 41.4460236 ], [ -74.8501301, 41.4530502 ], [ -74.8738532, 41.451982 ], [ -74.9143095, 41.4934483 ], [ -74.9218445, 41.490375 ], [ -74.9327602, 41.497364 ], [ -74.9444669, 41.4874601 ], [ -74.9576906, 41.4953114 ], [ -74.9682023, 41.4844309 ], [ -74.9930586, 41.5209425 ], [ -74.989135, 41.532693 ], [ -74.9982244, 41.5298396 ], [ -75.0105691, 41.5388405 ], [ -75.0059136, 41.5542595 ], [ -75.0243278, 41.5665458 ], [ -75.032358700000017, 41.5844255 ], [ -75.058019, 41.5987983 ], [ -75.0506674, 41.6088627 ], [ -75.0381991, 41.6068379 ], [ -75.0237524, 41.6252132 ], [ -75.0379786, 41.6374671 ], [ -75.0286434, 41.657254 ], [ -75.0413835, 41.6588167 ], [ -75.0359543, 41.7016007 ], [ -75.0469301, 41.704626 ], [ -75.025267, 41.713332 ], [ -75.0445734, 41.7342447 ], [ -75.0361069, 41.7680734 ], [ -75.0527806, 41.7811605 ], [ -75.0857218, 41.7847562 ], [ -75.0535497, 41.8007735 ], [ -75.052321, 41.820579 ], [ -75.0693769, 41.818633 ], [ -75.0730564, 41.8295777 ], [ -75.1019626, 41.8261787 ], [ -75.1060086, 41.8321014 ], [ -75.0927058, 41.8482419 ], [ -75.1195057, 41.8599826 ], [ -75.1231501, 41.8561822 ], [ -75.1330958, 41.8727071 ], [ -75.1479956, 41.8605479 ], [ -75.1561321, 41.8789896 ], [ -75.1860209, 41.8768619 ], [ -75.1907435, 41.8874413 ], [ -75.1954787, 41.8789105 ], [ -75.2252329, 41.87066 ], [ -75.2335641, 41.8763844 ], [ -75.2513642, 41.8735721 ], [ -75.2477856, 41.883575 ], [ -75.2595645, 41.8996179 ], [ -75.2536155, 41.9253344 ], [ -75.266444, 41.944911 ], [ -75.2844668, 41.9402807 ], [ -75.2917468, 41.9199786 ], [ -75.2758796, 41.9120971 ], [ -75.287525, 41.888694 ], [ -75.2698536, 41.8805025 ], [ -75.2812235, 41.8625511 ], [ -75.2408386, 41.8541729 ], [ -75.233402, 41.8458601 ], [ -75.2074178, 41.8615152 ], [ -75.1728933, 41.8469876 ], [ -75.1400739, 41.8438747 ], [ -75.1167396, 41.8129981 ], [ -75.1013951, 41.8068595 ], [ -75.1143326, 41.7725394 ], [ -75.0640311, 41.7447527 ], [ -75.0707148, 41.739018 ], [ -75.0630798, 41.7186236 ], [ -75.074801, 41.711004 ], [ -75.063789, 41.689607 ], [ -75.0692816, 41.6819147 ], [ -75.057209, 41.6251196 ], [ -75.0808337, 41.614366 ], [ -75.0830289, 41.5954364 ], [ -75.0372004, 41.554979 ], [ -75.0350431, 41.5268599 ], [ -75.0248983, 41.522891 ], [ -75.0129862, 41.4966981 ], [ -74.9971446, 41.4930448 ], [ -74.993651, 41.4775599 ], [ -74.9767595, 41.4674655 ], [ -74.9492206, 41.4739747 ], [ -74.9111759, 41.4689057 ], [ -74.913652, 41.4598456 ], [ -74.9018705, 41.453416 ], [ -74.9133004, 41.4455274 ], [ -74.9014352, 41.4351833 ], [ -74.8621946, 41.4255282 ], [ -74.8163812, 41.4283827 ], [ -74.8186155, 41.4145358 ], [ -74.8100037, 41.4177786 ], [ -74.7934082, 41.409121399999989 ], [ -74.7500218, 41.4208911 ], [ -74.7385579, 41.4056463 ], [ -74.7280436, 41.4354435 ], [ -74.7423656, 41.4418065 ], [ -74.7564152, 41.4356825 ], [ -74.7784107, 41.4425 ] ] ] } },
{ "type": "Feature", "properties": { "name": "Big Cypress National Preserve", "code": "BICY", "designation": "National Preserves", "state": "FL", "acres": 725371.0, "type": "nps" }, "geometry": { "type": "Polygon", "coordinates": [ [ [ -81.3415856, 26.2521552 ], [ -81.3472959, 25.9871797 ], [ -81.3578884, 25.9208545 ], [ -81.3806048, 25.8775085 ], [ -81.3776482, 25.857761 ], [ -81.3832543, 25.8519536 ], [ -81.359255500000017, 25.851552 ], [ -81.3593731, 25.8628993 ], [ -81.2623322, 25.8627908 ], [ -81.2624378, 25.8035144 ], [ -81.2127197, 25.8034037 ], [ -81.2126938, 25.7888925 ], [ -81.196647, 25.7889151 ], [ -81.1966233, 25.7745605 ], [ -81.1805784, 25.7745813 ], [ -81.1805566, 25.760163 ], [ -81.1645136, 25.760182 ], [ -81.1644736, 25.7311545 ], [ -81.1163888, 25.7312008 ], [ -81.1163421, 25.7166732 ], [ -81.1001834, 25.716685 ], [ -81.1001591, 25.6876848 ], [ -81.08398, 25.6877504 ], [ -81.0839698, 25.6732226 ], [ -81.0682111, 25.6732847 ], [ -81.0681987, 25.6514929 ], [ -81.0521045, 25.6515546 ], [ -81.052088700000013, 25.6152346 ], [ -80.8590329, 25.6165146 ], [ -80.8569631, 25.7604697 ], [ -80.826727, 25.7615405 ], [ -80.856885, 25.7895699 ], [ -80.8343453, 25.9607893 ], [ -80.8360473, 25.9792681 ], [ -80.8728291, 25.9795426 ], [ -80.8797805, 26.2593489 ], [ -81.3415856, 26.2521552 ] ] ] } },
{ "type": "Feature", "properties": { "name": "Tuskegee Institute National Historic Site", "code": "TUIN", "designation": "National Historic Sites", "state": "AL", "acres": 0.0, "type": "nps" }, "geometry": { "type": "GeometryCollection", "geometries": [ ] } },
{ "type": "Feature", "properties": { "name": "Canaveral National Seashore", "code": "CANA", "designation": "National Seashores", "state": "FL", "acres": 57906.0, "type": "nps" }, "geometry": { "type": "Polygon", "coordinates": [ [ [ -80.7284868, 28.7079369 ], [ -80.6966868, 28.6436452 ], [ -80.6141187, 28.6434628 ], [ -80.698985, 28.7549986 ], [ -80.8237481, 28.9437846 ], [ -80.8342802, 28.9400741 ], [ -80.8814334, 28.9569217 ], [ -80.8253208, 28.8608468 ], [ -80.8348549, 28.8569844 ], [ -80.8345329, 28.8420924 ], [ -80.8415613, 28.8420574 ], [ -80.8344689, 28.813959 ], [ -80.7284868, 28.7079369 ] ] ] } },
{ "type": "Feature", "properties": { "name": "Chattahoochee River National Recreation Area", "code": "CHAT", "designation": "National Recreation Areas", "state": "GA", "acres": 11235.0, "type": "nps" }, "geometry": { "type": "MultiPolygon", "coordinates": [ [ [ [ -84.4393813, 33.9222239 ], [ -84.436189, 33.941462 ], [ -84.4458507, 33.9383578 ], [ -84.44373, 33.9273878 ], [ -84.4569473, 33.9187124 ], [ -84.4495661, 33.9156612 ], [ -84.4588856, 33.9045547 ], [ -84.4495637, 33.908295 ], [ -84.4422441, 33.8993293 ], [ -84.4485774, 33.8864985 ], [ -84.455836, 33.8898781 ], [ -84.4480395, 33.8766537 ], [ -84.464170900000013, 33.8525556 ], [ -84.4590724, 33.8277844 ], [ -84.4488575, 33.8274805 ], [ -84.4598779, 33.8392721 ], [ -84.4545629, 33.8659696 ], [ -84.4313381, 33.8826312 ], [ -84.446524, 33.9114144 ], [ -84.4156408, 33.9370485 ], [ -84.4316979, 33.9259139 ], [ -84.4393813, 33.9222239 ] ] ], [ [ [ -84.3824403, 33.9645772 ], [ -84.365481699999989, 33.9648118 ], [ -84.3771484, 33.9697922 ], [ -84.3576225, 33.9835818 ], [ -84.3729253, 33.976335 ], [ -84.3815857, 33.9991671 ], [ -84.3699094, 34.0018654 ], [ -84.382466, 34.0063869 ], [ -84.3920411, 33.9928283 ], [ -84.383405, 33.9905832 ], [ -84.3862382, 33.963643 ], [ -84.3983789, 33.9632836 ], [ -84.404522, 33.9462711 ], [ -84.3824403, 33.9645772 ] ] ], [ [ [ -84.3488987, 34.0067173 ], [ -84.345252, 34.018923 ], [ -84.3600658, 34.0163197 ], [ -84.351414, 34.0061367 ], [ -84.3488987, 34.0067173 ] ] ], [ [ [ -84.3343791, 34.0100677 ], [ -84.3278638, 33.9841219 ], [ -84.296396, 33.9884785 ], [ -84.2964626, 33.9891414 ], [ -84.321381, 33.986495 ], [ -84.3326074, 34.0115062 ], [ -84.347122399999989, 34.0071273 ], [ -84.3343791, 34.0100677 ] ] ], [ [ [ -84.2966244, 33.9779092 ], [ -84.2953463, 33.9780256 ], [ -84.2962393, 33.9869185 ], [ -84.2966244, 33.9779092 ] ] ], [ [ [ -84.2761706, 33.9797699 ], [ -84.2668333, 33.9688519 ], [ -84.2637151, 33.9751653 ], [ -84.2667948, 33.9788789 ], [ -84.2694767, 33.9741232 ], [ -84.2770159, 33.980526 ], [ -84.2909456, 33.9784262 ], [ -84.2761706, 33.9797699 ] ] ], [ [ [ -84.2589857, 33.9847386 ], [ -84.2379011, 33.9814861 ], [ -84.2500608, 33.9909452 ], [ -84.2475529, 33.9982157 ], [ -84.2230863, 33.9950556 ], [ -84.2125124, 34.0034401 ], [ -84.2031699, 33.9932544 ], [ -84.2017959, 33.9972261 ], [ -84.2125095, 34.0040808 ], [ -84.2553284, 34.0029528 ], [ -84.2533561, 33.9898911 ], [ -84.2689598, 33.9853549 ], [ -84.2635564, 33.9754866 ], [ -84.2589857, 33.9847386 ] ] ], [ [ [ -84.197948599999989, 33.9875602 ], [ -84.1816837, 33.9972352 ], [ -84.1655735, 34.0257618 ], [ -84.144517, 34.0233243 ], [ -84.1304522, 34.0296131 ], [ -84.1238491, 34.02168 ], [ -84.121731, 34.0284236 ], [ -84.1148002, 34.024213 ], [ -84.1200828, 34.0344625 ], [ -84.0966892, 34.0510337 ], [ -84.1161455, 34.066183 ], [ -84.1147872, 34.07316 ], [ -84.0993716, 34.0810569 ], [ -84.0896867, 34.0704036 ], [ -84.099533, 34.0814017 ], [ -84.1124037, 34.0784461 ], [ -84.1127894, 34.0864137 ], [ -84.0840448, 34.1024888 ], [ -84.1009287, 34.1118584 ], [ -84.0873528, 34.120519 ], [ -84.0901141, 34.1330164 ], [ -84.0689415, 34.1341976 ], [ -84.0790687, 34.1377162 ], [ -84.0704838, 34.1505354 ], [ -84.0838383, 34.1595075 ], [ -84.0868744, 34.1427711 ], [ -84.095780499999989, 34.1436884 ], [ -84.0996675, 34.1355982 ], [ -84.0933884, 34.1261777 ], [ -84.1032636, 34.1246304 ], [ -84.1024035, 34.10501 ], [ -84.1169004, 34.0969768 ], [ -84.1145739, 34.0767587 ], [ -84.132186, 34.0687919 ], [ -84.1052038, 34.0479153 ], [ -84.1300411, 34.0433485 ], [ -84.1275134, 34.0363594 ], [ -84.1386812, 34.043884 ], [ -84.1386044, 34.0369102 ], [ -84.1410939, 34.042907299999989 ], [ -84.1477184, 34.0340232 ], [ -84.1695765, 34.0330445 ], [ -84.1809284, 33.9991163 ], [ -84.1908689, 33.9917923 ], [ -84.2006309, 33.9904856 ], [ -84.197948599999989, 33.9875602 ] ] ] ] } },
{ "type": "Feature", "properties": { "name": "Andersonville National Historic Site", "code": "ANDE", "designation": "National Historic Sites", "state": "GA", "acres": 489.0, "type": "nps" }, "geometry": { "type": "Polygon", "coordinates": [ [ [ -84.1348824, 32.1896276 ], [ -84.1242554, 32.1897192 ], [ -84.1252655, 32.2081272 ], [ -84.1361891, 32.206089299999988 ], [ -84.1348824, 32.1896276 ] ] ] } },
{ "type": "Feature", "properties": { "name": "Big South Fork National River and Recreation Area", "code": "BISO", "designation": "National Rivers", "state": "KY", "acres": 120805.0, "type": "nps" }, "geometry": { "type": "Polygon", "coordinates": [ [ [ -84.5787039, 36.424465 ], [ -84.5968856, 36.4168241 ], [ -84.5849526, 36.4358609 ], [ -84.6384471, 36.4383005 ], [ -84.6052688, 36.4670735 ], [ -84.6251206, 36.460024 ], [ -84.6440207, 36.462169599999989 ], [ -84.6465183, 36.4680994 ], [ -84.636996, 36.4703056 ], [ -84.637713, 36.490174599999989 ], [ -84.6206951, 36.4988701 ], [ -84.6266494, 36.541183 ], [ -84.617831, 36.5498474 ], [ -84.5970857, 36.5380798 ], [ -84.5820029, 36.5449874 ], [ -84.5792643, 36.5630042 ], [ -84.5628592, 36.5695979 ], [ -84.5850253, 36.578975 ], [ -84.5827275, 36.5979299 ], [ -84.518781, 36.5964201 ], [ -84.5135848, 36.6043296 ], [ -84.5017872, 36.6038113 ], [ -84.5152192, 36.6788756 ], [ -84.533242199999989, 36.682456 ], [ -84.5367236, 36.6921602 ], [ -84.5219839, 36.7065032 ], [ -84.5437458, 36.7210542 ], [ -84.5241225, 36.7314937 ], [ -84.5269025, 36.748069 ], [ -84.5431987, 36.7567574 ], [ -84.5280849, 36.7711964 ], [ -84.5078875, 36.7716619 ], [ -84.5282392, 36.7847273 ], [ -84.5232322, 36.7948393 ], [ -84.5346264, 36.7972481 ], [ -84.5556314, 36.7827479 ], [ -84.5769465, 36.7504231 ], [ -84.544971500000017, 36.7303681 ], [ -84.5534275, 36.7202337 ], [ -84.5430129, 36.6964779 ], [ -84.5638655, 36.6712594 ], [ -84.5606323, 36.6570535 ], [ -84.5841023, 36.6531565 ], [ -84.5906846, 36.6454875 ], [ -84.6315824, 36.6433356 ], [ -84.6682194, 36.6212604 ], [ -84.7128297, 36.6175599 ], [ -84.7292033, 36.602176 ], [ -84.7854956, 36.6034302 ], [ -84.7589993, 36.5661887 ], [ -84.7952827, 36.5286095 ], [ -84.8062841, 36.527655 ], [ -84.7736621, 36.4974152 ], [ -84.7515909, 36.4980421 ], [ -84.7526318, 36.4796316 ], [ -84.7446792, 36.4788884 ], [ -84.7553735, 36.461212 ], [ -84.7897855, 36.4709653 ], [ -84.7989024, 36.4630088 ], [ -84.8048871, 36.471807 ], [ -84.8254184, 36.4730657 ], [ -84.8299221, 36.4851175 ], [ -84.8445873, 36.4856617 ], [ -84.8493461, 36.474619 ], [ -84.8324575, 36.4530612 ], [ -84.8052518, 36.4498249 ], [ -84.7984342, 36.4151467 ], [ -84.7859358, 36.4042082 ], [ -84.7715293, 36.400828 ], [ -84.7448365, 36.4093394 ], [ -84.7460514, 36.4201991 ], [ -84.7157438, 36.4180559 ], [ -84.7108245, 36.4288664 ], [ -84.7088952, 36.4207653 ], [ -84.6645123, 36.4269986 ], [ -84.6499135, 36.4202414 ], [ -84.6529989, 36.4007483 ], [ -84.6997753, 36.3852413 ], [ -84.7178493, 36.3870057 ], [ -84.726252, 36.3796096 ], [ -84.7401177, 36.3596601 ], [ -84.7271102, 36.3520499 ], [ -84.730612, 36.367018 ], [ -84.7228894, 36.3749996 ], [ -84.709393, 36.3668636 ], [ -84.697217, 36.370454 ], [ -84.6897486, 36.3586654 ], [ -84.670354, 36.3831695 ], [ -84.6275967, 36.3818353 ], [ -84.6306471, 36.3952353 ], [ -84.6071624, 36.4062518 ], [ -84.5942756, 36.4013771 ], [ -84.5881644, 36.3881204 ], [ -84.5534728, 36.398108199999989 ], [ -84.5787039, 36.424465 ] ] ] } },
{ "type": "Feature", "properties": { "name": "Blue Ridge Parkway", "code": "BLRI", "designation": "Parkways", "state": "NC", "acres": 104528.0, "type": "nps" }, "geometry": { "type": "MultiPolygon", "coordinates": [ [ [ [ -83.1792322, 35.5105498 ], [ -83.1916591, 35.5150144 ], [ -83.185499299999989, 35.5239426 ], [ -83.207856, 35.5160787 ], [ -83.2159517, 35.5261226 ], [ -83.2336931, 35.5301591 ], [ -83.2538325, 35.5172224 ], [ -83.2691759, 35.5213067 ], [ -83.2727496, 35.5121205 ], [ -83.284409, 35.5218586 ], [ -83.2842577, 35.5145591 ], [ -83.2713861, 35.5090441 ], [ -83.2675543, 35.5189706 ], [ -83.2572547, 35.5130921 ], [ -83.2359018, 35.5264362 ], [ -83.2102333, 35.5119045 ], [ -83.1963326, 35.5173559 ], [ -83.18805, 35.5063451 ], [ -83.1689228, 35.5081718 ], [ -83.1406605, 35.4726258 ], [ -83.1513769, 35.473124 ], [ -83.15032, 35.4651872 ], [ -83.164557, 35.4586727 ], [ -83.1504356, 35.4509306 ], [ -83.1588963, 35.4469897 ], [ -83.1829952, 35.4562459 ], [ -83.1769362, 35.4387122 ], [ -83.1333913, 35.4362441 ], [ -83.1307351, 35.4554229 ], [ -83.1191599, 35.4547976 ], [ -83.116819, 35.4443651 ], [ -83.0977465, 35.4504335 ], [ -83.0976031, 35.4406241 ], [ -83.081654700000016, 35.4416403 ], [ -83.076132, 35.4287162 ], [ -83.0617338, 35.437621 ], [ -83.0501387, 35.4341688 ], [ -83.0437721, 35.3945847 ], [ -83.030831300000017, 35.3800056 ], [ -82.9986535, 35.3710794 ], [ -83.0058171, 35.3648103 ], [ -82.9918538, 35.3523316 ], [ -82.983594, 35.3535316 ], [ -82.9807823, 35.3415612 ], [ -82.967118, 35.334185 ], [ -82.9642834, 35.3156841 ], [ -82.9291074, 35.2993148 ], [ -82.9219113, 35.2842177 ], [ -82.9034649, 35.3026629 ], [ -82.9100267, 35.3004357 ], [ -82.948573, 35.30841 ], [ -82.9633352, 35.3210201 ], [ -82.971304, 35.3517469 ], [ -83.0079019, 35.3799126 ], [ -83.0226119, 35.3801185 ], [ -83.0431977, 35.4007465 ], [ -83.0388755, 35.4127465 ], [ -83.0468431, 35.4238115 ], [ -83.0196642, 35.4304488 ], [ -83.033690299999989, 35.4294587 ], [ -83.0270481, 35.4365205 ], [ -83.0331, 35.4422855 ], [ -83.0453176, 35.4341336 ], [ -83.0545753, 35.4413629 ], [ -83.0739134, 35.4346351 ], [ -83.0801177, 35.4450715 ], [ -83.092825, 35.4444957 ], [ -83.0914632, 35.4536349 ], [ -83.0842112, 35.4535905 ], [ -83.0903348, 35.4615237 ], [ -83.0775456, 35.4573161 ], [ -83.0783268, 35.4756272 ], [ -83.1184228, 35.4916457 ], [ -83.1276173, 35.4726797 ], [ -83.1348333, 35.4743556 ], [ -83.1382709, 35.4921484 ], [ -83.1536178, 35.4949046 ], [ -83.1570293, 35.5133474 ], [ -83.1711115, 35.5103224 ], [ -83.1768178, 35.5159057 ], [ -83.1792322, 35.5105498 ] ], [ [ -83.1148859, 35.4516951 ], [ -83.111987, 35.4617263 ], [ -83.1193377, 35.4646093 ], [ -83.108006, 35.4656152 ], [ -83.091672, 35.4545845 ], [ -83.1148859, 35.4516951 ] ] ], [ [ [ -82.887516, 35.303445 ], [ -82.8721362, 35.3132894 ], [ -82.9009122, 35.3035292 ], [ -82.887516, 35.303445 ] ] ], [ [ [ -82.8407324, 35.319661 ], [ -82.8312669, 35.3139616 ], [ -82.8136568, 35.3440583 ], [ -82.7925518, 35.3571938 ], [ -82.785378600000016, 35.3802984 ], [ -82.7433399, 35.4058203 ], [ -82.746863499999989, 35.4164668 ], [ -82.7143252, 35.448645 ], [ -82.6724978, 35.4556167 ], [ -82.6416665, 35.4471883 ], [ -82.6210297, 35.4728589 ], [ -82.6116657, 35.4749183 ], [ -82.6211543, 35.4738434 ], [ -82.6442839, 35.4492292 ], [ -82.67138, 35.458914 ], [ -82.715473, 35.451039 ], [ -82.7504248, 35.4170997 ], [ -82.7655997, 35.4126202 ], [ -82.7631821, 35.4003848 ], [ -82.787851, 35.3805596 ], [ -82.8320557, 35.3200185 ], [ -82.839405, 35.3243796 ], [ -82.8632435, 35.3163037 ], [ -82.8407324, 35.319661 ] ] ], [ [ [ -82.597765700000011, 35.4779737 ], [ -82.5932211, 35.4976529 ], [ -82.559218199999989, 35.4967703 ], [ -82.5545095, 35.5111922 ], [ -82.5130012, 35.5243089 ], [ -82.5034035, 35.5386713 ], [ -82.513028, 35.52837 ], [ -82.5565879, 35.5124206 ], [ -82.563349699999989, 35.4975746 ], [ -82.5947099, 35.5034622 ], [ -82.6036707, 35.4766759 ], [ -82.597765700000011, 35.4779737 ] ] ], [ [ [ -82.4749661, 35.5811889 ], [ -82.4904242, 35.604589 ], [ -82.4903287, 35.6042289 ], [ -82.4968031, 35.6006118 ], [ -82.4769912, 35.5815791 ], [ -82.4976579, 35.5632801 ], [ -82.5004209, 35.5431333 ], [ -82.4749661, 35.5811889 ] ] ], [ [ [ -82.4953121, 35.6325626 ], [ -82.4774593, 35.6637173 ], [ -82.465771, 35.6660531 ], [ -82.4519516, 35.6530953 ], [ -82.4403523, 35.6756049 ], [ -82.4221463, 35.673664 ], [ -82.4038066, 35.696586 ], [ -82.3921613, 35.6957859 ], [ -82.3856294, 35.6811345 ], [ -82.3788615, 35.6998767 ], [ -82.3558331, 35.7149591 ], [ -82.3359459, 35.7479877 ], [ -82.3139634, 35.7288518 ], [ -82.286525700000013, 35.7231817 ], [ -82.2755105, 35.7042408 ], [ -82.2571862, 35.6991679 ], [ -82.2115905, 35.721590299999988 ], [ -82.1998386, 35.7337805 ], [ -82.2581138, 35.7036585 ], [ -82.2859692, 35.725759 ], [ -82.3215658, 35.7358549 ], [ -82.3349765, 35.7505785 ], [ -82.3719055, 35.7063056 ], [ -82.407030800000015, 35.7011834 ], [ -82.4214096, 35.6811716 ], [ -82.4878771, 35.6627507 ], [ -82.4978842, 35.6327183 ], [ -82.493155, 35.6148885 ], [ -82.4953121, 35.6325626 ] ] ], [ [ [ -82.1934482, 35.7307121 ], [ -82.1597426, 35.7746427 ], [ -82.1614309, 35.7779946 ], [ -82.1708042, 35.7738529 ], [ -82.1705083, 35.7640362 ], [ -82.1860094, 35.75795 ], [ -82.190969, 35.7383605 ], [ -82.196733, 35.7353843 ], [ -82.1934482, 35.7307121 ] ] ], [ [ [ -82.1665872, 35.7882301 ], [ -82.1636313, 35.7939524 ], [ -82.1692326, 35.7893551 ], [ -82.1630676, 35.7812439 ], [ -82.1665872, 35.7882301 ] ] ], [ [ [ -82.0993983, 35.8417014 ], [ -82.1004374, 35.8521021 ], [ -82.0995925, 35.8520915 ], [ -82.1080209, 35.8530917 ], [ -82.1032266, 35.8405334 ], [ -82.1211684, 35.827086099999988 ], [ -82.1315003, 35.8299407 ], [ -82.1403345, 35.8146777 ], [ -82.1504738, 35.8210283 ], [ -82.1556789, 35.8127473 ], [ -82.148299, 35.807429299999988 ], [ -82.0993983, 35.8417014 ] ] ], [ [ [ -82.0457481, 35.8514064 ], [ -82.0215938, 35.8713724 ], [ -82.0177992, 35.883912 ], [ -81.9915802, 35.8714227 ], [ -81.9738909, 35.8833493 ], [ -81.9784024, 35.8963003 ], [ -81.9714254, 35.9036971 ], [ -81.974134, 35.8990531 ], [ -81.9629688, 35.9000907 ], [ -81.9627628, 35.8947149 ], [ -81.9580849, 35.9006283 ], [ -81.9663388, 35.9088347 ], [ -81.9506673, 35.9236732 ], [ -81.9579967, 35.9590057 ], [ -81.9371172, 35.9706044 ], [ -81.9302102, 35.963893 ], [ -81.9328554, 35.9414924 ], [ -81.9261429, 35.940952 ], [ -81.9146525, 35.9636526 ], [ -81.8982298, 35.9635458 ], [ -81.9143137, 35.9686211 ], [ -81.9247145, 35.9597887 ], [ -81.928285, 35.9674772 ], [ -81.9055445, 35.9873075 ], [ -81.895402, 35.9834292 ], [ -81.893656, 35.9894963 ], [ -81.9068965, 35.9896375 ], [ -81.9169988, 35.9790744 ], [ -81.93856, 35.9824628 ], [ -81.959363400000015, 35.9615188 ], [ -81.9569732, 35.9285466 ], [ -81.9641101, 35.9125441 ], [ -81.9786968, 35.9067354 ], [ -81.983845, 35.884305 ], [ -82.0008704, 35.8781346 ], [ -82.0227028, 35.8856617 ], [ -82.0340139, 35.8639417 ], [ -82.05008740000001, 35.8544908 ], [ -82.0636302, 35.8571754 ], [ -82.0709674, 35.8517303 ], [ -82.0457481, 35.8514064 ] ] ], [ [ [ -81.8886992, 36.006715 ], [ -81.869806, 36.0190944 ], [ -81.8622698, 36.0456381 ], [ -81.8470152, 36.0635978 ], [ -81.83908, 36.0510356 ], [ -81.8374557, 36.0715804 ], [ -81.8245338, 36.0878061 ], [ -81.8211271, 36.0897143 ], [ -81.832490299999989, 36.085909699999988 ], [ -81.892082800000011, 36.0071617 ], [ -81.8933025, 35.9907245 ], [ -81.8886992, 36.006715 ] ] ], [ [ [ -81.8077155, 36.0972245 ], [ -81.7771263, 36.0989288 ], [ -81.782038, 36.1077526 ], [ -81.7698152, 36.127074 ], [ -81.7224967, 36.1256879 ], [ -81.7123008, 36.1431238 ], [ -81.702872, 36.1233554 ], [ -81.6909441, 36.139759 ], [ -81.664451, 36.1455615 ], [ -81.6466199, 36.134918299999988 ], [ -81.6492266, 36.1256321 ], [ -81.6371688, 36.1258248 ], [ -81.6405303, 36.1352814 ], [ -81.6202028, 36.153736 ], [ -81.6095661, 36.1800896 ], [ -81.6345859, 36.1421641 ], [ -81.6462395, 36.1371138 ], [ -81.658915, 36.1435418 ], [ -81.6744999, 36.1687664 ], [ -81.6945999, 36.1612026 ], [ -81.6954246, 36.1819802 ], [ -81.709887, 36.1816358 ], [ -81.7253739, 36.1567707 ], [ -81.7552228, 36.1528068 ], [ -81.7579341, 36.1419571 ], [ -81.7679125, 36.136749 ], [ -81.7770842, 36.1416089 ], [ -81.7922736, 36.1282573 ], [ -81.7835238, 36.123877799999988 ], [ -81.7888194, 36.10694 ], [ -81.7823465, 36.0998307 ], [ -81.8121577, 36.1003829 ], [ -81.815388, 36.0929284 ], [ -81.8077155, 36.0972245 ] ] ], [ [ [ -81.5946291, 36.217064 ], [ -81.5781769, 36.2185623 ], [ -81.5573971, 36.2318204 ], [ -81.5045134, 36.2188299 ], [ -81.4927991, 36.2324396 ], [ -81.4549958, 36.2382429 ], [ -81.4466121, 36.254556 ], [ -81.4364785, 36.2533506 ], [ -81.4259423, 36.2745794 ], [ -81.4131779, 36.279763 ], [ -81.4113269, 36.2941326 ], [ -81.3766953, 36.2739706 ], [ -81.3634912, 36.3021518 ], [ -81.3553814, 36.3037006 ], [ -81.3741776, 36.3455389 ], [ -81.3582752, 36.3676455 ], [ -81.3215405, 36.3747666 ], [ -81.3029846, 36.3621918 ], [ -81.2744581, 36.3768965 ], [ -81.267039400000016, 36.3895312 ], [ -81.2583464, 36.3897841 ], [ -81.2684011, 36.3928288 ], [ -81.3053497, 36.3654077 ], [ -81.3211145, 36.3806289 ], [ -81.3695831, 36.3686763 ], [ -81.3776668, 36.3437031 ], [ -81.3632754, 36.31215 ], [ -81.3759659, 36.2808578 ], [ -81.4006446, 36.2962331 ], [ -81.4161352, 36.2952972 ], [ -81.4142337, 36.2818757 ], [ -81.429127, 36.2773764 ], [ -81.4313837, 36.266364 ], [ -81.4568249, 36.2587989 ], [ -81.4874943, 36.2371567 ], [ -81.5050087, 36.2409685 ], [ -81.5049375, 36.2221887 ], [ -81.5573605, 36.2339087 ], [ -81.5792304, 36.2196254 ], [ -81.5973614, 36.2199813 ], [ -81.608381, 36.2075836 ], [ -81.6047586, 36.191994 ], [ -81.5946291, 36.217064 ] ] ], [ [ [ -81.2432453, 36.3902219 ], [ -81.224917499999989, 36.381247699999989 ], [ -81.1988688, 36.3903341 ], [ -81.1486307, 36.3737336 ], [ -81.1505001, 36.4128115 ], [ -81.1341686, 36.4248227 ], [ -81.1255362, 36.414636 ], [ -81.1156795, 36.4260996 ], [ -81.1004892, 36.4169646 ], [ -81.099575, 36.424584 ], [ -81.0799386, 36.4268139 ], [ -81.0743194, 36.4340563 ], [ -81.0604877, 36.411865 ], [ -81.0579444, 36.4317333 ], [ -81.0461635, 36.4309385 ], [ -81.0695649, 36.4386069 ], [ -81.0672468, 36.4472454 ], [ -81.0792746, 36.4428083 ], [ -81.0796697, 36.447906 ], [ -81.1437784, 36.422569 ], [ -81.14976, 36.4349536 ], [ -81.1617884, 36.4346058 ], [ -81.1655036, 36.4419887 ], [ -81.1921343, 36.4285995 ], [ -81.1891612, 36.4228956 ], [ -81.2120062, 36.4017205 ], [ -81.2524841, 36.3899543 ], [ -81.2432453, 36.3902219 ] ] ], [ [ [ -81.0400835, 36.4305278 ], [ -81.0066975, 36.4635344 ], [ -80.998636499999989, 36.458821 ], [ -80.985519599999989, 36.462985 ], [ -80.9648567, 36.4955963 ], [ -80.9552574, 36.493696299999989 ], [ -80.953885, 36.5008593 ], [ -80.9394576, 36.5050047 ], [ -80.9333588, 36.5258302 ], [ -80.9129265, 36.5325707 ], [ -80.9284223, 36.5378388 ], [ -80.8939262, 36.539676 ], [ -80.894846199999989, 36.5569608 ], [ -80.9062795, 36.5560273 ], [ -80.9071019, 36.5684021 ], [ -80.8962234, 36.5734428 ], [ -80.8882244, 36.5630693 ], [ -80.8752353, 36.5699926 ], [ -80.884472, 36.5693923 ], [ -80.9002301, 36.5784496 ], [ -80.9154486, 36.5620828 ], [ -80.9093233, 36.555047 ], [ -80.919874, 36.541476 ], [ -80.9338141, 36.5388545 ], [ -80.9423867, 36.5072912 ], [ -80.957133399999989, 36.5032382 ], [ -80.9584112, 36.4955932 ], [ -80.9671875, 36.4994938 ], [ -80.9812445, 36.485403 ], [ -80.986413, 36.4650435 ], [ -80.9973431, 36.4616255 ], [ -81.0066847, 36.4674601 ], [ -81.0447969, 36.4308462 ], [ -81.0400835, 36.4305278 ] ] ], [ [ [ -80.8404426, 36.5567594 ], [ -80.8185909, 36.5598153 ], [ -80.8184199, 36.5766124 ], [ -80.8256564, 36.574504 ], [ -80.8296256, 36.5835151 ], [ -80.8427803, 36.5864558 ], [ -80.8550697, 36.5817277 ], [ -80.8522632, 36.5894167 ], [ -80.8605553, 36.5815333 ], [ -80.8593023, 36.5710263 ], [ -80.8686756, 36.5704184 ], [ -80.8404426, 36.5567594 ] ] ], [ [ [ -80.82237, 36.6087802 ], [ -80.8039167, 36.6033603 ], [ -80.7830519, 36.6064522 ], [ -80.7613895, 36.6242657 ], [ -80.7506088, 36.6187523 ], [ -80.7236291, 36.6380426 ], [ -80.7255721, 36.6462942 ], [ -80.7043595, 36.6513321 ], [ -80.7005679, 36.6557763 ], [ -80.7053716, 36.6522518 ], [ -80.7264587, 36.6480561 ], [ -80.7460892, 36.6275022 ], [ -80.7686663, 36.6243362 ], [ -80.768136, 36.61913 ], [ -80.8003091, 36.6074116 ], [ -80.8196249, 36.6117577 ], [ -80.8355267, 36.6053213 ], [ -80.849133, 36.592392 ], [ -80.82237, 36.6087802 ] ] ], [ [ [ -80.6563285, 36.6695196 ], [ -80.676221, 36.6736321 ], [ -80.6868188, 36.6658614 ], [ -80.6563285, 36.6695196 ] ] ], [ [ [ -80.6398861, 36.671489 ], [ -80.6187143, 36.6657501 ], [ -80.6178353, 36.6721264 ], [ -80.6038484, 36.657608 ], [ -80.5875945, 36.6600944 ], [ -80.598309, 36.6612933 ], [ -80.6162698, 36.6734633 ], [ -80.6428629, 36.674500099999989 ], [ -80.646074400000018, 36.6707481 ], [ -80.6398861, 36.671489 ] ] ], [ [ [ -80.574753199999989, 36.6521685 ], [ -80.5545758, 36.6530557 ], [ -80.5503166, 36.6396328 ], [ -80.5278334, 36.6439898 ], [ -80.5253059, 36.6528233 ], [ -80.5137164, 36.6527465 ], [ -80.5260402, 36.6546984 ], [ -80.5397605, 36.6417155 ], [ -80.5484889, 36.6435813 ], [ -80.5495047, 36.6558243 ], [ -80.5777821, 36.6589956 ], [ -80.574753199999989, 36.6521685 ] ] ], [ [ [ -80.4905689, 36.6525898 ], [ -80.4657056, 36.6741635 ], [ -80.455905199999989, 36.6976708 ], [ -80.4429206, 36.699384 ], [ -80.4422591, 36.7091524 ], [ -80.4578747, 36.7023594 ], [ -80.4722498, 36.6690396 ], [ -80.5123563, 36.6527374 ], [ -80.4905689, 36.6525898 ] ] ], [ [ [ -80.414537, 36.7201155 ], [ -80.4088493, 36.7415681 ], [ -80.3996017, 36.7454505 ], [ -80.4110009, 36.759199 ], [ -80.4022601, 36.7762178 ], [ -80.3791522, 36.7755775 ], [ -80.321284, 36.8014872 ], [ -80.3163341, 36.8102621 ], [ -80.3307912, 36.8082565 ], [ -80.318054, 36.8429036 ], [ -80.3112753, 36.8358412 ], [ -80.3132466, 36.8425764 ], [ -80.3005815, 36.8455554 ], [ -80.29082, 36.8272075 ], [ -80.2666517, 36.8292621 ], [ -80.2853059, 36.8363469 ], [ -80.2836221, 36.845305 ], [ -80.2935634, 36.8403587 ], [ -80.2983818, 36.846529 ], [ -80.2793623, 36.8725339 ], [ -80.2924726, 36.8672369 ], [ -80.2976588, 36.8487246 ], [ -80.3200411, 36.8450262 ], [ -80.3315814, 36.832226399999989 ], [ -80.348112500000013, 36.8400676 ], [ -80.3502498, 36.8142003 ], [ -80.3928231, 36.7956423 ], [ -80.4084897, 36.7676866 ], [ -80.4162179, 36.7675711 ], [ -80.4092099, 36.7537061 ], [ -80.4163481, 36.7204166 ], [ -80.4255999, 36.7163956 ], [ -80.414537, 36.7201155 ] ] ], [ [ [ -80.260442, 36.8983819 ], [ -80.2004896, 36.9103353 ], [ -80.2018359, 36.9206005 ], [ -80.1938387, 36.9140812 ], [ -80.1755251, 36.9209707 ], [ -80.1804953, 36.9335954 ], [ -80.1672001, 36.9399497 ], [ -80.168926500000012, 36.9530777 ], [ -80.1553104, 36.9565973 ], [ -80.1614288, 36.9749843 ], [ -80.1351229, 36.9860471 ], [ -80.1335474, 37.0047651 ], [ -80.1204785, 37.0011171 ], [ -80.1091388, 37.0149034 ], [ -80.0996348, 37.0122081 ], [ -80.1053103, 37.0213355 ], [ -80.0895772, 37.0295164 ], [ -80.1053527, 37.0321975 ], [ -80.091549300000011, 37.0406303 ], [ -80.1060662, 37.0525452 ], [ -80.0984422, 37.0743279 ], [ -80.1043024, 37.0977225 ], [ -80.1140663, 37.09953 ], [ -80.1257663, 37.1244432 ], [ -80.0764922, 37.1608967 ], [ -80.0815575, 37.1793015 ], [ -80.0603847, 37.1736778 ], [ -80.0318292, 37.1948278 ], [ -80.0153569, 37.1910283 ], [ -80.0110482, 37.194901 ], [ -80.0282299, 37.1980584 ], [ -80.0617557, 37.1764547 ], [ -80.083671099999989, 37.1804191 ], [ -80.0882426, 37.1718854 ], [ -80.0778494, 37.1630224 ], [ -80.0900571, 37.1615673 ], [ -80.0896918, 37.153967 ], [ -80.130794, 37.1283783 ], [ -80.1313231, 37.1071737 ], [ -80.1099521, 37.0861572 ], [ -80.1236705, 37.0551354 ], [ -80.1108883, 37.0257313 ], [ -80.1284116, 37.0210188 ], [ -80.1410162, 36.989832799999988 ], [ -80.1571004, 36.9894443 ], [ -80.1546542, 36.9828897 ], [ -80.1723028, 36.9669832 ], [ -80.157961500000013, 36.9568357 ], [ -80.1727175, 36.9536695 ], [ -80.2148408, 36.910159 ], [ -80.2340056, 36.9122814 ], [ -80.2603584, 36.9019995 ], [ -80.2686508, 36.88717 ], [ -80.260442, 36.8983819 ] ] ], [ [ [ -79.9988213, 37.1895498 ], [ -79.9452102, 37.2126819 ], [ -79.9410105, 37.2052576 ], [ -79.9301146, 37.2063229 ], [ -79.932248, 37.2226502 ], [ -79.9133303, 37.2244102 ], [ -79.8741791, 37.2459404 ], [ -79.8529035, 37.239831 ], [ -79.870093400000016, 37.2516664 ], [ -79.861262, 37.251128 ], [ -79.8678573, 37.2587671 ], [ -79.8576277, 37.2613318 ], [ -79.8495335, 37.2841946 ], [ -79.853214799999989, 37.2872746 ], [ -79.8579876, 37.263932 ], [ -79.877664, 37.2582798 ], [ -79.871203799999989, 37.2557004 ], [ -79.87741840000001, 37.2451773 ], [ -79.9107467, 37.2275338 ], [ -79.9379386, 37.2269766 ], [ -79.9500759, 37.2193007 ], [ -79.9469699, 37.2129626 ], [ -79.9587841, 37.2140164 ], [ -79.9960271, 37.1921384 ], [ -80.0053316, 37.1938498 ], [ -79.9988213, 37.1895498 ] ] ], [ [ [ -79.9357711, 37.2414717 ], [ -79.956656200000012, 37.2327248 ], [ -79.9500765, 37.219302 ], [ -79.9357711, 37.2414717 ] ] ], [ [ [ -79.863746100000014, 37.2960839 ], [ -79.8536232, 37.3013975 ], [ -79.8633284, 37.3080643 ], [ -79.8446871, 37.313065 ], [ -79.8568871, 37.3180139 ], [ -79.8567798, 37.3234084 ], [ -79.8752151, 37.2950634 ], [ -79.8544736, 37.2883278 ], [ -79.863746100000014, 37.2960839 ] ] ], [ [ [ -79.835004, 37.3504463 ], [ -79.8354061, 37.3968248 ], [ -79.7701572, 37.4159196 ], [ -79.6714251, 37.4832068 ], [ -79.6430033, 37.4711469 ], [ -79.6533811, 37.4817072 ], [ -79.6702116, 37.4856345 ], [ -79.6922901, 37.4767398 ], [ -79.7571099, 37.425712 ], [ -79.8368284, 37.3988024 ], [ -79.8369458, 37.3538765 ], [ -79.8496684, 37.3343358 ], [ -79.835004, 37.3504463 ] ] ], [ [ [ -79.6244171, 37.4535885 ], [ -79.6256501, 37.4389616 ], [ -79.6054887, 37.4161322 ], [ -79.5779353, 37.4273936 ], [ -79.5815362, 37.4410681 ], [ -79.5580861, 37.4487346 ], [ -79.5793868, 37.464081 ], [ -79.5773104, 37.4719683 ], [ -79.562242, 37.4824751 ], [ -79.5822949, 37.4779459 ], [ -79.5896567, 37.4613624 ], [ -79.6275047, 37.4565846 ], [ -79.6244171, 37.4535885 ] ] ], [ [ [ -79.5440203, 37.4951743 ], [ -79.5526178, 37.4958113 ], [ -79.557113, 37.4860504 ], [ -79.5440203, 37.4951743 ] ] ], [ [ [ -79.5324179, 37.5032565 ], [ -79.504291, 37.498578 ], [ -79.4994545, 37.5042704 ], [ -79.51557720000001, 37.5070376 ], [ -79.5046774, 37.5146233 ], [ -79.5059611, 37.5297979 ], [ -79.4810075, 37.5446596 ], [ -79.474887099999989, 37.5441657 ], [ -79.4808966, 37.5465918 ], [ -79.5090122, 37.5311613 ], [ -79.506067, 37.5151866 ], [ -79.5346423, 37.5093005 ], [ -79.5391288, 37.498582 ], [ -79.5324179, 37.5032565 ] ] ], [ [ [ -79.4585654, 37.5428468 ], [ -79.450427499999989, 37.5498578 ], [ -79.4549666, 37.5567823 ], [ -79.4530081, 37.5513344 ], [ -79.466725, 37.5435064 ], [ -79.4585654, 37.5428468 ] ] ], [ [ [ -79.4313673, 37.5560251 ], [ -79.4185002, 37.5620069 ], [ -79.4021949, 37.5509788 ], [ -79.3506132, 37.5546555 ], [ -79.3516694, 37.5717266 ], [ -79.335257, 37.572703 ], [ -79.3160564, 37.6061804 ], [ -79.3336861, 37.6296466 ], [ -79.3358801, 37.6239408 ], [ -79.3197102, 37.6042402 ], [ -79.3312913, 37.5823258 ], [ -79.355861100000013, 37.5723355 ], [ -79.3548824, 37.558424 ], [ -79.3678805, 37.555434 ], [ -79.3707343, 37.5641977 ], [ -79.369413, 37.5551553 ], [ -79.4021865, 37.5535715 ], [ -79.4151742, 37.5732453 ], [ -79.4123655, 37.5633811 ], [ -79.4292286, 37.5659928 ], [ -79.430323199999989, 37.5574876 ], [ -79.4564036, 37.5607788 ], [ -79.4557766, 37.5590352 ], [ -79.4313673, 37.5560251 ] ] ], [ [ [ -79.3164706, 37.6610681 ], [ -79.3283687, 37.6667206 ], [ -79.3327066, 37.6826028 ], [ -79.3094867, 37.7071029 ], [ -79.313204, 37.7132033 ], [ -79.3167686, 37.7034123 ], [ -79.3356276, 37.6829666 ], [ -79.3349007, 37.6621266 ], [ -79.3220274, 37.6599501 ], [ -79.332678199999989, 37.6322673 ], [ -79.3164706, 37.6610681 ] ] ], [ [ [ -79.276581299999989, 37.7780677 ], [ -79.2993366, 37.7512681 ], [ -79.3039827, 37.7385195 ], [ -79.276581299999989, 37.7780677 ] ] ], [ [ [ -79.2325564, 37.8115595 ], [ -79.2058832, 37.7906901 ], [ -79.1859255, 37.8022333 ], [ -79.1430848, 37.8558963 ], [ -79.1498897, 37.885069699999988 ], [ -79.1285447, 37.8949502 ], [ -79.1202539, 37.8915379 ], [ -79.125806, 37.8859692 ], [ -79.1115441, 37.888157 ], [ -79.1168202, 37.8949847 ], [ -79.0990457, 37.9060744 ], [ -79.0800109, 37.9038493 ], [ -79.0765906, 37.9135905 ], [ -79.1633872, 37.8894803 ], [ -79.1575338, 37.8852167 ], [ -79.1654837, 37.877501 ], [ -79.1491076, 37.8761722 ], [ -79.1457795, 37.8556812 ], [ -79.1810367, 37.8100993 ], [ -79.204254, 37.7954211 ], [ -79.2315195, 37.8145904 ], [ -79.2518618, 37.8071536 ], [ -79.269183, 37.7867758 ], [ -79.2325564, 37.8115595 ] ] ], [ [ [ -79.0534589, 37.8948719 ], [ -79.0195081, 37.891592 ], [ -79.0157753, 37.8853199 ], [ -79.014346, 37.8932562 ], [ -79.0514131, 37.8991787 ], [ -79.0519587, 37.9136595 ], [ -79.0617561, 37.9177035 ], [ -79.0761045, 37.9137254 ], [ -79.0534589, 37.8948719 ] ] ], [ [ [ -79.0103545, 37.8762094 ], [ -78.9416687, 37.9410301 ], [ -78.9025893, 37.948536 ], [ -78.8959448, 37.9682682 ], [ -78.9033499, 37.9887741 ], [ -78.8576036, 38.0319387 ], [ -78.9157939, 37.9773019 ], [ -78.9032854, 37.9651119 ], [ -78.9119806, 37.9525719 ], [ -78.9431127, 37.942894 ], [ -79.0081702, 37.885263 ], [ -79.014484400000015, 37.8831506 ], [ -79.0103545, 37.8762094 ] ] ], [ [ [ -83.1635736, 35.5206424 ], [ -83.1699603, 35.5311134 ], [ -83.1756386, 35.5185212 ], [ -83.1635736, 35.5206424 ] ] ] ] } },
{ "type": "Feature", "properties": { "name": "Carl Sandburg Home National Historic Site", "code": "CARL", "designation": "National Historic Sites", "state": "NC", "acres": 157.0, "type": "nps" }, "geometry": { "type": "Polygon", "coordinates": [ [ [ -82.4441318, 35.273404 ], [ -82.4534704, 35.273953 ], [ -82.4605698, 35.2609074 ], [ -82.4441318, 35.273404 ] ] ] } },
{ "type": "Feature", "properties": { "name": "Guilford Courthouse National Military Park", "code": "GUCO", "designation": "National Military Parks", "state": "NC", "acres": 126.0, "type": "nps" }, "geometry": { "type": "Polygon", "coordinates": [ [ [ -79.8463846, 36.1348485 ], [ -79.8513888, 36.127951 ], [ -79.8324241, 36.1337411 ], [ -79.8463846, 36.1348485 ] ] ] } },
{ "type": "Feature", "properties": { "name": "Fort Raleigh National Historic Site", "code": "FORA", "designation": "National Historic Sites", "state": "NC", "acres": 346.0, "type": "nps" }, "geometry": { "type": "Polygon", "coordinates": [ [ [ -75.7259789, 35.935563 ], [ -75.7236777, 35.927494 ], [ -75.7055452, 35.9335042 ], [ -75.7097383, 35.9397672 ], [ -75.7259789, 35.935563 ] ] ] } },
{ "type": "Feature", "properties": { "name": "Wright Brothers National Memorial", "code": "WRBR", "designation": "National Memorials", "state": "NC", "acres": 440.0, "type": "nps" }, "geometry": { "type": "Polygon", "coordinates": [ [ [ -75.67854650000001, 36.0172203 ], [ -75.6743745, 36.0080149 ], [ -75.657709, 36.0145055 ], [ -75.6694989, 36.0244732 ], [ -75.67854650000001, 36.0172203 ] ] ] } },
{ "type": "Feature", "properties": { "name": "Cape Hatteras National Seashore", "code": "CAHA", "designation": "National Seashores", "state": "NC", "acres": 26959.0, "type": "nps" }, "geometry": { "type": "MultiPolygon", "coordinates": [ [ [ [ -75.6075858, 35.8991035 ], [ -75.6003027, 35.8898842 ], [ -75.6053491, 35.8752137 ], [ -75.5913309, 35.8448663 ], [ -75.5717976, 35.8292643 ], [ -75.5775388, 35.8236013 ], [ -75.5714284, 35.8149568 ], [ -75.5522071, 35.8008488 ], [ -75.5452361, 35.767558 ], [ -75.5234641, 35.7626601 ], [ -75.51167, 35.7108707 ], [ -75.4987909, 35.69698 ], [ -75.5067079, 35.6782068 ], [ -75.4928479, 35.667095 ], [ -75.49696, 35.662239 ], [ -75.4868624, 35.655316 ], [ -75.4634899, 35.5984247 ], [ -75.4735499, 35.661444 ], [ -75.5017082, 35.741447 ], [ -75.5286274, 35.7756233 ], [ -75.5982553, 35.9065326 ], [ -75.6075858, 35.8991035 ] ] ], [ [ [ -75.4687964, 35.5359739 ], [ -75.4872841, 35.5225008 ], [ -75.4833059, 35.4852707 ], [ -75.5018796, 35.3708938 ], [ -75.4958357, 35.3713244 ], [ -75.5177551, 35.3115491 ], [ -75.5250334, 35.2765648 ], [ -75.5201391, 35.2587032 ], [ -75.5260907, 35.2649908 ], [ -75.527715, 35.258861 ], [ -75.5501849, 35.2568586 ], [ -75.549413, 35.2516027 ], [ -75.5922443, 35.2464764 ], [ -75.6246937, 35.233953 ], [ -75.6230352, 35.2293805 ], [ -75.647508, 35.228376 ], [ -75.7023908, 35.2050633 ], [ -75.7044703, 35.2096763 ], [ -75.7205592, 35.202193 ], [ -75.7408665, 35.2042328 ], [ -75.7443594, 35.1907377 ], [ -75.5911399, 35.2336931 ], [ -75.5520058, 35.2313942 ], [ -75.5289583, 35.21694 ], [ -75.4860411, 35.395522 ], [ -75.4601379, 35.5774027 ], [ -75.4628053, 35.5941319 ], [ -75.4687964, 35.5359739 ] ] ] ] } },
{ "type": "Feature", "properties": { "name": "Cape Lookout National Seashore", "code": "CALO", "designation": "National Seashores", "state": "NC", "acres": 29460.0, "type": "nps" }, "geometry": { "type": "Polygon", "coordinates": [ [ [ -76.031887, 35.0633307 ], [ -76.064249, 35.0742705 ], [ -76.0766214, 35.0706897 ], [ -76.0866944, 35.0485043 ], [ -76.1084115, 35.0387183 ], [ -76.1541293, 34.992408399999988 ], [ -76.1767783, 34.9820921 ], [ -76.2365108, 34.9204694 ], [ -76.3476151, 34.8300279 ], [ -76.3743617, 34.8207824 ], [ -76.3755464, 34.8054667 ], [ -76.3914203, 34.7908691 ], [ -76.403696, 34.7913697 ], [ -76.4174981, 34.7637721 ], [ -76.438368, 34.7618587 ], [ -76.44508230000001, 34.7326109 ], [ -76.5105749, 34.6763979 ], [ -76.4996305, 34.6686863 ], [ -76.5105242, 34.6570638 ], [ -76.524123, 34.6637628 ], [ -76.5407815, 34.660982 ], [ -76.5415612, 34.6529101 ], [ -76.5497401, 34.6552901 ], [ -76.5819018, 34.682174 ], [ -76.5982697, 34.6730356 ], [ -76.6576387, 34.6934975 ], [ -76.6651162, 34.6875716 ], [ -76.5796265, 34.6601916 ], [ -76.5435152, 34.6411499 ], [ -76.5248246, 34.6254914 ], [ -76.5300047, 34.6144725 ], [ -76.5370009, 34.6091802 ], [ -76.539112800000012, 34.6153986 ], [ -76.5509259, 34.6150316 ], [ -76.5515513, 34.6280694 ], [ -76.5559849, 34.6194505 ], [ -76.5333048, 34.5812833 ], [ -76.5256191, 34.6109438 ], [ -76.4943004, 34.6614228 ], [ -76.3849377, 34.7865944 ], [ -76.2878037, 34.8738639 ], [ -76.031887, 35.0633307 ] ] ] } },
{ "type": "Feature", "properties": { "name": "Cumberland Gap National Historical Park", "code": "CUGA", "designation": "National Historical Parks", "state": "KY", "acres": 24459.0, "type": "nps" }, "geometry": { "type": "Polygon", "coordinates": [ [ [ -83.6730006, 36.6007249 ], [ -83.6599241, 36.600409299999988 ], [ -83.6589701, 36.5925959 ], [ -83.6436802, 36.6045679 ], [ -83.6269122, 36.5985224 ], [ -83.628351, 36.6120064 ], [ -83.62046, 36.6167587 ], [ -83.5566594, 36.6422419 ], [ -83.5503487, 36.6335615 ], [ -83.5528152, 36.6426715 ], [ -83.5365026, 36.6520009 ], [ -83.5015096, 36.658659 ], [ -83.4331449, 36.6485572 ], [ -83.424564500000017, 36.6673562 ], [ -83.448595, 36.6894516 ], [ -83.4598951, 36.6889601 ], [ -83.5133787, 36.6739963 ], [ -83.53449, 36.6751797 ], [ -83.5810873, 36.6514575 ], [ -83.5827349, 36.6677945 ], [ -83.5813061, 36.6510504 ], [ -83.5664625, 36.6555132 ], [ -83.6027725, 36.64033 ], [ -83.630882, 36.6452564 ], [ -83.6660033, 36.6353568 ], [ -83.6863194, 36.6453986 ], [ -83.6928961, 36.6367967 ], [ -83.6822417, 36.619472 ], [ -83.689808, 36.6057368 ], [ -83.7029768, 36.6074366 ], [ -83.6994023, 36.589994 ], [ -83.7342863, 36.5682195 ], [ -83.7421229, 36.5689313 ], [ -83.7353836, 36.5793957 ], [ -83.7070767, 36.5903593 ], [ -83.7505202, 36.5836545 ], [ -83.7608235, 36.5717375 ], [ -83.769685700000011, 36.5743904 ], [ -83.7871405, 36.5625219 ], [ -83.7852212, 36.5531752 ], [ -83.7769243, 36.5482287 ], [ -83.7019986, 36.5734947 ], [ -83.7031656, 36.5615947 ], [ -83.6899599, 36.554864 ], [ -83.6791727, 36.5747168 ], [ -83.6714989, 36.5699476 ], [ -83.6626376, 36.5933104 ], [ -83.6730006, 36.6007249 ] ], [ [ -83.6719809, 36.5850454 ], [ -83.6803436, 36.5762808 ], [ -83.6809757, 36.5882211 ], [ -83.6719809, 36.5850454 ] ] ] } },
{ "type": "Feature", "properties": { "name": "Congaree National Park", "code": "CONG", "designation": "National Parks", "state": "SC", "acres": 26795.0, "type": "nps" }, "geometry": { "type": "Polygon", "coordinates": [ [ [ -80.8651045, 33.8028973 ], [ -80.8369628, 33.7943111 ], [ -80.832545, 33.7853604 ], [ -80.821924, 33.7876135 ], [ -80.8286883, 33.7764526 ], [ -80.8149735, 33.7819742 ], [ -80.7831083, 33.7700941 ], [ -80.7849578, 33.7612632 ], [ -80.7594815, 33.7749679 ], [ -80.7556524, 33.7641225 ], [ -80.7459323, 33.7618098 ], [ -80.7527857, 33.7714749 ], [ -80.7458156, 33.7769543 ], [ -80.7349694, 33.7669706 ], [ -80.7383376, 33.7564431 ], [ -80.7266609, 33.7693223 ], [ -80.715758, 33.7607963 ], [ -80.7111013, 33.7721401 ], [ -80.7049038, 33.7599245 ], [ -80.685733900000017, 33.7569725 ], [ -80.654082699999989, 33.7738604 ], [ -80.6559192, 33.7616803 ], [ -80.6326865, 33.744282 ], [ -80.6191503, 33.7447615 ], [ -80.6042263, 33.758405599999989 ], [ -80.6099155, 33.7619066 ], [ -80.6027112, 33.7629593 ], [ -80.6048219, 33.7728788 ], [ -80.6345392, 33.7894358 ], [ -80.6358267, 33.7848357 ], [ -80.6419488, 33.7959557 ], [ -80.6778188, 33.7811673 ], [ -80.7181541, 33.8178144 ], [ -80.7209125, 33.8052673 ], [ -80.7294849, 33.8050698 ], [ -80.7383026, 33.814404 ], [ -80.7806272, 33.8161795 ], [ -80.7962222, 33.8336687 ], [ -80.8221397, 33.8339284 ], [ -80.8270009, 33.8442749 ], [ -80.8301448, 33.834976 ], [ -80.8454977, 33.831372 ], [ -80.8617746, 33.8410723 ], [ -80.8651045, 33.8028973 ] ] ] } },
{ "type": "Feature", "properties": { "name": "Biscayne National Park", "code": "BISC", "designation": "National Parks", "state": "FL", "acres": 172498.0, "type": "nps" }, "geometry": { "type": "Polygon", "coordinates": [ [ [ -80.3320543, 25.4595582 ], [ -80.3437221, 25.4613399 ], [ -80.339596899999989, 25.4506388 ], [ -80.3471988, 25.4464311 ], [ -80.3274604, 25.446469 ], [ -80.316429, 25.4380185 ], [ -80.3223009, 25.418836 ], [ -80.3314318, 25.4187445 ], [ -80.3317261, 25.3771301 ], [ -80.3154845, 25.3736242 ], [ -80.3149698, 25.3670367 ], [ -80.3107037, 25.372619 ], [ -80.2824569, 25.3664898 ], [ -80.2559316, 25.3514438 ], [ -80.2438634, 25.3353017 ], [ -80.2100762, 25.3363834 ], [ -80.1651478, 25.2914356 ], [ -80.1540452, 25.3081521 ], [ -80.1022619, 25.500193 ], [ -80.089436, 25.6446549 ], [ -80.134279, 25.6449276 ], [ -80.1782501, 25.6711161 ], [ -80.2009801, 25.6711161 ], [ -80.2201298, 25.596009 ], [ -80.3092464, 25.6072285 ], [ -80.3073605, 25.5724759 ], [ -80.3139281, 25.5521862 ], [ -80.3291558, 25.5443496 ], [ -80.3239725, 25.5360258 ], [ -80.3352408, 25.5298852 ], [ -80.3467848, 25.4819249 ], [ -80.3466122, 25.4628756 ], [ -80.3320543, 25.4595582 ] ] ] } },
{ "type": "Feature", "properties": { "name": "Castillo de San Marcos National Monument", "code": "CASA", "designation": "National Monuments", "state": "FL", "acres": 0.0, "type": "nps" }, "geometry": { "type": "GeometryCollection", "geometries": [ ] } },
{ "type": "Feature", "properties": { "name": "Fort Matanzas National Monument", "code": "FOMA", "designation": "National Monuments", "state": "FL", "acres": 0.0, "type": "nps" }, "geometry": { "type": "GeometryCollection", "geometries": [ ] } },
{ "type": "Feature", "properties": { "name": "Everglades National Park", "code": "EVER", "designation": "National Parks", "state": "FL", "acres": 1529304.0, "type": "nps" }, "geometry": { "type": "Polygon", "coordinates": [ [ [ -80.5472574, 25.6411927 ], [ -80.538214, 25.6412989 ], [ -80.5387174, 25.6541929 ], [ -80.5146954, 25.6543244 ], [ -80.5151888, 25.6685138 ], [ -80.498978, 25.6686271 ], [ -80.498997, 25.7609776 ], [ -80.6496821, 25.760705 ], [ -80.6491827, 25.74633 ], [ -80.6572534, 25.746307 ], [ -80.6577372, 25.7608332 ], [ -80.856966, 25.7604744 ], [ -80.8590357, 25.6165193 ], [ -81.052088700000013, 25.6152346 ], [ -81.0521045, 25.6515546 ], [ -81.0681987, 25.6514929 ], [ -81.0682111, 25.6732847 ], [ -81.0839698, 25.6732226 ], [ -81.08398, 25.6877504 ], [ -81.1001591, 25.6876848 ], [ -81.1001834, 25.716685 ], [ -81.1163421, 25.7166732 ], [ -81.1163888, 25.7312008 ], [ -81.1644736, 25.7311545 ], [ -81.1645136, 25.760182 ], [ -81.1805566, 25.760163 ], [ -81.1805784, 25.7745813 ], [ -81.1966233, 25.7745605 ], [ -81.1966469, 25.7889151 ], [ -81.2126938, 25.7888925 ], [ -81.2127197, 25.8034083 ], [ -81.2624408, 25.8035191 ], [ -81.2623349, 25.8627896 ], [ -81.3593762, 25.862898 ], [ -81.3592896, 25.8338098 ], [ -81.3989759, 25.8341053 ], [ -81.3989613, 25.8413139 ], [ -81.4077901, 25.8413784 ], [ -81.4079645, 25.8921916 ], [ -81.4567213, 25.8921052 ], [ -81.456474, 25.8763104 ], [ -81.4723898, 25.8760605 ], [ -81.4722666, 25.8621967 ], [ -81.4886285, 25.8620737 ], [ -81.4885198, 25.8463052 ], [ -81.5048119, 25.8460754 ], [ -81.5047454, 25.8325675 ], [ -81.5208411, 25.8321555 ], [ -81.5207976, 25.8175218 ], [ -81.3934759, 25.7174322 ], [ -81.2613868, 25.5715093 ], [ -81.1962343, 25.4425818 ], [ -81.1751326, 25.3307435 ], [ -81.2030679, 25.2280834 ], [ -81.1628786, 25.1604256 ], [ -81.0809929, 25.0878398 ], [ -81.0816638, 25.0730928 ], [ -81.0035337, 24.9824202 ], [ -80.8327202, 24.8646089 ], [ -80.8124112, 24.8567545 ], [ -80.7711859, 24.8680654 ], [ -80.7156014, 24.923717 ], [ -80.6613551, 24.9398392 ], [ -80.632133, 24.9650005 ], [ -80.5835537, 24.9828688 ], [ -80.5464214, 25.015796 ], [ -80.516657, 25.0301215 ], [ -80.5158123, 25.0582397 ], [ -80.4744058, 25.0817776 ], [ -80.4428428, 25.1282903 ], [ -80.4233693, 25.1293474 ], [ -80.4238653, 25.1341914 ], [ -80.4242808, 25.1346265 ], [ -80.4239675, 25.1351889 ], [ -80.4247558, 25.1428858 ], [ -80.3889524, 25.1830793 ], [ -80.417716, 25.1984183 ], [ -80.4312418, 25.2246557 ], [ -80.444653, 25.2871532 ], [ -80.5735423, 25.2923604 ], [ -80.5740588, 25.4182527 ], [ -80.5903466, 25.4180908 ], [ -80.5903318, 25.4619513 ], [ -80.5743647, 25.462798 ], [ -80.5749386, 25.5498533 ], [ -80.5670379, 25.5499049 ], [ -80.5671555, 25.579238 ], [ -80.5512706, 25.5792397 ], [ -80.5512423, 25.5866101 ], [ -80.5432838, 25.586608 ], [ -80.5430761, 25.6085383 ], [ -80.5490857, 25.6085108 ], [ -80.5472574, 25.6411927 ] ], [ [ -81.3550858, 25.8063069 ], [ -81.363051, 25.8062872 ], [ -81.3670257, 25.8135571 ], [ -81.3570555, 25.818708 ], [ -81.3550858, 25.8063069 ] ] ] } },
{ "type": "Feature", "properties": { "name": "Dry Tortugas National Park", "code": "DRTO", "designation": "National Parks", "state": "FL", "acres": 65392.0, "type": "nps" }, "geometry": { "type": "Polygon", "coordinates": [ [ [ -82.866463, 24.7253762 ], [ -82.8997492, 24.7169068 ], [ -82.9676994, 24.6490471 ], [ -82.9678891, 24.565333 ], [ -82.9004025, 24.5662447 ], [ -82.7990187, 24.6176447 ], [ -82.7654226, 24.6686726 ], [ -82.7652263, 24.7016412 ], [ -82.7958717, 24.724195 ], [ -82.866463, 24.7253762 ] ] ] } },
{ "type": "Feature", "properties": { "name": "De Soto National Memorial", "code": "DESO", "designation": "National Memorials", "state": "FL", "acres": 0.0, "type": "nps" }, "geometry": { "type": "GeometryCollection", "geometries": [ ] } },
{ "type": "Feature", "properties": { "name": "Fort Caroline National Memorial", "code": "FOCA", "designation": "National Memorials", "state": "FL", "acres": 65.0, "type": "nps" }, "geometry": { "type": "Polygon", "coordinates": [ [ [ -81.5013677, 30.3805793 ], [ -81.496165499999989, 30.3868666 ], [ -81.5030486, 30.3880108 ], [ -81.5013677, 30.3805793 ] ] ] } },
{ "type": "Feature", "properties": { "name": "San Juan National Historic Site", "code": "SAJU", "designation": "National Historic Sites", "state": "PR", "acres": 72.0, "type": "nps" }, "geometry": { "type": "Polygon", "coordinates": [ [ [ -66.1218028, 18.4684778 ], [ -66.1068713, 18.4681201 ], [ -66.1239713, 18.4718569 ], [ -66.1218028, 18.4684778 ] ] ] } },
{ "type": "Feature", "properties": { "name": "Timucuan Ecological and Historic Preserve", "code": "TIMU", "designation": "National Preserves", "state": "FL", "acres": 47767.0, "type": "nps" }, "geometry": { "type": "Polygon", "coordinates": [ [ [ -81.6246703, 30.5863062 ], [ -81.6497197, 30.5767534 ], [ -81.6639375, 30.5588513 ], [ -81.6608012, 30.5516046 ], [ -81.6730171, 30.5564868 ], [ -81.6677374, 30.5604277 ], [ -81.6739057, 30.5662601 ], [ -81.6928188, 30.5616499 ], [ -81.6599831, 30.5471816 ], [ -81.6723406, 30.5358438 ], [ -81.6554765, 30.5454176 ], [ -81.6585713, 30.5300168 ], [ -81.65148210000001, 30.5308939 ], [ -81.6497509, 30.5419181 ], [ -81.621093, 30.5551196 ], [ -81.6072167, 30.538771 ], [ -81.5776004, 30.536372 ], [ -81.5760966, 30.5245163 ], [ -81.586669300000011, 30.5195958 ], [ -81.5765802, 30.5096864 ], [ -81.5748007, 30.5206694 ], [ -81.5662233, 30.5106599 ], [ -81.5034569, 30.484007 ], [ -81.4912566, 30.4860621 ], [ -81.5037182, 30.4890848 ], [ -81.4940438, 30.501194 ], [ -81.4854828, 30.4948654 ], [ -81.4894624, 30.4840188 ], [ -81.4754312, 30.4386294 ], [ -81.4903404, 30.4439929 ], [ -81.4882004, 30.4562062 ], [ -81.4969304, 30.4564322 ], [ -81.4971405, 30.4448546 ], [ -81.4974458, 30.4494483 ], [ -81.5171103, 30.4466043 ], [ -81.513038200000011, 30.4537965 ], [ -81.5220645, 30.4516222 ], [ -81.5215004, 30.4579296 ], [ -81.5301178, 30.4515573 ], [ -81.5424162, 30.457082 ], [ -81.5208694, 30.4391839 ], [ -81.5288289, 30.4320746 ], [ -81.5353294, 30.4362232 ], [ -81.546608800000016, 30.4212125 ], [ -81.5092097, 30.4076883 ], [ -81.5000032, 30.394886 ], [ -81.5044706, 30.3879593 ], [ -81.496165499999989, 30.3868666 ], [ -81.5013582, 30.380584099999989 ], [ -81.4778077, 30.3650641 ], [ -81.413054, 30.372222 ], [ -81.4127039, 30.378858 ], [ -81.4377047, 30.3836519 ], [ -81.4236345, 30.3998804 ], [ -81.3980265, 30.4035119 ], [ -81.4159698, 30.4213278 ], [ -81.4202971, 30.4839023 ], [ -81.4505855, 30.5040114 ], [ -81.4442909, 30.5105423 ], [ -81.450653699999989, 30.518265 ], [ -81.4838396, 30.5384058 ], [ -81.4964313, 30.5619696 ], [ -81.512305, 30.5672571 ], [ -81.5210619, 30.5606865 ], [ -81.5258384, 30.5313166 ], [ -81.5432023, 30.5245732 ], [ -81.5506937, 30.5442738 ], [ -81.5697341, 30.5370036 ], [ -81.5864789, 30.5455599 ], [ -81.584079, 30.565591 ], [ -81.594613099999989, 30.5610199 ], [ -81.5902293, 30.5491266 ], [ -81.6008063, 30.5452331 ], [ -81.6050784, 30.5506381 ], [ -81.5961804, 30.5603397 ], [ -81.609744, 30.5544515 ], [ -81.6142117, 30.5630212 ], [ -81.601259, 30.5679352 ], [ -81.6109739, 30.5764494 ], [ -81.604289799999989, 30.5848268 ], [ -81.6158134, 30.5802218 ], [ -81.6246703, 30.5863062 ] ], [ [ -81.4445821, 30.3858064 ], [ -81.4601884, 30.3856393 ], [ -81.4592359, 30.392968 ], [ -81.4532454, 30.3882642 ], [ -81.4390787, 30.3994652 ], [ -81.4445821, 30.3858064 ] ], [ [ -81.4956893, 30.5336717 ], [ -81.4867735, 30.5363018 ], [ -81.4708224, 30.5260367 ], [ -81.4712075, 30.5174561 ], [ -81.464332399999989, 30.5217195 ], [ -81.4687914, 30.4924384 ], [ -81.4762608, 30.4935651 ], [ -81.4956893, 30.5336717 ] ] ] } },
{ "type": "Feature", "properties": { "name": "Virgin Islands National Park", "code": "VIIS", "designation": "National Parks", "state": "VI", "acres": 14259.0, "type": "nps" }, "geometry": { "type": "Polygon", "coordinates": [ [ [ -64.742635, 18.377178 ], [ -64.802357, 18.3563478 ], [ -64.8023568, 18.3335709 ], [ -64.7724494, 18.3379336 ], [ -64.769030300000011, 18.3259854 ], [ -64.7599577, 18.3261454 ], [ -64.7634666, 18.3113493 ], [ -64.7329119, 18.3113466 ], [ -64.6968003, 18.2966255 ], [ -64.696798, 18.3113497 ], [ -64.7068887, 18.3112007 ], [ -64.7095825, 18.3292855 ], [ -64.7317205, 18.3459346 ], [ -64.7094295, 18.353765 ], [ -64.7051774, 18.3405154 ], [ -64.7039872, 18.3541054 ], [ -64.6910905, 18.3563542 ], [ -64.6910427, 18.3393779 ], [ -64.6773558, 18.3507902 ], [ -64.6884672, 18.3646788 ], [ -64.742635, 18.377178 ] ] ] } },
{ "type": "Feature", "properties": { "name": "Virgin Islands Coral Reef National Monument", "code": "VICR", "designation": "National Monuments", "state": "VI", "acres": 11350.0, "type": "nps" }, "geometry": { "type": "Polygon", "coordinates": [ [ [ -64.7329119, 18.3113466 ], [ -64.7558906, 18.3113469 ], [ -64.7465501, 18.2919628 ], [ -64.7478031, 18.2632914 ], [ -64.6991084, 18.2482013 ], [ -64.659985, 18.2685454 ], [ -64.6612661, 18.279851 ], [ -64.6923422, 18.3075227 ], [ -64.6968003, 18.2966255 ], [ -64.7329119, 18.3113466 ] ] ] } },
{ "type": "Feature", "properties": { "name": "Buck Island Reef National Monument", "code": "BUIS", "designation": "National Monuments", "state": "VI", "acres": 17584.0, "type": "nps" }, "geometry": { "type": "Polygon", "coordinates": [ [ [ -64.673450700000018, 17.8319052 ], [ -64.6873599, 17.8145206 ], [ -64.6506674, 17.7804135 ], [ -64.5991725, 17.772734 ], [ -64.5567364, 17.8103797 ], [ -64.6012884, 17.8412445 ], [ -64.6526533, 17.8427726 ], [ -64.673450700000018, 17.8319052 ] ] ] } },
{ "type": "Feature", "properties": { "name": "Christiansted National Historic Site", "code": "CHRI", "designation": "National Historic Sites", "state": "VI", "acres": 0.0, "type": "nps" }, "geometry": { "type": "GeometryCollection", "geometries": [ ] } },
{ "type": "Feature", "properties": { "name": "Salt River Bay National Historical Park and Ecological Preserve", "code": "SARI", "designation": "National Historical Parks", "state": "VI", "acres": 1048.0, "type": "nps" }, "geometry": { "type": "Polygon", "coordinates": [ [ [ -64.7646794, 17.7577562 ], [ -64.7556557, 17.7702618 ], [ -64.7498595, 17.766094 ], [ -64.7471838, 17.7954732 ], [ -64.761732, 17.7881147 ], [ -64.7646794, 17.7577562 ] ] ] } },
{ "type": "Feature", "properties": { "name": "Fort Donelson National Battlefield", "code": "FODO", "designation": "National Battlefields", "state": "TN", "acres": 705.0, "type": "nps" }, "geometry": { "type": "Polygon", "coordinates": [ [ [ -87.8677115, 36.4904844 ], [ -87.867018, 36.4805677 ], [ -87.8452716, 36.4757391 ], [ -87.8387476, 36.4802373 ], [ -87.8536521, 36.4812396 ], [ -87.846292, 36.4916113 ], [ -87.852612, 36.4850843 ], [ -87.8499489, 36.4920802 ], [ -87.8582107, 36.4962268 ], [ -87.8677115, 36.4904844 ] ] ] } },
{ "type": "Feature", "properties": { "name": "Fort Frederica National Monument", "code": "FOFR", "designation": "National Monuments", "state": "GA", "acres": 133.0, "type": "nps" }, "geometry": { "type": "Polygon", "coordinates": [ [ [ -81.3981131, 31.2289607 ], [ -81.392443899999989, 31.2170929 ], [ -81.3896104, 31.2291579 ], [ -81.3981131, 31.2289607 ] ] ] } },
{ "type": "Feature", "properties": { "name": "Fort Sumter and Fort Moultrie National Historical Park", "code": "FOSU", "designation": "National Historical Parks", "state": "SC", "acres": 0.0, "type": "nps" }, "geometry": { "type": "GeometryCollection", "geometries": [ ] } },
{ "type": "Feature", "properties": { "name": "Andrew Johnson National Historic Site", "code": "ANJO", "designation": "National Historic Sites", "state": "TN", "acres": 0.0, "type": "nps" }, "geometry": { "type": "GeometryCollection", "geometries": [ ] } },
{ "type": "Feature", "properties": { "name": "Great Smoky Mountains National Park", "code": "GRSM", "designation": "National Parks", "state": "TN", "acres": 515210.0, "type": "nps" }, "geometry": { "type": "MultiPolygon", "coordinates": [ [ [ [ -83.5191458, 35.7344264 ], [ -83.5231241, 35.7635072 ], [ -83.4965521, 35.7651885 ], [ -83.4847105, 35.7521857 ], [ -83.4620941, 35.746263399999989 ], [ -83.425866, 35.7584252 ], [ -83.3987442, 35.7539626 ], [ -83.3679477, 35.7615439 ], [ -83.3570904, 35.7775177 ], [ -83.3439989, 35.7811311 ], [ -83.2985335, 35.7644325 ], [ -83.2914732, 35.7773393 ], [ -83.264966, 35.7802318 ], [ -83.268588, 35.7928692 ], [ -83.2523552, 35.8140673 ], [ -83.2714772, 35.7929974 ], [ -83.2680822, 35.7817178 ], [ -83.2931228, 35.7787051 ], [ -83.2999016, 35.7664952 ], [ -83.3348855, 35.7795128 ], [ -83.3275463, 35.7885592 ], [ -83.3366746, 35.7888455 ], [ -83.3557664, 35.7862174 ], [ -83.3674466, 35.7649319 ], [ -83.394034, 35.7578092 ], [ -83.4267877, 35.7612169 ], [ -83.4615007, 35.7482254 ], [ -83.4839242, 35.7543695 ], [ -83.4930496, 35.7669257 ], [ -83.5199708, 35.765211799999989 ], [ -83.5324579, 35.7711286 ], [ -83.530188900000013, 35.7621055 ], [ -83.547029, 35.7404126 ], [ -83.6278687, 35.7139694 ], [ -83.6577136, 35.7255745 ], [ -83.6986, 35.7084041 ], [ -83.7180037, 35.7184529 ], [ -83.7250485, 35.7125654 ], [ -83.7411652, 35.7153432 ], [ -83.7362084, 35.728916 ], [ -83.8116451, 35.7071809 ], [ -83.8187275, 35.720732 ], [ -83.8412646, 35.7166963 ], [ -83.8782235, 35.696452 ], [ -83.952004, 35.6275422 ], [ -83.9754997, 35.6174537 ], [ -83.998500800000016, 35.5893194 ], [ -84.0138923, 35.5561886 ], [ -83.99168370000001, 35.5498189 ], [ -83.985134700000017, 35.5060467 ], [ -83.9490425, 35.507758 ], [ -83.9496139, 35.4999566 ], [ -83.9266387, 35.4965453 ], [ -83.9341463, 35.4829347 ], [ -83.9180361, 35.4761489 ], [ -83.9196494, 35.4697876 ], [ -83.8993857, 35.4713443 ], [ -83.8940957, 35.4636322 ], [ -83.8791178, 35.4671833 ], [ -83.8647141, 35.4498073 ], [ -83.8187123, 35.4515186 ], [ -83.8101336, 35.457827 ], [ -83.8084133, 35.4527749 ], [ -83.8022054, 35.4642143 ], [ -83.7923649, 35.4538008 ], [ -83.7616657, 35.4449635 ], [ -83.7452104, 35.4553422 ], [ -83.7493148, 35.4587232 ], [ -83.7246327, 35.4641014 ], [ -83.7246031, 35.4715608 ], [ -83.7222421, 35.4629814 ], [ -83.7539601, 35.4446464 ], [ -83.7273855, 35.4521867 ], [ -83.7227237, 35.4460548 ], [ -83.7093744, 35.4512926 ], [ -83.7174873, 35.4446542 ], [ -83.7044056, 35.4456356 ], [ -83.6960027, 35.4524104 ], [ -83.7011969, 35.4449551 ], [ -83.6816908, 35.4464406 ], [ -83.6858591, 35.4411832 ], [ -83.6744021, 35.4378822 ], [ -83.6658897, 35.4465726 ], [ -83.6709859, 35.4374822 ], [ -83.6542067, 35.4368478 ], [ -83.6511491, 35.4289878 ], [ -83.6491486, 35.446047 ], [ -83.6092433, 35.4490857 ], [ -83.6243337, 35.4401068 ], [ -83.6094658, 35.429178 ], [ -83.6048526, 35.4368317 ], [ -83.5951999, 35.4344236 ], [ -83.5946863, 35.4420266 ], [ -83.5819133, 35.4410427 ], [ -83.5935923, 35.4534527 ], [ -83.5885978, 35.4560174 ], [ -83.5651138, 35.4418356 ], [ -83.5628437, 35.4616873 ], [ -83.5624813, 35.4395485 ], [ -83.5488083, 35.4477516 ], [ -83.5517017, 35.441631 ], [ -83.5357583, 35.4449294 ], [ -83.5273156, 35.4386082 ], [ -83.5252404, 35.4472173 ], [ -83.525899900000013, 35.4415145 ], [ -83.5118408, 35.4411401 ], [ -83.5109957, 35.4495451 ], [ -83.4994754, 35.4538947 ], [ -83.4871415, 35.4337102 ], [ -83.4739694, 35.4665465 ], [ -83.4837305, 35.4825206 ], [ -83.4739924, 35.4862852 ], [ -83.4664578, 35.4857975 ], [ -83.4632388, 35.469943799999989 ], [ -83.4551002, 35.4758624 ], [ -83.4598149, 35.4663413 ], [ -83.4449059, 35.4665505 ], [ -83.432971, 35.4557437 ], [ -83.4171214, 35.460651 ], [ -83.4130643, 35.4720135 ], [ -83.3679084, 35.5006682 ], [ -83.3577639, 35.4967696 ], [ -83.3477223, 35.5089662 ], [ -83.3371952, 35.5049207 ], [ -83.3142443, 35.512199 ], [ -83.3013204, 35.4981497 ], [ -83.298808, 35.5090645 ], [ -83.2888756, 35.5070497 ], [ -83.2939294, 35.5161326 ], [ -83.2851838, 35.5179124 ], [ -83.2849277, 35.5271412 ], [ -83.2953824, 35.5322361 ], [ -83.2854617, 35.5392286 ], [ -83.30538270000001, 35.5587525 ], [ -83.257432, 35.5936702 ], [ -83.1778627, 35.5194255 ], [ -83.1561079, 35.5522258 ], [ -83.1198758, 35.5515274 ], [ -83.0978509, 35.5740924 ], [ -83.0794146, 35.580006 ], [ -83.0770882, 35.5719769 ], [ -83.0674433, 35.5741093 ], [ -83.0580179, 35.5968664 ], [ -83.0634004, 35.5887306 ], [ -83.0767096, 35.5914347 ], [ -83.0613266, 35.6069943 ], [ -83.0581412, 35.6238928 ], [ -83.0423316, 35.635137 ], [ -83.0476952, 35.6451161 ], [ -83.0597995, 35.6505707 ], [ -83.051693200000017, 35.677902 ], [ -83.0937231, 35.6985266 ], [ -83.0826133, 35.7207413 ], [ -83.0930652, 35.7542437 ], [ -83.1161984, 35.7775764 ], [ -83.1299917, 35.775905 ], [ -83.1298538, 35.782511 ], [ -83.1447862, 35.7888575 ], [ -83.1729686, 35.781453 ], [ -83.2132077, 35.7874759 ], [ -83.2450678, 35.7779958 ], [ -83.2476892, 35.7706632 ], [ -83.3626336, 35.7527654 ], [ -83.3805842, 35.7573189 ], [ -83.4198071, 35.7365254 ], [ -83.4811839, 35.7251137 ], [ -83.4914049, 35.7082791 ], [ -83.515622, 35.697913 ], [ -83.5309227, 35.7065793 ], [ -83.529311299999989, 35.7157822 ], [ -83.5101552, 35.7262632 ], [ -83.5173218, 35.7289294 ], [ -83.5158109, 35.7243754 ], [ -83.53453, 35.7158108 ], [ -83.5332068, 35.7027912 ], [ -83.5788789, 35.6950273 ], [ -83.623696099999989, 35.6993383 ], [ -83.6290198, 35.7119285 ], [ -83.5569538, 35.7301148 ], [ -83.5355409, 35.7424582 ], [ -83.539633, 35.7481056 ], [ -83.5278215, 35.7605608 ], [ -83.5191458, 35.7344264 ] ], [ [ -83.8679477, 35.7011625 ], [ -83.831154, 35.7167506 ], [ -83.8163164, 35.7137785 ], [ -83.8157567, 35.703237699999988 ], [ -83.7965881, 35.7049649 ], [ -83.7418284, 35.7256323 ], [ -83.7437885, 35.7135477 ], [ -83.6921077, 35.7041898 ], [ -83.662414900000016, 35.7211426 ], [ -83.6478128, 35.7209034 ], [ -83.6288121, 35.7003341 ], [ -83.6498792, 35.6921267 ], [ -83.6680421, 35.6950577 ], [ -83.6720231, 35.6860633 ], [ -83.6982642, 35.6849738 ], [ -83.7130952, 35.6665985 ], [ -83.7356324, 35.6611136 ], [ -83.736811, 35.6502665 ], [ -83.7499381, 35.651171 ], [ -83.7499148, 35.6433027 ], [ -83.775678, 35.6246253 ], [ -83.8169262, 35.6517202 ], [ -83.8321103, 35.6724581 ], [ -83.8695966, 35.6740779 ], [ -83.8712945, 35.661606 ], [ -83.8950647, 35.6591103 ], [ -83.9118697, 35.6391336 ], [ -83.9257635, 35.6364367 ], [ -83.9240652, 35.6264762 ], [ -83.9383367, 35.625211 ], [ -83.937721, 35.6091636 ], [ -83.9509258, 35.5974452 ], [ -83.9764158, 35.5942575 ], [ -83.9995471, 35.5585542 ], [ -83.9946439, 35.5889246 ], [ -83.8679477, 35.7011625 ] ] ], [ [ [ -83.0405079, 35.63761 ], [ -83.0269741, 35.6517435 ], [ -82.9981361, 35.6542366 ], [ -83.0286196, 35.6546847 ], [ -83.0391781, 35.6412768 ], [ -83.0474691, 35.6450142 ], [ -83.0405079, 35.63761 ] ] ] ] } },
{ "type": "Feature", "properties": { "name": "Horseshoe Bend National Military Park", "code": "HOBE", "designation": "National Military Parks", "state": "AL", "acres": 2143.0, "type": "nps" }, "geometry": { "type": "Polygon", "coordinates": [ [ [ -85.7490523, 32.9892196 ], [ -85.7491716, 32.9597773 ], [ -85.7317618, 32.9597014 ], [ -85.7317532, 32.9673101 ], [ -85.7145315, 32.9745508 ], [ -85.714354200000017, 32.9897201 ], [ -85.7490523, 32.9892196 ] ] ] } },
{ "type": "Feature", "properties": { "name": "Kings Mountain National Military Park", "code": "KIMO", "designation": "National Military Parks", "state": "SC", "acres": 3612.0, "type": "nps" }, "geometry": { "type": "Polygon", "coordinates": [ [ [ -81.3585964, 35.1373573 ], [ -81.3607074, 35.1556895 ], [ -81.390606, 35.158321 ], [ -81.400082, 35.1464155 ], [ -81.419955300000012, 35.1417086 ], [ -81.414148900000015, 35.1185695 ], [ -81.3585964, 35.1373573 ] ] ] } },
{ "type": "Feature", "properties": { "name": "Cowpens National Battlefield", "code": "COWP", "designation": "National Battlefields", "state": "SC", "acres": 937.0, "type": "nps" }, "geometry": { "type": "Polygon", "coordinates": [ [ [ -81.7965003, 35.1208731 ], [ -81.793204, 35.1300926 ], [ -81.819443100000015, 35.1459681 ], [ -81.8188133, 35.1254299 ], [ -81.7965003, 35.1208731 ] ] ] } },
{ "type": "Feature", "properties": { "name": "Mammoth Cave National Park", "code": "MACA", "designation": "National Parks", "state": "KY", "acres": 71375.0, "type": "nps" }, "geometry": { "type": "Polygon", "coordinates": [ [ [ -86.2145874, 37.2736427 ], [ -86.2247995, 37.2668977 ], [ -86.256139, 37.27595 ], [ -86.2488264, 37.2525624 ], [ -86.2773598, 37.2513592 ], [ -86.2801802, 37.2432726 ], [ -86.2656276, 37.2372193 ], [ -86.272029, 37.219601 ], [ -86.2530355, 37.1985011 ], [ -86.2560622, 37.1902978 ], [ -86.2259828, 37.1881875 ], [ -86.2161037, 37.1758008 ], [ -86.166012400000014, 37.165675 ], [ -86.1595058, 37.1467725 ], [ -86.1700977, 37.1327462 ], [ -86.1539234, 37.1219553 ], [ -86.1093514, 37.1177721 ], [ -86.0976184, 37.1258822 ], [ -86.0682473, 37.1253699 ], [ -86.05651, 37.0976845 ], [ -86.0649071, 37.1287278 ], [ -86.0383475, 37.135964 ], [ -86.0260227, 37.1315019 ], [ -86.0013316, 37.1742809 ], [ -86.0118087, 37.1966051 ], [ -86.0280121, 37.2032876 ], [ -86.0235097, 37.214309799999988 ], [ -86.0310935, 37.2226933 ], [ -86.0149064, 37.2724485 ], [ -86.063378899999989, 37.2589685 ], [ -86.0690147, 37.2712276 ], [ -86.0785427, 37.2705142 ], [ -86.1163291, 37.2517981 ], [ -86.1530751, 37.2598704 ], [ -86.1742455, 37.2771527 ], [ -86.2145874, 37.2736427 ] ] ] } },
{ "type": "Feature", "properties": { "name": "Abraham Lincoln Birthplace National Historical Park", "code": "ABLI", "designation": "National Historical Parks", "state": "KY", "acres": 239.0, "type": "nps" }, "geometry": { "type": "Polygon", "coordinates": [ [ [ -85.6522022, 37.6183365 ], [ -85.648972, 37.6087062 ], [ -85.6397315, 37.6058715 ], [ -85.6371981, 37.6127704 ], [ -85.6522022, 37.6183365 ] ] ] } },
{ "type": "Feature", "properties": { "name": "Moores Creek National Battlefield", "code": "MOCR", "designation": "National Battlefields", "state": "NC", "acres": 0.0, "type": "nps" }, "geometry": { "type": "GeometryCollection", "geometries": [ ] } },
{ "type": "Feature", "properties": { "name": "Natchez Trace Parkway", "code": "NATR", "designation": "Parkways", "state": "MS", "acres": 43962.0, "type": "nps" }, "geometry": { "type": "MultiPolygon", "coordinates": [ [ [ [ -87.7888994, 35.0840865 ], [ -87.7876888, 35.0911 ], [ -87.8019263, 35.0640712 ], [ -87.7888994, 35.0840865 ] ] ], [ [ [ -87.4612845, 35.4972565 ], [ -87.4636049, 35.4947013 ], [ -87.4642391, 35.4881228 ], [ -87.4612845, 35.4972565 ] ] ], [ [ [ -86.9759914, 36.0229068 ], [ -86.9764097, 36.0244764 ], [ -86.9770734, 36.0222917 ], [ -86.9759914, 36.0229068 ] ] ], [ [ [ -91.2767312, 31.6048983 ], [ -91.2765361, 31.597307 ], [ -91.263555, 31.6058777 ], [ -91.294994, 31.5727777 ], [ -91.3530751, 31.5519327 ], [ -91.3687671, 31.5588537 ], [ -91.3643911, 31.5496297 ], [ -91.370865099999989, 31.5442337 ], [ -91.288053, 31.5734657 ], [ -91.2503749, 31.6214945 ], [ -91.2767312, 31.6048983 ] ] ], [ [ [ -91.216921, 31.6364289 ], [ -91.1867191, 31.6895333 ], [ -91.2287756, 31.6610914 ], [ -91.2031278, 31.6753244 ], [ -91.2135346, 31.6446696 ], [ -91.2462187, 31.6241103 ], [ -91.216921, 31.6364289 ] ] ], [ [ [ -91.1547604, 31.7456362 ], [ -91.1773753, 31.7087547 ], [ -91.1750878, 31.7550073 ], [ -91.1605568, 31.7722552 ], [ -91.1200559, 31.7835237 ], [ -91.0834981, 31.809491 ], [ -91.0654766, 31.8386614 ], [ -91.0438512, 31.8533735 ], [ -91.0311601, 31.8838451 ], [ -91.0079781, 31.9058132 ], [ -90.9989793, 31.9264623 ], [ -90.970547599999989, 31.9391997 ], [ -90.9407995, 31.985626 ], [ -90.924847899999989, 31.9949181 ], [ -90.9001619, 31.9906139 ], [ -90.8660204, 31.9995755 ], [ -90.841487, 32.0237631 ], [ -90.826028799999989, 32.0593329 ], [ -90.7249396, 32.1463818 ], [ -90.6854974, 32.1602777 ], [ -90.7211144, 32.1515071 ], [ -90.7673607, 32.1198145 ], [ -90.7783604, 32.1016751 ], [ -90.8130641, 32.0914393 ], [ -90.8063258, 32.0796698 ], [ -90.8273356, 32.0609064 ], [ -90.8579198, 32.0089639 ], [ -90.8859261, 31.9962561 ], [ -90.8953042, 31.9956284 ], [ -90.8952353, 32.004977 ], [ -90.8965477, 31.9957394 ], [ -90.925339, 31.9978275 ], [ -90.939201, 31.989335 ], [ -90.9629272, 31.965748 ], [ -90.9747963, 31.9388708 ], [ -90.9981793, 31.9321897 ], [ -91.0102445, 31.9070225 ], [ -91.0307074, 31.8892664 ], [ -91.0458783, 31.8537485 ], [ -91.0665129, 31.8409241 ], [ -91.0822661, 31.8136793 ], [ -91.1184224, 31.7870643 ], [ -91.159903899999989, 31.7764962 ], [ -91.1756497, 31.7603724 ], [ -91.182916, 31.6962145 ], [ -91.1547604, 31.7456362 ] ] ], [ [ [ -90.653108, 32.1716747 ], [ -90.5923395, 32.2047072 ], [ -90.6763521, 32.163497 ], [ -90.653108, 32.1716747 ] ] ], [ [ [ -90.5586245, 32.2230074 ], [ -90.5575781, 32.2146496 ], [ -90.5455377, 32.2181291 ], [ -90.5525445, 32.2256307 ], [ -90.5394254, 32.2255962 ], [ -90.5332806, 32.244793699999988 ], [ -90.4756632, 32.2767494 ], [ -90.4045367, 32.2911746 ], [ -90.3818336, 32.312912 ], [ -90.3995402, 32.2981191 ], [ -90.4756086, 32.279279 ], [ -90.5475753, 32.2394894 ], [ -90.568706800000015, 32.2175368 ], [ -90.5586245, 32.2230074 ] ] ], [ [ [ -90.3445573, 32.3485656 ], [ -90.2988012, 32.3605939 ], [ -90.2586578, 32.3805464 ], [ -90.2093576, 32.4176428 ], [ -90.1658516, 32.4298182 ], [ -90.1448774, 32.4229927 ], [ -90.0866182, 32.4243139 ], [ -90.069999, 32.4500859 ], [ -90.051159399999989, 32.4608836 ], [ -90.053412, 32.4672748 ], [ -90.0437927, 32.4641582 ], [ -90.033286, 32.4721784 ], [ -90.0175992, 32.4978581 ], [ -90.0075644, 32.500122 ], [ -90.0185318, 32.4988526 ], [ -90.0332156, 32.4771888 ], [ -90.063894800000014, 32.4651615 ], [ -90.0876101, 32.4270599 ], [ -90.166233, 32.4322098 ], [ -90.2122672, 32.4195123 ], [ -90.2998861, 32.3626919 ], [ -90.3561184, 32.3456981 ], [ -90.3610649, 32.3327823 ], [ -90.3445573, 32.3485656 ] ] ], [ [ [ -89.998818, 32.5020944 ], [ -89.988412, 32.5160404 ], [ -89.975198, 32.5152696 ], [ -89.94405, 32.5448066 ], [ -89.8610519, 32.5793915 ], [ -89.8341621, 32.6136774 ], [ -89.871462799999989, 32.5798515 ], [ -89.9185751, 32.5612272 ], [ -89.9775613, 32.5273169 ], [ -90.00515, 32.5006666 ], [ -89.998818, 32.5020944 ] ] ], [ [ [ -89.8171107, 32.6353993 ], [ -89.8072308, 32.6314396 ], [ -89.8018495, 32.639721 ], [ -89.7950194, 32.6377696 ], [ -89.7167423, 32.6900446 ], [ -89.6869394, 32.7409937 ], [ -89.6831764, 32.8122901 ], [ -89.655334599999989, 32.8675209 ], [ -89.631952, 32.8890524 ], [ -89.6110216, 32.9265348 ], [ -89.6106785, 32.9594856 ], [ -89.6192773, 32.9174327 ], [ -89.670007, 32.8493827 ], [ -89.6898831, 32.7969313 ], [ -89.6913237, 32.738441 ], [ -89.721363599999989, 32.6910555 ], [ -89.7898212, 32.6469273 ], [ -89.8179454, 32.6368796 ], [ -89.821239, 32.6301416 ], [ -89.8171107, 32.6353993 ] ] ], [ [ [ -89.593330900000012, 33.0229663 ], [ -89.5248452, 33.0841482 ], [ -89.5540575, 33.0665095 ], [ -89.598433899999989, 33.019285 ], [ -89.6034539, 32.9947803 ], [ -89.593330900000012, 33.0229663 ] ] ], [ [ [ -89.509184499999989, 33.0981188 ], [ -89.4594658, 33.1706296 ], [ -89.4480601, 33.2239354 ], [ -89.420937099999989, 33.2524862 ], [ -89.3984773, 33.2977823 ], [ -89.3688621, 33.3129256 ], [ -89.338058, 33.3546495 ], [ -89.291372, 33.3710536 ], [ -89.2693968, 33.4141704 ], [ -89.2578474, 33.4125785 ], [ -89.2599556, 33.4246275 ], [ -89.2415829, 33.4426593 ], [ -89.270883, 33.4202341 ], [ -89.2933138, 33.3725518 ], [ -89.3375787, 33.3584724 ], [ -89.3590162, 33.3399772 ], [ -89.3762387, 33.3100082 ], [ -89.4054627, 33.2961788 ], [ -89.425661, 33.2494273 ], [ -89.4514904, 33.2211218 ], [ -89.4637381, 33.1678881 ], [ -89.5240892, 33.0848228 ], [ -89.509184499999989, 33.0981188 ] ] ], [ [ [ -89.1420479, 33.5401446 ], [ -89.1141845, 33.5980272 ], [ -89.0861152, 33.6201914 ], [ -89.0707432, 33.6530726 ], [ -89.0482129, 33.6708099 ], [ -89.0084859, 33.7928505 ], [ -88.9521726, 33.8588337 ], [ -88.9485062, 33.8956385 ], [ -88.9247547, 33.9263656 ], [ -88.9215098, 33.944978 ], [ -88.930206500000011, 33.9656071 ], [ -88.8952741, 34.0044914 ], [ -88.8514513, 34.1166075 ], [ -88.8205163, 34.1446357 ], [ -88.7902655, 34.1972343 ], [ -88.8228761, 34.1454416 ], [ -88.8543431, 34.1183792 ], [ -88.8988698, 34.004532 ], [ -88.9299815, 33.972735 ], [ -88.9343455, 33.9531274 ], [ -88.9263883, 33.9285871 ], [ -88.9513957, 33.8962358 ], [ -88.9567922, 33.8590578 ], [ -89.0173812, 33.783319 ], [ -89.047033, 33.6772688 ], [ -89.0776574, 33.6514144 ], [ -89.0812294, 33.6311813 ], [ -89.1161142, 33.5988748 ], [ -89.1442754, 33.544412 ], [ -89.1790764, 33.5168866 ], [ -89.2231325, 33.4607555 ], [ -89.1420479, 33.5401446 ] ] ], [ [ [ -88.7508293, 34.2656804 ], [ -88.728543, 34.2803301 ], [ -88.713153300000016, 34.3244369 ], [ -88.7038337, 34.3230095 ], [ -88.6928265, 34.3459793 ], [ -88.6786575, 34.3528443 ], [ -88.662333, 34.3759388 ], [ -88.684083500000014, 34.351411299999988 ], [ -88.7156836, 34.3321854 ], [ -88.7309153, 34.2857684 ], [ -88.7480109, 34.2775683 ], [ -88.7554077, 34.2577412 ], [ -88.7508293, 34.2656804 ] ] ], [ [ [ -88.626878499999989, 34.4107924 ], [ -88.6115628, 34.4173242 ], [ -88.6290035, 34.4134844 ], [ -88.6395583, 34.4015996 ], [ -88.626878499999989, 34.4107924 ] ] ], [ [ [ -88.5493514, 34.4277334 ], [ -88.4610164, 34.4676644 ], [ -88.4226114, 34.4696324 ], [ -88.4167174, 34.4622444 ], [ -88.4026523, 34.4804004 ], [ -88.4140554, 34.4734264 ], [ -88.4638194, 34.4687234 ], [ -88.4981584, 34.4586924 ], [ -88.5458914, 34.4317554 ], [ -88.5801057, 34.4242422 ], [ -88.5493514, 34.4277334 ] ] ], [ [ [ -88.3491, 34.5062865 ], [ -88.3622484, 34.5050914 ], [ -88.398751100000013, 34.4827858 ], [ -88.3491, 34.5062865 ] ] ], [ [ [ -88.3178754, 34.5029814 ], [ -88.2969894, 34.5095104 ], [ -88.2767544, 34.5328764 ], [ -88.2743062, 34.5560206 ], [ -88.2477637, 34.5719105 ], [ -88.2438086, 34.5930572 ], [ -88.1921224, 34.6090432 ], [ -88.1582795, 34.6255746 ], [ -88.1466186, 34.6390329 ], [ -88.09609, 34.6550261 ], [ -88.0805408, 34.6788591 ], [ -88.0704372, 34.683456 ], [ -88.086552, 34.6812097 ], [ -88.0973089, 34.6573919 ], [ -88.1414166, 34.6440721 ], [ -88.1729694, 34.6193443 ], [ -88.245505799999989, 34.5946863 ], [ -88.2514299, 34.5736587 ], [ -88.2753918, 34.5585732 ], [ -88.2788114, 34.5334814 ], [ -88.2982034, 34.5108984 ], [ -88.342506, 34.5068853 ], [ -88.3178754, 34.5029814 ] ] ], [ [ [ -88.0345901, 34.6997539 ], [ -88.0296239, 34.71403 ], [ -88.0391423, 34.733901 ], [ -88.0315654, 34.746544 ], [ -87.9809593, 34.7872008 ], [ -87.9665947, 34.820246 ], [ -87.9514823, 34.8275366 ], [ -87.939214, 34.8238361 ], [ -87.9424524, 34.8196003 ], [ -87.9362109, 34.8234352 ], [ -87.9422178, 34.8383818 ], [ -87.9557126, 34.8379039 ], [ -87.952709399999989, 34.8300495 ], [ -87.9712175, 34.8194564 ], [ -87.9827516, 34.7886429 ], [ -87.9963886, 34.7846931 ], [ -88.0330729, 34.7516311 ], [ -88.0422857, 34.7342686 ], [ -88.0368724, 34.7030365 ], [ -88.06747, 34.6848057 ], [ -88.0345901, 34.6997539 ] ] ] ] } },
{ "type": "Feature", "properties": { "name": "Brices Cross Roads National Battlefield Site", "code": "BRCR", "designation": "National Battlefield Sites", "state": "MS", "acres": 0.0, "type": "nps" }, "geometry": { "type": "GeometryCollection", "geometries": [ ] } },
{ "type": "Feature", "properties": { "name": "Tupelo National Battlefield", "code": "TUPE", "designation": "National Battlefields", "state": "MS", "acres": 0.0, "type": "nps" }, "geometry": { "type": "GeometryCollection", "geometries": [ ] } },
{ "type": "Feature", "properties": { "name": "Shiloh National Military Park", "code": "SHIL", "designation": "National Military Parks", "state": "TN", "acres": 6506.0, "type": "nps" }, "geometry": { "type": "Polygon", "coordinates": [ [ [ -88.370769, 35.143 ], [ -88.3703268, 35.1149717 ], [ -88.348806, 35.1094917 ], [ -88.3163292, 35.1149913 ], [ -88.3165415, 35.1217331 ], [ -88.3011684, 35.1170554 ], [ -88.318487499999989, 35.1368957 ], [ -88.3182801, 35.1593391 ], [ -88.3421588, 35.1682404 ], [ -88.370769, 35.143 ] ] ] } },
{ "type": "Feature", "properties": { "name": "Stones River National Battlefield", "code": "STRI", "designation": "National Battlefields", "state": "TN", "acres": 251.0, "type": "nps" }, "geometry": { "type": "Polygon", "coordinates": [ [ [ -86.4374452, 35.884287 ], [ -86.4392863, 35.8664096 ], [ -86.428105699999989, 35.8648372 ], [ -86.4374452, 35.884287 ] ] ] } },
{ "type": "Feature", "properties": { "name": "Ocmulgee Mounds National Historical Park", "code": "OCMU", "designation": "National Historical Parks", "state": "GA", "acres": 3116.0, "type": "nps" }, "geometry": { "type": "Polygon", "coordinates": [ [ [ -83.6187663, 32.8382988 ], [ -83.5985873, 32.8226154 ], [ -83.601771, 32.8066697 ], [ -83.5861101, 32.8040965 ], [ -83.5820721, 32.7959747 ], [ -83.589964, 32.7929957 ], [ -83.5714724, 32.7919855 ], [ -83.5845344, 32.8154749 ], [ -83.5711206, 32.8217404 ], [ -83.5755191, 32.8382849 ], [ -83.5939954, 32.8414714 ], [ -83.5950521, 32.8506485 ], [ -83.6187663, 32.8382988 ] ] ] } },
{ "type": "Feature", "properties": { "name": "Cumberland Island National Seashore", "code": "CUIS", "designation": "National Seashores", "state": "GA", "acres": 37951.0, "type": "nps" }, "geometry": { "type": "Polygon", "coordinates": [ [ [ -81.4428411, 30.717938 ], [ -81.4534648, 30.7497974 ], [ -81.451053, 30.7825456 ], [ -81.3984941, 30.9071204 ], [ -81.3978442, 30.9599245 ], [ -81.4099456, 30.9810999 ], [ -81.4260869, 30.9751397 ], [ -81.4365821, 30.9503461 ], [ -81.4674312, 30.9159731 ], [ -81.4945184, 30.9053604 ], [ -81.5155594, 30.8816803 ], [ -81.4800376, 30.8481063 ], [ -81.4939447, 30.8161908 ], [ -81.4822054, 30.7219859 ], [ -81.4501986, 30.7098464 ], [ -81.4428411, 30.717938 ] ] ] } },
{ "type": "Feature", "properties": { "name": "Obed Wild and Scenic River", "code": "OBRI", "designation": "National Wild & Scenic Rivers", "state": "TN", "acres": 5948.0, "type": "nps" }, "geometry": { "type": "MultiPolygon", "coordinates": [ [ [ [ -84.8973327, 36.1469055 ], [ -84.8628503, 36.1321602 ], [ -84.8464173, 36.1094061 ], [ -84.8344286, 36.1200775 ], [ -84.806057, 36.116782 ], [ -84.7751368, 36.1272687 ], [ -84.7597635, 36.1200163 ], [ -84.7489582, 36.1247298 ], [ -84.7489937, 36.1177221 ], [ -84.7337398, 36.1116555 ], [ -84.728724, 36.1158265 ], [ -84.7196207, 36.0863571 ], [ -84.7377698, 36.0734315 ], [ -84.7398034, 36.0733669 ], [ -84.7380795, 36.0729493 ], [ -84.6895574, 36.0986337 ], [ -84.682655, 36.0841585 ], [ -84.6537212, 36.0764328 ], [ -84.6663425, 36.0705147 ], [ -84.6457643, 36.0737537 ], [ -84.6477307, 36.0815325 ], [ -84.6823449, 36.0866062 ], [ -84.6823814, 36.1023564 ], [ -84.7042316, 36.09425 ], [ -84.6993205, 36.0996378 ], [ -84.7131507, 36.1012254 ], [ -84.7242436, 36.1180963 ], [ -84.7355677, 36.1174468 ], [ -84.7480766, 36.1304429 ], [ -84.7568703, 36.1314554 ], [ -84.7585145, 36.1247016 ], [ -84.7747427, 36.1317841 ], [ -84.8068291, 36.120524 ], [ -84.8102938, 36.126295 ], [ -84.837686, 36.1254096 ], [ -84.8447835, 36.1193891 ], [ -84.87413, 36.1492038 ], [ -84.8747023, 36.1420392 ], [ -84.9052748, 36.1588661 ], [ -84.8973327, 36.1469055 ] ] ], [ [ [ -84.7601463, 36.0861666 ], [ -84.7861788, 36.0800402 ], [ -84.7852043, 36.0886316 ], [ -84.7962443, 36.0943481 ], [ -84.8106089, 36.088795 ], [ -84.816972299999989, 36.0992182 ], [ -84.8283727, 36.0975877 ], [ -84.8320376, 36.0842169 ], [ -84.8696271, 36.0843481 ], [ -84.8826352, 36.0749629 ], [ -84.9025521, 36.0736245 ], [ -84.9089946, 36.0670989 ], [ -84.9020648, 36.0735749 ], [ -84.882324, 36.0747759 ], [ -84.8692277, 36.0842551 ], [ -84.8320786, 36.083826 ], [ -84.8185834, 36.0953701 ], [ -84.8112698, 36.086812 ], [ -84.7987167, 36.0920428 ], [ -84.7876649, 36.0752999 ], [ -84.7658108, 36.0794123 ], [ -84.7723141, 36.0672961 ], [ -84.7919759, 36.0592843 ], [ -84.7722195, 36.0669665 ], [ -84.7645657, 36.0793625 ], [ -84.7544414, 36.0769119 ], [ -84.7601463, 36.0861666 ] ] ], [ [ [ -84.937535700000012, 36.068414 ], [ -84.9558332, 36.0621151 ], [ -84.9417069, 36.066747 ], [ -84.9162328, 36.0603329 ], [ -84.9156564, 36.0608717 ], [ -84.937535700000012, 36.068414 ] ] ] ] } },
{ "type": "Feature", "properties": { "name": "Little River Canyon National Preserve", "code": "LIRI", "designation": "National Preserves", "state": "AL", "acres": 15133.0, "type": "nps" }, "geometry": { "type": "MultiPolygon", "coordinates": [ [ [ [ -85.7061303, 34.2984167 ], [ -85.6996895, 34.2893514 ], [ -85.6912131, 34.2911011 ], [ -85.6896665, 34.2822283 ], [ -85.676352, 34.286274 ], [ -85.6871828, 34.2962981 ], [ -85.6683898, 34.3100709 ], [ -85.660915, 34.3567062 ], [ -85.6272867, 34.3616532 ], [ -85.6230678, 34.3767824 ], [ -85.6107874, 34.3828655 ], [ -85.6141265, 34.3884727 ], [ -85.5982574, 34.3959597 ], [ -85.599233, 34.4069188 ], [ -85.58302350000001, 34.4089387 ], [ -85.5817622, 34.4217475 ], [ -85.5644692, 34.4280165 ], [ -85.5652041, 34.4510502 ], [ -85.5739705, 34.4545153 ], [ -85.560947200000015, 34.4759684 ], [ -85.5905972, 34.4757474 ], [ -85.5951109, 34.4968864 ], [ -85.612787700000013, 34.496712 ], [ -85.6129398, 34.5040144 ], [ -85.6262822, 34.5093608 ], [ -85.638645, 34.5074121 ], [ -85.6412788, 34.4999828 ], [ -85.6347672, 34.4929758 ], [ -85.605799, 34.4894065 ], [ -85.6019249, 34.4819162 ], [ -85.6087526, 34.4468749 ], [ -85.6276212, 34.4484693 ], [ -85.617004799999989, 34.4176795 ], [ -85.626112, 34.4175476 ], [ -85.6214934, 34.4031008 ], [ -85.6373623, 34.3996776 ], [ -85.6302127, 34.3725494 ], [ -85.6551649, 34.3644496 ], [ -85.6655414, 34.3699789 ], [ -85.6719587, 34.3542908 ], [ -85.6812403, 34.3624631 ], [ -85.6729648, 34.339698 ], [ -85.6830702, 34.3347077 ], [ -85.670618499999989, 34.3284817 ], [ -85.6957489, 34.2951457 ], [ -85.7061303, 34.2984167 ] ] ], [ [ [ -85.693853, 34.3735644 ], [ -85.6973848, 34.3678858 ], [ -85.6841218, 34.3649997 ], [ -85.693853, 34.3735644 ] ] ] ] } },
{ "type": "Feature", "properties": { "name": "Russell Cave National Monument", "code": "RUCA", "designation": "National Monuments", "state": "AL", "acres": 343.0, "type": "nps" }, "geometry": { "type": "Polygon", "coordinates": [ [ [ -85.8232913, 34.9676529 ], [ -85.8144281, 34.9676277 ], [ -85.806196899999989, 34.9809402 ], [ -85.8169878, 34.981684699999988 ], [ -85.8232913, 34.9676529 ] ] ] } },
{ "type": "Feature", "properties": { "name": "Ninety Six National Historic Site", "code": "NISI", "designation": "National Historic Sites", "state": "SC", "acres": 978.0, "type": "nps" }, "geometry": { "type": "Polygon", "coordinates": [ [ [ -82.0236047, 34.1262674 ], [ -82.007751, 34.1371121 ], [ -82.0067894, 34.1563714 ], [ -82.0236618, 34.1546449 ], [ -82.0236047, 34.1262674 ] ] ] } },
{ "type": "Feature", "properties": { "name": "Tuskegee Airmen National Historic Site", "code": "TUAI", "designation": "National Historic Sites", "state": "AL", "acres": 0.0, "type": "nps" }, "geometry": { "type": "GeometryCollection", "geometries": [ ] } },
{ "type": "Feature", "properties": { "name": "Selma to Montgomery National Historic Trail", "code": "SEMO", "designation": "National Trails System", "state": "AL", "acres": 0.0, "type": "nps" }, "geometry": { "type": "GeometryCollection", "geometries": [ ] } },
{ "type": "Feature", "properties": { "name": "Natchez National Historical Park", "code": "NATC", "designation": "National Historical Parks", "state": "MS", "acres": 57.0, "type": "nps" }, "geometry": { "type": "Polygon", "coordinates": [ [ [ -91.378447, 31.5449617 ], [ -91.3855223, 31.5458646 ], [ -91.383327, 31.5394064 ], [ -91.378447, 31.5449617 ] ] ] } },
{ "type": "Feature", "properties": { "name": "Charles Pinckney National Historic Site", "code": "CHPI", "designation": "National Historic Sites", "state": "SC", "acres": 0.0, "type": "nps" }, "geometry": { "type": "GeometryCollection", "geometries": [ ] } },
{ "type": "Feature", "properties": { "name": "Jimmy Carter National Historical Park", "code": "JICA", "designation": "National Historical Parks", "state": "GA", "acres": 0.0, "type": "nps" }, "geometry": { "type": "GeometryCollection", "geometries": [ ] } },
{ "type": "Feature", "properties": { "name": "Martin Luther King, Jr., National Historical Park", "code": "MALU", "designation": "National Historical Parks", "state": "GA", "acres": 0.0, "type": "nps" }, "geometry": { "type": "GeometryCollection", "geometries": [ ] } },
{ "type": "Feature", "properties": { "name": "Cuyahoga Valley National Park", "code": "CUVA", "designation": "National Parks", "state": "OH", "acres": 31669.0, "type": "nps" }, "geometry": { "type": "MultiPolygon", "coordinates": [ [ [ [ -81.6399158, 41.4205231 ], [ -81.6482661, 41.4178448 ], [ -81.6352699, 41.4062373 ], [ -81.6399158, 41.4205231 ] ] ], [ [ [ -81.6365156, 41.3865072 ], [ -81.6265555, 41.3823847 ], [ -81.6371307, 41.3769124 ], [ -81.6336678, 41.3705627 ], [ -81.613961300000014, 41.3658017 ], [ -81.6147993, 41.3528411 ], [ -81.6023884, 41.3496618 ], [ -81.6062584, 41.340606 ], [ -81.590521099999989, 41.3371414 ], [ -81.5957991, 41.3274162 ], [ -81.5886266, 41.3214106 ], [ -81.6098657, 41.3252434 ], [ -81.6231457, 41.3199489 ], [ -81.6267971, 41.300342 ], [ -81.5936628, 41.2932122 ], [ -81.5959048, 41.2563522 ], [ -81.5590489, 41.2605973 ], [ -81.5843478, 41.2532614 ], [ -81.557009, 41.2561152 ], [ -81.550466, 41.2417035 ], [ -81.5746896, 41.2389679 ], [ -81.5832864, 41.2419561 ], [ -81.5763848, 41.2485662 ], [ -81.5821984, 41.2512676 ], [ -81.6102831, 41.2316016 ], [ -81.6060973, 41.1917314 ], [ -81.5924449, 41.1791134 ], [ -81.5971217, 41.1610831 ], [ -81.5871147, 41.1609257 ], [ -81.587225500000017, 41.1492517 ], [ -81.5680879, 41.1490254 ], [ -81.5659776, 41.1448061 ], [ -81.5740769, 41.1623681 ], [ -81.536369900000011, 41.1649091 ], [ -81.5421162, 41.1920594 ], [ -81.5261595, 41.2029206 ], [ -81.4961053, 41.2029997 ], [ -81.505133300000011, 41.2032248 ], [ -81.504913500000015, 41.2200848 ], [ -81.4911183, 41.2280331 ], [ -81.5200919, 41.2571609 ], [ -81.5562066, 41.2557838 ], [ -81.5205997, 41.2581079 ], [ -81.5333566, 41.2743648 ], [ -81.5587456, 41.2607574 ], [ -81.5346018, 41.2784539 ], [ -81.5455757, 41.2924099 ], [ -81.5513739, 41.2911308 ], [ -81.554905, 41.3016539 ], [ -81.5781206, 41.3113405 ], [ -81.5860306, 41.3329977 ], [ -81.578192, 41.3340631 ], [ -81.5782986, 41.3437988 ], [ -81.5888959, 41.3511854 ], [ -81.565157, 41.3509007 ], [ -81.565367, 41.3709778 ], [ -81.5496123, 41.3688113 ], [ -81.5343777, 41.3843333 ], [ -81.5496082, 41.3913969 ], [ -81.5990964, 41.3716785 ], [ -81.63122580000001, 41.3937974 ], [ -81.6334768, 41.4007221 ], [ -81.6365156, 41.3865072 ] ], [ [ -81.5678171, 41.3580832 ], [ -81.5948612, 41.3557899 ], [ -81.5949269, 41.3657035 ], [ -81.574865699999989, 41.361924 ], [ -81.5719696, 41.3670196 ], [ -81.5678171, 41.3580832 ] ] ], [ [ [ -81.5624059, 41.1376635 ], [ -81.5409915, 41.1306131 ], [ -81.5417147, 41.1314732 ], [ -81.5627422, 41.1383361 ], [ -81.5624059, 41.1376635 ] ] ], [ [ [ -81.5299316, 41.116559 ], [ -81.52988, 41.1173951 ], [ -81.5393847, 41.128702 ], [ -81.5299316, 41.116559 ] ] ], [ [ [ -81.5307233, 41.1004213 ], [ -81.5161824, 41.0896961 ], [ -81.5306781, 41.1009942 ], [ -81.5307233, 41.1004213 ] ] ], [ [ [ -81.6082451, 41.2533513 ], [ -81.6083344, 41.2534954 ], [ -81.6083472, 41.2533571 ], [ -81.6082451, 41.2533513 ] ] ] ] } },
{ "type": "Feature", "properties": { "name": "Brown v. Board of Education National Historical Park", "code": "BRVB", "designation": "National Historical Parks", "state": "KS", "acres": 0.0, "type": "nps" }, "geometry": { "type": "GeometryCollection", "geometries": [ ] } },
{ "type": "Feature", "properties": { "name": "First Ladies National Historic Site", "code": "FILA", "designation": "National Historic Sites", "state": "OH", "acres": 0.0, "type": "nps" }, "geometry": { "type": "GeometryCollection", "geometries": [ ] } },
{ "type": "Feature", "properties": { "name": "Niobrara National Scenic River", "code": "NIOB", "designation": "National Wild & Scenic Rivers", "state": "NE", "acres": 27562.0, "type": "nps" }, "geometry": { "type": "MultiPolygon", "coordinates": [ [ [ [ -100.5078736, 42.8503724 ], [ -100.4935316, 42.8610468 ], [ -100.481088700000015, 42.8998448 ], [ -100.4718825, 42.9028528 ], [ -100.4835579, 42.9041082 ], [ -100.497643900000014, 42.8615424 ], [ -100.5212112, 42.8520316 ], [ -100.5078736, 42.8503724 ] ] ], [ [ [ -100.4523508, 42.9092316 ], [ -100.4478517, 42.9089091 ], [ -100.4522657, 42.9096514 ], [ -100.4537132, 42.9087868 ], [ -100.4523508, 42.9092316 ] ] ], [ [ [ -100.3339141, 42.900691 ], [ -100.3246665, 42.8824153 ], [ -100.2873202, 42.8883471 ], [ -100.2665895, 42.869528 ], [ -100.2770005, 42.8643065 ], [ -100.249954699999989, 42.8653524 ], [ -100.1997299, 42.8442998 ], [ -100.1937279, 42.8353529 ], [ -100.1667446, 42.8266303 ], [ -100.1508492, 42.8302492 ], [ -100.1443776, 42.7953308 ], [ -100.1349696, 42.7953759 ], [ -100.1351134, 42.8064568 ], [ -100.0812304, 42.7848523 ], [ -100.1254022, 42.7813198 ], [ -100.1256071, 42.7687554 ], [ -100.1128631, 42.7772324 ], [ -100.0118643, 42.7830413 ], [ -99.9916894, 42.7808898 ], [ -99.9817064, 42.7666709 ], [ -99.9541359, 42.7697722 ], [ -99.9020645, 42.7619768 ], [ -99.8683196, 42.7675958 ], [ -99.8686987, 42.7525764 ], [ -99.8399086, 42.7523364 ], [ -99.8250998, 42.7420563 ], [ -99.7362339, 42.723611 ], [ -99.6383307, 42.7284761 ], [ -99.6383051, 42.7169357 ], [ -99.5810022, 42.7225855 ], [ -99.5394423, 42.7149179 ], [ -99.480265, 42.7274874 ], [ -99.4606001, 42.7456242 ], [ -99.4462052, 42.7463026 ], [ -99.3788219, 42.7797665 ], [ -99.3639664, 42.7702463 ], [ -99.3351648, 42.779133 ], [ -99.335109, 42.7897372 ], [ -99.3794836, 42.7860996 ], [ -99.425565, 42.7719612 ], [ -99.4450559, 42.756069 ], [ -99.470417, 42.7493261 ], [ -99.4817615, 42.7350097 ], [ -99.518596699999989, 42.7322148 ], [ -99.546246599999989, 42.7218109 ], [ -99.5826297, 42.7293088 ], [ -99.5922209, 42.741912299999989 ], [ -99.6092377, 42.7317234 ], [ -99.667039, 42.7391641 ], [ -99.711978699999989, 42.7309507 ], [ -99.7273317, 42.7338621 ], [ -99.7345411, 42.7466083 ], [ -99.7849299, 42.7402134 ], [ -99.8193503, 42.7470731 ], [ -99.8561298, 42.75911 ], [ -99.8642229, 42.7722781 ], [ -99.9008133, 42.7679032 ], [ -99.9693211, 42.7764797 ], [ -100.0102056, 42.7914354 ], [ -100.0247946, 42.7880773 ], [ -100.0512264, 42.8025569 ], [ -100.061789499999989, 42.8024595 ], [ -100.0617639, 42.7958903 ], [ -100.0856168, 42.7960854 ], [ -100.1295062, 42.8108663 ], [ -100.129819900000015, 42.825051 ], [ -100.1591282, 42.8446776 ], [ -100.1860306, 42.8444426 ], [ -100.196486299999989, 42.8608538 ], [ -100.2179498, 42.8577278 ], [ -100.2487713, 42.8707324 ], [ -100.2531095, 42.8949673 ], [ -100.3175294, 42.8969995 ], [ -100.316138, 42.9102935 ], [ -100.381339400000016, 42.906145599999988 ], [ -100.3815897, 42.9130837 ], [ -100.395398899999989, 42.9130423 ], [ -100.4105388, 42.9062289 ], [ -100.3339141, 42.900691 ] ] ] ] } },
{ "type": "Feature", "properties": { "name": "Ice Age National Scenic Trail", "code": "IATR", "designation": "National Scenic Trails", "state": "WI", "acres": 160.0, "type": "nps" }, "geometry": { "type": "Polygon", "coordinates": [ [ [ -89.6206741, 43.07502 ], [ -89.6108387, 43.0749462 ], [ -89.610832, 43.0821866 ], [ -89.6199769, 43.0828343 ], [ -89.6206741, 43.07502 ] ] ] } },
{ "type": "Feature", "properties": { "name": "Dayton Aviation Heritage National Historical Park", "code": "DAAV", "designation": "National Historical Parks", "state": "OH", "acres": 0.0, "type": "nps" }, "geometry": { "type": "GeometryCollection", "geometries": [ ] } },
{ "type": "Feature", "properties": { "name": "Fort Larned National Historic Site", "code": "FOLS", "designation": "National Historic Sites", "state": "KS", "acres": 720.0, "type": "nps" }, "geometry": { "type": "Polygon", "coordinates": [ [ [ -99.2328273, 38.1898376 ], [ -99.2257836, 38.1778326 ], [ -99.2096713, 38.1760746 ], [ -99.2052731, 38.1915172 ], [ -99.2328273, 38.1898376 ] ] ] } },
{ "type": "Feature", "properties": { "name": "Nicodemus National Historic Site", "code": "NICO", "designation": "National Historic Sites", "state": "KS", "acres": 0.0, "type": "nps" }, "geometry": { "type": "GeometryCollection", "geometries": [ ] } },
{ "type": "Feature", "properties": { "name": "Fort Scott National Historic Site", "code": "FOSC", "designation": "National Historic Sites", "state": "KS", "acres": 0.0, "type": "nps" }, "geometry": { "type": "GeometryCollection", "geometries": [ ] } },
{ "type": "Feature", "properties": { "name": "Tallgrass Prairie National Preserve", "code": "TAPR", "designation": "National Preserves", "state": "KS", "acres": 10888.0, "type": "nps" }, "geometry": { "type": "Polygon", "coordinates": [ [ [ -96.543593, 38.3962866 ], [ -96.5391899, 38.4061457 ], [ -96.50208, 38.4060999 ], [ -96.5020901, 38.4206999 ], [ -96.5390501, 38.42067 ], [ -96.5387337, 38.4384417 ], [ -96.5573299, 38.438686 ], [ -96.566588599999989, 38.4965404 ], [ -96.5973291, 38.496587 ], [ -96.5977384, 38.4094964 ], [ -96.5559844, 38.404961299999989 ], [ -96.543593, 38.3962866 ] ] ] } },
{ "type": "Feature", "properties": { "name": "George Washington Carver National Monument", "code": "GWCA", "designation": "National Monuments", "state": "MO", "acres": 121.0, "type": "nps" }, "geometry": { "type": "Polygon", "coordinates": [ [ [ -94.3507434, 36.9919565 ], [ -94.359802699999989, 36.9922283 ], [ -94.3556294, 36.9811955 ], [ -94.3507434, 36.9919565 ] ] ] } },
{ "type": "Feature", "properties": { "name": "President William Jefferson Clinton Birthplace Home National Historic Site", "code": "WICL", "designation": "National Historic Sites", "state": "AR", "acres": 0.0, "type": "nps" }, "geometry": { "type": "GeometryCollection", "geometries": [ ] } },
{ "type": "Feature", "properties": { "name": "Wilson's Creek National Battlefield", "code": "WICR", "designation": "National Battlefields", "state": "MO", "acres": 2304.0, "type": "nps" }, "geometry": { "type": "Polygon", "coordinates": [ [ [ -93.4231526, 37.1195579 ], [ -93.4168904, 37.1068035 ], [ -93.4243673, 37.0804813 ], [ -93.3970054, 37.0801288 ], [ -93.393969399999989, 37.1101047 ], [ -93.3981546, 37.1175272 ], [ -93.4231526, 37.1195579 ] ] ] } },
{ "type": "Feature", "properties": { "name": "James A. Garfield National Historic Site", "code": "JAGA", "designation": "National Historic Sites", "state": "OH", "acres": 0.0, "type": "nps" }, "geometry": { "type": "GeometryCollection", "geometries": [ ] } },
{ "type": "Feature", "properties": { "name": "Keweenaw National Historical Park", "code": "KEWE", "designation": "National Historical Parks", "state": "MI", "acres": 879.0, "type": "nps" }, "geometry": { "type": "Polygon", "coordinates": [ [ [ -88.5841719, 47.1375148 ], [ -88.5843855, 47.129739799999989 ], [ -88.5686335, 47.1239 ], [ -88.5568927, 47.1238849 ], [ -88.566615, 47.1414839 ], [ -88.5564184, 47.1558788 ], [ -88.5841719, 47.1375148 ] ] ] } },
{ "type": "Feature", "properties": { "name": "Grand Portage National Monument", "code": "GRPO", "designation": "National Monuments", "state": "MN", "acres": 467.0, "type": "nps" }, "geometry": { "type": "MultiPolygon", "coordinates": [ [ [ [ -89.8341653, 47.9981993 ], [ -89.7890174, 48.0033361 ], [ -89.8266308, 48.0053738 ], [ -89.8341653, 47.9981993 ] ] ], [ [ [ -89.7482322, 47.9995409 ], [ -89.6872225, 47.9739596 ], [ -89.7469605, 48.0010455 ], [ -89.77626, 48.002642599999987 ], [ -89.7482322, 47.9995409 ] ] ] ] } },
{ "type": "Feature", "properties": { "name": "Harry S Truman National Historic Site", "code": "HSTR", "designation": "National Historic Sites", "state": "MO", "acres": 0.0, "type": "nps" }, "geometry": { "type": "GeometryCollection", "geometries": [ ] } },
{ "type": "Feature", "properties": { "name": "Homestead National Historical Park", "code": "HOME", "designation": "National Historical Parks", "state": "NE", "acres": 187.0, "type": "nps" }, "geometry": { "type": "Polygon", "coordinates": [ [ [ -96.8425632, 40.293074 ], [ -96.8414406, 40.2847158 ], [ -96.8222923, 40.2845522 ], [ -96.8425632, 40.293074 ] ] ] } },
{ "type": "Feature", "properties": { "name": "Isle Royale National Park", "code": "ISRO", "designation": "National Parks", "state": "MI", "acres": 546151.0, "type": "nps" }, "geometry": { "type": "Polygon", "coordinates": [ [ [ -88.3596956, 48.3020585 ], [ -88.4184418, 48.2841733 ], [ -88.4550752, 48.2525444 ], [ -88.5708947, 48.2399997 ], [ -88.6804704, 48.2054271 ], [ -88.7701764, 48.1697333 ], [ -88.8459225, 48.1265632 ], [ -88.9505224, 48.0875425 ], [ -89.001195, 48.0799454 ], [ -89.048532, 48.0558773 ], [ -89.2219744, 47.994081799999989 ], [ -89.3196488, 47.9316642 ], [ -89.3769379, 47.9169036 ], [ -89.4128118, 47.8787444 ], [ -89.403369, 47.8341919 ], [ -89.3575898, 47.8055685 ], [ -89.2914911, 47.7995231 ], [ -89.2075272, 47.7652298 ], [ -89.1516123, 47.7588155 ], [ -89.0887499, 47.7660976 ], [ -89.0164423, 47.7920405 ], [ -88.9226141, 47.8106462 ], [ -88.7629251, 47.868666 ], [ -88.6860327, 47.9048732 ], [ -88.6601286, 47.9415086 ], [ -88.507086199999989, 48.0146738 ], [ -88.477228599999989, 48.0570637 ], [ -88.3448586, 48.1289157 ], [ -88.3221678, 48.1655379 ], [ -88.2590567, 48.1973762 ], [ -88.2126149, 48.2060362 ], [ -88.1848349, 48.2216163 ], [ -88.1747613, 48.231818399999987 ], [ -88.3596956, 48.3020585 ] ] ] } },
{ "type": "Feature", "properties": { "name": "River Raisin National Battlefield Park", "code": "RIRA", "designation": "National Battlefield Parks", "state": "MI", "acres": 0.0, "type": "nps" }, "geometry": { "type": "GeometryCollection", "geometries": [ ] } },
{ "type": "Feature", "properties": { "name": "Lewis and Clark National Historic Trail", "code": "LECL", "designation": "National Trails System", "state": "IL", "acres": 0.0, "type": "nps" }, "geometry": { "type": "GeometryCollection", "geometries": [ ] } },
{ "type": "Feature", "properties": { "name": "Ronald Reagan Boyhood Home National Historic Site", "code": "RRBH", "designation": "National Historic Sites", "state": "IL", "acres": 0.0, "type": "nps" }, "geometry": { "type": "GeometryCollection", "geometries": [ ] } },
{ "type": "Feature", "properties": { "name": "Lincoln Boyhood National Memorial", "code": "LIBO", "designation": "National Memorials", "state": "IN", "acres": 117.0, "type": "nps" }, "geometry": { "type": "Polygon", "coordinates": [ [ [ -87.001865, 38.1136776 ], [ -86.9947904, 38.1120485 ], [ -86.9937836, 38.1256195 ], [ -87.001865, 38.1136776 ] ] ] } },
{ "type": "Feature", "properties": { "name": "Gateway Arch National Park", "code": "JEFF", "designation": "National Parks", "state": "MO", "acres": 0.0, "type": "nps" }, "geometry": { "type": "GeometryCollection", "geometries": [ ] } },
{ "type": "Feature", "properties": { "name": "George Rogers Clark National Historical Park", "code": "GERO", "designation": "National Historical Parks", "state": "IN", "acres": 0.0, "type": "nps" }, "geometry": { "type": "GeometryCollection", "geometries": [ ] } },
{ "type": "Feature", "properties": { "name": "Lincoln Home National Historic Site", "code": "LIHO", "designation": "National Historic Sites", "state": "IL", "acres": 0.0, "type": "nps" }, "geometry": { "type": "GeometryCollection", "geometries": [ ] } },
{ "type": "Feature", "properties": { "name": "Ozark National Scenic Riverways", "code": "OZAR", "designation": "National Rivers", "state": "MO", "acres": 55589.0, "type": "nps" }, "geometry": { "type": "Polygon", "coordinates": [ [ [ -91.6224963, 37.45574 ], [ -91.6229605, 37.4410836 ], [ -91.6323908, 37.4375636 ], [ -91.6511207, 37.44149 ], [ -91.6556438, 37.4526712 ], [ -91.669640300000012, 37.4528303 ], [ -91.6746191, 37.4418891 ], [ -91.6560358, 37.4342073 ], [ -91.6563708, 37.4192987 ], [ -91.6372267, 37.4188864 ], [ -91.6233534, 37.4337156 ], [ -91.618432399999989, 37.4188518 ], [ -91.5962107, 37.407729 ], [ -91.5965558, 37.3931338 ], [ -91.5787208, 37.3925072 ], [ -91.5694493, 37.370909 ], [ -91.5466133, 37.3700664 ], [ -91.5469007, 37.3555013 ], [ -91.492335, 37.3542254 ], [ -91.4935113, 37.3180871 ], [ -91.4753413, 37.310529 ], [ -91.4204273, 37.3101047 ], [ -91.4216166, 37.2770771 ], [ -91.408531, 37.2696008 ], [ -91.3678604, 37.2689392 ], [ -91.3541185, 37.2544978 ], [ -91.3573183, 37.2345186 ], [ -91.3250968, 37.2343974 ], [ -91.330248, 37.2016054 ], [ -91.3197836, 37.1908246 ], [ -91.2970805, 37.1901281 ], [ -91.297264399999989, 37.1753983 ], [ -91.3201542, 37.1758938 ], [ -91.320358399999989, 37.1614191 ], [ -91.2883488, 37.164482 ], [ -91.2881074, 37.1788236 ], [ -91.2474692, 37.1743616 ], [ -91.2431088, 37.1669483 ], [ -91.2200745, 37.1732199 ], [ -91.21769, 37.0863895 ], [ -91.1915275, 37.0858995 ], [ -91.1908521, 37.1148414 ], [ -91.1364541, 37.1131188 ], [ -91.1271965, 37.0985566 ], [ -91.1094847, 37.098151 ], [ -91.0900189, 37.1080952 ], [ -91.0900611, 37.1153952 ], [ -91.072662, 37.1176115 ], [ -91.0730842, 37.0737762 ], [ -91.054974, 37.0738346 ], [ -91.0550062, 37.0588639 ], [ -91.0733181, 37.0554164 ], [ -91.075536500000013, 37.0284637 ], [ -91.0455098, 37.0302502 ], [ -91.0365031, 37.0786438 ], [ -91.054738, 37.0861029 ], [ -91.058943500000012, 37.1360738 ], [ -91.108554, 37.1232853 ], [ -91.1082817, 37.1376276 ], [ -91.1264282, 37.1489527 ], [ -91.1262673, 37.1997184 ], [ -91.1969658, 37.2084007 ], [ -91.1975871, 37.1902834 ], [ -91.2153655, 37.1937166 ], [ -91.2201448, 37.1802352 ], [ -91.3057869, 37.2014805 ], [ -91.3147223, 37.2196508 ], [ -91.2962841, 37.2228616 ], [ -91.2895855, 37.2568064 ], [ -91.3445444, 37.2507463 ], [ -91.344103100000012, 37.2614662 ], [ -91.3630033, 37.276149 ], [ -91.3989604, 37.2803603 ], [ -91.402695, 37.2950558 ], [ -91.4117552, 37.2952317 ], [ -91.411312, 37.3172177 ], [ -91.424701399999989, 37.3249045 ], [ -91.4565018, 37.3251938 ], [ -91.4566645, 37.3178124 ], [ -91.465431, 37.3179529 ], [ -91.4700864, 37.3287066 ], [ -91.4613275, 37.3463449 ], [ -91.4833803, 37.3538901 ], [ -91.4827413, 37.3824849 ], [ -91.4963604, 37.3898352 ], [ -91.500935500000011, 37.3614124 ], [ -91.5354364, 37.3623654 ], [ -91.537240700000012, 37.3774318 ], [ -91.5607801, 37.3849716 ], [ -91.5828511, 37.4144924 ], [ -91.6010409, 37.4148885 ], [ -91.6005337, 37.4257434 ], [ -91.6183614, 37.440861 ], [ -91.6132648, 37.4554533 ], [ -91.6224963, 37.45574 ] ] ] } },
{ "type": "Feature", "properties": { "name": "Scotts Bluff National Monument", "code": "SCBL", "designation": "National Monuments", "state": "NE", "acres": 3236.0, "type": "nps" }, "geometry": { "type": "Polygon", "coordinates": [ [ [ -103.711677099999989, 41.8567311 ], [ -103.7278239, 41.8475643 ], [ -103.7220145, 41.8297037 ], [ -103.7301236, 41.8271123 ], [ -103.7284104, 41.8177708 ], [ -103.6895089, 41.8110223 ], [ -103.6939936, 41.8239481 ], [ -103.6840504, 41.8482712 ], [ -103.711677099999989, 41.8567311 ] ] ] } },
{ "type": "Feature", "properties": { "name": "Agate Fossil Beds National Monument", "code": "AGFO", "designation": "National Monuments", "state": "NE", "acres": 3066.0, "type": "nps" }, "geometry": { "type": "Polygon", "coordinates": [ [ [ -103.7217774, 42.4087759 ], [ -103.721614, 42.4224498 ], [ -103.7204796, 42.4224743 ], [ -103.7216074, 42.4230002 ], [ -103.7214641, 42.435352 ], [ -103.777609, 42.4261542 ], [ -103.7847402, 42.436562 ], [ -103.79668, 42.43659 ], [ -103.7925204, 42.416991 ], [ -103.7217774, 42.4087759 ] ] ] } },
{ "type": "Feature", "properties": { "name": "Hopewell Culture National Historical Park", "code": "HOCU", "designation": "National Historical Parks", "state": "OH", "acres": 336.0, "type": "nps" }, "geometry": { "type": "Polygon", "coordinates": [ [ [ -83.1386088, 39.2870277 ], [ -83.1414128, 39.2733972 ], [ -83.1303559, 39.2743655 ], [ -83.1266101, 39.2851155 ], [ -83.1386088, 39.2870277 ] ] ] } },
{ "type": "Feature", "properties": { "name": "Perry's Victory and International Peace Memorial", "code": "PEVI", "designation": "National Memorials", "state": "OH", "acres": 0.0, "type": "nps" }, "geometry": { "type": "GeometryCollection", "geometries": [ ] } },
{ "type": "Feature", "properties": { "name": "William Howard Taft National Historic Site", "code": "WIHO", "designation": "National Historic Sites", "state": "OH", "acres": 0.0, "type": "nps" }, "geometry": { "type": "GeometryCollection", "geometries": [ ] } },
{ "type": "Feature", "properties": { "name": "Saint Croix National Scenic Riverway", "code": "SACN", "designation": "National Wild & Scenic Rivers", "state": "MN", "acres": 68957.0, "type": "nps" }, "geometry": { "type": "Polygon", "coordinates": [ [ [ -91.972495099999989, 46.2585184 ], [ -91.9950997, 46.2370475 ], [ -92.0183897, 46.2336409 ], [ -92.0443122, 46.2083814 ], [ -92.1182688, 46.1750726 ], [ -92.1326733, 46.1570566 ], [ -92.1362478, 46.117078 ], [ -92.1650476, 46.1067347 ], [ -92.1704115, 46.095910499999988 ], [ -92.191503, 46.0885375 ], [ -92.2432044, 46.0885945 ], [ -92.25612, 46.073685 ], [ -92.2941475, 46.0810999 ], [ -92.331593, 46.0700574 ], [ -92.3422282, 46.0630001 ], [ -92.3523819, 46.0194699 ], [ -92.3787627, 46.0194188 ], [ -92.4047939, 46.0302771 ], [ -92.4414073, 46.0269974 ], [ -92.4703516, 45.984843399999988 ], [ -92.5351057, 45.9871603 ], [ -92.5588098, 45.9710991 ], [ -92.5643606, 45.9529758 ], [ -92.6107704, 45.9388154 ], [ -92.646567499999989, 45.938950299999988 ], [ -92.6466107, 45.928132 ], [ -92.6663707, 45.9280027 ], [ -92.681924, 45.9102715 ], [ -92.7234835, 45.899237799999987 ], [ -92.7285678, 45.8850294 ], [ -92.7490334, 45.870846799999988 ], [ -92.7437609, 45.8491888 ], [ -92.7746791, 45.8347096 ], [ -92.7648877, 45.8056719 ], [ -92.7853165, 45.7877743 ], [ -92.7905836, 45.7659847 ], [ -92.8165449, 45.7515297 ], [ -92.8165622, 45.7443562 ], [ -92.878687700000015, 45.7198863 ], [ -92.8942134, 45.6511636 ], [ -92.8941945, 45.5738285 ], [ -92.8579544, 45.5569931 ], [ -92.7957126, 45.556609899999984 ], [ -92.774335, 45.5645712 ], [ -92.7436646, 45.5490516 ], [ -92.73329, 45.5404768 ], [ -92.7295791, 45.502511 ], [ -92.7090722, 45.4951336 ], [ -92.6719878, 45.4519807 ], [ -92.6522764, 45.4441812 ], [ -92.6483516, 45.4083536 ], [ -92.641845, 45.4477583 ], [ -92.6547251, 45.464162 ], [ -92.6728144, 45.466087699999989 ], [ -92.6882768, 45.4806768 ], [ -92.6986412, 45.5023162 ], [ -92.7188316, 45.5168505 ], [ -92.7231003, 45.5495613 ], [ -92.733285, 45.5496037 ], [ -92.7544765, 45.5725318 ], [ -92.8372051, 45.567775199999986 ], [ -92.8786456, 45.575028 ], [ -92.8788608, 45.658465799999988 ], [ -92.8685278, 45.6694441 ], [ -92.8632126, 45.7163494 ], [ -92.821803100000011, 45.7235912 ], [ -92.811413, 45.7407565 ], [ -92.7752318, 45.7587997 ], [ -92.7700435, 45.7913266 ], [ -92.7548074, 45.7948319 ], [ -92.7594212, 45.8311832 ], [ -92.7334143, 45.8420636 ], [ -92.7283716, 45.867226 ], [ -92.7078335, 45.891971299999987 ], [ -92.676673799999989, 45.8996632 ], [ -92.6557747, 45.920842799999988 ], [ -92.5850251, 45.9349263 ], [ -92.5745843, 45.9456971 ], [ -92.5488723, 45.9455531 ], [ -92.5432344, 45.9674645 ], [ -92.5272541, 45.978253699999989 ], [ -92.4624346, 45.9704778 ], [ -92.4414193, 46.0124867 ], [ -92.4259073, 46.0227982 ], [ -92.3472113, 46.008739 ], [ -92.336939199999989, 46.0339076 ], [ -92.3264932, 46.0375004 ], [ -92.3264861, 46.0629065 ], [ -92.3160834, 46.0663383 ], [ -92.2535383, 46.0666209 ], [ -92.2456958, 46.0737786 ], [ -92.206729, 46.0703917 ], [ -92.1808589, 46.0814325 ], [ -92.1281008, 46.0848404 ], [ -92.1283431, 46.07766 ], [ -92.0971492, 46.077669899999989 ], [ -92.0971784, 46.0631797 ], [ -92.0712848, 46.0590841 ], [ -92.050111199999989, 46.0385244 ], [ -92.0231788, 46.0348323 ], [ -92.0072489, 46.0020958 ], [ -91.9863836, 46.0018048 ], [ -91.981263, 45.9908779 ], [ -91.9500779, 45.9909739 ], [ -91.9377767, 45.978592899999988 ], [ -91.9143136, 45.9749614 ], [ -91.9136136, 45.9605722 ], [ -91.8940555, 45.9531124 ], [ -91.8993148, 45.9422907 ], [ -91.8887535, 45.9420535 ], [ -91.8807682, 45.9189256 ], [ -91.8477496, 45.9135845 ], [ -91.8426118, 45.8995819 ], [ -91.8273985, 45.8996609 ], [ -91.8262278, 45.9056702 ], [ -91.7879508, 45.9008697 ], [ -91.7769019, 45.9103106 ], [ -91.7539719, 45.9139963 ], [ -91.7540427, 45.9246716 ], [ -91.734011, 45.924793699999988 ], [ -91.7314339, 45.9320555 ], [ -91.7132512, 45.9357767 ], [ -91.7081097, 45.9483373 ], [ -91.6809238, 45.9538054 ], [ -91.6349537, 45.994083 ], [ -91.6078964, 45.9896258 ], [ -91.5624533, 45.967373 ], [ -91.5202559, 45.9641619 ], [ -91.5064872, 45.9905341 ], [ -91.481341, 46.007303799999988 ], [ -91.4517724, 46.0046485 ], [ -91.4391125, 46.0406128 ], [ -91.4183313, 46.058742 ], [ -91.4205552, 46.066 ], [ -91.410192200000012, 46.066216499999989 ], [ -91.3959702, 46.0992649 ], [ -91.3624971, 46.1208235 ], [ -91.3645075, 46.1425963 ], [ -91.3342328, 46.1443921 ], [ -91.3223707, 46.1820825 ], [ -91.2878403, 46.1858103 ], [ -91.2882084, 46.197372 ], [ -91.2283724, 46.1943729 ], [ -91.2135756, 46.2299089 ], [ -91.202969, 46.2354397 ], [ -91.1764036, 46.2375208 ], [ -91.163480100000015, 46.2209426 ], [ -91.1400183, 46.2169 ], [ -91.1678511, 46.242361 ], [ -91.2079381, 46.2425648 ], [ -91.2239547, 46.2317808 ], [ -91.2342279, 46.2017897 ], [ -91.2908334, 46.2025637 ], [ -91.2958412, 46.1930758 ], [ -91.332785, 46.1838771 ], [ -91.3353649, 46.1566848 ], [ -91.3695781, 46.1497791 ], [ -91.3702993, 46.119143799999989 ], [ -91.4114767, 46.0993583 ], [ -91.4108637, 46.0847483 ], [ -91.4314653, 46.0702091 ], [ -91.4339542, 46.0480035 ], [ -91.4469165, 46.0443821 ], [ -91.4571115, 46.015638 ], [ -91.4779907, 46.0159806 ], [ -91.503793, 46.0014073 ], [ -91.5257788, 45.9749166 ], [ -91.562601199999989, 45.974638099999986 ], [ -91.5985169, 45.993939499999989 ], [ -91.6338593, 45.997634 ], [ -91.6802489, 45.9583249 ], [ -91.7186454, 45.951939 ], [ -91.7388889, 45.9320749 ], [ -91.7464223, 45.9320497 ], [ -91.7494128, 45.9482202 ], [ -91.77000240000001, 45.9477594 ], [ -91.764117399999989, 45.919344599999988 ], [ -91.7892173, 45.9102256 ], [ -91.8196904, 45.9105802 ], [ -91.8582403, 45.9283244 ], [ -91.8732451, 45.9280952 ], [ -91.8783898, 45.9493057 ], [ -91.9022124, 45.9621734 ], [ -91.9032604, 45.9810212 ], [ -91.9448003, 45.9982696 ], [ -91.9707085, 45.9981277 ], [ -91.9813765, 46.0163859 ], [ -92.0020685, 46.0129591 ], [ -92.007519699999989, 46.0418707 ], [ -92.0502722, 46.054789299999989 ], [ -92.0504838, 46.0711176 ], [ -92.0840701, 46.0669635 ], [ -92.0813646, 46.0850953 ], [ -92.1126281, 46.088267399999985 ], [ -92.1126234, 46.0974386 ], [ -92.1491102, 46.0921629 ], [ -92.1490612, 46.1029268 ], [ -92.1233388, 46.1135686 ], [ -92.1226091, 46.1497797 ], [ -92.107768, 46.1714901 ], [ -92.0334491, 46.2046721 ], [ -92.0280425, 46.1973902 ], [ -92.007255, 46.1973016 ], [ -91.9863603, 46.2080172 ], [ -91.9707535, 46.2045117 ], [ -91.981847, 46.2299012 ], [ -91.996923, 46.2081284 ], [ -92.0124775, 46.2045828 ], [ -92.0229007, 46.2154815 ], [ -92.0128417, 46.2262401 ], [ -91.9768158, 46.2368672 ], [ -91.9618543, 46.2530942 ], [ -91.9251102, 46.249937499999987 ], [ -91.9254257, 46.259021499999989 ], [ -91.972495099999989, 46.2585184 ] ] ] } },
{ "type": "Feature", "properties": { "name": "Lower Saint Croix National Scenic Riverway", "code": "LOSA", "designation": "National Wild & Scenic Rivers", "state": "MN", "acres": 11637.0, "type": "nps" }, "geometry": { "type": "Polygon", "coordinates": [ [ [ -92.6722921, 45.3900784 ], [ -92.6820715, 45.3760648 ], [ -92.708916, 45.3670263 ], [ -92.7185111, 45.3225215 ], [ -92.766115, 45.2981112 ], [ -92.7637912, 45.227784 ], [ -92.7547825, 45.2178558 ], [ -92.766141, 45.2169098 ], [ -92.7726285, 45.189522 ], [ -92.7511158, 45.111315499999989 ], [ -92.7869824, 45.0863676 ], [ -92.8077006, 45.0855897 ], [ -92.8077083, 45.079153399999988 ], [ -92.781535600000012, 45.078840799999988 ], [ -92.7367279, 45.107781499999987 ], [ -92.7369498, 45.1341166 ], [ -92.750941, 45.139783 ], [ -92.7553485, 45.176349 ], [ -92.7392047, 45.1814616 ], [ -92.7620685, 45.1884923 ], [ -92.7587352, 45.206133 ], [ -92.740674399999989, 45.216761399999989 ], [ -92.7518379, 45.2890143 ], [ -92.7045344, 45.3172599 ], [ -92.6722921, 45.3900784 ] ] ] } },
{ "type": "Feature", "properties": { "name": "Sleeping Bear Dunes National Lakeshore", "code": "SLBE", "designation": "National Lakeshores", "state": "MI", "acres": 17877.0, "type": "nps" }, "geometry": { "type": "Polygon", "coordinates": [ [ [ -86.0623378, 45.1550273 ], [ -86.0694935, 45.1405144 ], [ -86.0628927, 45.098821 ], [ -86.0075338, 45.0526495 ], [ -85.9580099, 45.0551573 ], [ -85.9784818, 45.083403 ], [ -85.9723515, 45.140582599999988 ], [ -85.9900948, 45.155872099999989 ], [ -86.0431565, 45.1628761 ], [ -86.0623378, 45.1550273 ] ] ] } },
{ "type": "Feature", "properties": { "name": "Ulysses S. Grant National Historic Site", "code": "ULSG", "designation": "National Historic Sites", "state": "MO", "acres": 0.0, "type": "nps" }, "geometry": { "type": "GeometryCollection", "geometries": [ ] } },
{ "type": "Feature", "properties": { "name": "Minuteman Missile National Historic Site", "code": "MIMI", "designation": "National Historic Sites", "state": "SD", "acres": 0.0, "type": "nps" }, "geometry": { "type": "GeometryCollection", "geometries": [ ] } },
{ "type": "Feature", "properties": { "name": "Big Thicket National Preserve", "code": "BITH", "designation": "National Preserves", "state": "TX", "acres": 70326.0, "type": "nps" }, "geometry": { "type": "MultiPolygon", "coordinates": [ [ [ [ -94.7097865, 30.5837382 ], [ -94.6990618, 30.56545 ], [ -94.6924549, 30.4878206 ], [ -94.6851859, 30.4974633 ], [ -94.6934691, 30.5094414 ], [ -94.6894565, 30.533421 ], [ -94.701135, 30.5757545 ], [ -94.666969, 30.5838484 ], [ -94.6341715, 30.5662684 ], [ -94.63072, 30.5763945 ], [ -94.6203198, 30.5734643 ], [ -94.6288996, 30.5659943 ], [ -94.6139299, 30.5634488 ], [ -94.623915599999989, 30.5600643 ], [ -94.5842702, 30.5479973 ], [ -94.5735925, 30.5308235 ], [ -94.5393886, 30.518818 ], [ -94.5394182, 30.5243117 ], [ -94.5310277, 30.523068 ], [ -94.509413099999989, 30.510787 ], [ -94.5093987, 30.5018955 ], [ -94.498494100000016, 30.5136637 ], [ -94.4977693, 30.5007585 ], [ -94.4801247, 30.5107886 ], [ -94.4450547, 30.5009755 ], [ -94.460367300000016, 30.5141192 ], [ -94.4864631, 30.5221214 ], [ -94.5199549, 30.5242629 ], [ -94.520011, 30.5293488 ], [ -94.547611, 30.5263033 ], [ -94.550139, 30.5365054 ], [ -94.562977, 30.5366939 ], [ -94.578908, 30.5549904 ], [ -94.6082329, 30.5600315 ], [ -94.6057932, 30.5662379 ], [ -94.6347373, 30.5826395 ], [ -94.6268503, 30.5914453 ], [ -94.6375179, 30.6014579 ], [ -94.6366024, 30.6166022 ], [ -94.6571156, 30.616428 ], [ -94.6567431, 30.6388776 ], [ -94.6847185, 30.6690783 ], [ -94.6843005, 30.7003803 ], [ -94.6961399, 30.7003497 ], [ -94.7017887, 30.7086281 ], [ -94.7105771, 30.7008789 ], [ -94.6966997, 30.6894528 ], [ -94.6997431, 30.6782878 ], [ -94.6920285, 30.6698423 ], [ -94.7087594, 30.6470825 ], [ -94.7040696, 30.6324399 ], [ -94.713785, 30.6093806 ], [ -94.707727, 30.5984224 ], [ -94.7150086, 30.5958519 ], [ -94.7176057, 30.6018005 ], [ -94.7263032, 30.5953749 ], [ -94.7097865, 30.5837382 ] ], [ [ -94.4970082, 30.5197522 ], [ -94.4892526, 30.5192283 ], [ -94.4949697, 30.5120811 ], [ -94.4970082, 30.5197522 ] ] ], [ [ [ -94.7286956, 30.457137 ], [ -94.7572511, 30.46976750000001 ], [ -94.7527946, 30.4766684 ], [ -94.7792686, 30.4815363 ], [ -94.758630599999989, 30.4720794 ], [ -94.7579918, 30.4638863 ], [ -94.7450899, 30.462675 ], [ -94.7428413, 30.4538964 ], [ -94.7271324, 30.4520147 ], [ -94.7227581, 30.4602728 ], [ -94.7130497, 30.4604843 ], [ -94.6931991, 30.4868332 ], [ -94.7286956, 30.457137 ] ] ], [ [ [ -94.437109299999989, 30.4987504 ], [ -94.4368164, 30.4896358 ], [ -94.4285906, 30.4986095 ], [ -94.4285224, 30.4909423 ], [ -94.4103122, 30.4886958 ], [ -94.3996629, 30.4726908 ], [ -94.394318, 30.4811971 ], [ -94.395189, 30.4814011 ], [ -94.3968922, 30.4904068 ], [ -94.3967901, 30.4807172 ], [ -94.4014133, 30.4852529 ], [ -94.4003366, 30.506409 ], [ -94.4145635, 30.5097452 ], [ -94.4143051, 30.4931519 ], [ -94.421811, 30.4925577 ], [ -94.4279613, 30.5046724 ], [ -94.4375398, 30.4988709 ], [ -94.437109299999989, 30.4987504 ] ] ], [ [ [ -94.387580899999989, 30.4570105 ], [ -94.3806423, 30.4577301 ], [ -94.3808025, 30.471992 ], [ -94.3691153, 30.4695637 ], [ -94.3688482, 30.4759094 ], [ -94.3614132, 30.4735541 ], [ -94.3601721, 30.4569626 ], [ -94.329697599999989, 30.468288 ], [ -94.3168442, 30.4601038 ], [ -94.3011384, 30.4670015 ], [ -94.3019943, 30.4583787 ], [ -94.2660474, 30.4331923 ], [ -94.2693102, 30.3692605 ], [ -94.2629104, 30.3604555 ], [ -94.2545511, 30.360638 ], [ -94.2647671, 30.3694404 ], [ -94.2589213, 30.3898899 ], [ -94.2672643, 30.4045959 ], [ -94.2539732, 30.4188085 ], [ -94.255704900000012, 30.4386946 ], [ -94.2647409, 30.4377948 ], [ -94.2597856, 30.4450725 ], [ -94.2646831, 30.4404066 ], [ -94.277348, 30.445629 ], [ -94.3013513, 30.469914 ], [ -94.316516299999989, 30.4612143 ], [ -94.3290851, 30.4685304 ], [ -94.3352821, 30.5154479 ], [ -94.3232648, 30.5163719 ], [ -94.338693, 30.5217181 ], [ -94.3250377, 30.5472246 ], [ -94.3387815, 30.5731494 ], [ -94.3320584, 30.5946941 ], [ -94.33943, 30.5924714 ], [ -94.3397493, 30.610256 ], [ -94.3515935, 30.6191984 ], [ -94.3596762, 30.6197488 ], [ -94.3594581, 30.5967478 ], [ -94.3477851, 30.5600236 ], [ -94.3591357, 30.5502875 ], [ -94.3515395, 30.5328308 ], [ -94.3600825, 30.5272693 ], [ -94.3472343, 30.5269034 ], [ -94.3366294, 30.4859983 ], [ -94.373327500000016, 30.4762778 ], [ -94.394170699999989, 30.4811626 ], [ -94.387580899999989, 30.4570105 ] ] ], [ [ [ -94.2550458, 30.349753 ], [ -94.2429135, 30.3498908 ], [ -94.2452135, 30.3413096 ], [ -94.2128473, 30.3332013 ], [ -94.1988275, 30.3187576 ], [ -94.1982277, 30.2849682 ], [ -94.176171, 30.265928400000011 ], [ -94.1761442, 30.2653566 ], [ -94.1757706, 30.2659893 ], [ -94.1925502, 30.285853 ], [ -94.1853529, 30.2983262 ], [ -94.1876856, 30.3124008 ], [ -94.195025199999989, 30.313599 ], [ -94.1900112, 30.3216544 ], [ -94.2037914, 30.3298209 ], [ -94.2008549, 30.3366978 ], [ -94.210309099999989, 30.3366266 ], [ -94.2065099, 30.3453168 ], [ -94.2205333, 30.3496035 ], [ -94.217718499999989, 30.3409023 ], [ -94.2352378, 30.3439889 ], [ -94.2529601, 30.3592669 ], [ -94.2550458, 30.349753 ] ] ], [ [ [ -94.175731, 30.2565367 ], [ -94.1743552, 30.257282899999989 ], [ -94.1758103, 30.2582293 ], [ -94.175731, 30.2565367 ] ] ], [ [ [ -94.1609545, 30.2645503 ], [ -94.1589561, 30.2544731 ], [ -94.142345600000013, 30.2544474 ], [ -94.1423591, 30.2467923 ], [ -94.130797199999989, 30.2468222 ], [ -94.1204793, 30.233504 ], [ -94.1406483, 30.2121045 ], [ -94.1341392, 30.1886802 ], [ -94.1461691, 30.1836483 ], [ -94.1499851, 30.1890318 ], [ -94.1781473, 30.188696 ], [ -94.1790975, 30.1827915 ], [ -94.1860508, 30.186092 ], [ -94.1853902, 30.1781118 ], [ -94.1770884, 30.1819161 ], [ -94.1530975, 30.1652851 ], [ -94.1232537, 30.1641762 ], [ -94.1031745, 30.1537882 ], [ -94.1145765, 30.1726257 ], [ -94.1090048, 30.1862829 ], [ -94.0858845, 30.1926959 ], [ -94.0816353, 30.2005863 ], [ -94.0979174, 30.2068426 ], [ -94.0862648, 30.20768330000001 ], [ -94.0984996, 30.2185182 ], [ -94.1099786, 30.2169597 ], [ -94.1046338, 30.2113633 ], [ -94.1167917, 30.217151 ], [ -94.1126382, 30.2269749 ], [ -94.1118672, 30.2209627 ], [ -94.090899, 30.2344542 ], [ -94.1041404, 30.2545732 ], [ -94.096296099999989, 30.2594164 ], [ -94.108611599999989, 30.2661306 ], [ -94.1171203, 30.2838213 ], [ -94.1148483, 30.2974804 ], [ -94.1018206, 30.3066987 ], [ -94.096120200000016, 30.3387516 ], [ -94.0891398, 30.3374057 ], [ -94.0813453, 30.348651 ], [ -94.0988775, 30.3659836 ], [ -94.101320199999989, 30.3935034 ], [ -94.1130369, 30.4001963 ], [ -94.1109644, 30.4063161 ], [ -94.0847542, 30.4064029 ], [ -94.085019699999989, 30.4153632 ], [ -94.075978, 30.4153919 ], [ -94.0760017, 30.4210287 ], [ -94.09869, 30.4222372 ], [ -94.0899613, 30.4265851 ], [ -94.0899834, 30.4434899 ], [ -94.104454, 30.4465314 ], [ -94.0872123, 30.48495 ], [ -94.0758413, 30.4909301 ], [ -94.0805948, 30.5074969 ], [ -94.0609588, 30.515236 ], [ -94.0607994, 30.5305041 ], [ -94.084532700000011, 30.54977 ], [ -94.0917457, 30.5685514 ], [ -94.0835512, 30.5719696 ], [ -94.0923733, 30.5782898 ], [ -94.0776981, 30.5966458 ], [ -94.0797631, 30.6062239 ], [ -94.0712916, 30.6054079 ], [ -94.0490796, 30.640992 ], [ -94.0642002, 30.6643018 ], [ -94.0869668, 30.6728467 ], [ -94.086994, 30.6887482 ], [ -94.1229043, 30.6861263 ], [ -94.1165583, 30.6928254 ], [ -94.1350793, 30.7144028 ], [ -94.1267632, 30.7197182 ], [ -94.134047, 30.7336128 ], [ -94.1262691, 30.7459704 ], [ -94.1374306, 30.7560926 ], [ -94.1307056, 30.7630351 ], [ -94.1392509, 30.7830778 ], [ -94.1520557, 30.7930163 ], [ -94.17948, 30.7956014 ], [ -94.1512457, 30.7889913 ], [ -94.1336767, 30.7654909 ], [ -94.140148, 30.7578014 ], [ -94.1638341, 30.7533981 ], [ -94.151509100000013, 30.7404151 ], [ -94.146674499999989, 30.7187629 ], [ -94.124473099999989, 30.69991340000001 ], [ -94.1266563, 30.6825089 ], [ -94.0900058, 30.6871339 ], [ -94.087593, 30.6568236 ], [ -94.0721064, 30.6542833 ], [ -94.0683984, 30.6612896 ], [ -94.0529313, 30.6379109 ], [ -94.0639095, 30.6229941 ], [ -94.077987, 30.6184521 ], [ -94.0719093, 30.6092128 ], [ -94.0841505, 30.606644 ], [ -94.08103, 30.6001224 ], [ -94.0971374, 30.5788617 ], [ -94.0909729, 30.5752237 ], [ -94.0943359, 30.5480147 ], [ -94.0803209, 30.5453172 ], [ -94.070277499999989, 30.5284653 ], [ -94.1053328, 30.5263798 ], [ -94.1103455, 30.50016 ], [ -94.1325699, 30.4998507 ], [ -94.1378773, 30.5078339 ], [ -94.1612789, 30.5048881 ], [ -94.169774, 30.4701543 ], [ -94.1793593, 30.4652164 ], [ -94.1714557, 30.457851 ], [ -94.1470197, 30.4581106 ], [ -94.1390559, 30.4843636 ], [ -94.1252953, 30.4831326 ], [ -94.115679, 30.4724793 ], [ -94.1211058, 30.4666917 ], [ -94.1102849, 30.4402343 ], [ -94.1209724, 30.4281269 ], [ -94.1189501, 30.397185 ], [ -94.1076796, 30.3921338 ], [ -94.1016619, 30.3620216 ], [ -94.0851924, 30.3482282 ], [ -94.0965428, 30.3416879 ], [ -94.1204782, 30.2982044 ], [ -94.1151432, 30.2604901 ], [ -94.1004359, 30.2579062 ], [ -94.114613, 30.2468623 ], [ -94.1402538, 30.2622728 ], [ -94.1620612, 30.2650291 ], [ -94.1648513, 30.2624373 ], [ -94.1609545, 30.2645503 ] ] ], [ [ [ -94.2974414, 30.1672971 ], [ -94.2987407, 30.167694 ], [ -94.3031458, 30.1664765 ], [ -94.2974414, 30.1672971 ] ] ] ] } },
{ "type": "Feature", "properties": { "name": "Cane River Creole National Historical Park", "code": "CARI", "designation": "National Historical Parks", "state": "LA", "acres": 109.0, "type": "nps" }, "geometry": { "type": "Polygon", "coordinates": [ [ [ -93.0005653, 31.6669157 ], [ -93.0074586, 31.6695042 ], [ -93.0161272, 31.6606237 ], [ -93.0005653, 31.6669157 ] ] ] } },
{ "type": "Feature", "properties": { "name": "New Orleans Jazz National Historical Park", "code": "JAZZ", "designation": "National Historical Parks", "state": "LA", "acres": 0.0, "type": "nps" }, "geometry": { "type": "GeometryCollection", "geometries": [ ] } },
{ "type": "Feature", "properties": { "name": "Amistad National Recreation Area", "code": "AMIS", "designation": "National Recreation Areas", "state": "TX", "acres": 62452.0, "type": "nps" }, "geometry": { "type": "MultiPolygon", "coordinates": [ [ [ [ -101.6897558, 29.7712808 ], [ -101.7033123, 29.7644378 ], [ -101.6895667, 29.7710821 ], [ -101.6892271, 29.770807 ], [ -101.6897558, 29.7712808 ] ] ], [ [ [ -101.676626399999989, 29.7605997 ], [ -101.6619704, 29.7712534 ], [ -101.6452957, 29.7542089 ], [ -101.6442159, 29.7551953 ], [ -101.6449641, 29.754632 ], [ -101.661189, 29.772048 ], [ -101.6771964, 29.7610616 ], [ -101.676626399999989, 29.7605997 ] ] ], [ [ [ -101.5750761, 29.7694367 ], [ -101.5685565, 29.7979054 ], [ -101.5444871, 29.8121533 ], [ -101.5352117, 29.7988624 ], [ -101.5360776, 29.758052 ], [ -101.502810599999989, 29.7640573 ], [ -101.4803407, 29.7840159 ], [ -101.4617074, 29.7899752 ], [ -101.4565936, 29.7870861 ], [ -101.457562599999989, 29.7912452 ], [ -101.4775111, 29.7872357 ], [ -101.5041177, 29.7659581 ], [ -101.5342658, 29.7599451 ], [ -101.5311175, 29.797423 ], [ -101.5431956, 29.8133858 ], [ -101.5505089, 29.8106888 ], [ -101.549695899999989, 29.8172783 ], [ -101.5508959, 29.8085085 ], [ -101.5642592, 29.8018446 ], [ -101.5726817, 29.8094125 ], [ -101.5789429, 29.8063326 ], [ -101.5675297, 29.8013959 ], [ -101.5801823, 29.7704557 ], [ -101.618191, 29.7747798 ], [ -101.6235634, 29.7707383 ], [ -101.5750761, 29.7694367 ] ] ], [ [ [ -101.4564424, 29.7718586 ], [ -101.448894, 29.7540226 ], [ -101.4546069, 29.7785577 ], [ -101.4564424, 29.7718586 ] ] ], [ [ [ -101.4470654, 29.7497005 ], [ -101.4396814, 29.753304 ], [ -101.4488005, 29.7538017 ], [ -101.4470654, 29.7497005 ] ] ], [ [ [ -101.4020403, 29.7716603 ], [ -101.3985584, 29.7623451 ], [ -101.3960516, 29.7649355 ], [ -101.4036748, 29.7740409 ], [ -101.4283669, 29.758824 ], [ -101.4020403, 29.7716603 ] ] ], [ [ [ -101.4163762, 29.7470473 ], [ -101.406658299999989, 29.7415313 ], [ -101.4136541, 29.7467407 ], [ -101.4016696, 29.7591298 ], [ -101.4163762, 29.7470473 ] ] ], [ [ [ -101.3971971, 29.7129687 ], [ -101.3709039, 29.6987476 ], [ -101.3737801, 29.6780097 ], [ -101.3608448, 29.6489045 ], [ -101.3452811, 29.6629154 ], [ -101.303516500000015, 29.6521604 ], [ -101.3017589, 29.6416003 ], [ -101.2973476, 29.6614471 ], [ -101.303683299999989, 29.6547092 ], [ -101.3142039, 29.6639616 ], [ -101.315234600000011, 29.6613866 ], [ -101.3471707, 29.6641863 ], [ -101.3609466, 29.6524739 ], [ -101.3696987, 29.6768 ], [ -101.3701126, 29.6919211 ], [ -101.3551476, 29.6918825 ], [ -101.3425782, 29.7028853 ], [ -101.3512296, 29.7078295 ], [ -101.3483683, 29.7335189 ], [ -101.3651219, 29.7471385 ], [ -101.3532882, 29.7696857 ], [ -101.3687623, 29.7450938 ], [ -101.351642399999989, 29.7284792 ], [ -101.3529719, 29.7109621 ], [ -101.373493599999989, 29.7032284 ], [ -101.3965061, 29.7171769 ], [ -101.3936035, 29.731807 ], [ -101.3971302, 29.7344344 ], [ -101.3971971, 29.7129687 ] ] ], [ [ [ -101.3131911, 29.6011441 ], [ -101.3033064, 29.5765539 ], [ -101.2922251, 29.5726851 ], [ -101.2792952, 29.5881516 ], [ -101.2789454, 29.6202484 ], [ -101.2663428, 29.630807 ], [ -101.2514636, 29.6253133 ], [ -101.2416847, 29.5649545 ], [ -101.2611237, 29.5374959 ], [ -101.2550776, 29.5201059 ], [ -101.2365373, 29.5239931 ], [ -101.1744054, 29.5145199 ], [ -101.1625607, 29.4911516 ], [ -101.1417675, 29.473201 ], [ -101.1299013, 29.4784933 ], [ -101.1154963, 29.4683954 ], [ -101.088312699999989, 29.4697661 ], [ -101.0604073, 29.4585671 ], [ -101.053809199999989, 29.4452114 ], [ -101.0368419, 29.4488586 ], [ -101.0197572, 29.4656769 ], [ -100.9928117, 29.4737789 ], [ -100.9865246, 29.4649196 ], [ -100.9752747, 29.4749223 ], [ -100.9748503, 29.461007 ], [ -100.9422951, 29.4579435 ], [ -100.9459229, 29.4632818 ], [ -100.9344736, 29.4652497 ], [ -100.945606, 29.4822646 ], [ -100.938952, 29.4892144 ], [ -100.9385066, 29.4804476 ], [ -100.936115, 29.4856521 ], [ -100.9343366, 29.4802373 ], [ -100.9083711, 29.481298 ], [ -100.905864400000013, 29.4946199 ], [ -100.8950852, 29.476165 ], [ -100.8875813, 29.4837086 ], [ -100.8994797, 29.4873263 ], [ -100.8899973, 29.4942489 ], [ -100.878649, 29.4825917 ], [ -100.8745041, 29.4945998 ], [ -100.8819027, 29.4887524 ], [ -100.8976285, 29.50496510000001 ], [ -100.886339, 29.5071469 ], [ -100.8735097, 29.5269344 ], [ -100.8977682, 29.5131918 ], [ -100.8875483, 29.5290832 ], [ -100.8997021, 29.5235089 ], [ -100.9028392, 29.5312752 ], [ -100.9120855, 29.508992 ], [ -100.9092628, 29.5212739 ], [ -100.9233408, 29.5311081 ], [ -100.9231754, 29.5153557 ], [ -100.9339771, 29.5141316 ], [ -100.9409499, 29.5231247 ], [ -100.9440091, 29.5183432 ], [ -100.934125, 29.5089053 ], [ -100.940691, 29.5036143 ], [ -100.9608085, 29.5106528 ], [ -100.9535966, 29.5453837 ], [ -100.9637659, 29.5384271 ], [ -100.966309, 29.5470284 ], [ -100.9738155, 29.5409563 ], [ -100.9809166, 29.5492324 ], [ -100.9765265, 29.5690423 ], [ -100.9647653, 29.5606219 ], [ -100.9458285, 29.5618524 ], [ -100.957547, 29.5695006 ], [ -100.9377648, 29.5702785 ], [ -100.9264978, 29.5800781 ], [ -100.957653, 29.5727985 ], [ -100.9609766, 29.5777749 ], [ -100.9680129, 29.5680101 ], [ -100.9716697, 29.5724229 ], [ -100.9604803, 29.5828737 ], [ -100.9794432, 29.5804705 ], [ -100.9812528, 29.5926811 ], [ -100.9637644, 29.6065955 ], [ -100.9599412, 29.6010983 ], [ -100.9610651, 29.6077219 ], [ -100.9436634, 29.6088125 ], [ -100.9370031, 29.6251608 ], [ -100.9353425, 29.624016 ], [ -100.9192238, 29.6461742 ], [ -100.921996, 29.6574392 ], [ -100.910954499999988, 29.6571929 ], [ -100.9398602, 29.6716455 ], [ -100.9632642, 29.6633145 ], [ -100.9648312, 29.6707659 ], [ -100.9652664, 29.663213 ], [ -100.9525343, 29.6626047 ], [ -100.966515199999989, 29.6514725 ], [ -100.9769164, 29.6519823 ], [ -100.9956735, 29.6635409 ], [ -101.0043283, 29.6917914 ], [ -101.0084575, 29.6674709 ], [ -101.002971, 29.6699188 ], [ -100.9869593, 29.6500207 ], [ -100.9662139, 29.6479577 ], [ -100.938629, 29.6661698 ], [ -100.9261048, 29.6551961 ], [ -100.9310416, 29.6378041 ], [ -100.93685, 29.6404051 ], [ -100.9327538, 29.6355026 ], [ -100.9418528, 29.6354878 ], [ -100.9442966, 29.6185274 ], [ -100.9507356, 29.6182049 ], [ -100.9517806, 29.6281881 ], [ -100.9508061, 29.6141689 ], [ -100.9562419, 29.6196462 ], [ -100.9534209, 29.6131161 ], [ -100.9659488, 29.617007 ], [ -100.9747852, 29.6078801 ], [ -100.9806057, 29.6177752 ], [ -100.9785213, 29.6089333 ], [ -100.984861099999989, 29.6124566 ], [ -100.9774054, 29.6054402 ], [ -100.9872178, 29.5958545 ], [ -100.9952476, 29.5988665 ], [ -100.990265, 29.585409 ], [ -101.0050525, 29.5825042 ], [ -101.009844, 29.595708 ], [ -101.0099651, 29.5869297 ], [ -101.015294, 29.589063 ], [ -101.0044447, 29.5811812 ], [ -101.0083919, 29.57637 ], [ -100.9897272, 29.5832674 ], [ -100.9830807, 29.5726043 ], [ -100.9863806, 29.564466 ], [ -100.9953864, 29.570285 ], [ -100.9982424, 29.565141 ], [ -100.989845300000013, 29.5631884 ], [ -100.9982064, 29.543984 ], [ -100.9896611, 29.5274298 ], [ -100.9969365, 29.5310372 ], [ -101.000261099999989, 29.525367 ], [ -100.9882756, 29.5182026 ], [ -100.9968904, 29.5211178 ], [ -100.9984783, 29.5066041 ], [ -101.0055165, 29.5120272 ], [ -101.006561499999989, 29.5042317 ], [ -101.01474420000001, 29.5065711 ], [ -101.0007247, 29.5196939 ], [ -101.0089369, 29.5197798 ], [ -101.0034531, 29.525364 ], [ -101.0094254, 29.5301188 ], [ -101.0014211, 29.5312592 ], [ -101.0080589, 29.5432761 ], [ -101.0015179, 29.5473627 ], [ -101.0317903, 29.5652498 ], [ -101.0168251, 29.5421598 ], [ -101.0199748, 29.5334542 ], [ -101.0263679, 29.5386674 ], [ -101.0290056, 29.5333128 ], [ -101.0388442, 29.5495774 ], [ -101.0357342, 29.5354779 ], [ -101.042228099999988, 29.5418535 ], [ -101.0417334, 29.5357211 ], [ -101.0476656, 29.5373226 ], [ -101.0507077, 29.5448341 ], [ -101.0567625, 29.5340398 ], [ -101.063238399999989, 29.552288 ], [ -101.0614086, 29.5414552 ], [ -101.0679126, 29.5455609 ], [ -101.0649405, 29.5401098 ], [ -101.0772892, 29.5363 ], [ -101.073055599999989, 29.5278996 ], [ -101.099703, 29.530387 ], [ -101.0770684, 29.5235419 ], [ -101.0638709, 29.5345448 ], [ -101.0678748, 29.5250357 ], [ -101.0449227, 29.5082867 ], [ -101.0603382, 29.5004942 ], [ -101.065032, 29.5041809 ], [ -101.0602035, 29.4940381 ], [ -101.0750342, 29.4937924 ], [ -101.076423, 29.4833389 ], [ -101.075667, 29.4907687 ], [ -101.084618800000015, 29.4872508 ], [ -101.0753927, 29.4997736 ], [ -101.0840962, 29.4958481 ], [ -101.0826483, 29.5083886 ], [ -101.089689400000012, 29.4938087 ], [ -101.0974399, 29.4946951 ], [ -101.0912086, 29.4903936 ], [ -101.1023043, 29.4871619 ], [ -101.1056482, 29.4944349 ], [ -101.0970764, 29.5016438 ], [ -101.1076658, 29.4985802 ], [ -101.1025743, 29.5148167 ], [ -101.1122995, 29.5043034 ], [ -101.1090343, 29.5117128 ], [ -101.1190185, 29.5099787 ], [ -101.1220674, 29.517191 ], [ -101.1279948, 29.5017316 ], [ -101.1354252, 29.5048767 ], [ -101.1327082, 29.5130495 ], [ -101.1510648, 29.5026545 ], [ -101.1675384, 29.507631 ], [ -101.1517897, 29.5185067 ], [ -101.1700224, 29.5174253 ], [ -101.1499101, 29.5287383 ], [ -101.1648987, 29.5255878 ], [ -101.1595811, 29.534089 ], [ -101.1713162, 29.5256379 ], [ -101.16979, 29.5324694 ], [ -101.178911899999989, 29.5307946 ], [ -101.1650504, 29.5464338 ], [ -101.1729322, 29.5399414 ], [ -101.1781742, 29.5454018 ], [ -101.1821139, 29.533191 ], [ -101.1841941, 29.5378167 ], [ -101.1910236, 29.5333534 ], [ -101.191643899999988, 29.5412089 ], [ -101.1959891, 29.5346536 ], [ -101.2102583, 29.5360776 ], [ -101.201895, 29.5412238 ], [ -101.2059971, 29.5465679 ], [ -101.1963254, 29.5468554 ], [ -101.2067334, 29.5588081 ], [ -101.1939816, 29.5613922 ], [ -101.2020064, 29.5685081 ], [ -101.1867913, 29.5653741 ], [ -101.2007762, 29.5751093 ], [ -101.2143302, 29.5606394 ], [ -101.2169931, 29.5702211 ], [ -101.2067157, 29.5724542 ], [ -101.198758500000011, 29.589214 ], [ -101.2092934, 29.5728197 ], [ -101.2210403, 29.5752409 ], [ -101.2205438, 29.5580875 ], [ -101.2053171, 29.5529405 ], [ -101.212576700000014, 29.5517732 ], [ -101.2124111, 29.5424294 ], [ -101.2158852, 29.5499994 ], [ -101.2273318, 29.5370073 ], [ -101.234223, 29.5411542 ], [ -101.2451015, 29.5334701 ], [ -101.2412529, 29.5391051 ], [ -101.2465226, 29.5356308 ], [ -101.2511465, 29.5450937 ], [ -101.241151699999989, 29.547117 ], [ -101.2476883, 29.5523383 ], [ -101.2273117, 29.56393 ], [ -101.2366752, 29.5643216 ], [ -101.2285741, 29.5706046 ], [ -101.2369346, 29.5748575 ], [ -101.229728099999988, 29.5751838 ], [ -101.2366926, 29.5767922 ], [ -101.229771899999989, 29.5801002 ], [ -101.2336474, 29.5861423 ], [ -101.23857430000001, 29.586002 ], [ -101.2334382, 29.5917959 ], [ -101.2401517, 29.592666 ], [ -101.2232883, 29.598797 ], [ -101.232347499999989, 29.6038339 ], [ -101.2421522, 29.5980192 ], [ -101.2448603, 29.6242793 ], [ -101.2355155, 29.6335219 ], [ -101.2492587, 29.6445807 ], [ -101.2751723, 29.6373673 ], [ -101.2711693, 29.631555 ], [ -101.279634699999988, 29.6318695 ], [ -101.2845308, 29.616853 ], [ -101.2918758, 29.617999 ], [ -101.2842721, 29.6110934 ], [ -101.2955371, 29.6095908 ], [ -101.2886472, 29.6015429 ], [ -101.2831238, 29.6076746 ], [ -101.2816854, 29.5984019 ], [ -101.2914751, 29.5973506 ], [ -101.2825192, 29.5916012 ], [ -101.2924422, 29.5925758 ], [ -101.2833058, 29.5872781 ], [ -101.2931718, 29.5907168 ], [ -101.286993099999989, 29.5848031 ], [ -101.2966769, 29.5852064 ], [ -101.2905134, 29.5784815 ], [ -101.2991179, 29.5767822 ], [ -101.3042746, 29.5840892 ], [ -101.2976729, 29.5862245 ], [ -101.3033509, 29.5914682 ], [ -101.3067695, 29.5873006 ], [ -101.3103871, 29.6001943 ], [ -101.3046778, 29.6019536 ], [ -101.3104179, 29.6026115 ], [ -101.305944, 29.6227612 ], [ -101.3131911, 29.6011441 ] ] ], [ [ [ -100.9285203, 29.6193125 ], [ -100.9297807, 29.6251874 ], [ -100.9352746, 29.6239693 ], [ -100.9285203, 29.6193125 ] ] ], [ [ [ -101.304228, 29.6842638 ], [ -101.3139952, 29.6859159 ], [ -101.3028837, 29.7086348 ], [ -101.313483, 29.6994577 ], [ -101.315981799999989, 29.6846163 ], [ -101.3078713, 29.6797778 ], [ -101.3106011, 29.6729608 ], [ -101.304228, 29.6842638 ] ] ], [ [ [ -101.2762573, 29.6774582 ], [ -101.2885392, 29.6829701 ], [ -101.2878666, 29.6895005 ], [ -101.2958849, 29.6836152 ], [ -101.2762573, 29.6774582 ] ] ], [ [ [ -101.3471243, 29.7814243 ], [ -101.335921399999989, 29.7823901 ], [ -101.3310192, 29.7907331 ], [ -101.3481894, 29.785228900000011 ], [ -101.3680955, 29.8127967 ], [ -101.3942445, 29.7913732 ], [ -101.45002, 29.8067589 ], [ -101.4430393, 29.8194839 ], [ -101.451534099999989, 29.8041457 ], [ -101.4030129, 29.7901161 ], [ -101.3906833, 29.7914643 ], [ -101.373073, 29.808473 ], [ -101.3634768, 29.8053968 ], [ -101.3499475, 29.7760482 ], [ -101.3471243, 29.7814243 ] ] ] ] } },
{ "type": "Feature", "properties": { "name": "Arkansas Post National Memorial", "code": "ARPO", "designation": "National Memorials", "state": "AR", "acres": 264.0, "type": "nps" }, "geometry": { "type": "Polygon", "coordinates": [ [ [ -91.3418378, 34.0104795 ], [ -91.3390859, 34.0267255 ], [ -91.3519287, 34.026688299999989 ], [ -91.3418378, 34.0104795 ] ] ] } },
{ "type": "Feature", "properties": { "name": "Bandelier National Monument", "code": "BAND", "designation": "National Monuments", "state": "NM", "acres": 33855.0, "type": "nps" }, "geometry": { "type": "Polygon", "coordinates": [ [ [ -106.3997624, 35.863610099999988 ], [ -106.412680200000011, 35.8695516 ], [ -106.437845200000012, 35.8464477 ], [ -106.4560544, 35.8443023 ], [ -106.46276180000001, 35.8312863 ], [ -106.417946199999989, 35.8277754 ], [ -106.418344, 35.8190382 ], [ -106.4030186, 35.8078328 ], [ -106.361403599999989, 35.8111742 ], [ -106.3567727, 35.699808 ], [ -106.2909256, 35.6989622 ], [ -106.2921996, 35.713122 ], [ -106.2653331, 35.7269889 ], [ -106.2524052, 35.7547214 ], [ -106.267505899999989, 35.790761 ], [ -106.320651399999988, 35.8271599 ], [ -106.3629922, 35.8358291 ], [ -106.3906826, 35.8271207 ], [ -106.3997017, 35.8341308 ], [ -106.3997624, 35.863610099999988 ] ] ] } },
{ "type": "Feature", "properties": { "name": "Big Bend National Park", "code": "BIBE", "designation": "National Parks", "state": "TX", "acres": 812196.0, "type": "nps" }, "geometry": { "type": "Polygon", "coordinates": [ [ [ -103.1895422, 29.6511725 ], [ -103.1899734, 29.6658361 ], [ -103.2234733, 29.6657235 ], [ -103.2238964, 29.6802365 ], [ -103.2406244, 29.680148 ], [ -103.241061, 29.6948535 ], [ -103.3064721, 29.6944277 ], [ -103.3053052, 29.6361357 ], [ -103.3216707, 29.6210248 ], [ -103.3383288, 29.6206611 ], [ -103.342832300000012, 29.6053791 ], [ -103.3356853, 29.533531 ], [ -103.3190669, 29.5339965 ], [ -103.2725858, 29.511982 ], [ -103.2693168, 29.5193618 ], [ -103.253157699999988, 29.5194962 ], [ -103.2552416, 29.4676276 ], [ -103.2909715, 29.4668077 ], [ -103.2885038, 29.4234592 ], [ -103.3931453, 29.4203458 ], [ -103.3928064, 29.4057218 ], [ -103.426177, 29.4050659 ], [ -103.425496, 29.3907061 ], [ -103.4415963, 29.3906364 ], [ -103.4411729, 29.3761247 ], [ -103.4577632, 29.3757761 ], [ -103.4576622, 29.3464959 ], [ -103.5073305, 29.3454304 ], [ -103.5056448, 29.3014945 ], [ -103.5398206, 29.30122 ], [ -103.538525, 29.2581262 ], [ -103.5495618, 29.2579052 ], [ -103.583717299999989, 29.2206687 ], [ -103.595828, 29.2295173 ], [ -103.6063581, 29.2179788 ], [ -103.6191212, 29.2269819 ], [ -103.6293571, 29.2157238 ], [ -103.667839, 29.2427607 ], [ -103.6622302, 29.2488925 ], [ -103.7473211, 29.2457228 ], [ -103.7474531, 29.2518169 ], [ -103.7620863, 29.2506238 ], [ -103.7621982, 29.255871 ], [ -103.770462400000014, 29.2557362 ], [ -103.7701879, 29.2428136 ], [ -103.781146, 29.2426341 ], [ -103.7820782, 29.2274544 ], [ -103.769678, 29.2206145 ], [ -103.7594894, 29.2337055 ], [ -103.7573095, 29.2207387 ], [ -103.7423843, 29.2218113 ], [ -103.7425843, 29.2087209 ], [ -103.718373, 29.1808499 ], [ -103.7047468, 29.1850223 ], [ -103.6968056, 29.1769898 ], [ -103.659359, 29.1708378 ], [ -103.6512273, 29.1569372 ], [ -103.609512200000012, 29.1656386 ], [ -103.5934893, 29.1500287 ], [ -103.578403099999989, 29.1494527 ], [ -103.553696, 29.1581478 ], [ -103.5509123, 29.1438164 ], [ -103.5398376, 29.1462979 ], [ -103.5244494, 29.1371932 ], [ -103.5239233, 29.1211872 ], [ -103.4999991, 29.1153774 ], [ -103.4995116, 29.1069242 ], [ -103.4748006, 29.0907446 ], [ -103.4724299, 29.0675648 ], [ -103.449766, 29.0724143 ], [ -103.4475828, 29.0626681 ], [ -103.4156555, 29.0378913 ], [ -103.3879347, 29.0335381 ], [ -103.3868289, 29.0215206 ], [ -103.3601021, 29.018351 ], [ -103.3413062, 29.0461182 ], [ -103.3271539, 29.0388838 ], [ -103.3306545, 29.0294829 ], [ -103.3421183, 29.0282608 ], [ -103.3388621, 29.020175 ], [ -103.3263945, 29.0162873 ], [ -103.3080206, 29.0248199 ], [ -103.3105109, 29.0100438 ], [ -103.2865371, 29.0011328 ], [ -103.2814804, 28.9809701 ], [ -103.2676843, 28.9962384 ], [ -103.2490149, 28.9806128 ], [ -103.2276848, 28.9917452 ], [ -103.220530599999989, 28.9832678 ], [ -103.2020177, 28.987166 ], [ -103.1542792, 28.9715354 ], [ -103.1144601, 28.9866117 ], [ -103.1172869, 29.0004202 ], [ -103.0980955, 29.0258323 ], [ -103.1066548, 29.038622 ], [ -103.1014788, 29.0594433 ], [ -103.0939418, 29.0650802 ], [ -103.085869699999989, 29.0538795 ], [ -103.0773926, 29.0912463 ], [ -103.0338623, 29.1008995 ], [ -103.038048100000012, 29.1141859 ], [ -103.0149843, 29.1278144 ], [ -102.995971900000015, 29.1606538 ], [ -102.9954545, 29.1794768 ], [ -102.9756305, 29.1863283 ], [ -102.9505749, 29.1731955 ], [ -102.9448062, 29.1909734 ], [ -102.9177605, 29.1905037 ], [ -102.9125164, 29.2193251 ], [ -102.8956272, 29.2084662 ], [ -102.8674729, 29.223738 ], [ -102.8717638, 29.2418419 ], [ -102.9040916, 29.2553461 ], [ -102.90356890000001, 29.27827 ], [ -102.888228, 29.2930343 ], [ -102.89315160000001, 29.3089532 ], [ -102.8800788, 29.3377068 ], [ -102.883523, 29.349572 ], [ -102.8393781, 29.3592725 ], [ -102.8454582, 29.3650614 ], [ -102.8413968, 29.3770785 ], [ -102.8694808, 29.3763489 ], [ -102.8649367, 29.396462 ], [ -102.9147275, 29.3948918 ], [ -102.9153778, 29.4111184 ], [ -102.9484804, 29.410172 ], [ -102.9490462, 29.4245867 ], [ -102.982407, 29.4236288 ], [ -102.983432, 29.4524301 ], [ -103.000155600000014, 29.4519067 ], [ -103.0030863, 29.5227776 ], [ -103.0198405, 29.5222318 ], [ -103.020565, 29.5367135 ], [ -103.0371745, 29.5361746 ], [ -103.039718, 29.5942111 ], [ -103.0562025, 29.5936542 ], [ -103.0565244, 29.608143 ], [ -103.0893039, 29.608048 ], [ -103.0895888, 29.6225768 ], [ -103.1058775, 29.6225163 ], [ -103.1058181, 29.6369864 ], [ -103.1225272, 29.6369134 ], [ -103.1229102, 29.6514185 ], [ -103.1395263, 29.6513423 ], [ -103.1399167, 29.6661023 ], [ -103.1566037, 29.6662315 ], [ -103.1569875, 29.6806643 ], [ -103.1736693, 29.6804905 ], [ -103.1815271, 29.651177900000011 ], [ -103.1895422, 29.6511725 ] ] ] } },
{ "type": "Feature", "properties": { "name": "Capulin Volcano National Monument", "code": "CAVO", "designation": "National Monuments", "state": "NM", "acres": 592.0, "type": "nps" }, "geometry": { "type": "Polygon", "coordinates": [ [ [ -103.9876219, 36.7825939 ], [ -103.983112, 36.7762345 ], [ -103.9584685, 36.7779996 ], [ -103.9585191, 36.7889435 ], [ -103.9876219, 36.7825939 ] ] ] } },
{ "type": "Feature", "properties": { "name": "Carlsbad Caverns National Park", "code": "CAVE", "designation": "National Parks", "state": "NM", "acres": 47078.0, "type": "nps" }, "geometry": { "type": "Polygon", "coordinates": [ [ [ -104.6487729, 32.1664324 ], [ -104.6487484, 32.1228667 ], [ -104.6648161, 32.1229231 ], [ -104.6654291, 32.0938545 ], [ -104.6823832, 32.0938267 ], [ -104.684783, 32.0414691 ], [ -104.66368, 32.0475779 ], [ -104.66207, 32.0712079 ], [ -104.6408541, 32.070556 ], [ -104.6401112, 32.0794082 ], [ -104.597329, 32.0793687 ], [ -104.5888282, 32.0938761 ], [ -104.5462915, 32.0938464 ], [ -104.5462657, 32.1158756 ], [ -104.5376482, 32.1158139 ], [ -104.5376203, 32.12347 ], [ -104.5205209, 32.1230746 ], [ -104.5033932, 32.1450547 ], [ -104.4691605, 32.1523352 ], [ -104.4692528, 32.1597131 ], [ -104.4095182, 32.159138 ], [ -104.4092093, 32.166611 ], [ -104.383581, 32.1665068 ], [ -104.3835489, 32.1774689 ], [ -104.3707698, 32.1847978 ], [ -104.3750477, 32.1957549 ], [ -104.3921504, 32.1990901 ], [ -104.5278017, 32.1958877 ], [ -104.527599, 32.1816043 ], [ -104.561866600000016, 32.1814017 ], [ -104.5623879, 32.1742637 ], [ -104.5794687, 32.1740865 ], [ -104.5798272, 32.1669887 ], [ -104.6487729, 32.1664324 ] ] ] } },
{ "type": "Feature", "properties": { "name": "Guadalupe Mountains National Park", "code": "GUMO", "designation": "National Parks", "state": "TX", "acres": 87586.0, "type": "nps" }, "geometry": { "type": "Polygon", "coordinates": [ [ [ -104.7405825, 32.0003375 ], [ -104.953937599999989, 32.000406 ], [ -104.9580732, 31.9544324 ], [ -105.0072245, 31.9544234 ], [ -105.0071509, 31.9391221 ], [ -105.0246456, 31.939107599999989 ], [ -105.0253623, 31.8779113 ], [ -104.9890421, 31.8778372 ], [ -104.9889881, 31.8618374 ], [ -104.9533015, 31.8618935 ], [ -104.9533272, 31.8729931 ], [ -104.9363209, 31.8730037 ], [ -104.9362713, 31.8593515 ], [ -104.918226, 31.8593648 ], [ -104.9181837, 31.8134781 ], [ -104.8478952, 31.8131919 ], [ -104.8479105, 31.8647881 ], [ -104.8299965, 31.8647892 ], [ -104.8221193, 31.8903031 ], [ -104.7765987, 31.8935585 ], [ -104.7765576, 31.9385329 ], [ -104.7675032, 31.9385266 ], [ -104.7674054, 31.9536349 ], [ -104.7111934, 31.9406707 ], [ -104.7415089, 31.950899 ], [ -104.7390685, 31.9675346 ], [ -104.749158, 31.975977 ], [ -104.7406754, 31.9759083 ], [ -104.7405825, 32.0003375 ] ], [ [ -104.750135899999989, 31.9759849 ], [ -104.7397366, 31.967498 ], [ -104.742946, 31.9488108 ], [ -104.754072799999989, 31.9542388 ], [ -104.750135899999989, 31.9759849 ] ] ] } },
{ "type": "Feature", "properties": { "name": "Chamizal National Memorial", "code": "CHAM", "designation": "National Memorials", "state": "TX", "acres": 0.0, "type": "nps" }, "geometry": { "type": "GeometryCollection", "geometries": [ ] } },
{ "type": "Feature", "properties": { "name": "Fort Davis National Historic Site", "code": "FODA", "designation": "National Historic Sites", "state": "TX", "acres": 304.0, "type": "nps" }, "geometry": { "type": "Polygon", "coordinates": [ [ [ -103.887924399999989, 30.5956179 ], [ -103.886582, 30.6053213 ], [ -103.9117091, 30.595893 ], [ -103.887924399999989, 30.5956179 ] ] ] } },
{ "type": "Feature", "properties": { "name": "Fort Union National Monument", "code": "FOUN", "designation": "National Monuments", "state": "NM", "acres": 640.0, "type": "nps" }, "geometry": { "type": "Polygon", "coordinates": [ [ [ -105.0154298, 35.8974754 ], [ -104.9999116, 35.9046194 ], [ -105.008690699999988, 35.9172409 ], [ -105.0242083, 35.9100972 ], [ -105.0154298, 35.8974754 ] ] ] } },
{ "type": "Feature", "properties": { "name": "Gila Cliff Dwellings National Monument", "code": "GICL", "designation": "National Monuments", "state": "NM", "acres": 413.0, "type": "nps" }, "geometry": { "type": "Polygon", "coordinates": [ [ [ -108.2656365, 33.2196536 ], [ -108.2660628, 33.2341548 ], [ -108.279433, 33.2339775 ], [ -108.2745947, 33.2195692 ], [ -108.2656365, 33.2196536 ] ] ] } },
{ "type": "Feature", "properties": { "name": "Hot Springs National Park", "code": "HOSP", "designation": "National Parks", "state": "AR", "acres": 5214.0, "type": "nps" }, "geometry": { "type": "Polygon", "coordinates": [ [ [ -93.0257205, 34.5593813 ], [ -93.043638, 34.559547 ], [ -93.044408499999989, 34.5449989 ], [ -93.0579643, 34.54164 ], [ -93.0626605, 34.531081 ], [ -93.1100775, 34.5186524 ], [ -93.1130504, 34.4989198 ], [ -93.0648556, 34.5048964 ], [ -93.056083199999989, 34.5179442 ], [ -93.0720138, 34.5088435 ], [ -93.0821007, 34.5134068 ], [ -93.0492596, 34.5379882 ], [ -93.0399355, 34.5299087 ], [ -93.0548664, 34.5195568 ], [ -93.0536732, 34.5116753 ], [ -93.0187552, 34.5231491 ], [ -93.0257205, 34.5593813 ] ] ] } },
{ "type": "Feature", "properties": { "name": "Little Rock Central High School National Historic Site", "code": "CHSC", "designation": "National Historic Sites", "state": "AR", "acres": 0.0, "type": "nps" }, "geometry": { "type": "GeometryCollection", "geometries": [ ] } },
{ "type": "Feature", "properties": { "name": "Fort Smith National Historic Site", "code": "FOSM", "designation": "National Historic Sites", "state": "AR", "acres": 0.0, "type": "nps" }, "geometry": { "type": "GeometryCollection", "geometries": [ ] } },
{ "type": "Feature", "properties": { "name": "Pea Ridge National Military Park", "code": "PERI", "designation": "National Military Parks", "state": "AR", "acres": 4538.0, "type": "nps" }, "geometry": { "type": "Polygon", "coordinates": [ [ [ -94.063348, 36.469386 ], [ -94.0651934, 36.4409516 ], [ -94.0584376, 36.4335108 ], [ -93.9996695, 36.4469223 ], [ -94.00351950000001, 36.4688878 ], [ -94.063348, 36.469386 ] ] ] } },
{ "type": "Feature", "properties": { "name": "Buffalo National River", "code": "BUFF", "designation": "National Rivers", "state": "AR", "acres": 92890.0, "type": "nps" }, "geometry": { "type": "Polygon", "coordinates": [ [ [ -92.904999, 35.9814683 ], [ -92.9053471, 35.9740176 ], [ -92.9225445, 35.9741329 ], [ -92.9274033, 35.9932439 ], [ -92.9449197, 35.9937367 ], [ -92.944300399999989, 36.015397 ], [ -92.9616399, 36.0156903 ], [ -92.9794475, 36.0050002 ], [ -93.0152552, 36.0052837 ], [ -93.0199992, 35.9944371 ], [ -93.0538955, 35.9878955 ], [ -93.0754839, 35.9959245 ], [ -93.0747732, 36.014069 ], [ -93.0927441, 36.0150515 ], [ -93.1010481, 36.0508585 ], [ -93.1134773, 36.0543692 ], [ -93.1191318, 36.0693719 ], [ -93.148414699999989, 36.0742998 ], [ -93.1659711, 36.0709332 ], [ -93.1658524, 36.0636344 ], [ -93.183895, 36.063932 ], [ -93.1837144, 36.0749402 ], [ -93.2172545, 36.0829082 ], [ -93.2171102, 36.0901839 ], [ -93.2304299, 36.0904915 ], [ -93.238908200000012, 36.1051938 ], [ -93.2701027, 36.1058594 ], [ -93.2672664, 36.0714916 ], [ -93.3011395, 36.0725439 ], [ -93.3020218, 36.0812063 ], [ -93.3153244, 36.0814625 ], [ -93.3194465, 36.0888386 ], [ -93.3487694, 36.085956 ], [ -93.3614106, 36.0762688 ], [ -93.3528403, 36.0399124 ], [ -93.3599548, 36.0196051 ], [ -93.395262699999989, 36.0276241 ], [ -93.3959427, 36.0024202 ], [ -93.4134802, 35.9993264 ], [ -93.4161545, 35.9590898 ], [ -93.4213634, 35.9449472 ], [ -93.4300521, 35.9454959 ], [ -93.435586199999989, 35.9090988 ], [ -93.4134127, 35.9086331 ], [ -93.408412399999989, 35.9300493 ], [ -93.390371800000011, 35.9333095 ], [ -93.3783592, 35.9946984 ], [ -93.3572124, 35.994286 ], [ -93.3342452, 36.0317559 ], [ -93.3208724, 36.0315186 ], [ -93.3170433, 36.0205618 ], [ -93.2805985, 36.0202767 ], [ -93.2804007, 36.034836 ], [ -93.2670369, 36.0349223 ], [ -93.2665679, 36.0494209 ], [ -93.2281904, 36.0504804 ], [ -93.2279707, 36.0685192 ], [ -93.2060756, 36.0642379 ], [ -93.2019133, 36.0531959 ], [ -93.1795572, 36.049406 ], [ -93.1279688, 36.0521699 ], [ -93.1196775, 36.0273347 ], [ -93.1062296, 36.0232119 ], [ -93.1062642, 36.0045919 ], [ -93.062951500000011, 35.9845662 ], [ -93.0632591, 35.9773001 ], [ -93.0498159, 35.9769415 ], [ -93.0501669, 35.9661345 ], [ -93.033704500000013, 35.9764291 ], [ -93.0330156, 35.987369 ], [ -92.962408, 35.993979 ], [ -92.9583451, 35.9779047 ], [ -92.935637899999989, 35.9781398 ], [ -92.9358877, 35.9673541 ], [ -92.9094691, 35.962887 ], [ -92.9021172, 35.9189844 ], [ -92.8580265, 35.9146509 ], [ -92.856917200000012, 35.9401345 ], [ -92.8748602, 35.9401612 ], [ -92.874583, 35.9549536 ], [ -92.8261073, 35.9499729 ], [ -92.8215331, 35.9570301 ], [ -92.8037315, 35.9565936 ], [ -92.7988334, 35.9672878 ], [ -92.7411508, 35.9697254 ], [ -92.7409707, 35.980530699999989 ], [ -92.7132597, 35.9800475 ], [ -92.6822883, 36.0018969 ], [ -92.659918, 36.0052922 ], [ -92.655248899999989, 36.0198558 ], [ -92.6464183, 36.0196115 ], [ -92.6422319, 36.0085783 ], [ -92.6183564, 36.0085203 ], [ -92.6180579, 36.0158001 ], [ -92.5828526, 36.0151534 ], [ -92.567513, 36.0652439 ], [ -92.54572060000001, 36.0648765 ], [ -92.5358314, 36.0938672 ], [ -92.522831, 36.0935094 ], [ -92.5227026, 36.1006822 ], [ -92.4867011, 36.0932568 ], [ -92.4832336, 36.0635096 ], [ -92.4565062, 36.0633182 ], [ -92.4514215, 36.0812586 ], [ -92.4331901, 36.080916 ], [ -92.4248311, 36.073736 ], [ -92.42192390000001, 36.141937 ], [ -92.4010048, 36.1528083 ], [ -92.404714399999989, 36.1708432 ], [ -92.4709504, 36.1611001 ], [ -92.4712742, 36.1502219 ], [ -92.4934212, 36.1506975 ], [ -92.5029244, 36.1363951 ], [ -92.5744522, 36.1362979 ], [ -92.5746601, 36.1292432 ], [ -92.5615853, 36.1255317 ], [ -92.5534861, 36.0900051 ], [ -92.575325299999989, 36.097702 ], [ -92.588472, 36.0941715 ], [ -92.5891163, 36.0832458 ], [ -92.598256, 36.0797556 ], [ -92.598843, 36.0690398 ], [ -92.5895925, 36.0654201 ], [ -92.5999714, 36.026432199999988 ], [ -92.6177408, 36.0303381 ], [ -92.6209699, 36.0450318 ], [ -92.6414563, 36.045268 ], [ -92.637429, 36.0268213 ], [ -92.6772679, 36.0310829 ], [ -92.6774616, 36.0200835 ], [ -92.6641124, 36.0200044 ], [ -92.6642375, 36.012675 ], [ -92.6908991, 36.01299 ], [ -92.695492800000011, 36.0020529 ], [ -92.7131301, 35.9983832 ], [ -92.715945499999989, 35.9873933 ], [ -92.7315676, 36.0020545 ], [ -92.7449157, 36.0023817 ], [ -92.745072, 35.9951407 ], [ -92.7717618, 35.995713599999988 ], [ -92.7719124, 35.9885638 ], [ -92.8164508, 35.9861752 ], [ -92.8211109, 35.9714893 ], [ -92.8521505, 35.9728028 ], [ -92.8605968, 35.9839401 ], [ -92.8868311, 35.9763883 ], [ -92.904999, 35.9814683 ] ] ] } },
{ "type": "Feature", "properties": { "name": "Lyndon B. Johnson National Historical Park", "code": "LYJO", "designation": "National Historical Parks", "state": "TX", "acres": 1500.0, "type": "nps" }, "geometry": { "type": "Polygon", "coordinates": [ [ [ -98.6148298, 30.2683093 ], [ -98.6298628, 30.2632897 ], [ -98.6309094, 30.2452217 ], [ -98.6450864, 30.2353541 ], [ -98.610720199999989, 30.2378657 ], [ -98.606343099999989, 30.2467312 ], [ -98.6169289, 30.2468619 ], [ -98.6182189, 30.2540478 ], [ -98.6099737, 30.2638363 ], [ -98.6148298, 30.2683093 ] ] ] } },
{ "type": "Feature", "properties": { "name": "Aztec Ruins National Monument", "code": "AZRU", "designation": "National Monuments", "state": "NM", "acres": 135.0, "type": "nps" }, "geometry": { "type": "Polygon", "coordinates": [ [ [ -108.0095036, 36.8354673 ], [ -107.998435, 36.8328519 ], [ -108.0015811, 36.827695399999989 ], [ -107.9917023, 36.8401554 ], [ -108.0095036, 36.8354673 ] ] ] } },
{ "type": "Feature", "properties": { "name": "Canyon de Chelly National Monument", "code": "CACH", "designation": "National Monuments", "state": "AZ", "acres": 84605.0, "type": "nps" }, "geometry": { "type": "Polygon", "coordinates": [ [ [ -109.5255453, 36.1785486 ], [ -109.5256226, 36.1709548 ], [ -109.543487, 36.163692 ], [ -109.543655699999988, 36.1413724 ], [ -109.5349891, 36.1419978 ], [ -109.5346504, 36.1341023 ], [ -109.5170187, 36.1343821 ], [ -109.5171081, 36.1274214 ], [ -109.499515, 36.1276524 ], [ -109.4995231, 36.1197601 ], [ -109.4610242, 36.1141048 ], [ -109.4532421, 36.0969106 ], [ -109.4346267, 36.1041705 ], [ -109.436457, 36.0922826 ], [ -109.4263081, 36.082546799999989 ], [ -109.4066713, 36.0825467 ], [ -109.4012726, 36.0942867 ], [ -109.365926699999989, 36.0956796 ], [ -109.374559300000016, 36.0689107 ], [ -109.3576141, 36.0376253 ], [ -109.342918, 36.0443067 ], [ -109.3447716, 36.0612435 ], [ -109.331282, 36.0600763 ], [ -109.3270064, 36.0726653 ], [ -109.3131838, 36.0671162 ], [ -109.2845699, 35.9963429 ], [ -109.2639249, 36.0110014 ], [ -109.2598199, 35.9988594 ], [ -109.2485371, 35.9972372 ], [ -109.2296876, 36.0221251 ], [ -109.2526717, 36.0377061 ], [ -109.2700909, 36.0291162 ], [ -109.2733464, 36.048051 ], [ -109.2881512, 36.0610254 ], [ -109.2799496, 36.0789815 ], [ -109.293129799999988, 36.0935662 ], [ -109.3061596, 36.0918537 ], [ -109.31121730000001, 36.1034872 ], [ -109.2921408, 36.1077605 ], [ -109.2381023, 36.0982274 ], [ -109.2228145, 36.1256636 ], [ -109.2038189, 36.1313848 ], [ -109.1679177, 36.117303 ], [ -109.17593, 36.100061 ], [ -109.1673697, 36.082828899999988 ], [ -109.1485513, 36.0839452 ], [ -109.150031200000015, 36.1052255 ], [ -109.1362418, 36.1291325 ], [ -109.1714811, 36.1407981 ], [ -109.1397158, 36.1646791 ], [ -109.1487841, 36.1772122 ], [ -109.1935332, 36.1529384 ], [ -109.2121248, 36.1528115 ], [ -109.2151389, 36.1616657 ], [ -109.2255778, 36.1625536 ], [ -109.2492113, 36.1342952 ], [ -109.260332, 36.1336513 ], [ -109.2690375, 36.1444427 ], [ -109.3130358, 36.1315073 ], [ -109.3253546, 36.138856 ], [ -109.3628357, 36.1213746 ], [ -109.4152439, 36.1237552 ], [ -109.4652836, 36.1428537 ], [ -109.4598452, 36.1479157 ], [ -109.4320703, 36.1434007 ], [ -109.4219231, 36.1314767 ], [ -109.4036751, 36.1267022 ], [ -109.3933669, 36.1310296 ], [ -109.392740499999988, 36.142115 ], [ -109.3612892, 36.1335387 ], [ -109.3300427, 36.1498 ], [ -109.3062286, 36.151258 ], [ -109.3026036, 36.1596483 ], [ -109.3125408, 36.1674341 ], [ -109.3408789, 36.1654549 ], [ -109.3474868, 36.1590046 ], [ -109.3860493, 36.1627047 ], [ -109.3820731, 36.1700571 ], [ -109.3689669, 36.1623986 ], [ -109.350207, 36.1670983 ], [ -109.3449557, 36.1818622 ], [ -109.3598451, 36.1883808 ], [ -109.341744, 36.1959456 ], [ -109.3335305, 36.2341282 ], [ -109.290904399999988, 36.2331981 ], [ -109.2427433, 36.2453214 ], [ -109.2071805, 36.2623769 ], [ -109.210444900000013, 36.2755444 ], [ -109.314529400000012, 36.2544751 ], [ -109.3194875, 36.2567476 ], [ -109.3040164, 36.2686409 ], [ -109.306642599999989, 36.2846013 ], [ -109.335241, 36.2736897 ], [ -109.357374799999988, 36.276988599999989 ], [ -109.3779305, 36.220742799999989 ], [ -109.4370712, 36.1667901 ], [ -109.4529633, 36.1783909 ], [ -109.4819242, 36.1645681 ], [ -109.4899955, 36.178137 ], [ -109.5255453, 36.1785486 ] ] ] } },
{ "type": "Feature", "properties": { "name": "Chaco Culture National Historical Park", "code": "CHCU", "designation": "National Historical Parks", "state": "NM", "acres": 32511.0, "type": "nps" }, "geometry": { "type": "Polygon", "coordinates": [ [ [ -107.903575100000012, 36.0887468 ], [ -108.0215972, 36.0892437 ], [ -108.0214642, 36.0747702 ], [ -108.039476100000016, 36.0747823 ], [ -108.0395568, 36.0459108 ], [ -108.077074, 36.046566 ], [ -108.0753273, 36.0170357 ], [ -108.0393076, 36.017138 ], [ -108.0394314, 36.0314857 ], [ -107.9760848, 36.0311405 ], [ -107.9670401, 36.0166062 ], [ -107.9002068, 36.0162763 ], [ -107.899881799999989, 36.0088463 ], [ -107.841194, 35.9787562 ], [ -107.8403419, 36.0449557 ], [ -107.894696, 36.045243 ], [ -107.894499, 36.0778625 ], [ -107.903575100000012, 36.0887468 ] ] ] } },
{ "type": "Feature", "properties": { "name": "El Morro National Monument", "code": "ELMO", "designation": "National Monuments", "state": "NM", "acres": 1118.0, "type": "nps" }, "geometry": { "type": "Polygon", "coordinates": [ [ [ -108.3640462, 35.0317785 ], [ -108.3287414, 35.0316642 ], [ -108.3288587, 35.0461818 ], [ -108.3640405, 35.0426241 ], [ -108.3640462, 35.0317785 ] ] ] } },
{ "type": "Feature", "properties": { "name": "Hubbell Trading Post National Historic Site", "code": "HUTR", "designation": "National Historic Sites", "state": "AZ", "acres": 0.0, "type": "nps" }, "geometry": { "type": "GeometryCollection", "geometries": [ ] } },
{ "type": "Feature", "properties": { "name": "Navajo National Monument", "code": "NAVA", "designation": "National Monuments", "state": "AZ", "acres": 161.0, "type": "nps" }, "geometry": { "type": "Polygon", "coordinates": [ [ [ -110.5407844, 36.6818639 ], [ -110.5317585, 36.6818555 ], [ -110.531724400000016, 36.6891282 ], [ -110.5408079, 36.689124 ], [ -110.5407844, 36.6818639 ] ] ] } },
{ "type": "Feature", "properties": { "name": "Walnut Canyon National Monument", "code": "WACA", "designation": "National Monuments", "state": "AZ", "acres": 2815.0, "type": "nps" }, "geometry": { "type": "Polygon", "coordinates": [ [ [ -111.5356142, 35.1738976 ], [ -111.544989199999989, 35.1519856 ], [ -111.5329232, 35.1592919 ], [ -111.5064476, 35.1593986 ], [ -111.4804424, 35.1521143 ], [ -111.476010699999989, 35.1630381 ], [ -111.4450828, 35.1738715 ], [ -111.4450728, 35.1811262 ], [ -111.484851, 35.1666816 ], [ -111.497569399999989, 35.1667086 ], [ -111.5064612, 35.1757431 ], [ -111.5356142, 35.1738976 ] ] ] } },
{ "type": "Feature", "properties": { "name": "Sunset Crater Volcano National Monument", "code": "SUCR", "designation": "National Monuments", "state": "AZ", "acres": 3118.0, "type": "nps" }, "geometry": { "type": "Polygon", "coordinates": [ [ [ -111.4891124, 35.3855607 ], [ -111.524703, 35.3855401 ], [ -111.5335862, 35.3819326 ], [ -111.533633, 35.3640039 ], [ -111.5453928, 35.370054 ], [ -111.5246755, 35.3567391 ], [ -111.4890319, 35.3566678 ], [ -111.4891124, 35.3855607 ] ] ] } },
{ "type": "Feature", "properties": { "name": "Wupatki National Monument", "code": "WUPA", "designation": "National Monuments", "state": "AZ", "acres": 35316.0, "type": "nps" }, "geometry": { "type": "Polygon", "coordinates": [ [ [ -111.3415769, 35.6337348 ], [ -111.350469600000011, 35.6337008 ], [ -111.3504741, 35.6264451 ], [ -111.3593667, 35.6264091 ], [ -111.359343400000014, 35.5828923 ], [ -111.5367172, 35.5831556 ], [ -111.5367508, 35.5396736 ], [ -111.377109, 35.5393264 ], [ -111.3771562, 35.4959462 ], [ -111.3416616, 35.4959339 ], [ -111.341630099999989, 35.5104421 ], [ -111.3239052, 35.5104523 ], [ -111.323906799999989, 35.5249585 ], [ -111.3061672, 35.5249709 ], [ -111.306132, 35.5394798 ], [ -111.2884072, 35.5394412 ], [ -111.2883504, 35.5539482 ], [ -111.2705676, 35.5540281 ], [ -111.2705436, 35.5613046 ], [ -111.2960181, 35.5830361 ], [ -111.3415883, 35.5829981 ], [ -111.3415769, 35.6337348 ] ] ] } },
{ "type": "Feature", "properties": { "name": "Padre Island National Seashore", "code": "PAIS", "designation": "National Seashores", "state": "TX", "acres": 129876.0, "type": "nps" }, "geometry": { "type": "Polygon", "coordinates": [ [ [ -97.258689, 27.5382946 ], [ -97.2900186, 27.5382928 ], [ -97.3928884, 27.3336531 ], [ -97.3760677, 27.3336536 ], [ -97.4144614, 27.1759891 ], [ -97.4233918, 27.0522547 ], [ -97.4191497, 26.9559291 ], [ -97.4024109, 26.8457486 ], [ -97.3647614, 26.6941288 ], [ -97.31859750000001, 26.5621737 ], [ -97.2709539, 26.5639044 ], [ -97.3162458, 26.6937299 ], [ -97.353829, 26.8453644 ], [ -97.3705199, 26.955551 ], [ -97.3747198, 27.0518785 ], [ -97.3657351, 27.1756109 ], [ -97.3445105, 27.2717292 ], [ -97.3107801, 27.3814932 ], [ -97.262541399999989, 27.4921595 ], [ -97.280744399999989, 27.4957539 ], [ -97.258689, 27.5382946 ] ] ] } },
{ "type": "Feature", "properties": { "name": "Pecos National Historical Park", "code": "PECO", "designation": "National Historical Parks", "state": "NM", "acres": 6493.0, "type": "nps" }, "geometry": { "type": "Polygon", "coordinates": [ [ [ -105.6680621, 35.5635795 ], [ -105.6648152, 35.5418589 ], [ -105.6722007, 35.5444241 ], [ -105.6698764, 35.5624229 ], [ -105.694709800000012, 35.5660617 ], [ -105.7019626, 35.5584131 ], [ -105.7067767, 35.5479232 ], [ -105.680992500000016, 35.5138386 ], [ -105.6430758, 35.5139079 ], [ -105.6431351, 35.5652336 ], [ -105.6680621, 35.5635795 ] ] ] } },
{ "type": "Feature", "properties": { "name": "Chickasaw National Recreation Area", "code": "CHIC", "designation": "National Recreation Areas", "state": "OK", "acres": 9684.0, "type": "nps" }, "geometry": { "type": "Polygon", "coordinates": [ [ [ -96.9593226, 34.501941 ], [ -96.9766105, 34.5063397 ], [ -96.9810307, 34.4980156 ], [ -96.9880201, 34.5007796 ], [ -96.9931806, 34.4916591 ], [ -97.002938300000011, 34.4917174 ], [ -97.003182, 34.4752616 ], [ -97.016321499999989, 34.462691 ], [ -97.0272226, 34.4626935 ], [ -97.02723, 34.4554482 ], [ -97.036031, 34.4626966 ], [ -97.0228657, 34.4771115 ], [ -97.0204876, 34.499774 ], [ -97.0313925, 34.5064557 ], [ -97.0360055, 34.4735216 ], [ -97.0579755, 34.4555948 ], [ -97.0381906, 34.4445669 ], [ -97.042055300000015, 34.4373813 ], [ -97.033783500000013, 34.4370547 ], [ -97.031616, 34.4282068 ], [ -97.0140719, 34.4282929 ], [ -97.0140745, 34.4210597 ], [ -96.9705243, 34.4104229 ], [ -96.971572, 34.4266595 ], [ -96.9944461, 34.4338481 ], [ -96.9944858, 34.4482366 ], [ -96.9856759, 34.4808323 ], [ -96.9747389, 34.4808257 ], [ -96.9747167, 34.4891742 ], [ -96.9681651, 34.4891457 ], [ -96.974692499999989, 34.4934829 ], [ -96.965635300000017, 34.4916568 ], [ -96.9538419, 34.5033938 ], [ -96.9374114, 34.4989011 ], [ -96.9374012, 34.5052186 ], [ -96.9498372, 34.5080938 ], [ -96.9593226, 34.501941 ] ] ] } },
{ "type": "Feature", "properties": { "name": "Jean Lafitte National Historical Park and Preserve", "code": "JELA", "designation": "National Historical Parks", "state": "LA", "acres": 12735.0, "type": "nps" }, "geometry": { "type": "Polygon", "coordinates": [ [ [ -90.1438719, 29.775129 ], [ -90.1521094, 29.7697843 ], [ -90.1538551, 29.7436865 ], [ -90.139704, 29.7420055 ], [ -90.139332, 29.7590935 ], [ -90.1005072, 29.7624494 ], [ -90.0993263, 29.7941867 ], [ -90.1189725, 29.8100455 ], [ -90.1137623, 29.8252334 ], [ -90.1244196, 29.84367 ], [ -90.1331733, 29.8446205 ], [ -90.1160908, 29.8544851 ], [ -90.1151289, 29.8717749 ], [ -90.1374792, 29.8737866 ], [ -90.1245585, 29.8523049 ], [ -90.134029, 29.8533057 ], [ -90.1352627, 29.8669695 ], [ -90.1346059, 29.8545306 ], [ -90.1480799, 29.8546449 ], [ -90.1481743, 29.8467027 ], [ -90.1605143, 29.8402944 ], [ -90.1605302, 29.8255762 ], [ -90.1522365, 29.832663 ], [ -90.1521412, 29.815484 ], [ -90.1694997, 29.8134614 ], [ -90.170275, 29.8019652 ], [ -90.1438719, 29.775129 ] ] ] } },
{ "type": "Feature", "properties": { "name": "Lake Meredith National Recreation Area", "code": "LAMR", "designation": "National Recreation Areas", "state": "TX", "acres": 40812.0, "type": "nps" }, "geometry": { "type": "Polygon", "coordinates": [ [ [ -101.584084100000013, 35.7398659 ], [ -101.5840489, 35.724026 ], [ -101.5977099, 35.731357 ], [ -101.6029711, 35.710386899999989 ], [ -101.6218328, 35.7219419 ], [ -101.6073746, 35.702286 ], [ -101.6171691, 35.6988119 ], [ -101.6215242, 35.7057389 ], [ -101.6348043, 35.705146899999988 ], [ -101.6349581, 35.7115488 ], [ -101.6471536, 35.7067858 ], [ -101.6459802, 35.721101 ], [ -101.6780488, 35.7269651 ], [ -101.6840708, 35.7363345 ], [ -101.6946177, 35.7318871 ], [ -101.6619198, 35.7194873 ], [ -101.65701, 35.7049658 ], [ -101.663678499999989, 35.6944904 ], [ -101.6474039, 35.6965619 ], [ -101.6511651, 35.6697179 ], [ -101.6570003, 35.6625972 ], [ -101.6827125, 35.6713282 ], [ -101.6751781, 35.6646727 ], [ -101.6823839, 35.6571462 ], [ -101.6729846, 35.65726 ], [ -101.670458599999989, 35.6466933 ], [ -101.6940837, 35.650364 ], [ -101.7031459, 35.6596225 ], [ -101.706696799999989, 35.6392971 ], [ -101.6920977, 35.6418614 ], [ -101.681390100000016, 35.631538899999988 ], [ -101.6927031, 35.6337521 ], [ -101.6897944, 35.6186118 ], [ -101.7431098, 35.6117227 ], [ -101.7545749, 35.613731199999989 ], [ -101.752415, 35.624205 ], [ -101.7663544, 35.6197141 ], [ -101.7560781, 35.6111312 ], [ -101.7594973, 35.5897912 ], [ -101.731509699999989, 35.5862559 ], [ -101.7364253, 35.5781754 ], [ -101.7688635, 35.569939399999988 ], [ -101.7666258, 35.5620782 ], [ -101.7792604, 35.5557559 ], [ -101.7716718, 35.5503018 ], [ -101.778451499999989, 35.5395984 ], [ -101.7990696, 35.5492192 ], [ -101.794118900000015, 35.5284613 ], [ -101.7836559, 35.5319958 ], [ -101.7761533, 35.5182059 ], [ -101.7861341, 35.511086 ], [ -101.7887173, 35.5161997 ], [ -101.7989981, 35.5040927 ], [ -101.7931812, 35.4909278 ], [ -101.7724835, 35.4807087 ], [ -101.8257633, 35.482906 ], [ -101.8229701, 35.4787649 ], [ -101.8536025, 35.472563 ], [ -101.852527099999989, 35.4634279 ], [ -101.8146272, 35.4730326 ], [ -101.7911281, 35.4716289 ], [ -101.7909351, 35.4617019 ], [ -101.782769300000012, 35.4743349 ], [ -101.7613371, 35.4726499 ], [ -101.7599175, 35.4866234 ], [ -101.7677043, 35.4929694 ], [ -101.7574441, 35.5012839 ], [ -101.7549421, 35.5239019 ], [ -101.7458629, 35.5248634 ], [ -101.7459595, 35.5356105 ], [ -101.7277541, 35.5394029 ], [ -101.7273701, 35.5593919 ], [ -101.7097891, 35.5794379 ], [ -101.6901957, 35.5707312 ], [ -101.6622301, 35.6041339 ], [ -101.6464971, 35.5834909 ], [ -101.6509401, 35.6133919 ], [ -101.6412851, 35.6146679 ], [ -101.6468331, 35.6307369 ], [ -101.6376991, 35.6436199 ], [ -101.6133771, 35.6478769 ], [ -101.6091671, 35.6716439 ], [ -101.5954671, 35.6668019 ], [ -101.5990691, 35.6741549 ], [ -101.5827611, 35.6861575 ], [ -101.5498527, 35.6888671 ], [ -101.5389058, 35.7035704 ], [ -101.5482351, 35.740325899999988 ], [ -101.584084100000013, 35.7398659 ] ] ] } },
{ "type": "Feature", "properties": { "name": "Alibates Flint Quarries National Monument", "code": "ALFL", "designation": "National Monuments", "state": "TX", "acres": 1340.0, "type": "nps" }, "geometry": { "type": "Polygon", "coordinates": [ [ [ -101.6794771, 35.5674493 ], [ -101.6560126, 35.5796035 ], [ -101.6585952, 35.594304 ], [ -101.6701741, 35.5966089 ], [ -101.6901957, 35.5707312 ], [ -101.6794771, 35.5674493 ] ] ] } },
{ "type": "Feature", "properties": { "name": "Rio Grande Wild and Scenic River", "code": "RIGR", "designation": "National Wild & Scenic Rivers", "state": "TX", "acres": 20844.0, "type": "nps" }, "geometry": { "type": "MultiPolygon", "coordinates": [ [ [ [ -103.1691153, 28.9839198 ], [ -103.2200803, 28.9893255 ], [ -103.227460799999989, 28.9954601 ], [ -103.2473283, 28.9844015 ], [ -103.2674177, 28.9997089 ], [ -103.2783085, 28.9836243 ], [ -103.2827221, 29.0022929 ], [ -103.3010892, 29.0121558 ], [ -103.3045104, 29.0069845 ], [ -103.2863234, 29.0009016 ], [ -103.2817707, 28.9811556 ], [ -103.2735934, 28.9825189 ], [ -103.2678937, 28.9962428 ], [ -103.2490149, 28.9806128 ], [ -103.2276848, 28.9917452 ], [ -103.220530599999989, 28.9832678 ], [ -103.2141547, 28.9878174 ], [ -103.1812932, 28.9831213 ], [ -103.1641189, 28.9721397 ], [ -103.1547638, 28.9745986 ], [ -103.1691153, 28.9839198 ] ] ], [ [ [ -103.1159368, 28.9847937 ], [ -103.1172869, 29.0004202 ], [ -103.0980955, 29.0258323 ], [ -103.1066548, 29.038622 ], [ -103.1014788, 29.0594433 ], [ -103.0939418, 29.0650802 ], [ -103.085869699999989, 29.0538795 ], [ -103.0813793, 29.0736776 ], [ -103.104162699999989, 29.0623733 ], [ -103.1102308, 29.0413914 ], [ -103.1024611, 29.0265372 ], [ -103.121468299999989, 29.0016343 ], [ -103.1169618, 28.9867723 ], [ -103.1374728, 28.9871968 ], [ -103.1515345, 28.9754472 ], [ -103.1159368, 28.9847937 ] ] ], [ [ [ -103.0773926, 29.0912463 ], [ -103.0338623, 29.1008995 ], [ -103.038048100000012, 29.1141859 ], [ -103.0149843, 29.1278144 ], [ -102.995971900000015, 29.1606538 ], [ -102.9966139, 29.1784288 ], [ -102.9765632, 29.1864567 ], [ -102.9505749, 29.1731955 ], [ -102.9448062, 29.1909734 ], [ -102.9177605, 29.1905037 ], [ -102.9125164, 29.2193251 ], [ -102.8956272, 29.2084662 ], [ -102.8674729, 29.223738 ], [ -102.8717638, 29.2418419 ], [ -102.9064345, 29.2598709 ], [ -102.899276300000011, 29.2691505 ], [ -102.90319, 29.2793422 ], [ -102.888228, 29.2930343 ], [ -102.89315160000001, 29.3089532 ], [ -102.8891432, 29.3177722 ], [ -102.8975821, 29.307772 ], [ -102.8903653, 29.294209 ], [ -102.9070149, 29.2816584 ], [ -102.9106097, 29.2592441 ], [ -102.8910502, 29.2428859 ], [ -102.877183, 29.2426526 ], [ -102.869001, 29.2234725 ], [ -102.892884, 29.2100256 ], [ -102.9100711, 29.2232029 ], [ -102.9172235, 29.2203875 ], [ -102.9231351, 29.1968986 ], [ -102.9457684, 29.1943773 ], [ -102.9538035, 29.1814193 ], [ -102.9752854, 29.1899077 ], [ -102.9988354, 29.1817101 ], [ -103.0000972, 29.1616405 ], [ -103.0188993, 29.1297706 ], [ -103.0408918, 29.1159552 ], [ -103.0370425, 29.1034778 ], [ -103.0452323, 29.0990923 ], [ -103.056109299999989, 29.1040822 ], [ -103.0821695, 29.090865199999989 ], [ -103.0797022, 29.0810693 ], [ -103.0773926, 29.0912463 ] ] ], [ [ [ -102.8800788, 29.3377068 ], [ -102.8842068, 29.3479588 ], [ -102.8770101, 29.3548055 ], [ -102.8609878, 29.3513148 ], [ -102.8397102, 29.3588082 ], [ -102.845133, 29.3744161 ], [ -102.8341122, 29.3788655 ], [ -102.8254309, 29.3972234 ], [ -102.8129597, 29.3995628 ], [ -102.83341, 29.4109593 ], [ -102.8269646, 29.4175928 ], [ -102.8308942, 29.4446691 ], [ -102.8196501, 29.4510857 ], [ -102.8256803, 29.4579403 ], [ -102.8137614, 29.4831329 ], [ -102.8008606, 29.486518 ], [ -102.8088806, 29.5219593 ], [ -102.7921804, 29.5329375 ], [ -102.791533, 29.5430016 ], [ -102.7708995, 29.548642 ], [ -102.777851, 29.5608911 ], [ -102.7740138, 29.5733469 ], [ -102.762306400000014, 29.5794554 ], [ -102.7683466, 29.5952102 ], [ -102.7461235, 29.5926726 ], [ -102.7402846, 29.5981351 ], [ -102.7364223, 29.641728 ], [ -102.7270034, 29.6423259 ], [ -102.725781, 29.6513653 ], [ -102.6960589, 29.6712274 ], [ -102.6986247, 29.6975975 ], [ -102.6746512, 29.7443469 ], [ -102.659812, 29.7355479 ], [ -102.630385499999988, 29.7341634 ], [ -102.6124797, 29.7482809 ], [ -102.573684, 29.7548057 ], [ -102.5674366, 29.7715714 ], [ -102.548311, 29.7446637 ], [ -102.5134191, 29.7655618 ], [ -102.5176358, 29.7836187 ], [ -102.4989096, 29.7809247 ], [ -102.4871936, 29.7866546 ], [ -102.480647499999989, 29.7760031 ], [ -102.4655871, 29.7834973 ], [ -102.4577995, 29.774611 ], [ -102.4351182, 29.776757 ], [ -102.4466658, 29.7813036 ], [ -102.457540099999989, 29.776042 ], [ -102.4648804, 29.786201 ], [ -102.4808855, 29.7777049 ], [ -102.4875547, 29.7896622 ], [ -102.5220518, 29.7848126 ], [ -102.5149432, 29.7681007 ], [ -102.5488642, 29.7490327 ], [ -102.5663713, 29.7754301 ], [ -102.577881, 29.7674306 ], [ -102.5770077, 29.7573885 ], [ -102.6144956, 29.7514652 ], [ -102.626954, 29.7391802 ], [ -102.661513500000012, 29.7399674 ], [ -102.6677477, 29.7500492 ], [ -102.6788795, 29.7463126 ], [ -102.7027435, 29.6982216 ], [ -102.698774300000011, 29.6770843 ], [ -102.7465033, 29.6329267 ], [ -102.744693, 29.598868 ], [ -102.7627243, 29.6023378 ], [ -102.772310499999989, 29.5967019 ], [ -102.7668137, 29.5796684 ], [ -102.7781603, 29.5740491 ], [ -102.7793873, 29.5499767 ], [ -102.794626799999989, 29.5456553 ], [ -102.7961594, 29.5351541 ], [ -102.8125712, 29.5240881 ], [ -102.807693, 29.4876063 ], [ -102.818593, 29.4840793 ], [ -102.8364183, 29.4429962 ], [ -102.8280909, 29.4188847 ], [ -102.8375216, 29.4094363 ], [ -102.8283461, 29.399717 ], [ -102.848689, 29.3761135 ], [ -102.8469619, 29.3610362 ], [ -102.8616129, 29.3550084 ], [ -102.8773564, 29.3589036 ], [ -102.8884634, 29.3489958 ], [ -102.8866889, 29.3231709 ], [ -102.8800788, 29.3377068 ] ] ], [ [ [ -102.4090765, 29.7644392 ], [ -102.395591, 29.7693687 ], [ -102.3874595, 29.7612724 ], [ -102.390132, 29.7818944 ], [ -102.3772002, 29.7899703 ], [ -102.3695565, 29.8236358 ], [ -102.381781, 29.7915151 ], [ -102.3941828, 29.7825 ], [ -102.3892132, 29.7659318 ], [ -102.395654, 29.7732098 ], [ -102.4086413, 29.7663256 ], [ -102.4284209, 29.7741193 ], [ -102.4090765, 29.7644392 ] ] ], [ [ [ -102.364624, 29.8453443 ], [ -102.3412737, 29.8693606 ], [ -102.3233236, 29.8640029 ], [ -102.3159235, 29.880044 ], [ -102.2869524, 29.8713082 ], [ -102.2812453, 29.8629053 ], [ -102.2672648, 29.8669391 ], [ -102.2800374, 29.8644953 ], [ -102.2849886, 29.8727173 ], [ -102.3190385, 29.8822349 ], [ -102.3266669, 29.8779334 ], [ -102.3256377, 29.8648711 ], [ -102.339731, 29.872067 ], [ -102.3689649, 29.8443819 ], [ -102.3666966, 29.8362238 ], [ -102.364624, 29.8453443 ] ] ], [ [ [ -102.260030500000013, 29.8529904 ], [ -102.246831899999989, 29.8640851 ], [ -102.2471186, 29.8654907 ], [ -102.2597793, 29.8538783 ], [ -102.2631013, 29.8677354 ], [ -102.2648258, 29.8674056 ], [ -102.260030500000013, 29.8529904 ] ] ], [ [ [ -102.2446324, 29.8485664 ], [ -102.2233075, 29.8404937 ], [ -102.2094477, 29.844309 ], [ -102.2229963, 29.8413819 ], [ -102.2438795, 29.8496061 ], [ -102.2461535, 29.8607586 ], [ -102.2446324, 29.8485664 ] ] ], [ [ [ -102.1969584, 29.8363011 ], [ -102.1864648, 29.8484498 ], [ -102.1816558, 29.8431562 ], [ -102.1825126, 29.8483008 ], [ -102.189884299999989, 29.8493408 ], [ -102.196053299999988, 29.8388644 ], [ -102.2061142, 29.8450289 ], [ -102.2093673, 29.8443264 ], [ -102.1969584, 29.8363011 ] ] ], [ [ [ -102.1799157, 29.8260891 ], [ -102.1774243, 29.8259902 ], [ -102.1788959, 29.8265805 ], [ -102.1795035, 29.8302299 ], [ -102.1799157, 29.8260891 ] ] ], [ [ [ -102.1421558, 29.8026726 ], [ -102.118536, 29.8017925 ], [ -102.115896, 29.792336 ], [ -102.0842905, 29.7951481 ], [ -102.073236600000016, 29.7865664 ], [ -102.0506255, 29.7850357 ], [ -102.0388285, 29.7915341 ], [ -102.0362725, 29.8040992 ], [ -102.0154293, 29.7974483 ], [ -101.9968634, 29.806228 ], [ -101.9918596, 29.8016311 ], [ -101.997124, 29.8067742 ], [ -102.015513399999989, 29.7982783 ], [ -102.035632600000014, 29.8050535 ], [ -102.0511336, 29.7857131 ], [ -102.0731272, 29.787315 ], [ -102.084511, 29.7957612 ], [ -102.1153696, 29.7928746 ], [ -102.1185968, 29.8024283 ], [ -102.142442699999989, 29.803369 ], [ -102.1473042, 29.8139023 ], [ -102.1593846, 29.8187519 ], [ -102.1421558, 29.8026726 ] ] ], [ [ [ -101.9868108, 29.7969923 ], [ -101.9853689, 29.8019308 ], [ -101.987800600000014, 29.7979018 ], [ -101.9868108, 29.7969923 ] ] ], [ [ [ -101.9746551, 29.815902500000011 ], [ -101.976047, 29.8173712 ], [ -101.9770944, 29.8156368 ], [ -101.9746551, 29.815902500000011 ] ] ], [ [ [ -101.9574613, 29.7957837 ], [ -101.9354382, 29.7996288 ], [ -101.9290631, 29.7825456 ], [ -101.9115413, 29.7981679 ], [ -101.8751428, 29.7940452 ], [ -101.8535664, 29.8078746 ], [ -101.8241636, 29.7873943 ], [ -101.8187018, 29.7916788 ], [ -101.8254264, 29.8074901 ], [ -101.8266099, 29.8066119 ], [ -101.8235689, 29.7901638 ], [ -101.855153, 29.8089736 ], [ -101.8754167, 29.7950849 ], [ -101.9118406, 29.7987412 ], [ -101.9287884, 29.7835881 ], [ -101.9350642, 29.8005779 ], [ -101.9573621, 29.797649 ], [ -101.9676843, 29.8085459 ], [ -101.9574613, 29.7957837 ] ] ], [ [ [ -101.8178657, 29.8117308 ], [ -101.803627, 29.8035588 ], [ -101.8137973, 29.793829 ], [ -101.8081829, 29.7817095 ], [ -101.7884068, 29.7794827 ], [ -101.7848299, 29.7844949 ], [ -101.790488599999989, 29.780256 ], [ -101.8081198, 29.7830049 ], [ -101.8124959, 29.7936627 ], [ -101.802743299999989, 29.8039658 ], [ -101.818543, 29.8125973 ], [ -101.8241817, 29.8084137 ], [ -101.8178657, 29.8117308 ] ] ], [ [ [ -101.7609328, 29.7817617 ], [ -101.7768626, 29.7904619 ], [ -101.779125799999989, 29.7887671 ], [ -101.7609328, 29.7817617 ] ] ] ] } },
{ "type": "Feature", "properties": { "name": "Petroglyph National Monument", "code": "PETR", "designation": "National Monuments", "state": "NM", "acres": 6344.0, "type": "nps" }, "geometry": { "type": "Polygon", "coordinates": [ [ [ -106.7148989, 35.1625605 ], [ -106.7246678, 35.167001 ], [ -106.7288213, 35.1454254 ], [ -106.767463, 35.1453548 ], [ -106.7674658, 35.1689073 ], [ -106.7807395, 35.168916 ], [ -106.7806846, 35.1115008 ], [ -106.7511791, 35.101156 ], [ -106.7554301, 35.1106925 ], [ -106.7281894, 35.1182737 ], [ -106.7097462, 35.1382774 ], [ -106.7238216, 35.1437594 ], [ -106.7211198, 35.1560161 ], [ -106.6966981, 35.1785494 ], [ -106.7148989, 35.1625605 ] ] ] } },
{ "type": "Feature", "properties": { "name": "San Antonio Missions National Historical Park", "code": "SAAN", "designation": "National Historical Parks", "state": "TX", "acres": 465.0, "type": "nps" }, "geometry": { "type": "Polygon", "coordinates": [ [ [ -98.4588235, 29.3353393 ], [ -98.4512982, 29.3236884 ], [ -98.4438337, 29.3157283 ], [ -98.449911899999989, 29.3279361 ], [ -98.4425224, 29.323918 ], [ -98.4441679, 29.3305284 ], [ -98.4626534, 29.3469114 ], [ -98.4588235, 29.3353393 ] ] ] } },
{ "type": "Feature", "properties": { "name": "Washita Battlefield National Historic Site", "code": "WABA", "designation": "National Historic Sites", "state": "OK", "acres": 317.0, "type": "nps" }, "geometry": { "type": "Polygon", "coordinates": [ [ [ -99.6955455, 35.624429 ], [ -99.7134126, 35.6244911 ], [ -99.713385, 35.6172999 ], [ -99.6955729, 35.6173182 ], [ -99.6955455, 35.624429 ] ] ] } },
{ "type": "Feature", "properties": { "name": "White Sands National Park", "code": "WHSA", "designation": "National Parks", "state": "NM", "acres": 144868.0, "type": "nps" }, "geometry": { "type": "Polygon", "coordinates": [ [ [ -106.1705606, 32.8293899 ], [ -106.1534374, 32.8294251 ], [ -106.1526591, 32.873118 ], [ -106.4796282, 32.8680152 ], [ -106.4792596, 32.7831088 ], [ -106.463039099999989, 32.7569764 ], [ -106.4603689, 32.6763878 ], [ -106.4296672, 32.6562834 ], [ -106.3766596, 32.6571637 ], [ -106.37664, 32.6645036 ], [ -106.3424426, 32.6646987 ], [ -106.3424044, 32.6793797 ], [ -106.2431394, 32.6870625 ], [ -106.1754068, 32.7763614 ], [ -106.1496883, 32.7905783 ], [ -106.149395399999989, 32.8075626 ], [ -106.170775299999988, 32.8111435 ], [ -106.1705606, 32.8293899 ] ] ] } },
{ "type": "Feature", "properties": { "name": "El Malpais National Monument", "code": "ELMA", "designation": "National Monuments", "state": "NM", "acres": 112726.0, "type": "nps" }, "geometry": { "type": "Polygon", "coordinates": [ [ [ -108.0895393, 35.0167902 ], [ -108.0995489, 35.016809599999988 ], [ -108.099477, 35.002298 ], [ -108.108646600000014, 35.0024513 ], [ -108.1173389, 34.988014 ], [ -108.1439554, 34.9732496 ], [ -108.1392293, 34.9587946 ], [ -108.1152179, 34.9518007 ], [ -108.115172199999989, 34.92275 ], [ -108.0972274, 34.9227784 ], [ -108.0973423, 34.9010564 ], [ -108.1466925, 34.8972025 ], [ -108.1467953, 34.8280532 ], [ -108.1240746, 34.813711 ], [ -108.0712836, 34.813685 ], [ -108.0713043, 34.8209879 ], [ -108.062436100000014, 34.8209254 ], [ -108.0623015, 34.8391582 ], [ -108.044257, 34.8571306 ], [ -108.0441146, 34.8862701 ], [ -108.0092085, 34.8788871 ], [ -108.004879699999989, 34.8716193 ], [ -107.9655356, 34.8715197 ], [ -107.9613771, 34.856864 ], [ -107.9746302, 34.849564 ], [ -107.9963296, 34.8533223 ], [ -107.9964802, 34.8459627 ], [ -108.0096695, 34.8423792 ], [ -108.009862399999989, 34.8313929 ], [ -108.036143900000013, 34.8279684 ], [ -108.0363597, 34.8134005 ], [ -108.0448849, 34.8134219 ], [ -108.0448189, 34.7370145 ], [ -107.9930839, 34.7361893 ], [ -107.9905673, 34.7102156 ], [ -107.9095833, 34.8111803 ], [ -107.9177019, 34.8433317 ], [ -107.903775, 34.8717637 ], [ -107.8709624, 34.8786176 ], [ -107.858185600000013, 34.8999663 ], [ -107.853438, 34.9328203 ], [ -107.8420416, 34.9289967 ], [ -107.8405381, 34.9435634 ], [ -107.8238768, 34.9407745 ], [ -107.8054786, 34.9861064 ], [ -107.8124635, 35.0012227 ], [ -107.8537563, 35.0016218 ], [ -107.8538614, 34.9871822 ], [ -107.8890093, 34.9873564 ], [ -107.8891832, 34.9583149 ], [ -107.947114, 34.9556567 ], [ -107.9563796, 34.9079033 ], [ -108.0441626, 34.9081246 ], [ -108.0441759, 34.9153391 ], [ -108.0529558, 34.9154163 ], [ -108.0529618, 34.9299556 ], [ -108.0442129, 34.9299123 ], [ -108.0442287, 34.937203 ], [ -108.061731, 34.9445087 ], [ -108.0619771, 34.9586781 ], [ -107.9786384, 34.9585011 ], [ -107.9870812, 34.9697278 ], [ -108.046832099999989, 35.000894 ], [ -108.0467549, 35.0092797 ], [ -108.0875414, 35.0094682 ], [ -108.0895393, 35.0167902 ] ] ] } },
{ "type": "Feature", "properties": { "name": "Poverty Point National Monument", "code": "POPO", "designation": "National Monuments", "state": "LA", "acres": 513.0, "type": "nps" }, "geometry": { "type": "Polygon", "coordinates": [ [ [ -91.4154228, 32.6429356 ], [ -91.416938, 32.6268758 ], [ -91.4050663, 32.6268463 ], [ -91.4025697, 32.6410095 ], [ -91.3956734, 32.6416236 ], [ -91.4154228, 32.6429356 ] ] ] } },
{ "type": "Feature", "properties": { "name": "Palo Alto Battlefield National Historical Park", "code": "PAAL", "designation": "National Historical Parks", "state": "TX", "acres": 3395.0, "type": "nps" }, "geometry": { "type": "Polygon", "coordinates": [ [ [ -97.4787561, 26.0436189 ], [ -97.4813147, 26.014671 ], [ -97.4708721, 26.0057111 ], [ -97.4475124, 26.0049371 ], [ -97.444577099999989, 26.0420571 ], [ -97.4787561, 26.0436189 ] ] ] } },
{ "type": "Feature", "properties": { "name": "Cabrillo National Monument", "code": "CABR", "designation": "National Monuments", "state": "CA", "acres": 85.0, "type": "nps" }, "geometry": { "type": "Polygon", "coordinates": [ [ [ -117.2431902, 32.6666744 ], [ -117.2362333, 32.6715204 ], [ -117.2416118, 32.6772478 ], [ -117.2431902, 32.6666744 ] ] ] } },
{ "type": "Feature", "properties": { "name": "Channel Islands National Park", "code": "CHIS", "designation": "National Parks", "state": "CA", "acres": 107090.0, "type": "nps" }, "geometry": { "type": "Polygon", "coordinates": [ [ [ -119.9421158, 34.0464246 ], [ -119.9179518, 34.0401397 ], [ -119.899424, 34.024256799999989 ], [ -119.907205199999979, 34.0049092 ], [ -119.888964, 33.9688444 ], [ -119.8203222, 33.9432796 ], [ -119.717954100000014, 33.9429081 ], [ -119.6496915, 33.9708012 ], [ -119.552821900000012, 33.9800044 ], [ -119.500503, 34.0322005 ], [ -119.5165505, 34.0539987 ], [ -119.559776, 34.0722295 ], [ -119.6067327, 34.0626892 ], [ -119.6239847, 34.0508475 ], [ -119.6329123, 34.0316504 ], [ -119.6736177, 34.0363299 ], [ -119.702017599999976, 34.0575294 ], [ -119.75381, 34.0751758 ], [ -119.809966699999976, 34.070431 ], [ -119.85143, 34.0874785 ], [ -119.9110125, 34.0944068 ], [ -119.933913499999989, 34.0887916 ], [ -119.9499692, 34.0593533 ], [ -119.9421158, 34.0464246 ] ] ] } },
{ "type": "Feature", "properties": { "name": "Golden Gate National Recreation Area", "code": "GOGA", "designation": "National Recreation Areas", "state": "CA", "acres": 38460.0, "type": "nps" }, "geometry": { "type": "MultiPolygon", "coordinates": [ [ [ [ -122.5160652, 37.5716509 ], [ -122.51656770000001, 37.5724303 ], [ -122.516757399999975, 37.5411383 ], [ -122.5160652, 37.5716509 ] ] ], [ [ [ -122.5157719, 37.5845731 ], [ -122.5164948, 37.584446 ], [ -122.51656, 37.5736976 ], [ -122.516013, 37.5739502 ], [ -122.5157719, 37.5845731 ] ] ], [ [ [ -122.583098299999989, 37.9157859 ], [ -122.5893808, 37.9089431 ], [ -122.6108941, 37.9119472 ], [ -122.592843499999987, 37.9270992 ], [ -122.5831073, 37.923746 ], [ -122.5788581, 37.9289156 ], [ -122.5998442, 37.9270612 ], [ -122.611197799999985, 37.9117872 ], [ -122.6220002, 37.9108115 ], [ -122.7249447, 38.0004826 ], [ -122.711888699999989, 38.009604 ], [ -122.709072, 38.004622 ], [ -122.717534, 38.0282389 ], [ -122.6982772, 38.0337276 ], [ -122.7042983, 38.0515679 ], [ -122.739017, 38.0563587 ], [ -122.7800097, 38.0812166 ], [ -122.7851623, 38.0729444 ], [ -122.7959414, 38.0756679 ], [ -122.804741400000012, 38.063433 ], [ -122.782997099999989, 38.0435211 ], [ -122.781331400000013, 38.0234874 ], [ -122.698199799999983, 37.932089 ], [ -122.682980799999982, 37.9298652 ], [ -122.6437819, 37.9000167 ], [ -122.6382965, 37.9048035 ], [ -122.629050100000015, 37.898631 ], [ -122.65693779999998, 37.8996954 ], [ -122.6303128, 37.8779538 ], [ -122.5665665, 37.8497541 ], [ -122.5279758, 37.8116688 ], [ -122.5200266, 37.8214967 ], [ -122.4992351, 37.8162824 ], [ -122.4752645, 37.8225512 ], [ -122.466608299999976, 37.8369964 ], [ -122.4729156, 37.8469817 ], [ -122.4879465, 37.8452265 ], [ -122.5167046, 37.8721659 ], [ -122.5473967, 37.8739516 ], [ -122.5514188, 37.8873266 ], [ -122.542368200000013, 37.8903557 ], [ -122.570839, 37.8965751 ], [ -122.5733631, 37.9005313 ], [ -122.567795499999988, 37.8890778 ], [ -122.601162800000012, 37.8975273 ], [ -122.5755153, 37.9039043 ], [ -122.583098299999989, 37.9157859 ] ], [ [ -122.5868081, 37.8645812 ], [ -122.577136, 37.8671071 ], [ -122.5819284, 37.8571332 ], [ -122.5868081, 37.8645812 ] ] ] ] } },
{ "type": "Feature", "properties": { "name": "Kalaupapa National Historical Park", "code": "KALA", "designation": "National Historical Parks", "state": "HI", "acres": 10376.0, "type": "nps" }, "geometry": { "type": "Polygon", "coordinates": [ [ [ -156.9550334, 21.1531141 ], [ -156.957717299999985, 21.1760763 ], [ -156.952862399999987, 21.1523976 ], [ -156.9389218, 21.1568277 ], [ -156.9178449, 21.1274877 ], [ -156.8974327, 21.1286196 ], [ -156.89284379999998, 21.1467406 ], [ -156.9174849, 21.1593143 ], [ -156.911564199999987, 21.1736858 ], [ -156.940273499999989, 21.1754338 ], [ -156.9636406, 21.2169881 ], [ -156.9844042, 21.2111512 ], [ -156.9906948, 21.1853268 ], [ -157.018873899999988, 21.1874666 ], [ -157.0201257, 21.1806629 ], [ -157.0056932, 21.1736322 ], [ -156.9716463, 21.1724091 ], [ -156.9550334, 21.1531141 ] ] ] } },
{ "type": "Feature", "properties": { "name": "Fort Point National Historic Site", "code": "FOPO", "designation": "National Historic Sites", "state": "CA", "acres": 0.0, "type": "nps" }, "geometry": { "type": "GeometryCollection", "geometries": [ ] } },
{ "type": "Feature", "properties": { "name": "Eugene O'Neill National Historic Site", "code": "EUON", "designation": "National Historic Sites", "state": "CA", "acres": 0.0, "type": "nps" }, "geometry": { "type": "GeometryCollection", "geometries": [ ] } },
{ "type": "Feature", "properties": { "name": "Grand Canyon National Park", "code": "GRCA", "designation": "National Parks", "state": "AZ", "acres": 1202021.0, "type": "nps" }, "geometry": { "type": "Polygon", "coordinates": [ [ [ -113.6835357, 36.1251605 ], [ -113.6936294, 36.1263626 ], [ -113.6976894, 36.1193291 ], [ -113.6902717, 36.1325081 ], [ -113.7056741, 36.1315731 ], [ -113.6989441, 36.1290865 ], [ -113.7037214, 36.120871799999989 ], [ -113.711441799999989, 36.1292234 ], [ -113.717871699999989, 36.1255965 ], [ -113.7200883, 36.118665 ], [ -113.7055073, 36.1169109 ], [ -113.720242399999989, 36.1153583 ], [ -113.7063367, 36.1076744 ], [ -113.7209061, 36.1093067 ], [ -113.7140914, 36.1035626 ], [ -113.7208612, 36.1009867 ], [ -113.7093307, 36.0952817 ], [ -113.7161768, 36.0899219 ], [ -113.7321281, 36.099401 ], [ -113.7290036, 36.1391967 ], [ -113.7389033, 36.1333439 ], [ -113.7228577, 36.1480736 ], [ -113.7299767, 36.1517127 ], [ -113.7364935, 36.1447188 ], [ -113.7440123, 36.148242 ], [ -113.74668, 36.13897 ], [ -113.7522111, 36.1460914 ], [ -113.7617353, 36.140158 ], [ -113.7666116, 36.1617771 ], [ -113.7705957, 36.1580979 ], [ -113.7738356, 36.1666006 ], [ -113.7854518, 36.164472 ], [ -113.7910445, 36.1712791 ], [ -113.7947921, 36.1615572 ], [ -113.7978728, 36.1662934 ], [ -113.8377974, 36.145625 ], [ -113.9391568, 36.1452611 ], [ -113.9390945, 36.1279777 ], [ -113.954844, 36.1283759 ], [ -113.9547104, 36.1197352 ], [ -113.961411, 36.1225297 ], [ -113.9695369, 36.1091097 ], [ -113.9798657, 36.1128987 ], [ -113.9795113, 36.0250704 ], [ -113.9437395, 35.9881198 ], [ -113.903826599999988, 35.9734058 ], [ -113.8999522, 36.0894718 ], [ -113.8994056, 36.0726791 ], [ -113.8863967, 36.055786 ], [ -113.8599661, 36.0511263 ], [ -113.8599283, 36.0457024 ], [ -113.8533239, 36.0508006 ], [ -113.814518, 36.0458264 ], [ -113.7857519, 36.0222666 ], [ -113.7859079, 35.996774 ], [ -113.7704866, 35.9706444 ], [ -113.760781, 35.9671235 ], [ -113.7639797, 35.9626363 ], [ -113.7489325, 35.9663975 ], [ -113.7389048, 35.9548955 ], [ -113.740986, 35.9396711 ], [ -113.724894800000015, 35.9394836 ], [ -113.7150576, 35.9291435 ], [ -113.7131311, 35.8898258 ], [ -113.7209838, 35.8867101 ], [ -113.6702713, 35.8659651 ], [ -113.6740303, 35.8601295 ], [ -113.6669728, 35.8614312 ], [ -113.657409, 35.8494812 ], [ -113.650568100000015, 35.8228499 ], [ -113.6323627, 35.8182595 ], [ -113.6149294, 35.8465476 ], [ -113.6055269, 35.8489545 ], [ -113.5700742, 35.821492 ], [ -113.565161800000013, 35.8054233 ], [ -113.5431138, 35.7950892 ], [ -113.5135383, 35.7666858 ], [ -113.470129199999988, 35.7647592 ], [ -113.4219132, 35.7500863 ], [ -113.3862364, 35.7528819 ], [ -113.337598199999988, 35.791603 ], [ -113.326401, 35.8413514 ], [ -113.3097053, 35.8619395 ], [ -113.3095946, 35.8929455 ], [ -113.334784, 35.9145112 ], [ -113.3240704, 35.9371543 ], [ -113.327878, 35.9504235 ], [ -113.3144155, 35.9678894 ], [ -113.339739099999989, 35.986731299999988 ], [ -113.3533288, 36.0415004 ], [ -113.3289595, 36.069631 ], [ -113.3175563, 36.0978378 ], [ -113.277269, 36.0966939 ], [ -113.257282, 36.0874916 ], [ -113.2457305, 36.0932224 ], [ -113.2247959, 36.0905845 ], [ -113.2005907, 36.1190626 ], [ -113.2006737, 36.1495193 ], [ -113.1618613, 36.1718451 ], [ -113.1345073, 36.165976 ], [ -113.0996553, 36.1905972 ], [ -113.053232600000015, 36.2077468 ], [ -113.0187414, 36.2363382 ], [ -112.9659431, 36.2322907 ], [ -112.9326065, 36.2430712 ], [ -112.9221922, 36.2574749 ], [ -112.8909442, 36.2566003 ], [ -112.8765133, 36.2774959 ], [ -112.8723763, 36.1529533 ], [ -112.8641597, 36.1764211 ], [ -112.839133800000013, 36.2041867 ], [ -112.8348486, 36.223673 ], [ -112.8444894, 36.2340538 ], [ -112.8264018, 36.2268381 ], [ -112.8040904, 36.2361937 ], [ -112.7868328, 36.2573409 ], [ -112.7651797, 36.2638487 ], [ -112.739374500000011, 36.2889874 ], [ -112.7260985, 36.2868449 ], [ -112.7258309, 36.2807955 ], [ -112.6714252, 36.2740384 ], [ -112.668982199999988, 36.2832872 ], [ -112.6592532, 36.2847596 ], [ -112.6556749, 36.2752331 ], [ -112.6408619, 36.2755845 ], [ -112.6269554, 36.256430099999989 ], [ -112.6134171, 36.2527442 ], [ -112.61014, 36.2775119 ], [ -112.6036047, 36.2814551 ], [ -112.593027299999989, 36.2747323 ], [ -112.5845573, 36.2835855 ], [ -112.5892056, 36.2938859 ], [ -112.6093459, 36.2978312 ], [ -112.6096983, 36.3025874 ], [ -112.5916717, 36.2999592 ], [ -112.5841048, 36.3131577 ], [ -112.6057972, 36.3275934 ], [ -112.5726777, 36.3281963 ], [ -112.5638405, 36.3425384 ], [ -112.5729845, 36.3579198 ], [ -112.547846, 36.3404483 ], [ -112.5082276, 36.3519165 ], [ -112.4878607, 36.3435427 ], [ -112.5059415, 36.33978 ], [ -112.518925, 36.3278378 ], [ -112.5487451, 36.3389643 ], [ -112.5642825, 36.327089 ], [ -112.5688108, 36.3020587 ], [ -112.5643653, 36.2622855 ], [ -112.552165699999989, 36.2404212 ], [ -112.5565742, 36.2238383 ], [ -112.5319634, 36.2073517 ], [ -112.5161367, 36.2159009 ], [ -112.4961395, 36.2080407 ], [ -112.4706774, 36.1502895 ], [ -112.4501597, 36.1402353 ], [ -112.4259515, 36.1439148 ], [ -112.394795800000011, 36.1194484 ], [ -112.338728, 36.102034 ], [ -112.2443462, 36.0418124 ], [ -112.244331, 36.0209963 ], [ -112.1369508, 36.0209384 ], [ -112.1368974, 35.9918027 ], [ -112.0478757, 35.9918341 ], [ -112.0478706, 35.9773365 ], [ -112.0121737, 35.9772935 ], [ -112.0122143, 35.9630022 ], [ -111.9581676, 35.9630046 ], [ -111.9581775, 35.9738977 ], [ -111.9224563, 35.977517 ], [ -111.9224716, 35.9920461 ], [ -111.9045957, 35.9920823 ], [ -111.9045927, 35.9993529 ], [ -111.8512647, 35.9993973 ], [ -111.8512702, 36.0066481 ], [ -111.762354699999989, 36.006682 ], [ -111.762601, 36.198708 ], [ -111.7837102, 36.1897682 ], [ -111.794426, 36.1929606 ], [ -111.8184106, 36.2375789 ], [ -111.8211841, 36.263877 ], [ -111.8529899, 36.2968883 ], [ -111.8543239, 36.3373622 ], [ -111.8859217, 36.3720275 ], [ -111.848402299999989, 36.3816358 ], [ -111.8415306, 36.3907342 ], [ -111.8508838, 36.4009806 ], [ -111.8775387, 36.3987255 ], [ -111.8633786, 36.4100934 ], [ -111.8654607, 36.4281792 ], [ -111.8483546, 36.4315314 ], [ -111.8305133, 36.453649399999989 ], [ -111.8420344, 36.4799499 ], [ -111.835771, 36.4946659 ], [ -111.8520176, 36.5029095 ], [ -111.8045286, 36.5682649 ], [ -111.7649756, 36.5946634 ], [ -111.752902600000013, 36.6150928 ], [ -111.7567398, 36.6452812 ], [ -111.7397908, 36.654682 ], [ -111.7331967, 36.6823949 ], [ -111.7092765, 36.694699 ], [ -111.690755700000011, 36.7388141 ], [ -111.6620318, 36.7540864 ], [ -111.6154255, 36.8478971 ], [ -111.5877221, 36.8656916 ], [ -111.6162881, 36.8491628 ], [ -111.6328755, 36.8163673 ], [ -111.6529547, 36.8038777 ], [ -111.6449431, 36.7959344 ], [ -111.6518175, 36.7797087 ], [ -111.6783096, 36.7812349 ], [ -111.680284, 36.7768334 ], [ -111.6595596, 36.7731776 ], [ -111.668307, 36.7564447 ], [ -111.7111502, 36.7385923 ], [ -111.7388136, 36.7442269 ], [ -111.7275771, 36.7368883 ], [ -111.7383461, 36.729921 ], [ -111.7039158, 36.7378535 ], [ -111.7183128, 36.722451 ], [ -111.7122546, 36.7129948 ], [ -111.7176337, 36.6982874 ], [ -111.7396074, 36.6882893 ], [ -111.7447575, 36.6773453 ], [ -111.7644273, 36.6755095 ], [ -111.7877717, 36.65354 ], [ -111.8042841, 36.6495032 ], [ -111.7821188, 36.6521092 ], [ -111.758748, 36.6700714 ], [ -111.7488741, 36.6695408 ], [ -111.7490199, 36.6587133 ], [ -111.764793399999988, 36.6563301 ], [ -111.7671654, 36.6351748 ], [ -111.7821338, 36.618152 ], [ -111.8015639, 36.6102515 ], [ -111.790371, 36.6092607 ], [ -111.7697484, 36.6252008 ], [ -111.7648805, 36.6170536 ], [ -111.7789462, 36.594362 ], [ -111.8274014, 36.5668485 ], [ -111.8351661, 36.5401458 ], [ -111.8627715, 36.5100682 ], [ -111.875386, 36.5057578 ], [ -111.9110041, 36.515470799999989 ], [ -111.8937875, 36.5017538 ], [ -111.9021836, 36.4889679 ], [ -111.9247295, 36.4782612 ], [ -111.9307537, 36.4601215 ], [ -111.9238886, 36.4580039 ], [ -111.9200491, 36.4713309 ], [ -111.9012619, 36.4737889 ], [ -111.8844719, 36.490374 ], [ -111.8861635, 36.4810785 ], [ -111.8696311, 36.490251 ], [ -111.857090899999989, 36.4837449 ], [ -111.857872, 36.4704622 ], [ -111.8491876, 36.465629 ], [ -111.8761493, 36.4532974 ], [ -111.8603315, 36.4435114 ], [ -111.8910196, 36.4292834 ], [ -111.881495699999988, 36.4145015 ], [ -111.8986337, 36.4204004 ], [ -111.916607500000012, 36.4097091 ], [ -111.9186299, 36.3973291 ], [ -111.9012895, 36.3965169 ], [ -111.9026731, 36.3878518 ], [ -111.890916, 36.3855511 ], [ -111.905659199999988, 36.381692 ], [ -111.9110316, 36.3672088 ], [ -111.943526, 36.3430341 ], [ -111.9269111, 36.3478949 ], [ -111.9256749, 36.3386751 ], [ -111.9155988, 36.3503804 ], [ -111.905757, 36.3445797 ], [ -111.895033500000011, 36.3529479 ], [ -111.8811525, 36.3211012 ], [ -111.9084496, 36.317789 ], [ -111.9214129, 36.3231284 ], [ -111.9445812, 36.3087346 ], [ -111.9668911, 36.3111045 ], [ -111.977865099999988, 36.3034902 ], [ -112.0073514, 36.3008823 ], [ -112.0308129, 36.309001 ], [ -112.0462805, 36.3376934 ], [ -112.1454616, 36.3376999 ], [ -112.1454668, 36.3521953 ], [ -112.34229, 36.3522122 ], [ -112.3422893, 36.3628782 ], [ -112.3087007, 36.3626187 ], [ -112.3032713, 36.3737958 ], [ -112.3149376, 36.3674882 ], [ -112.337368, 36.3735341 ], [ -112.3224234, 36.3767565 ], [ -112.3297497, 36.3808334 ], [ -112.3483198, 36.3767691 ], [ -112.3622803, 36.3827041 ], [ -112.340226199999989, 36.3940743 ], [ -112.3699281, 36.4046094 ], [ -112.350124, 36.4119477 ], [ -112.374745499999989, 36.4188608 ], [ -112.363775, 36.4226849 ], [ -112.3843093, 36.4374562 ], [ -112.4041908, 36.4265234 ], [ -112.4144425, 36.4335354 ], [ -112.4406015, 36.4306422 ], [ -112.4454913, 36.4374614 ], [ -112.432645, 36.4465273 ], [ -112.4485807, 36.4508064 ], [ -112.5094311, 36.457388 ], [ -112.5191763, 36.4499267 ], [ -112.5394368, 36.4505484 ], [ -112.5774416, 36.4789704 ], [ -112.581988, 36.498057 ], [ -112.6121415, 36.5008587 ], [ -112.6399128, 36.4734642 ], [ -112.6729286, 36.4674712 ], [ -112.6873097, 36.455452199999989 ], [ -112.7084878, 36.4553608 ], [ -112.7084527, 36.4118785 ], [ -113.0260569, 36.4118892 ], [ -113.0305402, 36.401007 ], [ -113.039506800000012, 36.4009944 ], [ -113.0395084, 36.3828973 ], [ -113.0215708, 36.3829124 ], [ -113.0215657, 36.368478 ], [ -113.0305327, 36.3684773 ], [ -113.0305271, 36.3539766 ], [ -113.0394924, 36.353973599999989 ], [ -113.0484197, 36.295947 ], [ -113.0930219, 36.2959432 ], [ -113.0930277, 36.3249572 ], [ -113.1684153, 36.3248581 ], [ -113.1668912, 36.289123 ], [ -113.1788796, 36.274641 ], [ -113.1707962, 36.266452099999988 ], [ -113.167533400000011, 36.2275971 ], [ -113.1466995, 36.2234176 ], [ -113.1426277, 36.1824598 ], [ -113.177724, 36.1799346 ], [ -113.1818579, 36.1642768 ], [ -113.1836804, 36.1756325 ], [ -113.1919805, 36.174994 ], [ -113.1989223, 36.1569699 ], [ -113.2227994, 36.139421 ], [ -113.2232249, 36.1135887 ], [ -113.2428561, 36.1191876 ], [ -113.2314928, 36.1051536 ], [ -113.262539600000011, 36.1020092 ], [ -113.2677733, 36.1134928 ], [ -113.2760345, 36.1084034 ], [ -113.2711342, 36.1223662 ], [ -113.2822041, 36.121935 ], [ -113.276127, 36.1342415 ], [ -113.2824982, 36.136403 ], [ -113.283394699999988, 36.1294387 ], [ -113.2923918, 36.1370928 ], [ -113.2928205, 36.1286547 ], [ -113.3062541, 36.1316822 ], [ -113.2934507, 36.1265785 ], [ -113.3034909, 36.1222058 ], [ -113.2922539, 36.110262 ], [ -113.3289797, 36.1134542 ], [ -113.3262449, 36.1220666 ], [ -113.3404748, 36.1262524 ], [ -113.3284032, 36.1317651 ], [ -113.3452927, 36.1357328 ], [ -113.3484373, 36.1554354 ], [ -113.3663412, 36.1682537 ], [ -113.3661847, 36.1767136 ], [ -113.3793293, 36.188639 ], [ -113.3854193, 36.1804847 ], [ -113.3874941, 36.1886544 ], [ -113.3900246, 36.1837705 ], [ -113.406512, 36.1961962 ], [ -113.4123072, 36.191879299999989 ], [ -113.3987836, 36.1875476 ], [ -113.3683315, 36.1571909 ], [ -113.3916083, 36.1624697 ], [ -113.3911389, 36.1538128 ], [ -113.3695727, 36.1499399 ], [ -113.384820100000013, 36.132487 ], [ -113.3709469, 36.1404351 ], [ -113.3571646, 36.1260288 ], [ -113.3706586, 36.1190136 ], [ -113.356772299999989, 36.1182173 ], [ -113.3704931, 36.0986736 ], [ -113.3836307, 36.0942825 ], [ -113.3662322, 36.0942691 ], [ -113.348272, 36.1106146 ], [ -113.3422956, 36.1045689 ], [ -113.347411400000013, 36.0960364 ], [ -113.3378343, 36.0964107 ], [ -113.365324199999989, 36.0831148 ], [ -113.4041632, 36.0799871 ], [ -113.4009966, 36.0632045 ], [ -113.4089892, 36.0535823 ], [ -113.4283954, 36.0635111 ], [ -113.441288, 36.0416938 ], [ -113.443497799999989, 36.019255 ], [ -113.4273261, 36.0052588 ], [ -113.4230078, 35.9878012 ], [ -113.43324, 35.9745312 ], [ -113.4561935, 35.9891184 ], [ -113.444233, 35.9615017 ], [ -113.4469385, 35.9375177 ], [ -113.438485, 35.9299761 ], [ -113.452050199999988, 35.931345 ], [ -113.445119, 35.9163052 ], [ -113.4525174, 35.9205662 ], [ -113.4474953, 35.9125138 ], [ -113.4526476, 35.9144795 ], [ -113.4373262, 35.9046873 ], [ -113.4224767, 35.9189906 ], [ -113.4226081, 35.9033357 ], [ -113.415773800000011, 35.9085977 ], [ -113.412352399999989, 35.9027625 ], [ -113.413408, 35.9177964 ], [ -113.4044194, 35.9190472 ], [ -113.4142354, 35.9300699 ], [ -113.4013883, 35.9322025 ], [ -113.3974178, 35.9409901 ], [ -113.3887923, 35.9319964 ], [ -113.3926601, 35.9232797 ], [ -113.3774838, 35.9159939 ], [ -113.3944194, 35.9168967 ], [ -113.4015398, 35.9103908 ], [ -113.4025092, 35.8936957 ], [ -113.422693599999988, 35.8716485 ], [ -113.4230272, 35.8466488 ], [ -113.410911399999989, 35.8415497 ], [ -113.4214237, 35.8321307 ], [ -113.4209775, 35.8382443 ], [ -113.4368574, 35.8306648 ], [ -113.4521861, 35.8450498 ], [ -113.454045, 35.8332061 ], [ -113.472091, 35.8361622 ], [ -113.4666786, 35.8553439 ], [ -113.4600072, 35.8504852 ], [ -113.4467771, 35.8544217 ], [ -113.4626656, 35.874995 ], [ -113.446630399999989, 35.8643623 ], [ -113.4405278, 35.8736645 ], [ -113.448004200000014, 35.8806379 ], [ -113.4373332, 35.8802983 ], [ -113.4345183, 35.8887021 ], [ -113.4464933, 35.8905364 ], [ -113.4346394, 35.899755 ], [ -113.4508752, 35.8964749 ], [ -113.4545569, 35.9065198 ], [ -113.4599359, 35.8992078 ], [ -113.4606061, 35.9055036 ], [ -113.4762866, 35.8987545 ], [ -113.4818886, 35.9198275 ], [ -113.4732815, 35.9251317 ], [ -113.4809457, 35.9240744 ], [ -113.4759579, 35.9296464 ], [ -113.484572899999989, 35.9362172 ], [ -113.4846129, 35.924336499999988 ], [ -113.4962901, 35.9255792 ], [ -113.4899165, 35.9179509 ], [ -113.5085701, 35.923969 ], [ -113.5222903, 35.9139943 ], [ -113.5108842, 35.9274201 ], [ -113.5211165, 35.9251979 ], [ -113.5266959, 35.9382065 ], [ -113.513507499999989, 35.9452165 ], [ -113.532246199999989, 35.9434436 ], [ -113.5323904, 35.9567308 ], [ -113.5513894, 35.940244 ], [ -113.5410095, 35.9628175 ], [ -113.5139786, 35.9605859 ], [ -113.4958585, 35.9732317 ], [ -113.4982751, 35.9494895 ], [ -113.4939563, 35.9567087 ], [ -113.4898235, 35.9498721 ], [ -113.4872923, 35.9626878 ], [ -113.482838, 35.9598168 ], [ -113.4816374, 35.984973599999989 ], [ -113.489316500000015, 35.9920949 ], [ -113.4755512, 35.9906134 ], [ -113.4746308, 36.0134543 ], [ -113.4849026, 36.0167593 ], [ -113.4750297, 36.0275496 ], [ -113.487562400000016, 36.0315445 ], [ -113.4773606, 36.0698148 ], [ -113.4594702, 36.0711494 ], [ -113.471692, 36.0772929 ], [ -113.472925600000011, 36.0949514 ], [ -113.5063063, 36.0476912 ], [ -113.5117387, 36.0456127 ], [ -113.5185331, 36.0642198 ], [ -113.5231895, 36.0381029 ], [ -113.5262995, 36.0478035 ], [ -113.5303363, 36.0416432 ], [ -113.5279343, 36.0527645 ], [ -113.5381042, 36.0527658 ], [ -113.5343293, 36.043533 ], [ -113.5412573, 36.0481654 ], [ -113.5440186, 36.0392221 ], [ -113.5381577, 36.0423479 ], [ -113.529288, 36.0335515 ], [ -113.538964799999988, 36.0227878 ], [ -113.5311466, 36.0274777 ], [ -113.5335902, 36.0200623 ], [ -113.527355899999989, 36.0212912 ], [ -113.526792199999988, 36.0270467 ], [ -113.5175567, 36.0187125 ], [ -113.5381762, 36.0029825 ], [ -113.5584535, 36.0577572 ], [ -113.5409188, 36.0629341 ], [ -113.5406042, 36.0786483 ], [ -113.550463799999989, 36.0666363 ], [ -113.5615455, 36.0788043 ], [ -113.5577363, 36.0892507 ], [ -113.576189, 36.0843557 ], [ -113.576139399999988, 36.1029461 ], [ -113.5771585, 36.0916872 ], [ -113.5862832, 36.0985118 ], [ -113.5842767, 36.0887692 ], [ -113.6059595, 36.1023465 ], [ -113.5771329, 36.0706356 ], [ -113.603130299999989, 36.0906753 ], [ -113.614115, 36.092863 ], [ -113.6106531, 36.0874879 ], [ -113.6225324, 36.0836481 ], [ -113.605564, 36.0865666 ], [ -113.5981562, 36.0766103 ], [ -113.615540599999989, 36.0805089 ], [ -113.6257893, 36.0703052 ], [ -113.6058704, 36.0730267 ], [ -113.5977291, 36.0684671 ], [ -113.611411499999988, 36.067627 ], [ -113.606984, 36.0630636 ], [ -113.5911614, 36.0629695 ], [ -113.6130262, 36.0545207 ], [ -113.597710100000015, 36.049831 ], [ -113.626786599999988, 36.0444297 ], [ -113.6274874, 36.038344 ], [ -113.6152132, 36.0388107 ], [ -113.622885, 36.0249568 ], [ -113.617466100000016, 36.0207512 ], [ -113.6133699, 36.0327873 ], [ -113.6001732, 36.0385001 ], [ -113.6133015, 36.021304 ], [ -113.607205, 36.0246768 ], [ -113.6071033, 36.0123852 ], [ -113.594335699999988, 36.0192439 ], [ -113.6128772, 35.9940148 ], [ -113.6303986, 35.9844587 ], [ -113.636274899999989, 35.9895844 ], [ -113.6448884, 35.9745927 ], [ -113.6477864, 35.9845088 ], [ -113.6212803, 36.0133854 ], [ -113.6355656, 36.0538809 ], [ -113.6470129, 36.0478266 ], [ -113.640593, 36.0628801 ], [ -113.6481544, 36.081298 ], [ -113.6433226, 36.1036437 ], [ -113.6323128, 36.1114885 ], [ -113.634357099999988, 36.1284263 ], [ -113.6446412, 36.1132564 ], [ -113.6529564, 36.114208 ], [ -113.6494491, 36.1082359 ], [ -113.661553399999988, 36.1122868 ], [ -113.6547372, 36.1023281 ], [ -113.669836499999988, 36.1008976 ], [ -113.657047299999988, 36.0950193 ], [ -113.689900099999988, 36.0716642 ], [ -113.6863633, 36.1015512 ], [ -113.6653187, 36.1198553 ], [ -113.6891767, 36.117361 ], [ -113.6835357, 36.1251605 ] ] ] } },
{ "type": "Feature", "properties": { "name": "Pu'ukohola Heiau National Historic Site", "code": "PUHE", "designation": "National Historic Sites", "state": "HI", "acres": 54.0, "type": "nps" }, "geometry": { "type": "Polygon", "coordinates": [ [ [ -155.817192899999981, 20.0267334 ], [ -155.8216353, 20.0323489 ], [ -155.8225019, 20.02488 ], [ -155.817192899999981, 20.0267334 ] ] ] } },
{ "type": "Feature", "properties": { "name": "Kaloko-Honokohau National Historical Park", "code": "KAHO", "designation": "National Historical Parks", "state": "HI", "acres": 1275.0, "type": "nps" }, "geometry": { "type": "Polygon", "coordinates": [ [ [ -156.0319687, 19.6650748 ], [ -156.0166581, 19.6722986 ], [ -156.0249574, 19.6926928 ], [ -156.043260299999986, 19.6942883 ], [ -156.0319687, 19.6650748 ] ] ] } },
{ "type": "Feature", "properties": { "name": "Lake Mead National Recreation Area", "code": "LAKE", "designation": "National Recreation Areas", "state": "NV", "acres": 1109806.0, "type": "nps" }, "geometry": { "type": "Polygon", "coordinates": [ [ [ -114.3357165, 36.5861276 ], [ -114.3423644, 36.5752494 ], [ -114.3423004, 36.5437813 ], [ -114.346853599999989, 36.5326911 ], [ -114.3559546, 36.532665 ], [ -114.3604654, 36.5067951 ], [ -114.3833304, 36.506682 ], [ -114.3832858, 36.5214304 ], [ -114.4060625, 36.5211658 ], [ -114.4061255, 36.5285346 ], [ -114.4335063, 36.5354362 ], [ -114.4198919, 36.5099696 ], [ -114.4290205, 36.5062496 ], [ -114.4253703, 36.4626683 ], [ -114.4433933, 36.4625117 ], [ -114.443100300000012, 36.3897242 ], [ -114.4605894, 36.3897249 ], [ -114.4606005, 36.3752313 ], [ -114.496489, 36.3752294 ], [ -114.496493, 36.2592007 ], [ -114.53252590000001, 36.2592733 ], [ -114.532495, 36.2520164 ], [ -114.5503078, 36.2519857 ], [ -114.5503271, 36.2469645 ], [ -114.669181099999989, 36.2470054 ], [ -114.6691796, 36.2390533 ], [ -114.687048600000011, 36.2390406 ], [ -114.6870283, 36.2027784 ], [ -114.776463099999987, 36.2027606 ], [ -114.776459499999987, 36.1810196 ], [ -114.7943561, 36.1737828 ], [ -114.794349699999984, 36.159280699999989 ], [ -114.830126, 36.159275099999988 ], [ -114.830138600000012, 36.1737752 ], [ -114.919592, 36.1738086 ], [ -114.921048499999984, 36.1302714 ], [ -114.9062339, 36.1256992 ], [ -114.9081296, 36.1009315 ], [ -114.8856645, 36.1005779 ], [ -114.8867119, 36.0803682 ], [ -114.876930800000011, 36.080369 ], [ -114.8769187, 36.0111788 ], [ -114.8235463, 36.0111529 ], [ -114.8235263, 36.0002821 ], [ -114.78780949999998, 36.0002831 ], [ -114.7877746, 35.9495565 ], [ -114.769958, 35.9495576 ], [ -114.7699464, 35.9205506 ], [ -114.8055967, 35.9205464 ], [ -114.8055872, 35.9060423 ], [ -114.7952064, 35.8953367 ], [ -114.795152899999977, 35.8081772 ], [ -114.7748986, 35.8081778 ], [ -114.78056620000001, 35.370184 ], [ -114.728202900000014, 35.3695357 ], [ -114.7280911, 35.1968522 ], [ -114.692518299999989, 35.1966532 ], [ -114.692489099999989, 35.1821232 ], [ -114.6164449, 35.1826759 ], [ -114.5573701, 35.1715371 ], [ -114.5573879, 35.1824367 ], [ -114.5353103, 35.1824382 ], [ -114.535312, 35.2114404 ], [ -114.517667, 35.2114521 ], [ -114.5187587, 35.4173311 ], [ -114.5714864, 35.4171925 ], [ -114.5714981, 35.4607036 ], [ -114.589229300000014, 35.4606734 ], [ -114.5892533, 35.5027912 ], [ -114.6287099, 35.502779 ], [ -114.628757199999981, 35.5898101 ], [ -114.5754599, 35.589819 ], [ -114.575675499999988, 35.8510739 ], [ -114.5849429, 35.8510743 ], [ -114.5849478, 35.8945449 ], [ -114.6027374, 35.8945522 ], [ -114.602730799999989, 35.9235247 ], [ -114.6205258, 35.9235214 ], [ -114.620554199999987, 36.0177534 ], [ -114.6116423, 36.0177662 ], [ -114.6116435, 36.0250156 ], [ -114.5495413, 36.0250718 ], [ -114.5495136, 35.9815541 ], [ -114.5316625, 35.9815635 ], [ -114.531644899999989, 35.9380535 ], [ -114.406893599999989, 35.9380329 ], [ -114.4068988, 35.9525325 ], [ -114.3890811, 35.9525238 ], [ -114.3890924, 35.9815262 ], [ -114.371240199999988, 35.9815345 ], [ -114.3712326, 35.967031 ], [ -114.335651899999988, 35.967063 ], [ -114.3356049, 35.9380539 ], [ -114.2999357, 35.938083 ], [ -114.300014499999989, 35.9089975 ], [ -114.1219074, 35.9090499 ], [ -114.1217779, 35.9671042 ], [ -114.0862398, 35.9670825 ], [ -114.086244799999989, 35.981593 ], [ -114.0328143, 35.9815681 ], [ -114.0328997, 35.996073 ], [ -114.0150753, 35.9961002 ], [ -114.0151192, 36.0250618 ], [ -113.9795113, 36.0250704 ], [ -113.9796178, 36.1132542 ], [ -113.9695369, 36.1091097 ], [ -113.961411, 36.1225297 ], [ -113.9547104, 36.1197352 ], [ -113.954844, 36.1283759 ], [ -113.9390945, 36.1279777 ], [ -113.9391568, 36.1452611 ], [ -113.837773, 36.1456375 ], [ -113.8377994, 36.20904 ], [ -113.8978622, 36.2091241 ], [ -113.8979897, 36.296089 ], [ -114.048289700000012, 36.2962004 ], [ -114.0467722, 36.2311917 ], [ -114.1188307, 36.2311683 ], [ -114.1188316, 36.2167632 ], [ -114.1367295, 36.216754 ], [ -114.1367258, 36.1877679 ], [ -114.1546168, 36.1877655 ], [ -114.1546035, 36.1442883 ], [ -114.2981522, 36.1437662 ], [ -114.2982385, 36.1582298 ], [ -114.3162261, 36.1580575 ], [ -114.3163729, 36.1725606 ], [ -114.3342735, 36.1724896 ], [ -114.334494, 36.3176933 ], [ -114.316572600000015, 36.3177326 ], [ -114.3164616, 36.3758015 ], [ -114.2983515, 36.37587 ], [ -114.2983165, 36.3903951 ], [ -114.2802303, 36.3904275 ], [ -114.280307, 36.4484931 ], [ -114.2622347, 36.4485266 ], [ -114.2620198, 36.4775601 ], [ -114.2800973, 36.4775459 ], [ -114.2798868, 36.4920477 ], [ -114.2918583, 36.4920961 ], [ -114.2921384, 36.5067399 ], [ -114.319419599999989, 36.5068127 ], [ -114.3198236, 36.5913714 ], [ -114.3357165, 36.5861276 ] ] ] } },
{ "type": "Feature", "properties": { "name": "Mojave National Preserve", "code": "MOJA", "designation": "National Preserves", "state": "CA", "acres": 1549633.0, "type": "nps" }, "geometry": { "type": "Polygon", "coordinates": [ [ [ -115.2250908, 35.4756677 ], [ -115.3119967, 35.45713 ], [ -115.3810406, 35.4575912 ], [ -115.381035, 35.4512159 ], [ -115.4031825, 35.451245299999989 ], [ -115.403193899999977, 35.4608117 ], [ -115.448411799999974, 35.4709661 ], [ -115.4739621, 35.4607207 ], [ -115.4739949, 35.451148 ], [ -115.4562929, 35.4511714 ], [ -115.456280299999989, 35.4221667 ], [ -115.4465745, 35.4221876 ], [ -115.445827899999983, 35.4059984 ], [ -115.503453799999988, 35.405787 ], [ -115.5046685, 35.4221014 ], [ -115.556644600000013, 35.4222228 ], [ -115.5566937, 35.465612299999989 ], [ -115.5921233, 35.4656196 ], [ -115.592143, 35.4721326 ], [ -115.7900098, 35.3997432 ], [ -115.9105878, 35.3674533 ], [ -116.040324200000015, 35.2866193 ], [ -116.0713015, 35.2565327 ], [ -116.0753855, 35.2609671 ], [ -116.0891684, 35.251629 ], [ -116.123043, 35.1983725 ], [ -116.1542, 35.1920017 ], [ -116.147089, 35.158985 ], [ -116.135681699999978, 35.1555172 ], [ -116.122829400000015, 35.1635944 ], [ -116.1167692, 35.1367234 ], [ -116.1435804, 35.1241857 ], [ -116.1217387, 35.1117532 ], [ -116.1231199, 35.0971913 ], [ -116.165043400000016, 35.0467783 ], [ -116.002783, 35.0423218 ], [ -115.8556941, 34.978933 ], [ -115.84780330000001, 34.9653493 ], [ -115.874105, 34.9073504 ], [ -115.856988, 34.8237324 ], [ -115.7814939, 34.788905299999989 ], [ -115.7474498, 34.7438095 ], [ -115.741575399999988, 34.7169361 ], [ -115.557583399999984, 34.7338123 ], [ -115.3708563, 34.8040146 ], [ -115.3100629, 34.8021512 ], [ -115.2020795, 34.8112655 ], [ -115.1780231, 34.8190104 ], [ -115.118696700000015, 34.8641393 ], [ -115.0691497, 34.9291017 ], [ -115.055289, 34.9218189 ], [ -114.984525599999984, 34.921342 ], [ -114.9780776, 35.0430449 ], [ -114.9575338, 35.0503557 ], [ -114.9491699, 35.2559909 ], [ -115.0157285, 35.309215 ], [ -115.0487554, 35.3092515 ], [ -115.050932300000014, 35.2513966 ], [ -115.091924, 35.2441946 ], [ -115.0919354, 35.2296851 ], [ -115.1095724, 35.2296527 ], [ -115.1095755, 35.215146 ], [ -115.1625096, 35.2153851 ], [ -115.162609800000013, 35.2585438 ], [ -115.1449523, 35.2585597 ], [ -115.1449956, 35.3020768 ], [ -115.1626376, 35.3020661 ], [ -115.1450043, 35.3129428 ], [ -115.1449971, 35.3038877 ], [ -115.1184575, 35.3056932 ], [ -115.1118399, 35.374541 ], [ -115.0977853, 35.3744946 ], [ -115.2250908, 35.4756677 ] ] ] } },
{ "type": "Feature", "properties": { "name": "Lassen Volcanic National Park", "code": "LAVO", "designation": "National Parks", "state": "CA", "acres": 107511.0, "type": "nps" }, "geometry": { "type": "Polygon", "coordinates": [ [ [ -121.370480199999989, 40.5850247 ], [ -121.370658, 40.5632726 ], [ -121.4469644, 40.5631957 ], [ -121.447019499999982, 40.5559727 ], [ -121.4635342, 40.5556264 ], [ -121.4635238, 40.5437168 ], [ -121.4873753, 40.5436339 ], [ -121.4872331, 40.5508272 ], [ -121.506672400000014, 40.5652747 ], [ -121.520295, 40.5651682 ], [ -121.5202982, 40.5724645 ], [ -121.5345169, 40.572433 ], [ -121.5395, 40.5581131 ], [ -121.5585611, 40.5578884 ], [ -121.5585305, 40.5506301 ], [ -121.577428900000015, 40.5507717 ], [ -121.5774105, 40.5145164 ], [ -121.558357300000011, 40.5144171 ], [ -121.556747699999988, 40.4854406 ], [ -121.5718258, 40.48547 ], [ -121.572146799999985, 40.4235539 ], [ -121.4823819, 40.4237726 ], [ -121.4778231, 40.4165181 ], [ -121.4777068, 40.4237708 ], [ -121.439724899999987, 40.4237968 ], [ -121.4397269, 40.4092029 ], [ -121.3637076, 40.4091301 ], [ -121.365104199999976, 40.4277895 ], [ -121.35087990000001, 40.4382783 ], [ -121.326884, 40.4237736 ], [ -121.2513573, 40.4233884 ], [ -121.2467818, 40.5410229 ], [ -121.2753629, 40.541652 ], [ -121.2751242, 40.5701398 ], [ -121.284654, 40.5701529 ], [ -121.2845648, 40.5847636 ], [ -121.370480199999989, 40.5850247 ] ] ] } },
{ "type": "Feature", "properties": { "name": "Lava Beds National Monument", "code": "LABE", "designation": "National Monuments", "state": "CA", "acres": 46516.0, "type": "nps" }, "geometry": { "type": "Polygon", "coordinates": [ [ [ -121.556076499999989, 41.834027399999989 ], [ -121.5690397, 41.8340027 ], [ -121.568978699999988, 41.7760217 ], [ -121.603574900000012, 41.77598 ], [ -121.6051641, 41.691688 ], [ -121.4494906, 41.6916101 ], [ -121.449507, 41.7760393 ], [ -121.437991400000016, 41.7760289 ], [ -121.4378, 41.8345761 ], [ -121.489938200000012, 41.8377116 ], [ -121.50553, 41.8252861 ], [ -121.516596799999988, 41.837971 ], [ -121.53002309999998, 41.815804 ], [ -121.556076499999989, 41.834027399999989 ] ] ] } },
{ "type": "Feature", "properties": { "name": "Great Basin National Park", "code": "GRBA", "designation": "National Parks", "state": "NV", "acres": 77275.0, "type": "nps" }, "geometry": { "type": "Polygon", "coordinates": [ [ [ -114.1571973, 38.911730399999989 ], [ -114.1325664, 38.9189317 ], [ -114.1324706, 38.9480672 ], [ -114.1515382, 38.9483734 ], [ -114.1519136, 38.9630856 ], [ -114.1699965, 38.963125 ], [ -114.1699061, 38.9778019 ], [ -114.2065671, 38.9778097 ], [ -114.2073182, 39.0212842 ], [ -114.2251456, 39.0212841 ], [ -114.2251474, 39.0357766 ], [ -114.2529584, 39.0357639 ], [ -114.2529586, 39.0647106 ], [ -114.337342299999989, 39.0637305 ], [ -114.3374923, 39.0274965 ], [ -114.356066, 39.0129926 ], [ -114.356009899999989, 38.9695177 ], [ -114.3374442, 38.9695302 ], [ -114.327644, 38.9105301 ], [ -114.308104899999989, 38.910535 ], [ -114.303747, 38.9172446 ], [ -114.3098594, 38.890107799999988 ], [ -114.3098478, 38.9032878 ], [ -114.3276384, 38.9032848 ], [ -114.3276208, 38.8815457 ], [ -114.285966500000015, 38.8562409 ], [ -114.2812783, 38.818441 ], [ -114.2066291, 38.8184525 ], [ -114.2066628, 38.8474396 ], [ -114.2251961, 38.8474394 ], [ -114.2252098, 38.8619321 ], [ -114.188138, 38.8619217 ], [ -114.1881608, 38.9152213 ], [ -114.1571973, 38.911730399999989 ] ] ] } },
{ "type": "Feature", "properties": { "name": "Petrified Forest National Park", "code": "PEFO", "designation": "National Parks", "state": "AZ", "acres": 222760.0, "type": "nps" }, "geometry": { "type": "Polygon", "coordinates": [ [ [ -109.9139761, 35.170287099999989 ], [ -109.9156526, 35.0840365 ], [ -109.9246132, 35.0840423 ], [ -109.9246061, 35.069538 ], [ -109.915683199999989, 35.0695279 ], [ -109.9157167, 35.0115238 ], [ -109.8801309, 35.0115138 ], [ -109.8801701, 35.040531 ], [ -109.8070157, 35.0403247 ], [ -109.807515099999989, 34.9812098 ], [ -109.8596952, 34.9638527 ], [ -109.9509896, 34.9658687 ], [ -109.9507836, 34.9097583 ], [ -109.9684532, 34.9097222 ], [ -109.968505799999988, 34.8507962 ], [ -109.9339802, 34.8370314 ], [ -109.8973856, 34.8371385 ], [ -109.8958777, 34.7932112 ], [ -109.8515793, 34.7933044 ], [ -109.851409, 34.7787109 ], [ -109.781065, 34.7796186 ], [ -109.7809853, 34.82227 ], [ -109.738480900000013, 34.8220529 ], [ -109.737720599999989, 34.8949066 ], [ -109.7203945, 34.894802399999989 ], [ -109.720357299999989, 34.9094334 ], [ -109.6672745, 34.9089279 ], [ -109.6670004, 34.9236165 ], [ -109.5957596, 34.922817 ], [ -109.5945587, 35.0392181 ], [ -109.5768427, 35.0390836 ], [ -109.5767366, 35.0534675 ], [ -109.5944739, 35.0535346 ], [ -109.5944812, 35.0824529 ], [ -109.651444700000013, 35.082687 ], [ -109.6606429, 35.0683699 ], [ -109.7147294, 35.0684823 ], [ -109.7187419, 35.0806757 ], [ -109.7366479, 35.0753799 ], [ -109.7369261, 35.0398304 ], [ -109.789539800000014, 35.0398812 ], [ -109.7900782, 35.0543294 ], [ -109.771426, 35.0541043 ], [ -109.77179550000001, 35.061389 ], [ -109.7546179, 35.0665176 ], [ -109.7545357, 35.0836456 ], [ -109.7363431, 35.0830146 ], [ -109.7352892, 35.1283392 ], [ -109.683594899999989, 35.1255246 ], [ -109.685422, 35.169734 ], [ -109.9139761, 35.170287099999989 ] ] ] } },
{ "type": "Feature", "properties": { "name": "Redwood National Park", "code": "REDW", "designation": "National Parks", "state": "CA", "acres": 142072.0, "type": "nps" }, "geometry": { "type": "Polygon", "coordinates": [ [ [ -124.041223699999975, 41.2984329 ], [ -124.0645558, 41.2775718 ], [ -124.085609799999986, 41.2773892 ], [ -124.0605948, 41.21083 ], [ -124.0732216, 41.1899407 ], [ -124.059126600000013, 41.1690604 ], [ -124.0207905, 41.1516329 ], [ -124.0109609, 41.1320593 ], [ -123.9586138, 41.0809025 ], [ -123.9409477, 41.0883321 ], [ -123.938416499999988, 41.1080129 ], [ -123.916487499999988, 41.1172542 ], [ -123.9114664, 41.1312825 ], [ -123.9020459, 41.1276853 ], [ -123.8878264, 41.1349102 ], [ -123.8778438, 41.1234425 ], [ -123.8493242, 41.119664 ], [ -123.8488163, 41.1307646 ], [ -123.8582432, 41.130534 ], [ -123.8628338, 41.1493772 ], [ -123.877643299999988, 41.1495035 ], [ -123.8872307, 41.1639111 ], [ -123.9165161, 41.1673459 ], [ -123.925477, 41.185415 ], [ -123.9561451, 41.2098548 ], [ -123.961184, 41.2273144 ], [ -123.977712899999986, 41.2323872 ], [ -123.988376300000013, 41.2578139 ], [ -123.9470851, 41.3291233 ], [ -123.964659499999982, 41.3352818 ], [ -123.9662147, 41.3518928 ], [ -123.978867799999975, 41.356347 ], [ -123.993596599999975, 41.385871699999988 ], [ -123.991069399999986, 41.4024193 ], [ -124.0016315, 41.4088276 ], [ -123.9952097, 41.4225407 ], [ -124.0207766, 41.4341084 ], [ -124.018858899999984, 41.4453184 ], [ -124.0377221, 41.4677802 ], [ -124.0465978, 41.4647311 ], [ -124.0593946, 41.4749255 ], [ -124.070274, 41.5106259 ], [ -124.043828099999985, 41.5224209 ], [ -124.074898499999989, 41.5360009 ], [ -124.0889907, 41.5576706 ], [ -124.0831945, 41.5607804 ], [ -124.092927199999977, 41.568433899999988 ], [ -124.088002, 41.5858407 ], [ -124.104965, 41.6158164 ], [ -124.1085397, 41.6673885 ], [ -124.0472251, 41.668654 ], [ -124.032279500000016, 41.6652539 ], [ -124.0310514, 41.6482501 ], [ -124.001788499999975, 41.6479397 ], [ -124.000565400000013, 41.6380548 ], [ -123.973144100000013, 41.6420207 ], [ -123.983711899999989, 41.6807689 ], [ -123.9734367, 41.681023 ], [ -123.9736191, 41.6885219 ], [ -123.984366799999989, 41.6885007 ], [ -123.9837927, 41.7096468 ], [ -123.992066, 41.7225256 ], [ -124.0011994, 41.7221846 ], [ -124.002638300000015, 41.7367572 ], [ -124.0311971, 41.7480637 ], [ -124.0264211, 41.7668531 ], [ -124.035919199999981, 41.7740712 ], [ -124.0644474, 41.7741478 ], [ -124.0525812, 41.784529 ], [ -124.0730773, 41.7907265 ], [ -124.080987, 41.8070403 ], [ -124.075477099999986, 41.8144988 ], [ -124.101268, 41.8143435 ], [ -124.109898299999983, 41.8405694 ], [ -124.1086723, 41.8331787 ], [ -124.1227853, 41.83326 ], [ -124.122841, 41.822594 ], [ -124.1356551, 41.8226264 ], [ -124.141954899999988, 41.769034 ], [ -124.1551043, 41.7690696 ], [ -124.145207500000012, 41.7654165 ], [ -124.142159600000014, 41.7297246 ], [ -124.1601024, 41.72794 ], [ -124.142984699999985, 41.6787743 ], [ -124.141307, 41.662565 ], [ -124.1507609, 41.6570516 ], [ -124.1318568, 41.6493342 ], [ -124.1199321, 41.6138617 ], [ -124.1055255, 41.6013502 ], [ -124.116546, 41.6000022 ], [ -124.1174756, 41.5931455 ], [ -124.1027406, 41.585073 ], [ -124.1058988, 41.5683662 ], [ -124.086938699999976, 41.5458362 ], [ -124.0890803, 41.5239976 ], [ -124.0715066, 41.4706517 ], [ -124.0774053, 41.3796793 ], [ -124.1051563, 41.2590425 ], [ -124.094336, 41.2593275 ], [ -124.0832838, 41.3084317 ], [ -124.0651521, 41.3005168 ], [ -124.0472062, 41.3047371 ], [ -124.0445284, 41.3107197 ], [ -124.041223699999975, 41.2984329 ] ], [ [ -124.0284364, 41.3466497 ], [ -124.029840299999989, 41.3285328 ], [ -124.044494899999989, 41.3107945 ], [ -124.0284364, 41.3466497 ] ] ] } },
{ "type": "Feature", "properties": { "name": "Rosie the Riveter/World War II Home Front National Historical Park", "code": "RORI", "designation": "National Historical Parks", "state": "CA", "acres": 0.0, "type": "nps" }, "geometry": { "type": "GeometryCollection", "geometries": [ ] } },
{ "type": "Feature", "properties": { "name": "John Muir National Historic Site", "code": "JOMU", "designation": "National Historic Sites", "state": "CA", "acres": 181.0, "type": "nps" }, "geometry": { "type": "Polygon", "coordinates": [ [ [ -122.1396136, 37.9873108 ], [ -122.130704099999988, 37.9736279 ], [ -122.1300655, 37.9894807 ], [ -122.1396136, 37.9873108 ] ] ] } },
{ "type": "Feature", "properties": { "name": "Muir Woods National Monument", "code": "MUWO", "designation": "National Monuments", "state": "CA", "acres": 542.0, "type": "nps" }, "geometry": { "type": "Polygon", "coordinates": [ [ [ -122.601162800000012, 37.8975273 ], [ -122.566997500000014, 37.8888252 ], [ -122.5671024, 37.889063 ], [ -122.5750583, 37.9040179 ], [ -122.601162800000012, 37.8975273 ] ] ] } },
{ "type": "Feature", "properties": { "name": "Santa Monica Mountains National Recreation Area", "code": "SAMO", "designation": "National Recreation Areas", "state": "CA", "acres": 153991.0, "type": "nps" }, "geometry": { "type": "MultiPolygon", "coordinates": [ [ [ [ -118.7087228, 34.1824598 ], [ -118.7027244, 34.2023314 ], [ -118.7167247, 34.2240984 ], [ -118.7817533, 34.2084201 ], [ -118.7833953, 34.1992154 ], [ -118.754728300000011, 34.1970383 ], [ -118.7454224, 34.1680217 ], [ -118.7286455, 34.1679388 ], [ -118.7370969, 34.1544409 ], [ -118.7292177, 34.1388208 ], [ -118.724721, 34.1472944 ], [ -118.7150449, 34.147268 ], [ -118.715488, 34.1382404 ], [ -118.7355365, 34.1363632 ], [ -118.7413786, 34.1181308 ], [ -118.7741849, 34.1297905 ], [ -118.7838178, 34.1180672 ], [ -118.823756, 34.1108936 ], [ -118.8333615, 34.1346472 ], [ -118.8612665, 34.1247792 ], [ -118.867380900000015, 34.1383015 ], [ -118.8756474, 34.1250876 ], [ -118.886265600000016, 34.1275333 ], [ -118.8753026, 34.1400316 ], [ -118.875234299999988, 34.1538774 ], [ -118.885905799999989, 34.1621612 ], [ -118.9386815, 34.1621684 ], [ -118.9468568, 34.1541655 ], [ -118.9880626, 34.1562264 ], [ -118.99941960000001, 34.1634455 ], [ -119.0328453, 34.1605844 ], [ -119.0289751, 34.151516 ], [ -119.052098, 34.1446451 ], [ -119.0310067, 34.1450923 ], [ -119.0312142, 34.137937199999989 ], [ -119.078880500000011, 34.1109438 ], [ -119.08744080000001, 34.1154563 ], [ -119.1005774, 34.1017125 ], [ -118.9447031, 34.0450097 ], [ -118.8523442, 34.0334632 ], [ -118.8071023, 34.0003619 ], [ -118.785794399999986, 34.0207456 ], [ -118.7448165, 34.0323874 ], [ -118.6830273, 34.0307033 ], [ -118.6703791, 34.038746 ], [ -118.5782707, 34.0413593 ], [ -118.5701604, 34.0503482 ], [ -118.554879899999989, 34.0517954 ], [ -118.5600169, 34.0684113 ], [ -118.5750013, 34.0781525 ], [ -118.551518899999976, 34.0900094 ], [ -118.54785, 34.0654395 ], [ -118.5307983, 34.0597949 ], [ -118.536026199999981, 34.0359687 ], [ -118.5543409, 34.0378072 ], [ -118.526012099999988, 34.0305202 ], [ -118.48443540000001, 33.9964889 ], [ -118.5252905, 34.0315655 ], [ -118.5251056, 34.044689 ], [ -118.526288799999989, 34.0335219 ], [ -118.5333429, 34.036436 ], [ -118.5275938, 34.0538371 ], [ -118.51660889999998, 34.0564663 ], [ -118.5132075, 34.0471453 ], [ -118.5009126, 34.0652305 ], [ -118.5123505, 34.0804663 ], [ -118.503914, 34.082705 ], [ -118.5077825, 34.104441 ], [ -118.500671299999979, 34.1123759 ], [ -118.511235699999986, 34.1281682 ], [ -118.4915635, 34.1194088 ], [ -118.4947218, 34.1114522 ], [ -118.470317199999982, 34.1283525 ], [ -118.4227976, 34.1281922 ], [ -118.411884699999987, 34.0922777 ], [ -118.40644850000001, 34.1278021 ], [ -118.3972291, 34.1173954 ], [ -118.3624978, 34.1266702 ], [ -118.3515959, 34.105271099999989 ], [ -118.350676, 34.1185042 ], [ -118.3404237, 34.1165952 ], [ -118.3446137, 34.1255216 ], [ -118.3525738, 34.1213971 ], [ -118.3722177, 34.132591 ], [ -118.3775558, 34.1239582 ], [ -118.396636, 34.1273989 ], [ -118.3966436, 34.122546 ], [ -118.4020431, 34.1310606 ], [ -118.391699099999983, 34.133631 ], [ -118.399274299999988, 34.1376675 ], [ -118.417741, 34.128667899999989 ], [ -118.4407357, 34.1418703 ], [ -118.4436721, 34.1320223 ], [ -118.5050914, 34.1304644 ], [ -118.5103318, 34.1509686 ], [ -118.5185277, 34.1509857 ], [ -118.526946200000012, 34.1378547 ], [ -118.538793, 34.1431294 ], [ -118.5533226, 34.1326105 ], [ -118.606649100000013, 34.1535229 ], [ -118.6322805, 34.1367811 ], [ -118.679847599999988, 34.1326623 ], [ -118.6850928, 34.1385316 ], [ -118.667558, 34.1488536 ], [ -118.6980876, 34.153149299999988 ], [ -118.7087228, 34.1824598 ] ] ], [ [ [ -118.503854800000013, 34.0884338 ], [ -118.4937337, 34.0755402 ], [ -118.4948416, 34.0815801 ], [ -118.4870667, 34.0836895 ], [ -118.484393399999988, 34.0778175 ], [ -118.487094200000016, 34.0871595 ], [ -118.4757631, 34.0892225 ], [ -118.4778081, 34.103238 ], [ -118.489152300000015, 34.1004741 ], [ -118.4890062, 34.0929726 ], [ -118.496506899999986, 34.1069542 ], [ -118.503854800000013, 34.0884338 ] ] ] ] } },
{ "type": "Feature", "properties": { "name": "Sequoia National Park", "code": "SEQU", "designation": "National Parks", "state": "CA", "acres": 408491.0, "type": "nps" }, "geometry": { "type": "Polygon", "coordinates": [ [ [ -118.9191772, 36.5978293 ], [ -118.894432900000012, 36.5768364 ], [ -118.90577420000001, 36.5596964 ], [ -118.896627900000013, 36.5444836 ], [ -118.8816176, 36.5416778 ], [ -118.8818983, 36.4863825 ], [ -118.8385537, 36.4860823 ], [ -118.839681199999987, 36.4801897 ], [ -118.836314300000012, 36.4867855 ], [ -118.7663881, 36.486199 ], [ -118.778984199999982, 36.3174005 ], [ -118.7747057, 36.3101481 ], [ -118.719525299999987, 36.314606 ], [ -118.723546599999978, 36.2952499 ], [ -118.715371100000013, 36.2916833 ], [ -118.6961253, 36.294876 ], [ -118.6892188, 36.3139116 ], [ -118.627207499999983, 36.307441 ], [ -118.6133448, 36.3143807 ], [ -118.6067205, 36.3037693 ], [ -118.5720012, 36.3001764 ], [ -118.5639622, 36.3078664 ], [ -118.5706688, 36.3266808 ], [ -118.591755099999986, 36.3347548 ], [ -118.597349699999981, 36.3531588 ], [ -118.5800561, 36.3783792 ], [ -118.5920817, 36.3845178 ], [ -118.5813479, 36.3983986 ], [ -118.5525553, 36.4063111 ], [ -118.5476369, 36.3899443 ], [ -118.5237577, 36.3860361 ], [ -118.4874373, 36.3575928 ], [ -118.4929533, 36.3498074 ], [ -118.47987, 36.3252429 ], [ -118.4600568, 36.3118918 ], [ -118.447352399999986, 36.3120858 ], [ -118.381381, 36.368924299999989 ], [ -118.3635973, 36.4368223 ], [ -118.2679168, 36.4683336 ], [ -118.2347792, 36.4938965 ], [ -118.242165, 36.4998169 ], [ -118.2374256, 36.5203947 ], [ -118.249861, 36.5246751 ], [ -118.252413, 36.5417111 ], [ -118.2916397, 36.559573 ], [ -118.2890537, 36.5905221 ], [ -118.2746577, 36.5974991 ], [ -118.3216003, 36.6283455 ], [ -118.317882200000014, 36.6399772 ], [ -118.336963599999976, 36.6539943 ], [ -118.333363799999987, 36.672896699999988 ], [ -118.346680600000013, 36.6723765 ], [ -118.3525369, 36.6830715 ], [ -118.382542, 36.6985483 ], [ -118.4272383, 36.6981273 ], [ -118.431964, 36.6841068 ], [ -118.4495894, 36.6856132 ], [ -118.4527406, 36.6773874 ], [ -118.475705699999978, 36.6689292 ], [ -118.484412600000013, 36.6346279 ], [ -118.5309488, 36.5929173 ], [ -118.5749587, 36.5975311 ], [ -118.5824547, 36.6133704 ], [ -118.603019499999988, 36.6106662 ], [ -118.611509899999987, 36.6250726 ], [ -118.6347845, 36.6367757 ], [ -118.648620799999989, 36.6323423 ], [ -118.6606976, 36.6401101 ], [ -118.6900485, 36.6380368 ], [ -118.7200808, 36.6731616 ], [ -118.778991399999981, 36.681133 ], [ -118.802292, 36.6760266 ], [ -118.854057399999988, 36.6377154 ], [ -118.914648, 36.6086002 ], [ -118.9191772, 36.5978293 ] ] ] } },
{ "type": "Feature", "properties": { "name": "Kings Canyon National Park", "code": "KICA", "designation": "National Parks", "state": "CA", "acres": 443037.0, "type": "nps" }, "geometry": { "type": "Polygon", "coordinates": [ [ [ -118.7882437, 37.2260719 ], [ -118.8068149, 37.2307635 ], [ -118.833032099999983, 37.2260918 ], [ -118.8277184, 37.2183226 ], [ -118.8357869, 37.1947986 ], [ -118.823733499999975, 37.1703714 ], [ -118.7920254, 37.1415469 ], [ -118.791644800000014, 37.1235274 ], [ -118.776817600000015, 37.1198394 ], [ -118.7665699, 37.1001419 ], [ -118.7386255, 37.0831848 ], [ -118.7270953, 37.0609037 ], [ -118.735081799999989, 37.0540066 ], [ -118.730372, 37.0413597 ], [ -118.7587305, 37.0169269 ], [ -118.7635862, 36.9792524 ], [ -118.785821, 36.9469138 ], [ -118.853806399999982, 36.9080066 ], [ -118.8358544, 36.9069283 ], [ -118.8001114, 36.8840638 ], [ -118.8014736, 36.8905041 ], [ -118.7569666, 36.8847949 ], [ -118.73364119999998, 36.8740081 ], [ -118.719476699999987, 36.8798076 ], [ -118.7071132, 36.8759728 ], [ -118.697302299999976, 36.7827069 ], [ -118.71533789999998, 36.774073 ], [ -118.7171416, 36.7100737 ], [ -118.736741599999988, 36.6873181 ], [ -118.73585989999998, 36.6743044 ], [ -118.7068305, 36.6654911 ], [ -118.6900485, 36.6380368 ], [ -118.6606976, 36.6401101 ], [ -118.648620799999989, 36.6323423 ], [ -118.6347845, 36.6367757 ], [ -118.611509899999987, 36.6250726 ], [ -118.603019499999988, 36.6106662 ], [ -118.5824547, 36.6133704 ], [ -118.5749587, 36.5975311 ], [ -118.530814099999986, 36.5929442 ], [ -118.484412600000013, 36.6346279 ], [ -118.475705699999978, 36.6689292 ], [ -118.4527406, 36.6773874 ], [ -118.4501414, 36.6854075 ], [ -118.431964, 36.6841068 ], [ -118.4270134, 36.6981931 ], [ -118.382542, 36.6985483 ], [ -118.3666076, 36.6921018 ], [ -118.3338999, 36.7063943 ], [ -118.3386796, 36.7286944 ], [ -118.3693995, 36.7500035 ], [ -118.3803704, 36.7833507 ], [ -118.3739389, 36.8002888 ], [ -118.393124899999975, 36.8306612 ], [ -118.3614198, 36.8451971 ], [ -118.3704236, 36.87091 ], [ -118.3613718, 36.8856832 ], [ -118.366904, 36.907353 ], [ -118.3926173, 36.952952 ], [ -118.404169, 36.9574056 ], [ -118.4084804, 36.981801 ], [ -118.4206898, 36.9907358 ], [ -118.4127074, 36.9996011 ], [ -118.4267789, 37.0115964 ], [ -118.4217901, 37.0236696 ], [ -118.4387749, 37.040525699999989 ], [ -118.4397709, 37.0638772 ], [ -118.485435799999976, 37.0773146 ], [ -118.502822599999988, 37.0957801 ], [ -118.522953, 37.0998067 ], [ -118.5310317, 37.1122304 ], [ -118.5652961, 37.1137179 ], [ -118.5680896, 37.1231435 ], [ -118.5855412, 37.1240495 ], [ -118.5929413, 37.1381777 ], [ -118.6541049, 37.1410228 ], [ -118.672983199999976, 37.1674359 ], [ -118.6641222, 37.1785375 ], [ -118.6782296, 37.2106285 ], [ -118.6932708, 37.2171544 ], [ -118.7014408, 37.2063427 ], [ -118.7126838, 37.2062447 ], [ -118.7243047, 37.2243586 ], [ -118.751990299999989, 37.2218596 ], [ -118.7791898, 37.2368766 ], [ -118.7882437, 37.2260719 ] ] ] } },
{ "type": "Feature", "properties": { "name": "Devils Postpile National Monument", "code": "DEPO", "designation": "National Monuments", "state": "CA", "acres": 799.0, "type": "nps" }, "geometry": { "type": "Polygon", "coordinates": [ [ [ -119.0922544, 37.6334968 ], [ -119.0922543, 37.5972607 ], [ -119.0831432, 37.5972607 ], [ -119.0831432, 37.6334968 ], [ -119.0922544, 37.6334968 ] ] ] } },
{ "type": "Feature", "properties": { "name": "Port Chicago Naval Magazine National Memorial", "code": "POCH", "designation": "National Memorials", "state": "CA", "acres": 0.0, "type": "nps" }, "geometry": { "type": "GeometryCollection", "geometries": [ ] } },
{ "type": "Feature", "properties": { "name": "Casa Grande Ruins National Monument", "code": "CAGR", "designation": "National Monuments", "state": "AZ", "acres": 381.0, "type": "nps" }, "geometry": { "type": "Polygon", "coordinates": [ [ [ -111.5240271, 33.0024652 ], [ -111.5413057, 33.0023178 ], [ -111.5391111, 32.9914173 ], [ -111.5240313, 32.9952482 ], [ -111.5240271, 33.0024652 ] ] ] } },
{ "type": "Feature", "properties": { "name": "Chiricahua National Monument", "code": "CHIR", "designation": "National Monuments", "state": "AZ", "acres": 12205.0, "type": "nps" }, "geometry": { "type": "Polygon", "coordinates": [ [ [ -109.3106168, 32.0466235 ], [ -109.320635, 32.0533911 ], [ -109.3363048, 32.0409112 ], [ -109.389208599999989, 32.0358074 ], [ -109.3892464, 32.0030809 ], [ -109.3721423, 32.0030724 ], [ -109.3722096, 31.9849266 ], [ -109.3016046, 31.978159 ], [ -109.3058997, 32.036211 ], [ -109.3144215, 32.0415478 ], [ -109.3106168, 32.0466235 ] ] ] } },
{ "type": "Feature", "properties": { "name": "Coronado National Memorial", "code": "CORO", "designation": "National Memorials", "state": "AZ", "acres": 4499.0, "type": "nps" }, "geometry": { "type": "Polygon", "coordinates": [ [ [ -110.2240791, 31.3535357 ], [ -110.2383276, 31.3670993 ], [ -110.264411599999988, 31.3592261 ], [ -110.287878, 31.3640028 ], [ -110.282849500000012, 31.3335874 ], [ -110.224068699999989, 31.3338481 ], [ -110.2240791, 31.3535357 ] ] ] } },
{ "type": "Feature", "properties": { "name": "Montezuma Castle National Monument", "code": "MOCA", "designation": "National Monuments", "state": "AZ", "acres": 665.0, "type": "nps" }, "geometry": { "type": "Polygon", "coordinates": [ [ [ -111.8441565, 34.6200385 ], [ -111.8476095, 34.6055796 ], [ -111.8257265, 34.6055954 ], [ -111.8256785, 34.6170786 ], [ -111.8441565, 34.6200385 ] ] ] } },
{ "type": "Feature", "properties": { "name": "Organ Pipe Cactus National Monument", "code": "ORPI", "designation": "National Monuments", "state": "AZ", "acres": 330433.0, "type": "nps" }, "geometry": { "type": "Polygon", "coordinates": [ [ [ -112.6079429, 31.815815 ], [ -112.6077827, 31.8957071 ], [ -112.6247721, 31.8957136 ], [ -112.6248894, 31.9248387 ], [ -112.661802400000013, 31.9543322 ], [ -112.6635206, 31.9828541 ], [ -112.6559278, 31.9992779 ], [ -112.6825997, 32.0139388 ], [ -112.6905267, 32.0267702 ], [ -112.6876631, 32.0517683 ], [ -112.7024635, 32.0719572 ], [ -112.6980921, 32.0972907 ], [ -112.669676, 32.1140321 ], [ -112.6678695, 32.1570095 ], [ -112.7274893, 32.157024 ], [ -112.7274424, 32.2005932 ], [ -113.0855132, 32.2005516 ], [ -113.0843922, 31.9612478 ], [ -112.6079429, 31.815815 ] ] ] } },
{ "type": "Feature", "properties": { "name": "Tonto National Monument", "code": "TONT", "designation": "National Monuments", "state": "AZ", "acres": 1121.0, "type": "nps" }, "geometry": { "type": "Polygon", "coordinates": [ [ [ -111.100558, 33.6447913 ], [ -111.1005878, 33.6593443 ], [ -111.1179497, 33.6593033 ], [ -111.1178515, 33.6521096 ], [ -111.1265674, 33.6521132 ], [ -111.12657080000001, 33.6375301 ], [ -111.1092309, 33.6375277 ], [ -111.1092796, 33.6448066 ], [ -111.100558, 33.6447913 ] ] ] } },
{ "type": "Feature", "properties": { "name": "Tumacacori National Historical Park", "code": "TUMA", "designation": "National Historical Parks", "state": "AZ", "acres": 0.0, "type": "nps" }, "geometry": { "type": "GeometryCollection", "geometries": [ ] } },
{ "type": "Feature", "properties": { "name": "Tuzigoot National Monument", "code": "TUZI", "designation": "National Monuments", "state": "AZ", "acres": 819.0, "type": "nps" }, "geometry": { "type": "Polygon", "coordinates": [ [ [ -112.0458295, 34.7667521 ], [ -112.018187, 34.7652569 ], [ -112.018531, 34.7835095 ], [ -112.0273123, 34.7835728 ], [ -112.0458295, 34.7667521 ] ] ] } },
{ "type": "Feature", "properties": { "name": "Hohokam Pima National Monument", "code": "PIMA", "designation": "National Monuments", "state": "AZ", "acres": 1538.0, "type": "nps" }, "geometry": { "type": "Polygon", "coordinates": [ [ [ -111.909649699999989, 33.1884162 ], [ -111.8923762, 33.1857095 ], [ -111.8923639, 33.1920328 ], [ -111.9355189, 33.1974442 ], [ -111.9355375, 33.1756651 ], [ -111.9096557, 33.1775526 ], [ -111.909649699999989, 33.1884162 ] ] ] } },
{ "type": "Feature", "properties": { "name": "Whiskeytown-Shasta-Trinity National Recreation Area", "code": "WHIS", "designation": "National Recreation Areas", "state": "CA", "acres": 41937.0, "type": "nps" }, "geometry": { "type": "Polygon", "coordinates": [ [ [ -122.6746497, 40.6637326 ], [ -122.6843204, 40.6410679 ], [ -122.7099952, 40.6314021 ], [ -122.7115327, 40.6122793 ], [ -122.6927871, 40.5778086 ], [ -122.674124699999979, 40.577908 ], [ -122.673101800000012, 40.5878038 ], [ -122.664124199999989, 40.5893719 ], [ -122.6361749, 40.5676914 ], [ -122.594295300000013, 40.5674564 ], [ -122.5712725, 40.5518068 ], [ -122.561709399999984, 40.5519158 ], [ -122.5616498, 40.5620491 ], [ -122.5151335, 40.5531719 ], [ -122.5151027, 40.5602823 ], [ -122.5061726, 40.5605113 ], [ -122.5045731, 40.5994963 ], [ -122.5145364, 40.6031282 ], [ -122.5093486, 40.6213054 ], [ -122.5226348, 40.629035 ], [ -122.522688799999983, 40.6511879 ], [ -122.5416807, 40.6507847 ], [ -122.5393949, 40.6661617 ], [ -122.613696300000015, 40.664337 ], [ -122.6325506, 40.6695998 ], [ -122.6334574, 40.6807633 ], [ -122.6508749, 40.680415 ], [ -122.651591899999985, 40.666182 ], [ -122.6746497, 40.6637326 ] ] ] } },
{ "type": "Feature", "properties": { "name": "Manzanar National Historic Site", "code": "MANZ", "designation": "National Historic Sites", "state": "CA", "acres": 731.0, "type": "nps" }, "geometry": { "type": "Polygon", "coordinates": [ [ [ -118.14070670000001, 36.7219445 ], [ -118.151807299999987, 36.7370148 ], [ -118.1653576, 36.7305645 ], [ -118.165283699999989, 36.7175183 ], [ -118.14070670000001, 36.7219445 ] ] ] } },
{ "type": "Feature", "properties": { "name": "Pearl Harbor National Memorial", "code": "PERL", "designation": "National Memorials", "state": "HI", "acres": 0.0, "type": "nps" }, "geometry": { "type": "GeometryCollection", "geometries": [ ] } },
{ "type": "Feature", "properties": { "name": "National Park of American Samoa", "code": "NPSA", "designation": "National Parks", "state": "SA", "acres": 5966.0, "type": "nps" }, "geometry": { "type": "Polygon", "coordinates": [ [ [ -169.4823471, -14.2301634 ], [ -169.4864572, -14.2412428 ], [ -169.4781983, -14.2510576 ], [ -169.4885191, -14.276447 ], [ -169.4611265, -14.2528945 ], [ -169.4191327, -14.2555488 ], [ -169.419237399999986, -14.2290087 ], [ -169.4549714, -14.2211463 ], [ -169.4823471, -14.2301634 ] ] ] } },
{ "type": "Feature", "properties": { "name": "San Francisco Maritime National Historical Park", "code": "SAFR", "designation": "National Historical Parks", "state": "CA", "acres": 58.0, "type": "nps" }, "geometry": { "type": "Polygon", "coordinates": [ [ [ -122.4196581, 37.8068728 ], [ -122.4233325, 37.8146477 ], [ -122.4268656, 37.8089433 ], [ -122.4196581, 37.8068728 ] ] ] } },
{ "type": "Feature", "properties": { "name": "John Day Fossil Beds National Monument", "code": "JODA", "designation": "National Monuments", "state": "OR", "acres": 7803.0, "type": "nps" }, "geometry": { "type": "Polygon", "coordinates": [ [ [ -119.6536411, 44.5780742 ], [ -119.6537718, 44.5527073 ], [ -119.6840413, 44.5528175 ], [ -119.653855400000012, 44.5490925 ], [ -119.654002299999974, 44.4984069 ], [ -119.613002600000016, 44.4983775 ], [ -119.612697, 44.5635708 ], [ -119.6230601, 44.5708563 ], [ -119.6232569, 44.5891419 ], [ -119.6128207, 44.5891166 ], [ -119.618172300000012, 44.6000888 ], [ -119.6536411, 44.5780742 ] ] ] } },
{ "type": "Feature", "properties": { "name": "Lake Roosevelt National Recreation Area", "code": "LARO", "designation": "National Recreation Areas", "state": "WA", "acres": 81465.0, "type": "nps" }, "geometry": { "type": "MultiPolygon", "coordinates": [ [ [ [ -118.093099, 47.8296169 ], [ -118.118690399999977, 47.837564799999988 ], [ -118.1168794, 47.8503445 ], [ -118.1458134, 47.8875407 ], [ -118.139847199999977, 47.8937138 ], [ -118.1581068, 47.8925737 ], [ -118.1999774, 47.9457911 ], [ -118.249193199999979, 47.946822 ], [ -118.334775400000012, 47.8987578 ], [ -118.346819899999986, 47.9214352 ], [ -118.347842199999974, 47.9591931 ], [ -118.3395681, 47.9687927 ], [ -118.3466139, 47.9662078 ], [ -118.3521166, 47.984578 ], [ -118.3668323, 47.9879606 ], [ -118.3763757, 48.0328315 ], [ -118.3434501, 48.0433458 ], [ -118.25455190000001, 48.0363491 ], [ -118.2616539, 48.0404599 ], [ -118.2332101, 48.0578364 ], [ -118.2268391, 48.080593 ], [ -118.218885, 48.081703499999989 ], [ -118.228494700000013, 48.0835207 ], [ -118.2345643, 48.1252283 ], [ -118.1924215, 48.141981499999986 ], [ -118.1830955, 48.1567944 ], [ -118.1871457, 48.209497299999988 ], [ -118.1362329, 48.2516416 ], [ -118.133596, 48.2679719 ], [ -118.1530576, 48.3022274 ], [ -118.1470614, 48.3076933 ], [ -118.180487200000016, 48.418346299999989 ], [ -118.201774199999988, 48.442117599999989 ], [ -118.1983262, 48.4646572 ], [ -118.1630956, 48.4925851 ], [ -118.1369377, 48.5270251 ], [ -118.1402975, 48.5450462 ], [ -118.1042009, 48.5780228 ], [ -118.1245514, 48.6010016 ], [ -118.113166899999982, 48.628415499999988 ], [ -118.1062781, 48.630957 ], [ -118.079296199999987, 48.6143984 ], [ -118.0725309, 48.6254543 ], [ -118.084928599999984, 48.6576642 ], [ -118.0153228, 48.6848625 ], [ -118.0156337, 48.6977881 ], [ -118.052565699999988, 48.7361058 ], [ -118.0524603, 48.754434 ], [ -118.0063812, 48.778325 ], [ -118.0050031, 48.808681899999989 ], [ -117.985485700000012, 48.8167037 ], [ -117.9491569, 48.8101987 ], [ -117.9249698, 48.8180355 ], [ -117.9187662, 48.845233799999988 ], [ -117.8715846, 48.871592 ], [ -117.843639, 48.874229799999988 ], [ -117.8199469, 48.8943767 ], [ -117.799187300000014, 48.8999309 ], [ -117.796304400000011, 48.9147038 ], [ -117.7705814, 48.9219799 ], [ -117.7593848, 48.934033799999987 ], [ -117.738507399999989, 48.938460799999987 ], [ -117.7246271, 48.9331965 ], [ -117.7129747, 48.9496183 ], [ -117.7249981, 48.9392504 ], [ -117.765909799999989, 48.9396839 ], [ -117.7646734, 48.9304823 ], [ -117.799174400000012, 48.9167442 ], [ -117.8444778, 48.8798198 ], [ -117.876968, 48.8723969 ], [ -117.9210497, 48.8481569 ], [ -117.9458949, 48.8147892 ], [ -117.978001299999988, 48.822914499999989 ], [ -118.012757, 48.809245 ], [ -118.013683, 48.7781362 ], [ -118.040561299999979, 48.7701215 ], [ -118.0640403, 48.7495026 ], [ -118.0371429, 48.7074675 ], [ -118.0338365, 48.6787704 ], [ -118.063573, 48.6751651 ], [ -118.084643, 48.686497599999988 ], [ -118.1145159, 48.675401099999981 ], [ -118.1080872, 48.6557211 ], [ -118.133412, 48.6130694 ], [ -118.139064, 48.5834378 ], [ -118.1311156, 48.5806044 ], [ -118.1558496, 48.5577186 ], [ -118.1499034, 48.544040599999988 ], [ -118.1573254, 48.5343965 ], [ -118.172079699999983, 48.5396799 ], [ -118.1652285, 48.533378 ], [ -118.1846582, 48.521376 ], [ -118.1883756, 48.4984001 ], [ -118.2073904, 48.4878796 ], [ -118.2235452, 48.446537799999987 ], [ -118.215628200000012, 48.4108623 ], [ -118.1979719, 48.3926042 ], [ -118.187343699999985, 48.3604287 ], [ -118.185130699999988, 48.3106283 ], [ -118.2037001, 48.304440799999988 ], [ -118.1794916, 48.3083466 ], [ -118.1828466, 48.2927445 ], [ -118.174282100000013, 48.2964676 ], [ -118.1627379, 48.2905215 ], [ -118.1456843, 48.261598899999989 ], [ -118.153673700000013, 48.2434066 ], [ -118.197714399999981, 48.2129682 ], [ -118.2061568, 48.1468442 ], [ -118.2344942, 48.1383303 ], [ -118.2352395, 48.1548866 ], [ -118.239182, 48.1393045 ], [ -118.2533489, 48.1450756 ], [ -118.2615805, 48.1007531 ], [ -118.2503705, 48.0884465 ], [ -118.2513285, 48.066176299999988 ], [ -118.2606135, 48.0673707 ], [ -118.2526975, 48.0636104 ], [ -118.2888498, 48.0481194 ], [ -118.306687799999978, 48.0570877 ], [ -118.31566140000001, 48.0562709 ], [ -118.302729599999978, 48.0477808 ], [ -118.3573122, 48.0525048 ], [ -118.405469, 48.0307263 ], [ -118.4109454, 48.0177415 ], [ -118.3943506, 48.0092581 ], [ -118.3655577, 47.972617 ], [ -118.373129399999982, 47.9731558 ], [ -118.3572955, 47.963267099999989 ], [ -118.3612595, 47.9365056 ], [ -118.368803, 47.9385861 ], [ -118.3524284, 47.8947085 ], [ -118.3765116, 47.849427 ], [ -118.4221482, 47.8411434 ], [ -118.4432969, 47.8505438 ], [ -118.4583488, 47.8837288 ], [ -118.49698690000001, 47.8784726 ], [ -118.5273385, 47.8829468 ], [ -118.5391879, 47.9313791 ], [ -118.5303245, 47.9344099 ], [ -118.5410729, 47.9325421 ], [ -118.5426703, 47.938196 ], [ -118.6225763, 47.9323733 ], [ -118.6763735, 47.9523657 ], [ -118.720187700000011, 47.9326847 ], [ -118.714993100000015, 47.9244607 ], [ -118.7253256, 47.9181183 ], [ -118.714042699999979, 47.9167345 ], [ -118.7233616, 47.9094875 ], [ -118.720281199999988, 47.9139688 ], [ -118.7428442, 47.9073079 ], [ -118.759389, 47.9190228 ], [ -118.8148213, 47.9310763 ], [ -118.8102194, 47.949918499999988 ], [ -118.8223039, 47.9664452 ], [ -118.9141551, 47.9565113 ], [ -118.947589, 47.9455459 ], [ -118.965595400000012, 47.9485032 ], [ -118.972100399999974, 47.960197699999988 ], [ -118.989278, 47.953522899999989 ], [ -118.990605, 47.9429066 ], [ -118.9737383, 47.9343045 ], [ -118.9300924, 47.930982299999989 ], [ -118.9283863, 47.9364712 ], [ -118.8658944, 47.949362 ], [ -118.8367315, 47.934813299999988 ], [ -118.8246656, 47.915601 ], [ -118.81717780000001, 47.92012 ], [ -118.792245, 47.9052303 ], [ -118.739719, 47.8978555 ], [ -118.7137304, 47.8974588 ], [ -118.70114, 47.924611399999982 ], [ -118.673617900000011, 47.9349654 ], [ -118.641281699999979, 47.9213517 ], [ -118.586505, 47.925066299999983 ], [ -118.5871539, 47.917372 ], [ -118.579259900000011, 47.9261368 ], [ -118.5620852, 47.9250582 ], [ -118.543235799999977, 47.9060109 ], [ -118.541596899999988, 47.872844 ], [ -118.4976621, 47.867287 ], [ -118.46733709999998, 47.8761642 ], [ -118.4459915, 47.8388956 ], [ -118.378211, 47.8227852 ], [ -118.365654, 47.813032 ], [ -118.323324199999973, 47.8137954 ], [ -118.3556423, 47.8167489 ], [ -118.367867899999979, 47.8274267 ], [ -118.34133, 47.847822 ], [ -118.3420548, 47.8787144 ], [ -118.31393, 47.899273199999989 ], [ -118.315504499999989, 47.9086235 ], [ -118.258007, 47.931321499999989 ], [ -118.2556653, 47.9386528 ], [ -118.2132315, 47.9406498 ], [ -118.1791772, 47.8976773 ], [ -118.1553273, 47.8769749 ], [ -118.1414427, 47.8787034 ], [ -118.1260995, 47.8600486 ], [ -118.1253404, 47.8330587 ], [ -118.0984568, 47.8278712 ], [ -118.094544099999979, 47.821568 ], [ -118.093099, 47.8296169 ] ] ], [ [ [ -118.0787858, 47.7961696 ], [ -118.0620016, 47.7909001 ], [ -118.012708100000012, 47.8045739 ], [ -117.989879300000013, 47.8341989 ], [ -118.0134725, 47.805693 ], [ -118.072282699999988, 47.8005141 ], [ -118.0927402, 47.8186615 ], [ -118.0787858, 47.7961696 ] ] ], [ [ [ -117.935609699999986, 47.8226746 ], [ -117.916913900000011, 47.8307599 ], [ -117.9347953, 47.8236564 ], [ -117.9889416, 47.8353313 ], [ -117.9897559, 47.8343479 ], [ -117.935609699999986, 47.8226746 ] ] ], [ [ [ -118.1099221, 48.6796459 ], [ -118.1167966, 48.726610099999988 ], [ -118.12338840000001, 48.7266856 ], [ -118.1287166, 48.718834799999989 ], [ -118.1147364, 48.6760759 ], [ -118.1099221, 48.6796459 ] ] ], [ [ [ -118.115952599999986, 48.735516 ], [ -118.1201935, 48.7370225 ], [ -118.1176101, 48.7351974 ], [ -118.1198078, 48.7319604 ], [ -118.115952599999986, 48.735516 ] ] ], [ [ [ -118.121393399999988, 48.7468447 ], [ -118.131525699999983, 48.745026499999987 ], [ -118.1265396, 48.7415051 ], [ -118.121393399999988, 48.7468447 ] ] ] ] } },
{ "type": "Feature", "properties": { "name": "Craters of the Moon National Monument", "code": "CRMO", "designation": "National Monuments", "state": "ID", "acres": 53172.0, "type": "nps" }, "geometry": { "type": "Polygon", "coordinates": [ [ [ -113.5951573, 43.4720397 ], [ -113.595570599999988, 43.3675739 ], [ -113.6341217, 43.3675912 ], [ -113.6340453, 43.345145 ], [ -113.655128499999989, 43.3451226 ], [ -113.6551538, 43.3161806 ], [ -113.6438596, 43.3161804 ], [ -113.6438316, 43.3089438 ], [ -113.6190833, 43.3089641 ], [ -113.6142031, 43.3451602 ], [ -113.584454799999989, 43.3451731 ], [ -113.5844736, 43.3675689 ], [ -113.5128531, 43.367556 ], [ -113.5128331, 43.3596844 ], [ -113.493006, 43.3596593 ], [ -113.492946499999988, 43.3234852 ], [ -113.4137437, 43.323508 ], [ -113.416511899999989, 43.4110247 ], [ -113.45623, 43.4110368 ], [ -113.4556849, 43.4785793 ], [ -113.571616299999988, 43.4810438 ], [ -113.5974365, 43.4996973 ], [ -113.6125724, 43.4929307 ], [ -113.5951573, 43.4720397 ] ] ] } },
{ "type": "Feature", "properties": { "name": "Craters of the Moon National Preserve", "code": "CRMP", "designation": "National Preserves", "state": "ID", "acres": 698290.0, "type": "nps" }, "geometry": { "type": "Polygon", "coordinates": [ [ [ -113.4360103, 43.5780715 ], [ -113.455936099999988, 43.5707238 ], [ -113.4558634, 43.5595844 ], [ -113.4757716, 43.559881 ], [ -113.500578499999989, 43.5293437 ], [ -113.5454779, 43.5349694 ], [ -113.5555465, 43.5242022 ], [ -113.5754442, 43.5240237 ], [ -113.550517, 43.5172545 ], [ -113.5504742, 43.495753 ], [ -113.5603844, 43.4956423 ], [ -113.5603373, 43.4849493 ], [ -113.575303, 43.491796 ], [ -113.571616299999988, 43.4810438 ], [ -113.4556849, 43.4785793 ], [ -113.45623, 43.4110368 ], [ -113.416511899999989, 43.4110247 ], [ -113.4137437, 43.323508 ], [ -113.492946499999988, 43.3234852 ], [ -113.493006, 43.3596593 ], [ -113.5128331, 43.3596844 ], [ -113.5128531, 43.367556 ], [ -113.5844736, 43.3675689 ], [ -113.584454799999989, 43.3451731 ], [ -113.6142031, 43.3451602 ], [ -113.6190833, 43.3089641 ], [ -113.6438316, 43.3089438 ], [ -113.6438596, 43.3161804 ], [ -113.6551538, 43.3161806 ], [ -113.655128499999989, 43.3451226 ], [ -113.6340453, 43.345145 ], [ -113.6341217, 43.3675912 ], [ -113.595570599999988, 43.3675739 ], [ -113.5951573, 43.4720397 ], [ -113.6146793, 43.4817555 ], [ -113.6147321, 43.4599737 ], [ -113.6395295, 43.4600307 ], [ -113.6304196, 43.4399996 ], [ -113.635367, 43.4255282 ], [ -113.6547772, 43.425549 ], [ -113.6546965, 43.3965732 ], [ -113.6993351, 43.4040797 ], [ -113.719528, 43.3786498 ], [ -113.7340623, 43.385747 ], [ -113.744013, 43.3857654 ], [ -113.7440926, 43.3785601 ], [ -113.7742277, 43.3823458 ], [ -113.7741683, 43.367924699999989 ], [ -113.7873831, 43.3604045 ], [ -113.817253, 43.3640051 ], [ -113.8222261, 43.3350258 ], [ -113.8319453, 43.3273634 ], [ -113.8616213, 43.3314231 ], [ -113.8864482, 43.3273489 ], [ -113.8913584, 43.3200995 ], [ -113.9108862, 43.324026 ], [ -113.9306693, 43.2508061 ], [ -113.9507388, 43.2473996 ], [ -113.9657269, 43.2219155 ], [ -113.9955419, 43.2073931 ], [ -113.9949702, 43.1710605 ], [ -113.9733797, 43.1659303 ], [ -113.9242735, 43.1697473 ], [ -113.896019599999988, 43.1783117 ], [ -113.864533, 43.2053239 ], [ -113.8441403, 43.2000266 ], [ -113.8244593, 43.2089265 ], [ -113.792039, 43.2029429 ], [ -113.7865487, 43.1722205 ], [ -113.7703634, 43.1518387 ], [ -113.6996304, 43.1410438 ], [ -113.652037299999989, 43.0996058 ], [ -113.6791118, 43.0644835 ], [ -113.7312976, 43.0363689 ], [ -113.7105258, 42.9510135 ], [ -113.646875, 42.9560753 ], [ -113.551124699999988, 42.9514578 ], [ -113.5503017, 42.9574207 ], [ -113.5270686, 42.9389524 ], [ -113.4948222, 42.9301304 ], [ -113.4984213, 42.9204264 ], [ -113.4887448, 42.9175635 ], [ -113.4634402, 42.9225686 ], [ -113.455676, 42.9168403 ], [ -113.4327038, 42.9423858 ], [ -113.384879399999988, 42.9387451 ], [ -113.3934427, 42.9144214 ], [ -113.3608211, 42.8805505 ], [ -113.3485008, 42.8352776 ], [ -113.371963, 42.8096832 ], [ -113.340182899999988, 42.8036193 ], [ -113.3428132, 42.8103484 ], [ -113.3341605, 42.8123854 ], [ -113.3166941, 42.8083261 ], [ -113.3207307, 42.783434 ], [ -113.3011928, 42.7658538 ], [ -113.2996833, 42.7528752 ], [ -113.3154726, 42.7417136 ], [ -113.318046, 42.7237906 ], [ -113.2813091, 42.7088305 ], [ -113.2303602, 42.7059921 ], [ -113.1896965, 42.7143689 ], [ -113.154381, 42.747978 ], [ -113.1691492, 42.7624162 ], [ -113.1396564, 42.7660928 ], [ -113.1396351, 42.7841538 ], [ -113.1162626, 42.7841637 ], [ -113.116264199999989, 42.7769395 ], [ -113.0867954, 42.7805479 ], [ -113.0818591, 42.7986277 ], [ -113.0916725, 42.8058488 ], [ -113.1248505, 42.8022151 ], [ -113.1347477, 42.8202675 ], [ -113.1445917, 42.8200662 ], [ -113.149507, 42.8419445 ], [ -113.125859, 42.8485377 ], [ -113.125846, 42.8884284 ], [ -113.1455425, 42.895685 ], [ -113.1455496, 42.914503 ], [ -113.1849863, 42.9313485 ], [ -113.1849941, 42.965779 ], [ -113.204717, 42.9657963 ], [ -113.2046517, 43.0092415 ], [ -113.224473, 43.0092588 ], [ -113.2244772, 43.0528638 ], [ -113.2436292, 43.0529007 ], [ -113.2435348, 43.0963357 ], [ -113.2632883, 43.096353099999988 ], [ -113.263199, 43.1254905 ], [ -113.2829626, 43.1255228 ], [ -113.2828002, 43.1834513 ], [ -113.2729004, 43.1834259 ], [ -113.2728398, 43.2117536 ], [ -113.2530502, 43.211777 ], [ -113.2530145, 43.2407132 ], [ -113.2671207, 43.2427551 ], [ -113.267551399999988, 43.2696852 ], [ -113.2775661, 43.2878164 ], [ -113.2828411, 43.2850756 ], [ -113.2827574, 43.3172242 ], [ -113.248044, 43.3317552 ], [ -113.2741682, 43.367143 ], [ -113.2939684, 43.367157 ], [ -113.311905900000014, 43.4380767 ], [ -113.3035375, 43.4605306 ], [ -113.318340299999988, 43.4700617 ], [ -113.3361624, 43.4677493 ], [ -113.3160764, 43.5372105 ], [ -113.3459234, 43.5373157 ], [ -113.341127899999989, 43.5662022 ], [ -113.3609501, 43.5661173 ], [ -113.3709304, 43.5479628 ], [ -113.3758979, 43.5551567 ], [ -113.4256032, 43.5519652 ], [ -113.420755899999989, 43.5625949 ], [ -113.400798099999989, 43.5623411 ], [ -113.4360103, 43.5780715 ] ] ] } },
{ "type": "Feature", "properties": { "name": "Ebey's Landing National Historical Reserve", "code": "EBLA", "designation": "National Reserves", "state": "WA", "acres": 18459.0, "type": "nps" }, "geometry": { "type": "Polygon", "coordinates": [ [ [ -122.689347200000014, 48.2591051 ], [ -122.689492, 48.2441787 ], [ -122.7001127, 48.2415575 ], [ -122.700005399999981, 48.2528658 ], [ -122.718646299999989, 48.2460194 ], [ -122.7185662, 48.2540188 ], [ -122.7461202, 48.253631 ], [ -122.7463116, 48.2391783 ], [ -122.7597949, 48.2465053 ], [ -122.7704192, 48.228274099999986 ], [ -122.7615117, 48.2145355 ], [ -122.691981199999987, 48.1812781 ], [ -122.678023400000015, 48.1546979 ], [ -122.6374084, 48.163837199999989 ], [ -122.637292, 48.1976248 ], [ -122.6241137, 48.1956968 ], [ -122.623988399999988, 48.218669 ], [ -122.653297099999989, 48.253784599999989 ], [ -122.689347200000014, 48.2591051 ] ] ] } },
{ "type": "Feature", "properties": { "name": "Crater Lake National Park", "code": "CRLA", "designation": "National Parks", "state": "OR", "acres": 182420.0, "type": "nps" }, "geometry": { "type": "Polygon", "coordinates": [ [ [ -122.1979572, 43.0888341 ], [ -122.2666068, 43.0677309 ], [ -122.266640799999976, 43.0111048 ], [ -122.275680499999979, 42.9967907 ], [ -122.3024651, 42.9860054 ], [ -122.3024763, 42.9761017 ], [ -122.2728612, 42.9761212 ], [ -122.291259400000015, 42.8774795 ], [ -122.2892716, 42.8599296 ], [ -122.2666743, 42.8382002 ], [ -122.2666825, 42.8009839 ], [ -122.078382499999989, 42.8009518 ], [ -122.0783529, 42.7802291 ], [ -122.0647318, 42.7687015 ], [ -122.056513700000011, 42.7725075 ], [ -122.071970100000016, 42.8009467 ], [ -121.9996825, 42.8010217 ], [ -121.999765599999989, 42.8497872 ], [ -121.9661402, 42.8440402 ], [ -121.966134399999987, 42.849806 ], [ -121.9859742, 42.8570053 ], [ -121.985951300000011, 42.875184 ], [ -121.9997675, 42.8933474 ], [ -121.9661436, 42.9216226 ], [ -121.9789102, 42.9422236 ], [ -121.9846542, 42.9714262 ], [ -121.978133, 42.9799123 ], [ -121.999733, 42.9856565 ], [ -122.004584600000015, 43.0878763 ], [ -122.1979572, 43.0888341 ] ] ] } },
{ "type": "Feature", "properties": { "name": "Oregon Caves National Monument and Preserve", "code": "ORCA", "designation": "National Monuments", "state": "OR", "acres": 4435.0, "type": "nps" }, "geometry": { "type": "Polygon", "coordinates": [ [ [ -123.4371174, 42.1200119 ], [ -123.4247361, 42.0904211 ], [ -123.367730199999983, 42.0821496 ], [ -123.3601399, 42.090306 ], [ -123.4015087, 42.125355 ], [ -123.4371174, 42.1200119 ] ] ] } },
{ "type": "Feature", "properties": { "name": "Minidoka National Historic Site", "code": "MIIN", "designation": "National Historic Sites", "state": "ID", "acres": 186.0, "type": "nps" }, "geometry": { "type": "Polygon", "coordinates": [ [ [ -114.2486391, 42.6855465 ], [ -114.25715430000001, 42.6795085 ], [ -114.2350432, 42.6757927 ], [ -114.2486391, 42.6855465 ] ] ] } },
{ "type": "Feature", "properties": { "name": "Nez Perce National Historical Park", "code": "NEPE", "designation": "National Historical Parks", "state": "ID", "acres": 1673.0, "type": "nps" }, "geometry": { "type": "Polygon", "coordinates": [ [ [ -116.252741, 45.8258795 ], [ -116.285082, 45.8027748 ], [ -116.2966329, 45.7720922 ], [ -116.2644139, 45.785252 ], [ -116.266618799999989, 45.8045105 ], [ -116.252741, 45.8258795 ] ] ] } },
{ "type": "Feature", "properties": { "name": "Lewis and Clark National Historical Park", "code": "LEWI", "designation": "National Historical Parks", "state": "OR", "acres": 1369.0, "type": "nps" }, "geometry": { "type": "MultiPolygon", "coordinates": [ [ [ [ -123.872008099999974, 46.117411 ], [ -123.8596327, 46.117301 ], [ -123.8721232, 46.1181674 ], [ -123.872008099999974, 46.117411 ] ] ], [ [ [ -124.081438800000015, 46.267358 ], [ -124.0602745, 46.2804006 ], [ -124.0502542, 46.2781239 ], [ -124.048953, 46.2962632 ], [ -124.0735092, 46.3024708 ], [ -124.081438800000015, 46.267358 ] ] ] ] } },
{ "type": "Feature", "properties": { "name": "Fort Vancouver National Historic Site", "code": "FOVA", "designation": "National Historic Sites", "state": "WA", "acres": 98.0, "type": "nps" }, "geometry": { "type": "Polygon", "coordinates": [ [ [ -122.6578431, 45.6192212 ], [ -122.6542279, 45.6257229 ], [ -122.6688667, 45.6246936 ], [ -122.6578431, 45.6192212 ] ] ] } },
{ "type": "Feature", "properties": { "name": "Mount Rainier National Park", "code": "MORA", "designation": "National Parks", "state": "WA", "acres": 234622.0, "type": "nps" }, "geometry": { "type": "Polygon", "coordinates": [ [ [ -121.9163461, 46.9971097 ], [ -121.9182016, 46.7372747 ], [ -121.8465005, 46.7276284 ], [ -121.8287659, 46.7354737 ], [ -121.62945329999998, 46.735614599999984 ], [ -121.5984593, 46.7078228 ], [ -121.5914673, 46.718381199999989 ], [ -121.55919560000001, 46.7184348 ], [ -121.469167200000015, 46.7670342 ], [ -121.447687399999978, 46.7700451 ], [ -121.455026899999979, 46.7807703 ], [ -121.442889699999981, 46.7926637 ], [ -121.473228, 46.8197369 ], [ -121.4969158, 46.863442899999988 ], [ -121.522662200000013, 46.8733514 ], [ -121.4966059, 46.9089367 ], [ -121.508521899999977, 46.9221138 ], [ -121.5005899, 46.941792 ], [ -121.5084953, 46.9625424 ], [ -121.5193841, 46.9776265 ], [ -121.5399394, 46.977547199999989 ], [ -121.533611, 46.9951017 ], [ -121.9163461, 46.9971097 ] ] ] } },
{ "type": "Feature", "properties": { "name": "Lake Chelan National Recreation Area", "code": "LACH", "designation": "National Recreation Areas", "state": "WA", "acres": 63677.0, "type": "nps" }, "geometry": { "type": "Polygon", "coordinates": [ [ [ -120.694663199999979, 48.4505298 ], [ -120.7184278, 48.4324399 ], [ -120.7591363, 48.4324586 ], [ -120.7587411, 48.420389899999989 ], [ -120.8091733, 48.4079726 ], [ -120.8436608, 48.390791 ], [ -120.838814699999986, 48.379003499999989 ], [ -120.8547309, 48.3695575 ], [ -120.8519825, 48.360742799999983 ], [ -120.8202956, 48.356185599999989 ], [ -120.8007208, 48.3386466 ], [ -120.7648589, 48.34832 ], [ -120.753104, 48.3359951 ], [ -120.731993300000013, 48.344773499999988 ], [ -120.7310948, 48.3165424 ], [ -120.7007189, 48.318890499999988 ], [ -120.682866100000012, 48.3088869 ], [ -120.697501099999982, 48.2857935 ], [ -120.693609099999989, 48.2509421 ], [ -120.6783078, 48.245725899999989 ], [ -120.653275900000011, 48.2584491 ], [ -120.641130300000015, 48.252712 ], [ -120.622528500000016, 48.2691405 ], [ -120.5743082, 48.268733 ], [ -120.545195400000011, 48.2903758 ], [ -120.56179, 48.3156924 ], [ -120.589460699999989, 48.3229103 ], [ -120.559995199999989, 48.3607042 ], [ -120.5631542, 48.3723274 ], [ -120.6219629, 48.398726599999989 ], [ -120.64889380000001, 48.396465299999988 ], [ -120.651229499999985, 48.4366258 ], [ -120.678734800000015, 48.4512175 ], [ -120.694663199999979, 48.4505298 ] ] ] } },
{ "type": "Feature", "properties": { "name": "Ross Lake National Recreation Area", "code": "ROLA", "designation": "National Recreation Areas", "state": "WA", "acres": 116304.0, "type": "nps" }, "geometry": { "type": "Polygon", "coordinates": [ [ [ -120.962624800000015, 48.7275485 ], [ -121.0045323, 48.7710977 ], [ -121.0126288, 48.803243099999989 ], [ -120.9903185, 48.8420549 ], [ -120.9933382, 48.8687646 ], [ -120.958995800000011, 48.886974 ], [ -120.977165299999982, 48.9172977 ], [ -120.9801359, 48.9617164 ], [ -121.003403800000015, 48.9714665 ], [ -121.0195053, 49.0001263 ], [ -121.1194397, 49.000210599999988 ], [ -121.130391, 48.9874608 ], [ -121.1072749, 48.9317378 ], [ -121.1214173, 48.9070848 ], [ -121.0598383, 48.8463098 ], [ -121.098962300000011, 48.8188022 ], [ -121.161339499999983, 48.820039 ], [ -121.1782337, 48.8037895 ], [ -121.0684349, 48.7592763 ], [ -121.079125800000014, 48.7404853 ], [ -121.1699346, 48.7283737 ], [ -121.2274385, 48.7081932 ], [ -121.2541153, 48.6896397 ], [ -121.3251395, 48.674027699999989 ], [ -121.3768426, 48.635660699999988 ], [ -121.3644215, 48.6260631 ], [ -121.3856183, 48.6167558 ], [ -121.3804632, 48.5998875 ], [ -121.3898452, 48.5820846 ], [ -121.374043199999988, 48.5747595 ], [ -121.306555899999978, 48.5979071 ], [ -121.314718200000016, 48.6041004 ], [ -121.201277, 48.676406799999988 ], [ -121.1657372, 48.6865707 ], [ -121.125077399999981, 48.6829563 ], [ -121.075516, 48.6646356 ], [ -121.0583, 48.629479 ], [ -121.0674164, 48.6164428 ], [ -121.04554659999998, 48.6104012 ], [ -121.035500599999978, 48.6156735 ], [ -121.035789400000013, 48.6409081 ], [ -121.019060699999983, 48.6409085 ], [ -121.0189863, 48.6636773 ], [ -121.0066617, 48.6764158 ], [ -120.9964239, 48.6840475 ], [ -120.9597189, 48.6818011 ], [ -120.962624800000015, 48.7275485 ] ] ] } },
{ "type": "Feature", "properties": { "name": "San Juan Island National Historical Park", "code": "SAJH", "designation": "National Historical Parks", "state": "WA", "acres": 1165.0, "type": "nps" }, "geometry": { "type": "Polygon", "coordinates": [ [ [ -123.0330146, 48.4709246 ], [ -123.022976299999982, 48.4567829 ], [ -122.9740652, 48.4534697 ], [ -122.974068, 48.4617414 ], [ -123.0330146, 48.4709246 ] ] ] } },
{ "type": "Feature", "properties": { "name": "Whitman Mission National Historic Site", "code": "WHMI", "designation": "National Historic Sites", "state": "WA", "acres": 108.0, "type": "nps" }, "geometry": { "type": "Polygon", "coordinates": [ [ [ -118.46011750000001, 46.0373678 ], [ -118.45882, 46.044626699999988 ], [ -118.472183, 46.0484297 ], [ -118.46011750000001, 46.0373678 ] ] ] } },
{ "type": "Feature", "properties": { "name": "Hagerman Fossil Beds National Monument", "code": "HAFO", "designation": "National Monuments", "state": "ID", "acres": 4235.0, "type": "nps" }, "geometry": { "type": "Polygon", "coordinates": [ [ [ -114.96222179999998, 42.8189293 ], [ -114.9524894, 42.8153184 ], [ -114.9524214, 42.7900219 ], [ -114.968334899999988, 42.7864146 ], [ -114.9679521, 42.7611074 ], [ -114.918899399999987, 42.7539984 ], [ -114.918343100000016, 42.7647701 ], [ -114.9272975, 42.7613159 ], [ -114.936599, 42.7683373 ], [ -114.9434019, 42.7919062 ], [ -114.9332429, 42.8064789 ], [ -114.9382088, 42.8135789 ], [ -114.9110279, 42.8336348 ], [ -114.93290660000001, 42.8334766 ], [ -114.96222179999998, 42.8189293 ] ] ] } },
{ "type": "Feature", "properties": { "name": "Alagnak Wild River", "code": "ALAG", "designation": "National Wild & Scenic Rivers", "state": "AK", "acres": 26797.0, "type": "nps" }, "geometry": { "type": "Polygon", "coordinates": [ [ [ -156.4682458, 59.118636499999987 ], [ -156.468234199999984, 59.1078009 ], [ -156.4892888, 59.1005796 ], [ -156.3910841, 59.1041921 ], [ -156.3911113, 59.1114164 ], [ -156.370054399999987, 59.1150254 ], [ -156.299814699999985, 59.1114169 ], [ -156.300978, 59.0391824 ], [ -156.2589018, 59.0247354 ], [ -156.2448708, 59.01029 ], [ -156.134165199999984, 59.0175145 ], [ -156.134109699999982, 58.9994563 ], [ -156.113109899999984, 58.99945229999998 ], [ -156.106092499999988, 58.9922326 ], [ -156.0851037, 58.9958411 ], [ -156.0780828, 58.9813949 ], [ -156.0361044, 58.981397 ], [ -156.0261248, 59.0035158 ], [ -155.9607203, 58.9980429 ], [ -155.93753719999998, 59.0076887 ], [ -155.907233199999979, 59.0065271 ], [ -155.851354500000014, 59.0187034 ], [ -155.834061599999984, 59.0350013 ], [ -155.8465879, 59.0456218 ], [ -155.838500499999981, 59.0537031 ], [ -155.79393109999998, 59.0566257 ], [ -155.7675506, 59.048586 ], [ -155.7439938, 59.0666668 ], [ -155.7558501, 59.0723348 ], [ -155.7431413, 59.082416 ], [ -155.725982499999986, 59.0830549 ], [ -155.7245408, 59.0896666 ], [ -155.7017387, 59.082253099999988 ], [ -155.6752228, 59.0894067 ], [ -155.675251, 59.1005895 ], [ -155.752478, 59.1005881 ], [ -155.7594268, 59.0861416 ], [ -155.779835599999984, 59.086141 ], [ -155.7867943, 59.0644702 ], [ -155.869379, 59.0572454 ], [ -155.883388, 59.035575 ], [ -155.9114174, 59.0355745 ], [ -155.9184004, 59.0211274 ], [ -155.9464002, 59.0139033 ], [ -156.0431156, 59.0139023 ], [ -156.092143199999981, 59.0175138 ], [ -156.092163699999986, 59.0283487 ], [ -156.120197099999984, 59.0319602 ], [ -156.2448972, 59.0283471 ], [ -156.244907899999987, 59.035570299999989 ], [ -156.286991199999989, 59.050017 ], [ -156.294043499999987, 59.0644639 ], [ -156.2870791, 59.0825226 ], [ -156.264699899999982, 59.0933583 ], [ -156.271724700000021, 59.1150281 ], [ -156.2857788, 59.1258641 ], [ -156.3138822, 59.1258649 ], [ -156.310917499999988, 59.1144017 ], [ -156.3238026, 59.118274299999989 ], [ -156.3209077, 59.1258619 ], [ -156.3490201, 59.1294718 ], [ -156.4682458, 59.118636499999987 ] ] ] } },
{ "type": "Feature", "properties": { "name": "Aniakchak National Preserve", "code": "ANIA", "designation": "National Preserves", "state": "AK", "acres": 467680.0, "type": "nps" }, "geometry": { "type": "Polygon", "coordinates": [ [ [ -157.5046398, 57.060281 ], [ -157.6113576, 57.1055623 ], [ -158.0231608, 57.1055524 ], [ -158.023156799999981, 57.0188427 ], [ -157.9659476, 57.0188438 ], [ -157.9711034, 57.0021535 ], [ -157.945789, 56.9591153 ], [ -157.9767118, 56.9347442 ], [ -157.9578769, 56.9182721 ], [ -157.9669347, 56.9059781 ], [ -157.8516841, 56.8718026 ], [ -157.870369899999986, 56.8591037 ], [ -157.8703313, 56.8411361 ], [ -157.923069, 56.841135 ], [ -157.922966399999979, 56.8122306 ], [ -158.0277543, 56.8122285 ], [ -158.0276922, 56.783324 ], [ -158.2636784, 56.7833139 ], [ -158.263674499999979, 56.7110585 ], [ -158.1061889, 56.711061 ], [ -158.1061866, 56.6677038 ], [ -157.8714482, 56.667708 ], [ -157.861955599999987, 56.6436881 ], [ -157.8417087, 56.6437455 ], [ -157.8350585, 56.6575809 ], [ -157.8066043, 56.6714186 ], [ -157.7468275, 56.6776824 ], [ -157.678939499999984, 56.6082066 ], [ -157.633574700000025, 56.6097555 ], [ -157.604209, 56.6208252 ], [ -157.5336901, 56.6129234 ], [ -157.4673378, 56.622706 ], [ -157.4511837, 56.6408022 ], [ -157.4769953, 56.669404699999987 ], [ -157.5053064, 56.6664119 ], [ -157.525407299999983, 56.6761323 ], [ -157.5445753, 56.6749806 ], [ -157.5626308, 56.7050673 ], [ -157.542791699999981, 56.739972 ], [ -157.518302399999982, 56.75932 ], [ -157.4794432, 56.764249199999988 ], [ -157.461002, 56.7545115 ], [ -157.4224989, 56.7702279 ], [ -157.402062799999982, 56.7630673 ], [ -157.421452499999987, 56.80142 ], [ -157.4516299, 56.8023713 ], [ -157.4667896, 56.8169803 ], [ -157.4713132, 56.8334965 ], [ -157.4491495, 56.8530773 ], [ -157.4155997, 56.86261 ], [ -157.378921099999985, 56.8607591 ], [ -157.2978191, 56.8179405 ], [ -157.275399, 56.792854 ], [ -157.2466044, 56.7913469 ], [ -157.2007985, 56.7643853 ], [ -157.162746, 56.7739884 ], [ -157.1612625, 56.783347899999988 ], [ -157.2007553, 56.783347 ], [ -157.200771399999979, 56.7977993 ], [ -157.213940700000023, 56.797798099999987 ], [ -157.2271625, 56.8267029 ], [ -157.2535397, 56.8339283 ], [ -157.266449099999988, 56.8740594 ], [ -157.2924137, 56.8788671 ], [ -157.293221599999981, 56.9005509 ], [ -157.3173596, 56.9100056 ], [ -157.3187589, 56.938621 ], [ -157.3492245, 56.9759021 ], [ -157.338958099999985, 56.9947501 ], [ -157.4239757, 56.9985845 ], [ -157.4544182, 57.0188577 ], [ -157.4471783, 57.0330628 ], [ -157.4935987, 57.0425796 ], [ -157.5046398, 57.060281 ] ] ] } },
{ "type": "Feature", "properties": { "name": "Aniakchak National Monument", "code": "ANIA", "designation": "National Monuments", "state": "AK", "acres": 137280.0, "type": "nps" }, "geometry": { "type": "Polygon", "coordinates": [ [ [ -158.2636913, 57.0188385 ], [ -158.2636838, 56.8844852 ], [ -158.342882399999979, 56.8844841 ], [ -158.3426948, 56.7977713 ], [ -158.263679199999984, 56.7977724 ], [ -158.2636784, 56.7833139 ], [ -158.0276922, 56.783324 ], [ -158.0277543, 56.8122285 ], [ -157.922966399999979, 56.8122306 ], [ -157.923069, 56.841135 ], [ -157.8703313, 56.8411361 ], [ -157.870369899999986, 56.8591037 ], [ -157.8516841, 56.8718026 ], [ -157.9669347, 56.9059781 ], [ -157.9578769, 56.9182721 ], [ -157.9767118, 56.9347442 ], [ -157.945487, 56.9575176 ], [ -157.9711034, 57.0021535 ], [ -157.9659476, 57.0188438 ], [ -158.2636913, 57.0188385 ] ] ] } },
{ "type": "Feature", "properties": { "name": "Bering Land Bridge National Preserve", "code": "BELA", "designation": "National Preserves", "state": "AK", "acres": 2777614.0, "type": "nps" }, "geometry": { "type": "Polygon", "coordinates": [ [ [ -165.1045279, 66.4775528 ], [ -165.601491399999986, 66.3768414 ], [ -165.6014743, 66.2165219 ], [ -165.387717899999984, 66.2165256 ], [ -165.3877081, 66.1299317 ], [ -165.298616, 66.129933 ], [ -165.2986052, 66.0433379 ], [ -166.5639031, 66.0433171 ], [ -166.563909599999988, 66.1272903 ], [ -167.537596, 65.8181402 ], [ -167.455558699999983, 65.8120593 ], [ -167.434614499999981, 65.7984247 ], [ -167.4510532, 65.783508700000013 ], [ -167.293017699999979, 65.7835119 ], [ -167.293013, 65.7402116 ], [ -166.982091299999979, 65.7402174 ], [ -166.985654400000016, 65.8701167 ], [ -166.563886299999979, 65.870123 ], [ -166.563894799999986, 65.9567208 ], [ -164.9476039, 65.9567444 ], [ -164.9472299, 65.8268482 ], [ -164.8768208, 65.8268487 ], [ -164.876815199999982, 65.7835495 ], [ -164.3621597, 65.7835546 ], [ -164.3621637, 65.7763359 ], [ -164.2946403, 65.7835555 ], [ -164.294569699999983, 65.7691226 ], [ -164.277013899999986, 65.7691228 ], [ -164.2769835, 65.761903 ], [ -164.206759399999981, 65.7691238 ], [ -164.2067059, 65.733037700000011 ], [ -164.2768623, 65.7330367 ], [ -164.276832, 65.7258234 ], [ -164.311900399999985, 65.7258229 ], [ -164.311780500000026, 65.7041698 ], [ -164.397221, 65.6969554 ], [ -164.3972095, 65.6825219 ], [ -164.364113, 65.675303200000016 ], [ -164.364004099999988, 65.6608699 ], [ -164.3797095, 65.6608688 ], [ -164.3797042, 65.6175686 ], [ -164.311223899999987, 65.6031363 ], [ -164.3111451, 65.5887029 ], [ -164.2239286, 65.5887053 ], [ -164.2238678, 65.5598385 ], [ -164.171607599999987, 65.552625 ], [ -164.1715964, 65.4371564 ], [ -163.9598461, 65.3518338 ], [ -163.8919176, 65.2874999 ], [ -163.8436551, 65.2686431 ], [ -163.8395917, 65.2593195 ], [ -163.8603932, 65.2418683 ], [ -163.847608499999978, 65.2327515 ], [ -163.824108099999989, 65.2470098 ], [ -163.769843, 65.249276 ], [ -163.718132299999979, 65.2692778 ], [ -163.713579399999986, 65.2924636 ], [ -163.688811, 65.2866048 ], [ -163.6376563, 65.2981382 ], [ -163.5731562, 65.3529391 ], [ -163.5126424, 65.3507035 ], [ -163.476058, 65.3372463 ], [ -163.4556622, 65.3469264 ], [ -163.3948366, 65.3516637 ], [ -163.34220940000003, 65.333432 ], [ -163.212119199999989, 65.3520344 ], [ -163.1578054, 65.3442333 ], [ -163.1397615, 65.3297337 ], [ -163.077366499999982, 65.3125025 ], [ -163.046834099999984, 65.3110881 ], [ -163.0290742, 65.3037725 ], [ -163.035373099999987, 65.2879423 ], [ -162.967260499999981, 65.2873713 ], [ -162.933374, 65.2728367 ], [ -162.8967264, 65.275145 ], [ -162.832695, 65.2556919 ], [ -162.7755799, 65.2724415 ], [ -162.758801399999982, 65.289614 ], [ -162.7671756, 65.3505786 ], [ -162.9034192, 65.3505759 ], [ -162.9034395, 65.3650097 ], [ -162.868853299999984, 65.3650104 ], [ -162.86885460000002, 65.3794442 ], [ -162.8365025, 65.3794449 ], [ -162.836598899999984, 65.3938785 ], [ -162.767350599999986, 65.3938799 ], [ -162.7675262, 65.4371809 ], [ -162.819013, 65.4371799 ], [ -162.8192483, 65.4949143 ], [ -162.888763899999987, 65.4949129 ], [ -162.8891539, 65.5526468 ], [ -162.923067799999984, 65.552646 ], [ -162.923070500000023, 65.5815129 ], [ -162.8893497, 65.5815136 ], [ -162.8894478, 65.5959469 ], [ -162.854555, 65.5959476 ], [ -162.837256599999989, 65.6248147 ], [ -162.802325199999984, 65.6248153 ], [ -162.8023751, 65.6392487 ], [ -162.767424299999988, 65.6392493 ], [ -162.7674548, 65.6536826 ], [ -162.7499598, 65.653683 ], [ -162.749991, 65.6753287 ], [ -162.714991199999986, 65.6753292 ], [ -162.715001699999988, 65.7835818 ], [ -162.732867199999987, 65.7835815 ], [ -162.733167, 65.8268806 ], [ -162.978895400000027, 65.8268758 ], [ -162.978891299999987, 65.7835768 ], [ -163.2952119, 65.783571 ], [ -163.295393499999989, 65.8268701 ], [ -163.4006569, 65.8268686 ], [ -163.4006728, 65.9567646 ], [ -163.189788, 65.9567678 ], [ -163.1897981, 66.0645501 ], [ -163.2904953, 66.0688941 ], [ -163.337196799999987, 66.0881355 ], [ -163.4203743, 66.0798355 ], [ -163.4996995, 66.08642 ], [ -163.5202352, 66.0734708 ], [ -163.586595200000033, 66.0688346 ], [ -163.6222472, 66.0573535 ], [ -163.7191996, 66.0662281 ], [ -163.767474099999987, 66.0787488 ], [ -163.8450378, 66.1233054 ], [ -163.896459199999981, 66.1907404 ], [ -163.9248225, 66.1954873 ], [ -163.928645599999982, 66.2170872 ], [ -163.8271738, 66.2714815 ], [ -163.8336708, 66.3037284 ], [ -163.8795795, 66.3216527 ], [ -163.854718500000018, 66.3637585 ], [ -163.871522500000026, 66.3848553 ], [ -163.8496539, 66.4158854 ], [ -163.7650683, 66.453007 ], [ -163.731236699999982, 66.4896846 ], [ -163.7262954, 66.515532 ], [ -163.7521305, 66.5276027 ], [ -163.753149799999989, 66.5489854 ], [ -163.693667, 66.5609237 ], [ -163.601787799999983, 66.5566799 ], [ -163.692232, 66.5797722 ], [ -163.836986699999983, 66.5923346 ], [ -164.3996522, 66.5818885 ], [ -165.1045279, 66.4775528 ] ] ] } },
{ "type": "Feature", "properties": { "name": "Cape Krusenstern National Monument", "code": "CAKR", "designation": "National Monuments", "state": "AK", "acres": 651457.0, "type": "nps" }, "geometry": { "type": "MultiPolygon", "coordinates": [ [ [ [ -162.9040513, 67.0363422 ], [ -162.894550399999986, 67.0351134 ], [ -162.717247, 67.0550813 ], [ -162.7172607, 67.1622787 ], [ -162.77392709999998, 67.1690137 ], [ -162.7924559, 67.1834446 ], [ -162.8776029, 67.1890772 ], [ -162.882694, 67.2052446 ], [ -163.126405299999988, 67.2351939 ], [ -163.127377199999984, 67.2555886 ], [ -163.219760900000011, 67.2555855 ], [ -163.2197611, 67.4287384 ], [ -163.2573449, 67.4287388 ], [ -163.25735659999998, 67.4364404 ], [ -163.292749599999979, 67.4451386 ], [ -163.2776447, 67.4596046 ], [ -163.3618998, 67.5078193 ], [ -163.3073056, 67.5499882 ], [ -163.2941399, 67.587465 ], [ -163.3209714, 67.6059089 ], [ -163.265433699999988, 67.644335 ], [ -163.275532, 67.6646311 ], [ -163.259207, 67.673667 ], [ -163.2930342, 67.6884728 ], [ -163.3169537, 67.7244092 ], [ -163.267845, 67.738852 ], [ -163.256544099999985, 67.762621400000015 ], [ -163.183463099999983, 67.7719101 ], [ -163.16039, 67.7945195 ], [ -163.230818, 67.7989428 ], [ -163.4623794, 67.770543 ], [ -163.963287399999984, 67.7750371 ], [ -163.9632856, 67.7606086 ], [ -164.0394612, 67.7606073 ], [ -164.0394129, 67.7461786 ], [ -164.077476499999989, 67.7461736 ], [ -164.0773328, 67.7173151 ], [ -164.153367799999984, 67.7173147 ], [ -164.153131, 67.6884561 ], [ -164.189439, 67.6884572 ], [ -164.1894313, 67.6338986 ], [ -164.0514107, 67.5707779 ], [ -163.8630801, 67.4045899 ], [ -163.7650525, 67.2625033 ], [ -163.740269499999982, 67.1861348 ], [ -163.739816099999985, 67.1228994 ], [ -163.646670799999981, 67.0965445 ], [ -163.031174599999986, 67.0335547 ], [ -162.8418332, 66.9910779 ], [ -162.819561099999987, 66.9944385 ], [ -162.85364, 67.0135612 ], [ -162.880176, 67.007179 ], [ -162.897419099999979, 67.0211168 ], [ -162.908688399999988, 67.0129216 ], [ -162.936765799999989, 67.0174875 ], [ -162.9362267, 67.0295349 ], [ -162.9648085, 67.0238994 ], [ -162.9040513, 67.0363422 ] ] ], [ [ [ -162.7569461, 67.0170551 ], [ -162.755852799999985, 67.018383 ], [ -162.773418099999986, 67.0191499 ], [ -162.7569461, 67.0170551 ] ] ] ] } },
{ "type": "Feature", "properties": { "name": "Denali National Preserve", "code": "DENA", "designation": "National Preserves", "state": "AK", "acres": 691535.0, "type": "nps" }, "geometry": { "type": "Polygon", "coordinates": [ [ [ -151.794002, 64.0694312 ], [ -151.8597596, 64.0189029 ], [ -151.830560599999984, 63.9972497 ], [ -152.055783599999984, 63.9972439 ], [ -152.0551573, 63.8240071 ], [ -152.2292808, 63.8240025 ], [ -152.2284646, 63.650761599999989 ], [ -152.873435299999983, 63.6507466 ], [ -152.873416900000024, 63.4775011 ], [ -152.8109699, 63.4775024 ], [ -152.8109562, 63.3475643 ], [ -152.619541700000013, 63.3475692 ], [ -152.619536900000014, 63.3042557 ], [ -152.428122799999983, 63.3042604 ], [ -152.428115099999985, 63.2356693 ], [ -152.205626599999988, 63.251895 ], [ -152.213619, 63.2630949 ], [ -152.1163683, 63.2808506 ], [ -152.1661825, 63.3323166 ], [ -152.2013909, 63.340478399999988 ], [ -152.1512152, 63.3578127 ], [ -152.07186550000003, 63.3590078 ], [ -152.051371599999982, 63.4140766 ], [ -152.002372399999985, 63.4060291 ], [ -151.941274099999987, 63.4268494 ], [ -151.8795729, 63.4630886 ], [ -151.853293799999989, 63.4632989 ], [ -151.8865265, 63.5113059 ], [ -151.886810699999984, 63.530184 ], [ -151.9087103, 63.5462795 ], [ -151.8933409, 63.5869237 ], [ -151.908073699999989, 63.5948621 ], [ -151.9105047, 63.6177091 ], [ -151.8973411, 63.633276 ], [ -151.929217699999981, 63.6617517 ], [ -151.910763299999985, 63.66957 ], [ -151.912390499999987, 63.6868412 ], [ -151.8403452, 63.7263906 ], [ -151.8384184, 63.7353592 ], [ -151.867579799999987, 63.7538597 ], [ -151.8161025, 63.7903893 ], [ -151.8417344, 63.8095968 ], [ -151.797062, 63.8092144 ], [ -151.8028699, 63.8221242 ], [ -151.781627499999985, 63.8292353 ], [ -151.794034399999987, 63.8370304 ], [ -151.772937399999989, 63.839030099999988 ], [ -151.7881888, 63.844354499999987 ], [ -151.7839759, 63.8510685 ], [ -151.731606199999987, 63.8610669 ], [ -151.7432363, 63.875104 ], [ -151.692956, 63.8821928 ], [ -151.685767199999987, 63.8921945 ], [ -151.640425199999981, 63.8934266 ], [ -151.5665045, 63.8766085 ], [ -151.564090099999987, 63.8652979 ], [ -151.5284081, 63.8799152 ], [ -151.510905, 63.8628222 ], [ -151.4659048, 63.869672799999989 ], [ -151.44899719999998, 63.8635916 ], [ -151.447976899999986, 63.8815724 ], [ -151.4002913, 63.8781324 ], [ -151.3466449, 63.9004476 ], [ -151.35123059999998, 63.9086635 ], [ -151.3351779, 63.9136685 ], [ -151.352529, 63.9231292 ], [ -151.324028299999981, 63.9142975 ], [ -151.3080704, 63.9224339 ], [ -151.291136099999989, 63.918829099999989 ], [ -151.2819685, 63.9349897 ], [ -151.293305299999986, 63.9436829 ], [ -151.2579766, 63.9391118 ], [ -151.265467, 63.9507044 ], [ -151.2435269, 63.9562217 ], [ -151.25374309999998, 63.9606984 ], [ -151.205701299999987, 63.9668715 ], [ -151.2175518, 63.9765194 ], [ -151.1923708, 63.9769035 ], [ -151.190561, 63.9926255 ], [ -151.1387662, 63.9909528 ], [ -151.1410972, 63.9972709 ], [ -151.4076502, 63.997263 ], [ -151.5163588, 64.0206325 ], [ -151.489686, 64.0446107 ], [ -151.5649272, 64.0550018 ], [ -151.5649287, 64.0694378 ], [ -151.794002, 64.0694312 ] ] ] } },
{ "type": "Feature", "properties": { "name": "Denali National Park", "code": "DENA", "designation": "National Parks", "state": "AK", "acres": 4692774.0, "type": "nps" }, "geometry": { "type": "Polygon", "coordinates": [ [ [ -151.1410972, 63.9972709 ], [ -151.142950100000036, 63.9891346 ], [ -151.190561, 63.9926255 ], [ -151.1923708, 63.9769035 ], [ -151.2175518, 63.9765194 ], [ -151.205701299999987, 63.9668715 ], [ -151.25374309999998, 63.9606984 ], [ -151.2435269, 63.9562217 ], [ -151.265467, 63.9507044 ], [ -151.2592234, 63.9385607 ], [ -151.2905498, 63.9453423 ], [ -151.2819685, 63.9349897 ], [ -151.2917596, 63.9185535 ], [ -151.307415, 63.9225209 ], [ -151.324028299999981, 63.9142975 ], [ -151.3514146, 63.9234626 ], [ -151.335005699999982, 63.9108523 ], [ -151.380277399999983, 63.8855493 ], [ -151.4038919, 63.8777417 ], [ -151.4487938, 63.8812535 ], [ -151.44899719999998, 63.8635916 ], [ -151.4659048, 63.869672799999989 ], [ -151.510905, 63.8628222 ], [ -151.5284081, 63.8799152 ], [ -151.564908400000036, 63.865414099999988 ], [ -151.566832, 63.8767247 ], [ -151.6498559, 63.894652099999988 ], [ -151.7416307, 63.8759809 ], [ -151.731606199999987, 63.8610669 ], [ -151.7643435, 63.8588991 ], [ -151.7885192, 63.8474 ], [ -151.772937399999989, 63.839030099999988 ], [ -151.794360400000016, 63.8366253 ], [ -151.781627499999985, 63.8292353 ], [ -151.8028699, 63.8221242 ], [ -151.7960496, 63.8097942 ], [ -151.8425499, 63.8089309 ], [ -151.825186799999983, 63.8051014 ], [ -151.8161025, 63.7903893 ], [ -151.867579799999987, 63.7538597 ], [ -151.8384184, 63.7353592 ], [ -151.8403452, 63.7263906 ], [ -151.912390499999987, 63.6868412 ], [ -151.910763299999985, 63.66957 ], [ -151.9291236, 63.6623707 ], [ -151.8973411, 63.633276 ], [ -151.9105047, 63.6177091 ], [ -151.908073699999989, 63.5948621 ], [ -151.8933409, 63.5869237 ], [ -151.9087103, 63.5462795 ], [ -151.886810699999984, 63.530184 ], [ -151.8865265, 63.5113059 ], [ -151.853454299999981, 63.463112 ], [ -151.8795729, 63.4630886 ], [ -151.941274099999987, 63.4268494 ], [ -152.002372399999985, 63.4060291 ], [ -152.051371599999982, 63.4140766 ], [ -152.07186550000003, 63.3590078 ], [ -152.1512152, 63.3578127 ], [ -152.2013909, 63.340478399999988 ], [ -152.1661825, 63.3323166 ], [ -152.1163683, 63.2808506 ], [ -152.213619, 63.2630949 ], [ -152.205626599999988, 63.251895 ], [ -152.428115099999985, 63.2356693 ], [ -152.4280814, 62.957743199999989 ], [ -152.113203500000026, 62.9577515 ], [ -152.113008399999984, 62.8991237 ], [ -152.0820469, 62.8991246 ], [ -152.081692799999985, 62.790822799999987 ], [ -152.071174099999979, 62.7910184 ], [ -152.0253553, 62.7393483 ], [ -152.0053584, 62.7366962 ], [ -151.96538959999998, 62.7091834 ], [ -151.909439599999985, 62.7317996 ], [ -151.865113400000013, 62.735384 ], [ -151.8055325, 62.7182646 ], [ -151.739263199999982, 62.7290804 ], [ -151.6662221, 62.7010496 ], [ -151.647929399999981, 62.6385151 ], [ -151.605038400000012, 62.6295154 ], [ -151.62510229999998, 62.6191024 ], [ -151.6022499, 62.6050852 ], [ -151.621086099999985, 62.5832284 ], [ -151.605027299999989, 62.5777348 ], [ -151.592209299999979, 62.5564354 ], [ -151.4003854, 62.5526113 ], [ -151.4003822, 62.465975199999988 ], [ -151.1540861, 62.4659821 ], [ -151.154454, 62.5526188 ], [ -151.1269198, 62.5526196 ], [ -151.111307399999987, 62.5670592 ], [ -151.080021099999982, 62.5742788 ], [ -151.08003549999998, 62.5851082 ], [ -151.048718799999989, 62.5923295 ], [ -151.04872, 62.6103785 ], [ -151.017746499999987, 62.6103794 ], [ -151.017820299999983, 62.624818499999989 ], [ -150.9864627, 62.6248194 ], [ -150.9865259, 62.6392584 ], [ -150.297954799999985, 62.6392765 ], [ -150.2979483, 62.8125446 ], [ -150.1102682, 62.8125519 ], [ -150.11921719999998, 62.9578848 ], [ -150.0349966, 62.9578765 ], [ -150.035016, 63.0461464 ], [ -150.017452800000029, 63.0672314 ], [ -150.039274399999982, 63.0885974 ], [ -150.0226394, 63.0954305 ], [ -150.009492699999981, 63.1214032 ], [ -149.950997, 63.1310782 ], [ -149.96008329999998, 63.138898 ], [ -149.9485623, 63.1444841 ], [ -149.8920353, 63.1527389 ], [ -149.8578296, 63.187888799999989 ], [ -149.7877911, 63.2057408 ], [ -149.7000404, 63.2032756 ], [ -149.6829493, 63.2169769 ], [ -149.6529444, 63.2163456 ], [ -149.6530328, 63.2424733 ], [ -149.571936100000016, 63.2352596 ], [ -149.54543, 63.2177527 ], [ -149.362279, 63.217748 ], [ -149.3624839, 63.3016333 ], [ -149.2673742, 63.301634699999987 ], [ -149.267473599999988, 63.3305105 ], [ -149.1741116, 63.3332469 ], [ -149.174135899999982, 63.3476721 ], [ -149.1434428, 63.3476519 ], [ -149.143527899999981, 63.3620897 ], [ -149.0791381, 63.3621088 ], [ -149.0791859, 63.3765466 ], [ -148.9862191, 63.3826453 ], [ -148.979987099999988, 63.4235151 ], [ -148.877058700000021, 63.428669 ], [ -148.87919, 63.4442788 ], [ -148.8142712, 63.4615838 ], [ -148.837152, 63.4710224 ], [ -148.8182943, 63.4973921 ], [ -148.828014199999984, 63.5062109 ], [ -148.805948299999983, 63.5210994 ], [ -148.8444542, 63.5867466 ], [ -148.8037146, 63.6087618 ], [ -148.7955801, 63.6309029 ], [ -148.83931, 63.6536962 ], [ -148.815268299999985, 63.6549974 ], [ -148.8277707, 63.6645539 ], [ -148.777855599999981, 63.678919 ], [ -148.8277219, 63.7059922 ], [ -148.8750131, 63.7048637 ], [ -148.8676934, 63.7135851 ], [ -148.8917861, 63.7200117 ], [ -148.874018799999988, 63.7317131 ], [ -148.9133297, 63.7443823 ], [ -148.9000236, 63.7565903 ], [ -148.9318994, 63.7987494 ], [ -149.7738204, 63.8001306 ], [ -149.773823, 63.824072 ], [ -149.7999658, 63.8240715 ], [ -149.7999768, 63.9106902 ], [ -149.2116761, 63.9107019 ], [ -149.2116852, 63.9973186 ], [ -151.1410972, 63.9972709 ] ] ] } },
{ "type": "Feature", "properties": { "name": "Gates of the Arctic National Preserve", "code": "GAAR", "designation": "National Preserves", "state": "AK", "acres": 614989.0, "type": "nps" }, "geometry": { "type": "Polygon", "coordinates": [ [ [ -154.6358536, 67.114025 ], [ -154.6395187, 67.1012387 ], [ -154.6670193, 67.0947089 ], [ -154.690592899999984, 67.0998646 ], [ -154.6908278, 67.1114488 ], [ -154.8055793, 67.111448 ], [ -154.805550399999987, 66.9094169 ], [ -155.4648541, 66.9094048 ], [ -155.464863899999983, 66.9959905 ], [ -155.6846313, 66.995987 ], [ -155.684622, 66.9094012 ], [ -155.9043915, 66.9093977 ], [ -155.90438229999998, 66.8228112 ], [ -155.72735, 66.8228151 ], [ -155.7273346, 66.6496384 ], [ -154.427032199999985, 66.6496629 ], [ -154.427051899999981, 66.8228392 ], [ -154.3659994, 66.8228401 ], [ -154.366017299999982, 66.9094268 ], [ -153.92649609999998, 66.9094342 ], [ -153.9265513, 67.082599 ], [ -153.9398074, 67.0825987 ], [ -153.9402364, 67.0711885 ], [ -153.974933599999986, 67.0483196 ], [ -154.006758199999979, 67.0402889 ], [ -154.0886578, 67.0445793 ], [ -154.17057, 67.0623111 ], [ -154.2071038, 67.0507481 ], [ -154.238645199999979, 67.0530347 ], [ -154.303399, 67.0204017 ], [ -154.3343521, 67.021168 ], [ -154.3244387, 67.0280877 ], [ -154.3351252, 67.0306952 ], [ -154.343116899999984, 67.0240359 ], [ -154.513765899999981, 67.0248697 ], [ -154.554749099999981, 67.0824702 ], [ -154.5942155, 67.0993959 ], [ -154.591219099999989, 67.1140994 ], [ -154.6358536, 67.114025 ] ] ] } },
{ "type": "Feature", "properties": { "name": "Gates of the Arctic National Park", "code": "GAAR", "designation": "National Parks", "state": "AK", "acres": 7436077.0, "type": "nps" }, "geometry": { "type": "Polygon", "coordinates": [ [ [ -153.528820199999984, 68.482236 ], [ -153.528575099999983, 68.4389514 ], [ -153.645356699999979, 68.4389495 ], [ -153.645349399999986, 68.3812362 ], [ -154.3487173, 68.3812226 ], [ -154.348715, 68.3662064 ], [ -154.5972772, 68.3596028 ], [ -154.597286699999984, 68.3662022 ], [ -154.6222669, 68.3662019 ], [ -154.6222961, 68.3812186 ], [ -154.6418588, 68.3812182 ], [ -154.6418774, 68.3884317 ], [ -154.7005853, 68.3884404 ], [ -154.704783699999979, 68.3595986 ], [ -154.685239599999989, 68.3596002 ], [ -154.6851489, 68.3451718 ], [ -154.665617199999986, 68.345173 ], [ -154.665585099999987, 68.3379576 ], [ -154.6265349, 68.3379588 ], [ -154.626494799999989, 68.3235314 ], [ -155.266894799999989, 68.3235169 ], [ -155.2668975, 68.3661872 ], [ -155.617175399999979, 68.3661803 ], [ -155.620151599999986, 67.965963 ], [ -155.6867374, 67.980176500000013 ], [ -155.7456296, 67.9763406 ], [ -155.7532148, 67.9868016 ], [ -155.73569329999998, 67.989836 ], [ -155.7853093, 68.0170761 ], [ -155.8741109, 68.0279533 ], [ -155.961222099999986, 68.0148244 ], [ -156.024180799999982, 67.985903 ], [ -156.2433936, 67.9876188 ], [ -156.3129231, 67.9978918 ], [ -156.352729, 67.9782236 ], [ -156.4748894, 67.9680086 ], [ -156.491623800000013, 67.962393 ], [ -156.4723818, 67.9437919 ], [ -156.4864618, 67.9033942 ], [ -156.561740599999979, 67.8723684 ], [ -156.561598, 67.8616589 ], [ -156.5483755, 67.8595836 ], [ -156.595345100000031, 67.8178181 ], [ -156.6539062, 67.799522 ], [ -156.5592493, 67.7842217 ], [ -156.572033799999986, 67.7521113 ], [ -156.6462199, 67.7213164 ], [ -156.6361042, 67.7140269 ], [ -156.6545342, 67.7086797 ], [ -156.6546856, 67.6939949 ], [ -156.688333199999988, 67.6900738 ], [ -156.686045899999982, 67.6725049 ], [ -156.718671799999981, 67.6576166 ], [ -156.729527, 67.6371224 ], [ -156.8277938, 67.6435383 ], [ -156.8926002, 67.6776902 ], [ -156.976834, 67.649384 ], [ -156.9994246, 67.616138 ], [ -156.9427532, 67.6184142 ], [ -156.947733199999988, 67.5890354 ], [ -156.917173100000014, 67.5908141 ], [ -156.902042699999981, 67.578277 ], [ -156.916450199999986, 67.5736325 ], [ -156.9040484, 67.5642193 ], [ -156.9219157, 67.5604925 ], [ -156.9135818, 67.5530051 ], [ -156.930686799999989, 67.5336858 ], [ -156.895322599999986, 67.4866043 ], [ -156.7245012, 67.4963922 ], [ -156.6992402, 67.5135217 ], [ -156.600755600000014, 67.5135175 ], [ -156.562701799999985, 67.529937 ], [ -156.470912299999981, 67.5262859 ], [ -156.379083499999979, 67.5392706 ], [ -156.3493938, 67.5159765 ], [ -156.379326, 67.4821916 ], [ -156.3695376, 67.4479589 ], [ -156.2985784, 67.4374887 ], [ -156.2920173, 67.4197758 ], [ -156.2628708, 67.4288896 ], [ -156.2071139, 67.4288902 ], [ -156.211192399999987, 67.4112598 ], [ -156.171065699999986, 67.3950892 ], [ -156.176511, 67.3522593 ], [ -156.1099954, 67.3052013 ], [ -156.1033023, 67.2861272 ], [ -155.963749799999988, 67.2850997 ], [ -155.899730399999982, 67.2664181 ], [ -155.912089499999979, 67.2557319 ], [ -154.7489324, 67.255753 ], [ -154.7489214, 67.1691713 ], [ -154.80558689999998, 67.1691699 ], [ -154.8055793, 67.111448 ], [ -154.6908278, 67.1114488 ], [ -154.690592899999984, 67.0998646 ], [ -154.6670193, 67.0947089 ], [ -154.641134100000016, 67.100239 ], [ -154.6344886, 67.1144751 ], [ -154.5914052, 67.1141573 ], [ -154.5942155, 67.0993959 ], [ -154.554749099999981, 67.0824702 ], [ -154.513765899999981, 67.0248697 ], [ -154.343116899999984, 67.0240359 ], [ -154.3351252, 67.0306952 ], [ -154.3244387, 67.0280877 ], [ -154.3355726, 67.021687 ], [ -154.3164338, 67.0194441 ], [ -154.2755239, 67.0286225 ], [ -154.2600536, 67.0462357 ], [ -154.2314326, 67.0546363 ], [ -154.2071038, 67.0507481 ], [ -154.2013954, 67.0581519 ], [ -154.150374200000016, 67.0613757 ], [ -154.0886578, 67.0445793 ], [ -154.006758199999979, 67.0402889 ], [ -153.95954519999998, 67.0565838 ], [ -153.9398074, 67.0825987 ], [ -153.817829499999988, 67.0826025 ], [ -153.818248399999987, 67.1691837 ], [ -153.6343717, 67.1691882 ], [ -153.6343889, 67.2557688 ], [ -153.300412, 67.2557766 ], [ -153.300825799999984, 67.3423582 ], [ -153.002792699999986, 67.3423647 ], [ -153.0027916, 67.3313052 ], [ -152.9079122, 67.3313064 ], [ -152.9085351, 67.4611782 ], [ -153.002802399999979, 67.461177 ], [ -153.0028096, 67.5477564 ], [ -151.6756125, 67.547772 ], [ -151.6756197, 67.6343488 ], [ -151.451607, 67.6343528 ], [ -151.4515975, 67.5477741 ], [ -151.2275794, 67.547778400000013 ], [ -151.227557499999989, 67.3746178 ], [ -151.003537699999981, 67.3746211 ], [ -151.0035293, 67.2880393 ], [ -151.1766394, 67.2880387 ], [ -151.1717983, 67.0239493 ], [ -151.1292986, 67.0270402 ], [ -151.135871, 67.0356191 ], [ -151.110864599999985, 67.0521721 ], [ -151.0342341, 67.043613 ], [ -151.033322799999979, 67.0503229 ], [ -151.0070567, 67.0511093 ], [ -150.941739, 67.039370600000012 ], [ -150.8851353, 67.0573999 ], [ -150.8419293, 67.057139 ], [ -150.767310499999979, 67.0453012 ], [ -150.742497499999985, 67.0576419 ], [ -150.7075494, 67.0525442 ], [ -150.6632802, 67.0625722 ], [ -150.661235399999981, 67.0753734 ], [ -150.6329136, 67.0835403 ], [ -150.551131, 67.0768016 ], [ -150.5326402, 67.0932418 ], [ -150.5326872, 67.1293175 ], [ -150.514126799999985, 67.129319 ], [ -150.514128199999988, 67.1437487 ], [ -150.4788589, 67.1437495 ], [ -150.4545885, 67.1611039 ], [ -150.460505, 67.1726109 ], [ -150.551289, 67.172609 ], [ -150.5666741, 67.1904973 ], [ -150.552868499999988, 67.1949587 ], [ -150.527850699999988, 67.2516762 ], [ -150.4455269, 67.2783869 ], [ -150.400047799999982, 67.278661 ], [ -150.3629039, 67.2925195 ], [ -150.359641399999987, 67.3124433 ], [ -150.3932338, 67.3273143 ], [ -150.3896307, 67.3440216 ], [ -150.3353478, 67.3616727 ], [ -150.322518, 67.38084 ], [ -150.28146, 67.3876445 ], [ -150.291871599999979, 67.420213 ], [ -150.2568857, 67.4289889 ], [ -150.282275799999979, 67.4422117 ], [ -150.268063399999988, 67.4836685 ], [ -150.288059299999986, 67.495793 ], [ -150.2812653, 67.5085183 ], [ -150.241842199999979, 67.5087376 ], [ -150.2169697, 67.532111 ], [ -150.157799499999982, 67.5352833 ], [ -150.0753139, 67.5268668 ], [ -150.0473115, 67.5151598 ], [ -150.033696599999985, 67.5215332 ], [ -149.9821251, 67.5154416 ], [ -149.96496209999998, 67.5012313 ], [ -149.9319525, 67.5121109 ], [ -149.937994, 67.5324389 ], [ -149.8705626, 67.5688979 ], [ -149.88351369999998, 67.5753132 ], [ -149.862941100000029, 67.5957328 ], [ -149.8649682, 67.6422674 ], [ -149.8559363, 67.6623998 ], [ -149.8241552, 67.6678346 ], [ -149.8191267, 67.6912626 ], [ -149.8614542, 67.710063 ], [ -149.8591141, 67.7413483 ], [ -149.9440109, 67.751052 ], [ -149.9758086, 67.7708303 ], [ -149.946163700000028, 67.8095785 ], [ -149.9103116, 67.8195367 ], [ -149.8889867, 67.8738967 ], [ -149.8997661, 67.8911451 ], [ -149.942194299999983, 67.904912 ], [ -149.931864599999983, 67.9121326 ], [ -149.8951745, 67.9037256 ], [ -149.8750303, 67.9092544 ], [ -149.848186, 67.9684803 ], [ -149.8539013, 67.9897828 ], [ -149.7747483, 68.0318908 ], [ -149.8008908, 68.06682570000001 ], [ -149.83664779999998, 68.0801029 ], [ -149.886930399999983, 68.0820898 ], [ -149.9050771, 68.0995567 ], [ -149.945589, 68.0888178 ], [ -150.0516361, 68.096502300000012 ], [ -150.10397709999998, 68.0880233 ], [ -150.1391696, 68.1029261 ], [ -150.1307338, 68.116165 ], [ -150.1570289, 68.1191496 ], [ -150.173763899999983, 68.1504292 ], [ -150.2326606, 68.1571365 ], [ -150.319867599999981, 68.1843931 ], [ -150.4587578, 68.1768736 ], [ -150.4750967, 68.1919222 ], [ -150.537161199999986, 68.1835583 ], [ -150.620039, 68.1931694 ], [ -150.6353042, 68.2044621 ], [ -150.8402941, 68.2227962 ], [ -151.0337281, 68.2010505 ], [ -151.0547231, 68.1773089 ], [ -151.0978533, 68.158134 ], [ -151.186218199999985, 68.1668816 ], [ -151.197390200000029, 68.1725134 ], [ -151.190284199999979, 68.1817609 ], [ -151.1254679, 68.2042417 ], [ -151.116651599999983, 68.2181378 ], [ -151.0860262, 68.2218935 ], [ -151.087991, 68.2373982 ], [ -151.0674172, 68.2418495 ], [ -151.0964356, 68.2658378 ], [ -151.773162600000035, 68.2658261 ], [ -151.7731652, 68.2802545 ], [ -152.235048899999981, 68.2802586 ], [ -152.238582799999989, 68.3956836 ], [ -152.473040699999984, 68.3956821 ], [ -152.473036899999983, 68.3668253 ], [ -152.512138199999981, 68.3668249 ], [ -152.5121116, 68.3523964 ], [ -152.785650799999985, 68.3523927 ], [ -152.7857928, 68.3956779 ], [ -152.9419548, 68.3956757 ], [ -152.9419744, 68.4822452 ], [ -153.528820199999984, 68.482236 ] ] ] } },
{ "type": "Feature", "properties": { "name": "Glacier Bay National Preserve", "code": "GLBA", "designation": "National Preserves", "state": "AK", "acres": 57784.0, "type": "nps" }, "geometry": { "type": "Polygon", "coordinates": [ [ [ -138.3861341, 59.1847091 ], [ -138.416036099999985, 59.1902296 ], [ -138.449202400000019, 59.1749051 ], [ -138.483046, 59.1849348 ], [ -138.494581899999986, 59.1649143 ], [ -138.5232556, 59.1771916 ], [ -138.5395179, 59.1710027 ], [ -138.528551, 59.1578847 ], [ -138.549970299999984, 59.1465047 ], [ -138.539537699999983, 59.1359424 ], [ -138.5822728, 59.1340545 ], [ -138.5801117, 59.1173001 ], [ -138.3447993, 59.0685978 ], [ -138.3043591, 59.0711289 ], [ -138.27589, 59.0877049 ], [ -138.2487285, 59.0757031 ], [ -138.2174149, 59.0840828 ], [ -138.1694429, 59.081875499999988 ], [ -138.158038399999981, 59.0960654 ], [ -138.167758599999985, 59.1268106 ], [ -138.153042699999986, 59.1383638 ], [ -138.1582493, 59.1496658 ], [ -138.1762846, 59.1533949 ], [ -138.176167199999981, 59.163248 ], [ -138.3254478, 59.1902486 ], [ -138.3861341, 59.1847091 ] ] ] } },
{ "type": "Feature", "properties": { "name": "Glacier Bay National Park", "code": "GLBA", "designation": "National Parks", "state": "AK", "acres": 3228036.0, "type": "nps" }, "geometry": { "type": "Polygon", "coordinates": [ [ [ -138.118544899999989, 59.4688067 ], [ -138.1573487, 59.4313364 ], [ -138.2377678, 59.4226811 ], [ -138.414104, 59.331293699999982 ], [ -138.4060002, 59.3131535 ], [ -138.3881519, 59.3075586 ], [ -138.3419733, 59.2602538 ], [ -138.2993629, 59.2499143 ], [ -138.3063181, 59.2359158 ], [ -138.2620605, 59.2356753 ], [ -138.2459532, 59.2277465 ], [ -138.2560569, 59.2078665 ], [ -138.2221203, 59.1980177 ], [ -138.195594900000032, 59.1785928 ], [ -138.195060399999988, 59.1642064 ], [ -138.176167199999981, 59.163248 ], [ -138.1762846, 59.1533949 ], [ -138.1582493, 59.1496658 ], [ -138.153042699999986, 59.1383638 ], [ -138.167758599999985, 59.1268106 ], [ -138.158038399999981, 59.0960654 ], [ -138.1694429, 59.081875499999988 ], [ -138.2174149, 59.0840828 ], [ -138.2487285, 59.0757031 ], [ -138.27589, 59.0877049 ], [ -138.3043591, 59.0711289 ], [ -138.3447993, 59.0685978 ], [ -138.1862447, 59.0170535 ], [ -138.1714366, 59.0023648 ], [ -138.0208388, 58.9304238 ], [ -137.9437064, 58.8791772 ], [ -138.0613544, 58.8778971 ], [ -138.0227329, 58.8451447 ], [ -138.042442, 58.8148648 ], [ -138.0335751, 58.7778728 ], [ -137.9947837, 58.7464325 ], [ -137.78427, 58.6453915 ], [ -137.7674063, 58.6248655 ], [ -137.7644393, 58.5984707 ], [ -137.724973299999988, 58.5704445 ], [ -137.5974917, 58.5361267 ], [ -137.3354632, 58.4196889 ], [ -137.2393831, 58.3907604 ], [ -137.1464875, 58.3398707 ], [ -137.074775200000033, 58.331851199999981 ], [ -137.009576600000031, 58.3516191 ], [ -136.9772745, 58.306056799999986 ], [ -136.9445378, 58.2815973 ], [ -136.835286199999985, 58.2485449 ], [ -136.755034199999983, 58.1799579 ], [ -136.6686573, 58.1591953 ], [ -136.5911587, 58.163988 ], [ -136.5146471, 58.1910245 ], [ -136.4315301, 58.2817408 ], [ -136.311659, 58.2951021 ], [ -136.256207, 58.2906434 ], [ -136.1081115, 58.3225538 ], [ -136.0003886, 58.3562141 ], [ -135.8577774, 58.3720937 ], [ -135.857828899999987, 58.427113399999989 ], [ -135.8302535, 58.4271015 ], [ -135.830287699999985, 58.441549 ], [ -135.7755099, 58.4415382 ], [ -135.7755248, 58.4632151 ], [ -135.720801699999981, 58.4414929 ], [ -135.596410500000019, 58.4452673 ], [ -135.5895162, 58.423438 ], [ -135.596399099999985, 58.4169433 ], [ -135.63241979999998, 58.4240252 ], [ -135.6374864, 58.393784 ], [ -135.584340400000031, 58.3906446 ], [ -135.503031199999981, 58.3566669 ], [ -135.4759671, 58.3551381 ], [ -135.4558805, 58.3640845 ], [ -135.4463279, 58.4056225 ], [ -135.467571, 58.4312352 ], [ -135.4732285, 58.4721048 ], [ -135.5070571, 58.4996712 ], [ -135.4268611, 58.5141036 ], [ -135.354977099999985, 58.4910456 ], [ -135.3303067, 58.4952771 ], [ -135.319031199999984, 58.510452699999988 ], [ -135.3361123, 58.5267522 ], [ -135.3753887, 58.540829 ], [ -135.3628687, 58.5531273 ], [ -135.3814577, 58.5724785 ], [ -135.415914499999985, 58.5865951 ], [ -135.39586, 58.602782 ], [ -135.4052433, 58.6205971 ], [ -135.436933499999981, 58.6364683 ], [ -135.4662227, 58.6389282 ], [ -135.488722, 58.6564524 ], [ -135.4993955, 58.6508608 ], [ -135.512476600000014, 58.6600172 ], [ -135.5299637, 58.656788 ], [ -135.5510148, 58.6987969 ], [ -135.5784061, 58.6995133 ], [ -135.591544, 58.711473299999987 ], [ -135.6166201, 58.7064391 ], [ -135.6384555, 58.7234021 ], [ -135.6655552, 58.710219199999983 ], [ -135.7013278, 58.7377831 ], [ -135.7471323, 58.7248993 ], [ -135.7534441, 58.7563067 ], [ -135.7269004, 58.765392 ], [ -135.732274099999984, 58.7876438 ], [ -135.7128391, 58.7967235 ], [ -135.7123067, 58.824081 ], [ -135.6763962, 58.8383792 ], [ -135.683508, 58.8536017 ], [ -135.6186677, 58.8523293 ], [ -135.551679, 58.8752959 ], [ -135.532031099999983, 58.8692396 ], [ -135.524132899999984, 58.8877039 ], [ -135.5545683, 58.9017719 ], [ -135.5821355, 58.8977425 ], [ -135.6055144, 58.9039934 ], [ -135.608203400000036, 58.9231142 ], [ -135.5890459, 58.9273901 ], [ -135.5907054, 58.9370771 ], [ -135.568228799999986, 58.9404088 ], [ -135.5660799, 58.9628097 ], [ -135.588314, 58.9700525 ], [ -135.5876413, 58.9824549 ], [ -135.626334499999984, 58.9879715 ], [ -135.655878299999983, 59.0104747 ], [ -135.6956549, 59.021524 ], [ -135.723112499999985, 59.0698509 ], [ -135.698677299999986, 59.1072706 ], [ -135.764250799999985, 59.1361577 ], [ -135.7957423, 59.14243029999998 ], [ -135.8270186, 59.1387253 ], [ -135.849127399999986, 59.1530502 ], [ -135.8856452, 59.159329 ], [ -135.8815641, 59.1683263 ], [ -135.8990514, 59.179031099999982 ], [ -136.010842, 59.1867726 ], [ -136.0194381, 59.1781664 ], [ -136.0510109, 59.1774203 ], [ -136.051457699999986, 59.1967731 ], [ -136.0985064, 59.2012049 ], [ -136.1071672, 59.215725 ], [ -136.1335422, 59.1883857 ], [ -136.157919199999981, 59.1839147 ], [ -136.189749899999981, 59.219052 ], [ -136.230831199999983, 59.2126397 ], [ -136.2630464, 59.2272643 ], [ -136.360704199999986, 59.2324869 ], [ -136.3654813, 59.2475791 ], [ -136.3862892, 59.2528331 ], [ -136.3936929, 59.2458437 ], [ -136.4238119, 59.2461487 ], [ -136.4491065, 59.2661184 ], [ -136.4743662, 59.2564488 ], [ -136.4898575, 59.2596472 ], [ -136.5844653, 59.165858099999987 ], [ -136.8287497, 59.159963499999989 ], [ -136.969698599999987, 59.101237 ], [ -137.282868, 59.0000015 ], [ -137.4517466, 58.9083525 ], [ -137.5261356, 58.9063758 ], [ -137.500021299999986, 58.9853984 ], [ -137.6073777, 59.2438068 ], [ -138.0659825, 59.483054 ], [ -138.118544899999989, 59.4688067 ] ] ] } },
{ "type": "Feature", "properties": { "name": "Katmai National Preserve", "code": "KATM", "designation": "National Preserves", "state": "AK", "acres": 413618.0, "type": "nps" }, "geometry": { "type": "Polygon", "coordinates": [ [ [ -154.931420799999984, 59.2739631 ], [ -154.945520099999982, 59.2595162 ], [ -154.987824, 59.2522923 ], [ -154.987792399999989, 59.237845799999988 ], [ -155.00189, 59.237845599999979 ], [ -155.001871099999988, 59.2306225 ], [ -155.0723453, 59.2306211 ], [ -155.0724126, 59.2450676 ], [ -155.085730399999989, 59.2450674 ], [ -155.0857312, 59.2522906 ], [ -155.1139387, 59.2522901 ], [ -155.113951899999989, 59.2667366 ], [ -155.1703914, 59.2667355 ], [ -155.170409899999981, 59.273958699999987 ], [ -155.422588599999983, 59.2739538 ], [ -155.4225875, 59.2595073 ], [ -155.4508012, 59.2595068 ], [ -155.4507883, 59.245060199999983 ], [ -155.478989899999988, 59.2450597 ], [ -155.4789652, 59.230613 ], [ -155.523840799999988, 59.2224855 ], [ -155.563977500000021, 59.1911747 ], [ -155.6191502, 59.1728239 ], [ -155.6191374, 59.1583772 ], [ -155.647267199999987, 59.1583769 ], [ -155.6472426, 59.14393 ], [ -155.675360499999982, 59.1439297 ], [ -155.6752228, 59.0894067 ], [ -155.7017387, 59.082253099999988 ], [ -155.7245408, 59.0896666 ], [ -155.725982499999986, 59.0830549 ], [ -155.7431413, 59.082416 ], [ -155.758647699999983, 59.051344 ], [ -155.8379893, 59.0538751 ], [ -155.8465879, 59.0456218 ], [ -155.834061599999984, 59.0350013 ], [ -155.848387699999989, 59.0202194 ], [ -155.8857543, 59.0098983 ], [ -155.93753719999998, 59.0076887 ], [ -155.9676858, 58.9974527 ], [ -156.0291092, 59.0029773 ], [ -156.029107899999985, 58.9850082 ], [ -155.995767799999982, 58.9686857 ], [ -156.042675, 58.9176704 ], [ -155.994215699999984, 58.8917464 ], [ -155.899654, 58.880713 ], [ -155.8162367, 58.9163771 ], [ -155.8067116, 58.930006899999988 ], [ -155.7794068, 58.930662 ], [ -155.7572494, 58.9422127 ], [ -155.7572434, 58.9590452 ], [ -155.719482699999986, 58.97734 ], [ -155.725439699999981, 58.9882534 ], [ -155.695615, 58.977789699999988 ], [ -155.6407994, 58.9777906 ], [ -155.6407754, 58.9705671 ], [ -155.4989998, 58.9705698 ], [ -155.497827300000012, 58.991962 ], [ -155.446222700000021, 58.971666 ], [ -155.383115, 58.9821473 ], [ -155.280386099999987, 58.9577927 ], [ -155.2056361, 58.9542421 ], [ -155.200087599999989, 58.9691816 ], [ -155.200580299999984, 58.9598939 ], [ -155.18729159999998, 58.9594769 ], [ -155.169978499999985, 58.9705353 ], [ -155.1437588, 58.9662111 ], [ -155.1504206, 58.957602099999988 ], [ -155.114892699999984, 58.9579946 ], [ -155.1312577, 59.0133417 ], [ -155.0701003, 59.019989499999987 ], [ -155.0315757, 59.0406202 ], [ -155.0291048, 59.0705618 ], [ -155.048071199999981, 59.1012476 ], [ -155.0216465, 59.1065895 ], [ -155.024303, 59.1272701 ], [ -155.000972499999989, 59.1361931 ], [ -154.9181223, 59.1100143 ], [ -154.807398799999987, 59.107832599999988 ], [ -154.8017295, 59.0836647 ], [ -154.7386158, 59.0876066 ], [ -154.7176519, 59.132238699999988 ], [ -154.7314562, 59.1348883 ], [ -154.7410471, 59.156042799999987 ], [ -154.7081537, 59.1810838 ], [ -154.700201, 59.2034851 ], [ -154.6781422, 59.2124909 ], [ -154.644202700000022, 59.2095827 ], [ -154.6362255, 59.2253743 ], [ -154.650221099999982, 59.242137 ], [ -154.7074144, 59.2585901 ], [ -154.7074729, 59.2739665 ], [ -154.931420799999984, 59.2739631 ] ] ] } },
{ "type": "Feature", "properties": { "name": "Katmai National Park", "code": "KATM", "designation": "National Parks", "state": "AK", "acres": 3687123.0, "type": "nps" }, "geometry": { "type": "Polygon", "coordinates": [ [ [ -154.2175437, 58.2636464 ], [ -154.1991617, 58.256729 ], [ -154.1285557, 58.2657616 ], [ -154.102526499999982, 58.279930199999988 ], [ -154.1369497, 58.2907981 ], [ -154.150959299999982, 58.3157913 ], [ -154.176971899999984, 58.321501 ], [ -154.1873291, 58.3212539 ], [ -154.187682199999983, 58.3056582 ], [ -154.2077443, 58.2899707 ], [ -154.2166655, 58.2901263 ], [ -154.204646699999984, 58.2963025 ], [ -154.2248789, 58.2948637 ], [ -154.2224985, 58.3016582 ], [ -154.261390899999981, 58.2950007 ], [ -154.2565085, 58.2704615 ], [ -154.28785929999998, 58.2600576 ], [ -154.351722699999982, 58.2851923 ], [ -154.314519099999984, 58.291033 ], [ -154.314407099999983, 58.2979566 ], [ -154.227425, 58.331170699999987 ], [ -154.207143699999989, 58.3296901 ], [ -154.212261399999988, 58.3369008 ], [ -154.1966196, 58.330358 ], [ -154.17614709999998, 58.3352466 ], [ -154.172958, 58.3451478 ], [ -154.210952, 58.3479296 ], [ -154.1995188, 58.3541482 ], [ -154.153404199999983, 58.3580113 ], [ -154.0945898, 58.3430028 ], [ -154.1049113, 58.3501633 ], [ -154.098376699999989, 58.358948 ], [ -154.0453446, 58.3552518 ], [ -154.0324937, 58.3713551 ], [ -154.0010235, 58.374916799999987 ], [ -154.00033, 58.3854544 ], [ -153.9807341, 58.3913177 ], [ -154.046143199999989, 58.409483 ], [ -154.0317162, 58.401577 ], [ -154.052080599999982, 58.404357299999972 ], [ -154.0650432, 58.4347206 ], [ -154.06649969999998, 58.4266134 ], [ -154.079215799999986, 58.4315801 ], [ -154.066933800000015, 58.4385668 ], [ -154.077614499999981, 58.4757487 ], [ -154.0528195, 58.4902551 ], [ -153.9614009, 58.4880625 ], [ -153.9219302, 58.5012057 ], [ -153.9083224, 58.516563899999987 ], [ -153.944496, 58.5128377 ], [ -153.956614299999984, 58.5271497 ], [ -153.942259899999982, 58.5316287 ], [ -153.9242654, 58.5185769 ], [ -153.9120763, 58.5539811 ], [ -153.892056699999983, 58.5715961 ], [ -153.875012699999985, 58.5697095 ], [ -153.879309299999989, 58.5769923 ], [ -153.903138499999983, 58.5796987 ], [ -153.8980953, 58.607177 ], [ -153.853814299999982, 58.6120049 ], [ -153.784438500000022, 58.6057107 ], [ -153.7503365, 58.6212309 ], [ -153.756225299999983, 58.6147159 ], [ -153.7103061, 58.619479 ], [ -153.7760749, 58.6059241 ], [ -153.676765099999983, 58.6111895 ], [ -153.6296645, 58.6313567 ], [ -153.5925581, 58.6325596 ], [ -153.5837809, 58.6603888 ], [ -153.5554984, 58.6858425 ], [ -153.50953149999998, 58.6910291 ], [ -153.4808392, 58.7124194 ], [ -153.444233, 58.7086941 ], [ -153.3951032, 58.7493389 ], [ -153.3617432, 58.8301881 ], [ -153.3729215, 58.8298962 ], [ -153.341203299999989, 58.8478409 ], [ -153.3157794, 58.8463177 ], [ -153.3159451, 58.839459 ], [ -153.280861, 58.8361845 ], [ -153.283468699999986, 58.8408362 ], [ -153.2637001, 58.8407656 ], [ -153.2687453, 58.849867499999988 ], [ -153.2503999, 58.8516293 ], [ -153.2640755, 58.8653361 ], [ -153.308502899999979, 58.8535158 ], [ -153.3309473, 58.863534399999985 ], [ -153.3331478, 58.8568542 ], [ -153.35746469999998, 58.86081 ], [ -153.354061699999988, 58.8672956 ], [ -153.338752699999986, 58.8652106 ], [ -153.339747099999983, 58.873349 ], [ -153.285816700000026, 58.8751896 ], [ -153.3221083, 58.883404 ], [ -153.3327209, 58.9074119 ], [ -153.32483019999998, 58.9227854 ], [ -153.375275, 58.9282083 ], [ -153.401484899999986, 58.9519765 ], [ -153.4051489, 58.9729646 ], [ -153.44355, 58.9733476 ], [ -153.487462099999988, 58.9995085 ], [ -153.5185692, 58.9835173 ], [ -153.551079, 58.9858781 ], [ -153.622749, 59.0112505 ], [ -153.5936963, 58.9962737 ], [ -153.6324816, 59.0158269 ], [ -153.7075084, 59.0765365 ], [ -153.7507962, 59.0658721 ], [ -153.7559742, 59.0530301 ], [ -153.799996, 59.0733168 ], [ -153.8531237, 59.0541974 ], [ -154.0125222, 59.074663699999988 ], [ -154.0656564, 59.0732333 ], [ -154.1184159, 59.0394235 ], [ -154.1049563, 59.0452661 ], [ -154.109687200000025, 59.0373359 ], [ -154.161863899999986, 59.0201669 ], [ -154.1653569, 59.0060528 ], [ -154.1547568, 58.999485 ], [ -154.5283657, 58.9994812 ], [ -154.528347599999989, 58.9127997 ], [ -154.6950918, 58.912798 ], [ -154.695125, 59.0779013 ], [ -154.730426, 59.0888913 ], [ -154.8017295, 59.0836647 ], [ -154.807398799999987, 59.107832599999988 ], [ -154.9181223, 59.1100143 ], [ -155.000972499999989, 59.1361931 ], [ -155.0240499, 59.1274136 ], [ -155.019324899999987, 59.1084539 ], [ -155.0479282, 59.1015683 ], [ -155.0291048, 59.0705618 ], [ -155.0315757, 59.0406202 ], [ -155.0701003, 59.019989499999987 ], [ -155.1312577, 59.0133417 ], [ -155.114892699999984, 58.9579946 ], [ -155.1504206, 58.957602099999988 ], [ -155.1437588, 58.9662111 ], [ -155.169978499999985, 58.9705353 ], [ -155.18729159999998, 58.9594769 ], [ -155.200580299999984, 58.9598939 ], [ -155.200087599999989, 58.9691816 ], [ -155.2056361, 58.9542421 ], [ -155.280386099999987, 58.9577927 ], [ -155.383115, 58.9821473 ], [ -155.446222700000021, 58.971666 ], [ -155.497827300000012, 58.991962 ], [ -155.4989998, 58.9705698 ], [ -155.6407754, 58.9705671 ], [ -155.6407994, 58.9777906 ], [ -155.695615, 58.977789699999988 ], [ -155.725439699999981, 58.9882534 ], [ -155.719482699999986, 58.97734 ], [ -155.756206599999985, 58.9599693 ], [ -155.7572494, 58.9422127 ], [ -155.7794068, 58.930662 ], [ -155.8067116, 58.930006899999988 ], [ -155.8162367, 58.9163771 ], [ -155.899654, 58.880713 ], [ -155.9640796, 58.8912142 ], [ -155.9769289, 58.8660899 ], [ -156.1295615, 58.781288399999987 ], [ -156.140420899999981, 58.7899679 ], [ -156.1958411, 58.7899672 ], [ -156.195841600000023, 58.797191 ], [ -156.2236786, 58.7971905 ], [ -156.2236848, 58.8044144 ], [ -156.251533699999982, 58.8080259 ], [ -156.3350412, 58.8008012 ], [ -156.334967799999987, 58.7827416 ], [ -156.404319, 58.7791289 ], [ -156.446026100000012, 58.7682928 ], [ -156.459891699999986, 58.753845 ], [ -156.473792799999984, 58.7538448 ], [ -156.4737461, 58.7394362 ], [ -156.514708899999988, 58.7321616 ], [ -156.5147657, 58.69609 ], [ -156.5285231, 58.696054499999981 ], [ -156.5143572, 58.6093896 ], [ -156.4590216, 58.6093666 ], [ -156.4588014, 58.5588037 ], [ -156.2150839, 58.5575217 ], [ -156.2654044, 58.493051699999988 ], [ -156.2736577, 58.3788229 ], [ -156.092797, 58.2074293 ], [ -156.0293083, 58.1644017 ], [ -156.00908579999998, 58.1622832 ], [ -155.895832899999988, 58.1012748 ], [ -155.8137616, 58.075778 ], [ -155.795502199999987, 58.0562385 ], [ -155.807301699999982, 58.0391294 ], [ -155.745790699999986, 58.0116649 ], [ -155.6806753, 58.0144188 ], [ -155.651903, 58.0437428 ], [ -155.6198571, 58.0523321 ], [ -155.53621339999998, 58.0572558 ], [ -155.492072, 58.0393718 ], [ -155.4629517, 58.0159796 ], [ -155.3524253, 58.0159806 ], [ -155.343742099999986, 58.0091034 ], [ -155.358335399999987, 57.9963808 ], [ -155.346034, 57.9882986 ], [ -155.350180699999981, 57.9779807 ], [ -155.2975224, 57.948910399999988 ], [ -155.34371969999998, 57.9457157 ], [ -155.3461989, 57.9284202 ], [ -155.2563806, 57.9225565 ], [ -155.235130799999979, 57.9104358 ], [ -155.1537002, 57.8977284 ], [ -155.129932199999985, 57.8836193 ], [ -155.1062441, 57.8841004 ], [ -155.083897399999984, 57.8733228 ], [ -155.0619594, 57.9043445 ], [ -155.095017400000017, 57.9179667 ], [ -155.121400599999987, 57.9453657 ], [ -155.0416109, 57.9545066 ], [ -155.0292866, 57.9710138 ], [ -155.0297929, 58.0028688 ], [ -155.020386699999989, 57.9921486 ], [ -154.948884, 57.999477 ], [ -154.9567146, 58.0058145 ], [ -154.945858499999986, 58.0074866 ], [ -154.946140500000013, 58.0013872 ], [ -154.92124560000002, 58.0184611 ], [ -154.888493399999987, 58.0239571 ], [ -154.8320115, 58.0177106 ], [ -154.8091226, 57.998696 ], [ -154.7694186, 58.001911 ], [ -154.7281092, 58.0160764 ], [ -154.733574, 58.0267764 ], [ -154.7198089, 58.0521448 ], [ -154.6758217, 58.0624754 ], [ -154.644337399999984, 58.0579086 ], [ -154.645065099999982, 58.0322526 ], [ -154.589540299999982, 58.0265502 ], [ -154.5805131, 58.0189533 ], [ -154.538737199999986, 58.0582865 ], [ -154.5378426, 58.0683322 ], [ -154.559836599999983, 58.0835006 ], [ -154.541698199999985, 58.0859792 ], [ -154.558845599999984, 58.0964809 ], [ -154.539573599999983, 58.0911687 ], [ -154.5256884, 58.1039348 ], [ -154.481567399999989, 58.0936732 ], [ -154.480544399999985, 58.080809099999989 ], [ -154.4635558, 58.0788826 ], [ -154.448178, 58.0911917 ], [ -154.4523802, 58.1211998 ], [ -154.470905499999986, 58.146139 ], [ -154.4567202, 58.148722199999987 ], [ -154.468830199999985, 58.1773883 ], [ -154.500647200000031, 58.1953007 ], [ -154.492567899999983, 58.2031488 ], [ -154.480473099999983, 58.2023093 ], [ -154.4839892, 58.1919464 ], [ -154.435585799999984, 58.1740801 ], [ -154.436942, 58.1470514 ], [ -154.368665, 58.1073217 ], [ -154.382439100000028, 58.0963789 ], [ -154.340463700000015, 58.0939198 ], [ -154.3390292, 58.0802153 ], [ -154.316150599999986, 58.0820663 ], [ -154.3098746, 58.0899656 ], [ -154.3178998, 58.1113342 ], [ -154.3391461, 58.123346899999987 ], [ -154.335239799999982, 58.1580723 ], [ -154.2748674, 58.1280155 ], [ -154.2123718, 58.134819 ], [ -154.2429329, 58.1553727 ], [ -154.2723705, 58.1606561 ], [ -154.2999293, 58.1940918 ], [ -154.2649645, 58.1772414 ], [ -154.258957, 58.1837939 ], [ -154.2813569, 58.2002823 ], [ -154.236816799999986, 58.185340599999989 ], [ -154.1782672, 58.1882516 ], [ -154.16432709999998, 58.1974888 ], [ -154.1776563, 58.2127376 ], [ -154.146323699999982, 58.2089213 ], [ -154.149305699999985, 58.2362553 ], [ -154.2173137, 58.253297399999987 ], [ -154.2147711, 58.2613348 ], [ -154.2251536, 58.250779 ], [ -154.2385342, 58.2522228 ], [ -154.2175437, 58.2636464 ] ], [ [ -154.2371681, 58.2455865 ], [ -154.24715089999998, 58.2475316 ], [ -154.238609, 58.2521821 ], [ -154.2371681, 58.2455865 ] ], [ [ -153.353755, 58.853796 ], [ -153.3156371, 58.852207 ], [ -153.315778199999983, 58.8463667 ], [ -153.353755, 58.853796 ] ] ] } },
{ "type": "Feature", "properties": { "name": "Kenai Fjords National Park", "code": "KEFJ", "designation": "National Parks", "state": "AK", "acres": 652319.0, "type": "nps" }, "geometry": { "type": "Polygon", "coordinates": [ [ [ -149.9344293, 59.7236128 ], [ -149.9623432, 59.7152094 ], [ -149.9774735, 59.7197518 ], [ -149.958445, 59.7364574 ], [ -149.9677796, 59.7503773 ], [ -149.988250599999986, 59.7499727 ], [ -150.047841399999982, 59.771823 ], [ -150.080156099999982, 59.7578872 ], [ -150.06544, 59.7769161 ], [ -150.0775454, 59.7877573 ], [ -150.059886299999988, 59.8077609 ], [ -150.079272399999979, 59.843106 ], [ -150.0712389, 59.8476153 ], [ -150.042411200000032, 59.809349 ], [ -150.0142679, 59.8018442 ], [ -149.9825036, 59.7749827 ], [ -149.908945499999987, 59.7698845 ], [ -149.886705899999981, 59.7400631 ], [ -149.843769899999984, 59.7392404 ], [ -149.8493043, 59.7317816 ], [ -149.8390086, 59.7290639 ], [ -149.850706200000019, 59.723263299999985 ], [ -149.8340418, 59.7239056 ], [ -149.840165399999989, 59.7149341 ], [ -149.8112773, 59.7173963 ], [ -149.833541, 59.702873499999988 ], [ -149.8206645, 59.7001052 ], [ -149.7919564, 59.7145082 ], [ -149.7806156, 59.7039106 ], [ -149.766179199999982, 59.705337899999989 ], [ -149.782254, 59.6904993 ], [ -149.7958868, 59.6974639 ], [ -149.79437740000003, 59.691396 ], [ -149.8254274, 59.6835498 ], [ -149.7947815, 59.68723 ], [ -149.8106042, 59.6783357 ], [ -149.8030805, 59.6732979 ], [ -149.78135039999998, 59.679361299999989 ], [ -149.7943885, 59.6573812 ], [ -149.765354299999984, 59.6641606 ], [ -149.7811854, 59.6503531 ], [ -149.7565759, 59.6510135 ], [ -149.739764799999989, 59.638656 ], [ -149.7487054, 59.653105 ], [ -149.7406613, 59.6610241 ], [ -149.7608473, 59.6700922 ], [ -149.7501561, 59.6802936 ], [ -149.764548599999983, 59.6867322 ], [ -149.7505514, 59.6922667 ], [ -149.7395922, 59.6846096 ], [ -149.722932899999989, 59.6951008 ], [ -149.73313060000001, 59.7011454 ], [ -149.7500853, 59.694654 ], [ -149.749172499999986, 59.7081429 ], [ -149.7304696, 59.7196501 ], [ -149.745515499999982, 59.7215503 ], [ -149.744720199999989, 59.7319831 ], [ -149.7573947, 59.7312579 ], [ -149.769888300000019, 59.7438378 ], [ -149.755708299999981, 59.764021199999988 ], [ -149.778849700000023, 59.7566908 ], [ -149.785399900000016, 59.7668811 ], [ -149.7670915, 59.7728993 ], [ -149.7909125, 59.7861896 ], [ -149.760008199999987, 59.792897 ], [ -149.801338300000026, 59.810503499999989 ], [ -149.816837599999985, 59.8332681 ], [ -149.8737075, 59.8520749 ], [ -149.801513699999987, 59.8515164 ], [ -149.76124, 59.82171 ], [ -149.7454276, 59.8256759 ], [ -149.7531167, 59.8641381 ], [ -149.7414263, 59.8780736 ], [ -149.754206499999981, 59.8833799 ], [ -149.7363977, 59.8980228 ], [ -149.730811599999981, 59.8817708 ], [ -149.7161936, 59.8851022 ], [ -149.728426, 59.8887233 ], [ -149.721376599999985, 59.9014804 ], [ -149.7456779, 59.9423895 ], [ -149.721077899999983, 59.9563429 ], [ -149.67992049999998, 59.9471443 ], [ -149.6669631, 59.9175242 ], [ -149.6543471, 59.9132252 ], [ -149.664394, 59.9070353 ], [ -149.634917, 59.8959641 ], [ -149.6579767, 59.8918258 ], [ -149.6685085, 59.8692723 ], [ -149.6167065, 59.8806619 ], [ -149.637646099999984, 59.8660742 ], [ -149.629370099999988, 59.8561445 ], [ -149.6528984, 59.8605682 ], [ -149.6692328, 59.8473123 ], [ -149.6682305, 59.8357147 ], [ -149.6367406, 59.8302253 ], [ -149.6701297, 59.8264794 ], [ -149.6718482, 59.8208498 ], [ -149.6424314, 59.8166599 ], [ -149.669203, 59.8121641 ], [ -149.6452878, 59.8078594 ], [ -149.6640362, 59.802355199999987 ], [ -149.6580367, 59.7932925 ], [ -149.6172609, 59.805941 ], [ -149.607343, 59.7991872 ], [ -149.6312174, 59.7798638 ], [ -149.655235399999981, 59.7779649 ], [ -149.6433968, 59.7610834 ], [ -149.602440699999988, 59.7880552 ], [ -149.6109578, 59.7648168 ], [ -149.572651899999983, 59.7583081 ], [ -149.5868645, 59.7495041 ], [ -149.617302199999983, 59.756650199999989 ], [ -149.6078986, 59.7449895 ], [ -149.641925599999979, 59.7388942 ], [ -149.618153799999988, 59.735112 ], [ -149.6147779, 59.7269939 ], [ -149.5894243, 59.7494958 ], [ -149.5724563, 59.7313954 ], [ -149.5835745, 59.7182074 ], [ -149.5436602, 59.7280005 ], [ -149.5387328, 59.7218616 ], [ -149.5521575, 59.714612399999986 ], [ -149.5413624, 59.717582299999989 ], [ -149.5419703, 59.7083816 ], [ -149.5250931, 59.7058361 ], [ -149.530435499999982, 59.7242397 ], [ -149.516530099999983, 59.735399 ], [ -149.5469042, 59.7299632 ], [ -149.5391359, 59.7436915 ], [ -149.566021299999989, 59.7513133 ], [ -149.535061, 59.7579686 ], [ -149.554674, 59.7734269 ], [ -149.534373599999981, 59.777979 ], [ -149.555986499999989, 59.7802416 ], [ -149.572553199999987, 59.7739138 ], [ -149.5680882, 59.767577499999987 ], [ -149.5898834, 59.7667592 ], [ -149.5957353, 59.8076871 ], [ -149.626268, 59.8181468 ], [ -149.6197095, 59.8336354 ], [ -149.592176199999983, 59.8449943 ], [ -149.593644499999982, 59.854375199999986 ], [ -149.573870299999982, 59.8505042 ], [ -149.5846276, 59.874933 ], [ -149.555316, 59.8784966 ], [ -149.5518907, 59.8932364 ], [ -149.5678868, 59.900723 ], [ -149.531879299999986, 59.924187 ], [ -149.5331045, 60.1754346 ], [ -149.5757453, 60.1788432 ], [ -149.5948549, 60.2112014 ], [ -149.618086399999981, 60.2110728 ], [ -149.6364788, 60.2220358 ], [ -149.6957821, 60.281614 ], [ -149.739960599999989, 60.289480299999987 ], [ -149.7775828, 60.3042311 ], [ -149.8054411, 60.283099 ], [ -149.7899002, 60.2582034 ], [ -149.7863447, 60.1870482 ], [ -150.1512865, 60.103803 ], [ -150.069083299999988, 59.9784598 ], [ -150.328592499999985, 59.8576117 ], [ -150.3498816, 59.691771 ], [ -150.6655666, 59.6928444 ], [ -150.6655151, 59.678398 ], [ -150.7213983, 59.6783956 ], [ -150.7213913, 59.635058699999988 ], [ -150.8069691, 59.6350546 ], [ -150.8068149, 59.5772718 ], [ -150.8352917, 59.5772705 ], [ -150.8350394, 59.5050418 ], [ -150.8634554, 59.5050406 ], [ -150.863332, 59.4761488 ], [ -150.9766816, 59.4761441 ], [ -150.976570899999984, 59.4328065 ], [ -150.77808109999998, 59.4328142 ], [ -150.760799500000019, 59.4191271 ], [ -150.76349639999998, 59.4082665 ], [ -150.811751, 59.3605059 ], [ -150.7671301, 59.3756718 ], [ -150.7382407, 59.425073 ], [ -150.6960415, 59.43441 ], [ -150.66074279999998, 59.4163423 ], [ -150.6546946, 59.4232746 ], [ -150.6042799, 59.4235583 ], [ -150.5844332, 59.4498226 ], [ -150.645601199999987, 59.4600831 ], [ -150.6608884, 59.4709647 ], [ -150.602985, 59.466424399999987 ], [ -150.5993819, 59.4743049 ], [ -150.5844612, 59.4672858 ], [ -150.580766899999986, 59.492958699999988 ], [ -150.6092017, 59.5055515 ], [ -150.6241437, 59.525162 ], [ -150.6465818, 59.5213757 ], [ -150.6431715, 59.5295456 ], [ -150.6648098, 59.5413362 ], [ -150.6406141, 59.5516271 ], [ -150.6070741, 59.5374032 ], [ -150.5878792, 59.565657199999983 ], [ -150.5572147, 59.5859953 ], [ -150.5612281, 59.5962688 ], [ -150.5482562, 59.599234 ], [ -150.5385373, 59.5921751 ], [ -150.5209227, 59.6072787 ], [ -150.5090712, 59.5989454 ], [ -150.4962923, 59.6034633 ], [ -150.509143199999983, 59.5866973 ], [ -150.48504939999998, 59.5814744 ], [ -150.5122383, 59.5733799 ], [ -150.512018499999982, 59.565645 ], [ -150.5437277, 59.5502196 ], [ -150.539636799999982, 59.5438267 ], [ -150.5700431, 59.5294125 ], [ -150.5494448, 59.516960499999989 ], [ -150.519595399999986, 59.5215168 ], [ -150.5560887, 59.5047185 ], [ -150.511255799999986, 59.4951981 ], [ -150.475801599999983, 59.5285916 ], [ -150.4876672, 59.4870127 ], [ -150.5070853, 59.4816027 ], [ -150.5061206, 59.4729763 ], [ -150.52244109999998, 59.4729562 ], [ -150.5182887, 59.4616445 ], [ -150.505032799999981, 59.4644203 ], [ -150.5004657, 59.4556331 ], [ -150.478940599999987, 59.4588022 ], [ -150.412011399999983, 59.5506412 ], [ -150.42503, 59.5824922 ], [ -150.406861699999979, 59.5855489 ], [ -150.3941944, 59.5738167 ], [ -150.4086505, 59.5597454 ], [ -150.370125299999984, 59.5778237 ], [ -150.359861199999983, 59.5973436 ], [ -150.346251199999983, 59.600844599999988 ], [ -150.3505041, 59.6080699 ], [ -150.3191132, 59.6254443 ], [ -150.3085662, 59.65631759999998 ], [ -150.2245322, 59.7493896 ], [ -150.213024599999983, 59.7429732 ], [ -150.223791899999981, 59.7069092 ], [ -150.2493658, 59.6877139 ], [ -150.255340599999982, 59.6603325 ], [ -150.284681799999987, 59.642341 ], [ -150.261863799999986, 59.6297382 ], [ -150.317055, 59.5931864 ], [ -150.28862479999998, 59.5811391 ], [ -150.3241918, 59.5641355 ], [ -150.3192138, 59.5519362 ], [ -150.349845, 59.5350695 ], [ -150.3366278, 59.5405591 ], [ -150.3472405, 59.53481 ], [ -150.3077591, 59.5297275 ], [ -150.310232099999979, 59.5217597 ], [ -150.290488399999987, 59.5088429 ], [ -150.339877, 59.5322068 ], [ -150.3525401, 59.5301917 ], [ -150.346580599999982, 59.521144799999988 ], [ -150.3661923, 59.5219172 ], [ -150.3675352, 59.5152174 ], [ -150.3180516, 59.5060159 ], [ -150.3418436, 59.5089018 ], [ -150.3310993, 59.5027286 ], [ -150.339719799999983, 59.4985942 ], [ -150.37476239999998, 59.5017695 ], [ -150.376366599999983, 59.4895496 ], [ -150.342944599999981, 59.4906058 ], [ -150.3390755, 59.4804051 ], [ -150.349976600000019, 59.471633 ], [ -150.3917746, 59.4751769 ], [ -150.4044089, 59.4610945 ], [ -150.327841299999989, 59.4645059 ], [ -150.3110414, 59.4704346 ], [ -150.3165822, 59.4883311 ], [ -150.2885908, 59.4766847 ], [ -150.2944721, 59.4978084 ], [ -150.2747722, 59.4979354 ], [ -150.2512, 59.485242 ], [ -150.2341351, 59.499382 ], [ -150.2633659, 59.5193806 ], [ -150.266018699999989, 59.5333019 ], [ -150.2573955, 59.5270088 ], [ -150.22186, 59.527640499999983 ], [ -150.2121769, 59.5424899 ], [ -150.2127839, 59.5196543 ], [ -150.175598899999983, 59.5385492 ], [ -150.1969685, 59.551398 ], [ -150.2128392, 59.5783167 ], [ -150.1787405, 59.5841406 ], [ -150.1720043, 59.5782898 ], [ -150.186151199999983, 59.5704215 ], [ -150.162123899999983, 59.5600763 ], [ -150.1522865, 59.5706417 ], [ -150.1274441, 59.5640268 ], [ -150.0841514, 59.5780868 ], [ -150.129091499999987, 59.5922594 ], [ -150.1534964, 59.6173468 ], [ -150.166317, 59.6188824 ], [ -150.1369863, 59.6287485 ], [ -150.142888699999986, 59.6235473 ], [ -150.1146522, 59.6028013 ], [ -150.099168, 59.6102327 ], [ -150.086723899999981, 59.6493318 ], [ -150.1317066, 59.6761065 ], [ -150.135795100000024, 59.6939227 ], [ -150.083077799999984, 59.6640577 ], [ -150.0571051, 59.6618476 ], [ -150.0411442, 59.6374924 ], [ -150.0529297, 59.6332237 ], [ -150.034061400000013, 59.6127954 ], [ -150.02899979999998, 59.6253599 ], [ -149.9968036, 59.6396795 ], [ -150.012712, 59.6613066 ], [ -149.942804599999988, 59.657311199999988 ], [ -149.952931700000022, 59.6644054 ], [ -149.9342724, 59.6688334 ], [ -149.921011, 59.6914401 ], [ -149.9253975, 59.7150506 ], [ -149.9344293, 59.7236128 ] ] ] } },
{ "type": "Feature", "properties": { "name": "Klondike Gold Rush National Historical Park", "code": "KLGO", "designation": "National Historical Parks", "state": "AK", "acres": 9820.0, "type": "nps" }, "geometry": { "type": "Polygon", "coordinates": [ [ [ -135.2734542, 59.7058703 ], [ -135.273263, 59.6654436 ], [ -135.286151599999982, 59.6654434 ], [ -135.2861494, 59.6473857 ], [ -135.336051199999986, 59.622105899999987 ], [ -135.3360399, 59.6148836 ], [ -135.3502943, 59.614884 ], [ -135.3502815, 59.6076608 ], [ -135.336030199999982, 59.6076603 ], [ -135.335986599999984, 59.57877 ], [ -135.35022619999998, 59.5787694 ], [ -135.350143299999985, 59.5354328 ], [ -135.3643476, 59.5282093 ], [ -135.357147, 59.4848724 ], [ -135.328811799999983, 59.5354326 ], [ -135.3217735, 59.6040493 ], [ -135.258861699999983, 59.6365521 ], [ -135.244711, 59.665443499999988 ], [ -135.2209685, 59.6654441 ], [ -135.233689699999985, 59.696147 ], [ -135.2734542, 59.7058703 ] ] ] } },
{ "type": "Feature", "properties": { "name": "Kobuk Valley National Park", "code": "KOVA", "designation": "National Parks", "state": "AK", "acres": 1751132.0, "type": "nps" }, "geometry": { "type": "Polygon", "coordinates": [ [ [ -159.806558599999988, 67.8665413 ], [ -159.8631571, 67.8509029 ], [ -159.9206858, 67.8508272 ], [ -159.9589593, 67.8252483 ], [ -159.942409799999979, 67.8057848 ], [ -159.9711896, 67.8037265 ], [ -159.994967299999985, 67.7900142 ], [ -160.029208399999987, 67.7542475 ], [ -160.181914, 67.7366201 ], [ -160.2285201, 67.713230600000017 ], [ -160.2460738, 67.7022416 ], [ -160.2332281, 67.6872633 ], [ -160.275261699999987, 67.673877 ], [ -160.2698438, 67.6618715 ], [ -160.2848004, 67.6497517 ], [ -160.241825299999988, 67.6376909 ], [ -160.2554777, 67.6107211 ], [ -160.242172399999987, 67.6055623 ], [ -160.2964307, 67.5733608 ], [ -160.2613323, 67.5580444 ], [ -160.226046, 67.5557064 ], [ -160.2365485, 67.5478366 ], [ -160.155003099999988, 67.496927 ], [ -160.2617267, 67.4839147 ], [ -160.2790209, 67.4690271 ], [ -160.26978040000003, 67.4494675 ], [ -160.2271661, 67.4395038 ], [ -160.284976100000023, 67.3995108 ], [ -160.2531014, 67.3879861 ], [ -160.250097399999987, 67.3746787 ], [ -160.195569399999982, 67.3598796 ], [ -160.204036699999989, 67.3469169 ], [ -160.1672341, 67.3184815 ], [ -160.206738299999984, 67.3125979 ], [ -160.2465679, 67.2845831 ], [ -160.2144212, 67.2539788 ], [ -160.2390514, 67.2404053 ], [ -160.180964099999983, 67.2068866 ], [ -160.1874372, 67.1939076 ], [ -160.1614372, 67.1792222 ], [ -160.1640533, 67.1707528 ], [ -160.130610499999989, 67.1736492 ], [ -160.0985407, 67.157102 ], [ -160.0429217, 67.1523358 ], [ -159.9736579, 67.1603744 ], [ -159.9087853, 67.1485323 ], [ -159.860286799999983, 67.1257814 ], [ -159.860263799999984, 66.9615588 ], [ -159.7967009, 66.969374700000017 ], [ -159.7762871, 66.9568976 ], [ -159.6990194, 66.9628329 ], [ -159.6500178, 66.955869 ], [ -159.6132213, 66.9587442 ], [ -159.606285400000019, 66.9687412 ], [ -159.521832099999983, 66.9735834 ], [ -159.477449899999982, 66.9614249 ], [ -159.479903, 66.9507927 ], [ -159.509334599999988, 66.9430954 ], [ -159.51066160000002, 66.9278423 ], [ -159.4783156, 66.9118187 ], [ -159.414605, 66.9320765 ], [ -159.39120029999998, 66.9146244 ], [ -159.346700199999987, 66.9263088 ], [ -159.341607600000032, 66.9365969 ], [ -159.2911805, 66.9349222 ], [ -159.2292842, 66.9548498 ], [ -159.2150672, 66.9297913 ], [ -159.196804899999989, 66.9248013 ], [ -159.181787400000019, 66.9407927 ], [ -159.0271693, 66.9309481 ], [ -158.9633585, 66.9642312 ], [ -158.9648215, 66.9801004 ], [ -158.8786092, 66.9828022 ], [ -158.8772119, 66.9740001 ], [ -158.835214700000023, 66.9709023 ], [ -158.790646, 66.9850313 ], [ -158.667355499999985, 66.9967019 ], [ -158.6350732, 66.9815037 ], [ -158.6154721, 66.9830116 ], [ -158.6257846, 66.9691447 ], [ -158.5948544, 66.9564954 ], [ -158.5594916, 66.9582968 ], [ -158.5650633, 66.9748576 ], [ -158.545938399999983, 66.9763085 ], [ -158.544798899999989, 66.9843786 ], [ -158.477893599999987, 66.996099 ], [ -158.3739818, 66.9867496 ], [ -158.3218875, 66.9670788 ], [ -158.321886, 66.9562556 ], [ -158.3040727, 66.9562569 ], [ -158.304143499999981, 66.9742954 ], [ -158.2127883, 66.9959421 ], [ -158.213196499999981, 67.0825266 ], [ -158.1391554, 67.082528 ], [ -158.1392519, 67.1402506 ], [ -158.287687299999988, 67.1402477 ], [ -158.2879132, 67.1691088 ], [ -158.315621199999981, 67.1691083 ], [ -158.3156329, 67.2556912 ], [ -158.1931361, 67.2556947 ], [ -158.162186199999979, 67.2367225 ], [ -158.0995025, 67.2305201 ], [ -158.0209869, 67.2444226 ], [ -157.9652395, 67.2813803 ], [ -157.9271856, 67.2902348 ], [ -157.941227, 67.3025454 ], [ -157.9181055, 67.3550671 ], [ -157.829792500000025, 67.4067107 ], [ -157.860255699999982, 67.4236978 ], [ -157.844690899999989, 67.4498144 ], [ -157.8838235, 67.4556235 ], [ -157.891067699999979, 67.4717919 ], [ -157.940548399999983, 67.4810927 ], [ -157.9059725, 67.4971931 ], [ -157.9444517, 67.5119587 ], [ -157.931018199999983, 67.5318109 ], [ -158.0226927, 67.5321516 ], [ -158.0519219, 67.5403976 ], [ -158.2854941, 67.4890962 ], [ -158.2968678, 67.507209 ], [ -158.264679799999982, 67.519831 ], [ -158.2962039, 67.529916 ], [ -158.299566199999987, 67.5437074 ], [ -158.362453499999987, 67.5445834 ], [ -158.39006, 67.5303934 ], [ -158.494554199999982, 67.5289997 ], [ -158.530105699999979, 67.5585397 ], [ -158.5114145, 67.5746581 ], [ -158.5532163, 67.5912852 ], [ -158.600114, 67.5897501 ], [ -158.627219, 67.6069916 ], [ -158.6201686, 67.6261128 ], [ -158.637814099999986, 67.6371945 ], [ -158.6324904, 67.6505473 ], [ -158.7334519, 67.6762465 ], [ -158.7936417, 67.6794866 ], [ -158.8820557, 67.6743722 ], [ -158.8661045, 67.6660467 ], [ -158.8809465, 67.6557473 ], [ -158.8670031, 67.6411999 ], [ -158.872106, 67.6162043 ], [ -158.9520028, 67.6011071 ], [ -158.9649924, 67.5965612 ], [ -158.9570584, 67.5816923 ], [ -159.031678, 67.5670342 ], [ -159.0410829, 67.5888655 ], [ -159.0259532, 67.5958605 ], [ -159.021467299999983, 67.6197724 ], [ -159.037615, 67.6313793 ], [ -159.153154699999988, 67.6171444 ], [ -159.1932646, 67.627535800000018 ], [ -159.2043414, 67.6406357 ], [ -159.2694175, 67.6398663 ], [ -159.3006661, 67.6640653 ], [ -159.292634599999985, 67.6749082 ], [ -159.3496956, 67.7006904 ], [ -159.3774654, 67.702899 ], [ -159.369547899999986, 67.7196227 ], [ -159.342457199999984, 67.7258983 ], [ -159.3434648, 67.7470341 ], [ -159.3598379, 67.7530666 ], [ -159.3121644, 67.7691249 ], [ -159.303343899999987, 67.7829167 ], [ -159.433418099999983, 67.7794175 ], [ -159.4827805, 67.7900562 ], [ -159.4885904, 67.8092239 ], [ -159.550109, 67.80543 ], [ -159.7119424, 67.8408044 ], [ -159.7537346, 67.8681039 ], [ -159.806558599999988, 67.8665413 ] ] ] } },
{ "type": "Feature", "properties": { "name": "Lake Clark National Preserve", "code": "LACL", "designation": "National Preserves", "state": "AK", "acres": 1409860.0, "type": "nps" }, "geometry": { "type": "Polygon", "coordinates": [ [ [ -153.485597, 61.4557238 ], [ -153.4856025, 61.3395005 ], [ -153.6650161, 61.3394902 ], [ -153.665021199999984, 61.252835899999987 ], [ -154.023824400000024, 61.2528255 ], [ -154.0238238, 61.1661725 ], [ -153.973289500000021, 61.166173 ], [ -153.9732874, 61.0795194 ], [ -154.3281852, 61.0795177 ], [ -154.3281825, 60.992863 ], [ -154.505632599999984, 60.9928618 ], [ -154.5056251, 60.8195501 ], [ -154.450651199999982, 60.8195507 ], [ -154.450645399999985, 60.7328938 ], [ -154.27509, 60.732896 ], [ -154.275082199999986, 60.6462385 ], [ -154.4506385, 60.646235899999986 ], [ -154.450622, 60.472917 ], [ -154.6584794, 60.4729134 ], [ -154.6580228, 60.3088078 ], [ -154.701569399999983, 60.2823404 ], [ -154.6929211, 60.2720512 ], [ -154.7443882, 60.2558154 ], [ -154.7443786, 60.1551451 ], [ -154.8053577, 60.1440408 ], [ -154.839067699999987, 60.1163347 ], [ -154.9761197, 60.1190292 ], [ -154.976093599999984, 60.1118069 ], [ -155.005032699999987, 60.1118064 ], [ -155.0047104, 60.0395829 ], [ -154.961396899999983, 60.0395838 ], [ -154.9613515, 60.0251391 ], [ -154.94692, 60.0251394 ], [ -154.9469005, 60.017917 ], [ -154.9180436, 60.0179176 ], [ -154.855895799999985, 60.039989399999989 ], [ -154.8039037, 60.0323648 ], [ -154.7894236, 60.0179203 ], [ -154.7541143, 60.017921 ], [ -154.7557797, 60.0018583 ], [ -154.778593699999988, 59.99376 ], [ -154.7805108, 59.974810899999987 ], [ -154.857845199999986, 59.9505732 ], [ -154.8538381, 59.9168038 ], [ -154.8034667, 59.9095823 ], [ -154.8034156, 59.8951371 ], [ -154.7278498, 59.8801151 ], [ -154.680819499999984, 59.8530684 ], [ -154.6680675, 59.8516566 ], [ -154.645768, 59.8657657 ], [ -154.645855900000015, 59.887918 ], [ -154.617111599999987, 59.8879187 ], [ -154.617132799999979, 59.895142099999987 ], [ -154.4768282, 59.8951451 ], [ -154.4656814, 59.9039804 ], [ -154.433444, 59.9048392 ], [ -154.3839214, 59.9299944 ], [ -154.4031302, 59.9397134 ], [ -154.394029099999983, 59.9511462 ], [ -154.314653199999981, 59.9950149 ], [ -154.157207199999988, 59.9670668 ], [ -154.127171, 59.947566 ], [ -154.0957526, 59.9434353 ], [ -154.0970304, 59.9367305 ], [ -154.053652500000027, 59.9341558 ], [ -154.0438876, 59.9209435 ], [ -153.966983, 59.9152403 ], [ -153.9323364, 59.9337238 ], [ -153.911766799999981, 59.971799399999988 ], [ -153.853751599999981, 59.9632796 ], [ -153.786728300000021, 59.9411514 ], [ -153.759657799999985, 59.9588933 ], [ -153.7279911, 59.9605774 ], [ -153.7211863, 59.9754728 ], [ -153.7008425, 59.9740944 ], [ -153.672983499999987, 59.9864547 ], [ -153.651354199999986, 60.0072482 ], [ -153.655120399999987, 60.0436426 ], [ -153.738858500000021, 60.0490726 ], [ -153.764611799999983, 60.0392595 ], [ -153.805204799999984, 60.0372902 ], [ -153.904599600000012, 60.1060096 ], [ -153.9356137, 60.0982967 ], [ -153.960151599999989, 60.1137974 ], [ -154.0950253, 60.1127476 ], [ -154.1492543, 60.1275156 ], [ -154.1659601, 60.1165407 ], [ -154.230689, 60.1198698 ], [ -154.263053, 60.1090875 ], [ -154.2872184, 60.1161606 ], [ -154.296537199999989, 60.1085546 ], [ -154.323124, 60.1176587 ], [ -154.325007299999982, 60.1304973 ], [ -154.22513, 60.2004951 ], [ -154.234412, 60.2314805 ], [ -154.2886781, 60.2741658 ], [ -154.2038828, 60.2915209 ], [ -154.1585019, 60.323768 ], [ -154.129514799999981, 60.3317457 ], [ -154.1404996, 60.3329019 ], [ -154.1346877, 60.3384291 ], [ -154.0690179, 60.3518147 ], [ -154.062690799999984, 60.3447474 ], [ -154.018875899999983, 60.3489468 ], [ -154.04305549999998, 60.364509 ], [ -154.0360016, 60.3890735 ], [ -153.9786514, 60.4135804 ], [ -153.948071, 60.4150099 ], [ -153.9405859, 60.427831 ], [ -153.8828265, 60.4264662 ], [ -153.8485082, 60.4464362 ], [ -153.844736399999988, 60.4794228 ], [ -153.911038, 60.4839693 ], [ -153.9234021, 60.4744765 ], [ -153.9699329, 60.536553299999987 ], [ -154.034707199999986, 60.554247 ], [ -154.0995159, 60.548835 ], [ -154.091601199999985, 60.8267784 ], [ -154.071259199999986, 60.8339981 ], [ -153.8254115, 60.8340021 ], [ -153.8190802, 60.8201808 ], [ -153.787854899999985, 60.8034515 ], [ -153.728808, 60.8151788 ], [ -153.7193255, 60.8079399 ], [ -153.732311899999985, 60.7928924 ], [ -153.7196085, 60.7897136 ], [ -153.641963200000021, 60.8050107 ], [ -153.6256564, 60.8183257 ], [ -153.6111187, 60.8090974 ], [ -153.579073099999988, 60.8166007 ], [ -153.5484169, 60.8031799 ], [ -153.5512904, 60.8277628 ], [ -153.472012799999987, 60.8197039 ], [ -153.492292599999985, 60.8694811 ], [ -153.480505, 60.8783082 ], [ -153.485443299999986, 60.8991556 ], [ -153.449713299999985, 60.9056264 ], [ -153.433821, 60.9265649 ], [ -153.4537341, 60.9426207 ], [ -153.5193252, 60.9360428 ], [ -153.511164799999989, 60.9555944 ], [ -153.5296765, 60.9657365 ], [ -153.494000799999981, 60.984672399999987 ], [ -153.4438859, 60.9913845 ], [ -153.4215318, 61.0113131 ], [ -153.4491152, 61.0336917 ], [ -153.430055899999985, 61.0493555 ], [ -153.4626758, 61.0604467 ], [ -153.454355, 61.0949907 ], [ -153.4686642, 61.112867 ], [ -153.454351699999989, 61.1357773 ], [ -153.424748599999987, 61.1270167 ], [ -153.3998809, 61.1312887 ], [ -153.3622756, 61.1445058 ], [ -153.355554, 61.1616143 ], [ -153.3229044, 61.1769233 ], [ -153.3174233, 61.1962396 ], [ -153.3429185, 61.2149205 ], [ -153.3669864, 61.2149402 ], [ -153.3567363, 61.2369329 ], [ -153.365962199999984, 61.2481747 ], [ -153.34867570000003, 61.272456 ], [ -153.328276, 61.2735229 ], [ -153.304127099999988, 61.2971588 ], [ -153.2586694, 61.3119562 ], [ -153.2956079, 61.3367404 ], [ -153.3639546, 61.3501044 ], [ -153.36263, 61.3667549 ], [ -153.3896595, 61.3655188 ], [ -153.406682700000033, 61.3765832 ], [ -153.4130155, 61.3896974 ], [ -153.3872225, 61.3996363 ], [ -153.3766994, 61.426088 ], [ -153.426786199999981, 61.4261568 ], [ -153.426824899999986, 61.4362694 ], [ -153.3991034, 61.4512781 ], [ -153.4234204, 61.4521453 ], [ -153.4239911, 61.4635791 ], [ -153.485597, 61.4557238 ] ] ] } },
{ "type": "Feature", "properties": { "name": "Lake Clark National Park", "code": "LACL", "designation": "National Parks", "state": "AK", "acres": 2628959.0, "type": "nps" }, "geometry": { "type": "Polygon", "coordinates": [ [ [ -153.4855944, 61.5128052 ], [ -153.485597, 61.4557238 ], [ -153.4589369, 61.4652391 ], [ -153.4239911, 61.4635791 ], [ -153.4235386, 61.4522167 ], [ -153.3988852, 61.446106099999987 ], [ -153.426824899999986, 61.4362694 ], [ -153.426786199999981, 61.4261568 ], [ -153.3766994, 61.426088 ], [ -153.3872225, 61.3996363 ], [ -153.4130155, 61.3896974 ], [ -153.406682700000033, 61.3765832 ], [ -153.3896595, 61.3655188 ], [ -153.36263, 61.3667549 ], [ -153.3639546, 61.3501044 ], [ -153.2956079, 61.3367404 ], [ -153.258664899999985, 61.3121478 ], [ -153.304127099999988, 61.2971588 ], [ -153.328276, 61.2735229 ], [ -153.34867570000003, 61.272456 ], [ -153.365962199999984, 61.2481747 ], [ -153.3567363, 61.2369329 ], [ -153.3669864, 61.2149402 ], [ -153.3429185, 61.2149205 ], [ -153.3174233, 61.1962396 ], [ -153.3229044, 61.1769233 ], [ -153.355554, 61.1616143 ], [ -153.3622756, 61.1445058 ], [ -153.3998809, 61.1312887 ], [ -153.424748599999987, 61.1270167 ], [ -153.454351699999989, 61.1357773 ], [ -153.4686642, 61.112867 ], [ -153.454355, 61.0949907 ], [ -153.4626758, 61.0604467 ], [ -153.430055899999985, 61.0493555 ], [ -153.4491152, 61.0336917 ], [ -153.4215318, 61.0113131 ], [ -153.4438859, 60.9913845 ], [ -153.494000799999981, 60.984672399999987 ], [ -153.5296765, 60.9657365 ], [ -153.511164799999989, 60.9555944 ], [ -153.5193252, 60.9360428 ], [ -153.4537341, 60.9426207 ], [ -153.433821, 60.9265649 ], [ -153.449713299999985, 60.9056264 ], [ -153.485443299999986, 60.8991556 ], [ -153.480505, 60.8783082 ], [ -153.492292599999985, 60.8694811 ], [ -153.471877399999983, 60.8199234 ], [ -153.5512904, 60.8277628 ], [ -153.5484169, 60.8031799 ], [ -153.579073099999988, 60.8166007 ], [ -153.6111187, 60.8090974 ], [ -153.6256564, 60.8183257 ], [ -153.641963200000021, 60.8050107 ], [ -153.7196085, 60.7897136 ], [ -153.732311899999985, 60.7928924 ], [ -153.7193255, 60.8079399 ], [ -153.728808, 60.8151788 ], [ -153.787854899999985, 60.8034515 ], [ -153.8190802, 60.8201808 ], [ -153.8254115, 60.8340021 ], [ -154.071259199999986, 60.8339981 ], [ -154.091601199999985, 60.8267784 ], [ -154.0995159, 60.548835 ], [ -154.034707199999986, 60.554247 ], [ -153.9699329, 60.536553299999987 ], [ -153.9234021, 60.4744765 ], [ -153.911038, 60.4839693 ], [ -153.844736399999988, 60.4794228 ], [ -153.8485082, 60.4464362 ], [ -153.8828265, 60.4264662 ], [ -153.9405859, 60.427831 ], [ -153.948071, 60.4150099 ], [ -153.9786514, 60.4135804 ], [ -154.0360016, 60.3890735 ], [ -154.04305549999998, 60.364509 ], [ -154.018875899999983, 60.3489468 ], [ -154.062690799999984, 60.3447474 ], [ -154.0690179, 60.3518147 ], [ -154.1346877, 60.3384291 ], [ -154.1404996, 60.3329019 ], [ -154.129514799999981, 60.3317457 ], [ -154.1585019, 60.323768 ], [ -154.2038828, 60.2915209 ], [ -154.2886781, 60.2741658 ], [ -154.234412, 60.2314805 ], [ -154.22513, 60.2004951 ], [ -154.3249592, 60.1307713 ], [ -154.323124, 60.1176587 ], [ -154.296537199999989, 60.1085546 ], [ -154.2872184, 60.1161606 ], [ -154.263053, 60.1090875 ], [ -154.230689, 60.1198698 ], [ -154.1659601, 60.1165407 ], [ -154.1492543, 60.1275156 ], [ -154.0950253, 60.1127476 ], [ -153.960151599999989, 60.1137974 ], [ -153.9356137, 60.0982967 ], [ -153.902405, 60.1053645 ], [ -153.873728799999981, 60.0775567 ], [ -153.834195699999981, 60.0646719 ], [ -153.805204799999984, 60.0372902 ], [ -153.764611799999983, 60.0392595 ], [ -153.738858500000021, 60.0490726 ], [ -153.657057700000024, 60.0443384 ], [ -153.644485399999979, 60.0173182 ], [ -153.659181499999988, 59.9979563 ], [ -153.6986675, 59.9747804 ], [ -153.7211863, 59.9754728 ], [ -153.6502241, 59.9393895 ], [ -153.5921736, 59.9354406 ], [ -153.5859477, 59.944400099999989 ], [ -153.523467, 59.9556918 ], [ -153.443014799999986, 59.9149263 ], [ -153.4178163, 59.923675 ], [ -153.3876879, 59.881060299999987 ], [ -153.3501511, 59.882415599999987 ], [ -153.3117703, 59.855922 ], [ -153.280253099999982, 59.8518465 ], [ -153.1948913, 59.8518553 ], [ -153.163566799999984, 59.8640796 ], [ -153.118874299999987, 59.8677781 ], [ -153.1413197, 59.8605891 ], [ -153.1318488, 59.8609926 ], [ -153.0115515, 59.8861428 ], [ -152.9602935, 59.8833033 ], [ -152.944966099999988, 59.8753594 ], [ -152.8900932, 59.882866 ], [ -152.865905, 59.8745637 ], [ -152.808172399999989, 59.8778026 ], [ -152.7948618, 59.8944872 ], [ -152.7038106, 59.9173829 ], [ -152.6773202, 59.9693819 ], [ -152.623622, 60.0032614 ], [ -152.598714299999983, 60.0085982 ], [ -152.600803899999988, 60.02858 ], [ -152.579465299999981, 60.0451018 ], [ -152.5709319, 60.0705569 ], [ -152.5973103, 60.1015509 ], [ -152.6870467, 60.1372224 ], [ -152.6746655, 60.1497389 ], [ -152.68647630000001, 60.160601199999981 ], [ -152.678244, 60.1660012 ], [ -152.733256399999988, 60.1733629 ], [ -152.7439024, 60.1891584 ], [ -152.823520299999984, 60.2123941 ], [ -152.8307332, 60.2056357 ], [ -152.8241065, 60.2126235 ], [ -152.8503057, 60.2129603 ], [ -152.837279099999989, 60.2177186 ], [ -152.8535996, 60.2159964 ], [ -152.84242279999998, 60.2201787 ], [ -152.8688003, 60.224526499999989 ], [ -152.863004, 60.2285627 ], [ -152.884779, 60.2244202 ], [ -152.867746899999986, 60.2303856 ], [ -152.892705299999989, 60.2280939 ], [ -152.869397599999985, 60.2309596 ], [ -152.89042139999998, 60.2315265 ], [ -152.872984299999985, 60.232812 ], [ -152.8875677, 60.242888299999983 ], [ -152.9083676, 60.2419242 ], [ -152.893902299999979, 60.2442428 ], [ -152.903713899999985, 60.250290799999988 ], [ -152.9179919, 60.243123499999989 ], [ -152.9072754, 60.2553923 ], [ -152.929347399999983, 60.2526154 ], [ -152.907121499999988, 60.2557881 ], [ -152.9024401, 60.276584799999988 ], [ -152.939457399999981, 60.300741 ], [ -152.8926643, 60.2835175 ], [ -152.8782472, 60.245962 ], [ -152.8529404, 60.2580835 ], [ -152.8581131, 60.2537349 ], [ -152.7890094, 60.2505048 ], [ -152.8549357, 60.2533568 ], [ -152.8657273, 60.2446792 ], [ -152.8503561, 60.2364431 ], [ -152.842185299999983, 60.2433807 ], [ -152.8368961, 60.2352433 ], [ -152.787146399999983, 60.2264021 ], [ -152.757429799999983, 60.2321942 ], [ -152.7397967, 60.2236438 ], [ -152.740893799999981, 60.2343101 ], [ -152.720837499999988, 60.2406159 ], [ -152.712211599999989, 60.233082 ], [ -152.7008401, 60.2393496 ], [ -152.6823463, 60.2328391 ], [ -152.6798943, 60.2422713 ], [ -152.6660465, 60.2433765 ], [ -152.6418942, 60.2249041 ], [ -152.6102477, 60.2229772 ], [ -152.624990900000029, 60.2193617 ], [ -152.5569194, 60.2222333 ], [ -152.52278339999998, 60.2577219 ], [ -152.453187899999989, 60.2840094 ], [ -152.472944200000029, 60.2826076 ], [ -152.407372700000025, 60.2923186 ], [ -152.3984414, 60.299672599999987 ], [ -152.4580397, 60.2996717 ], [ -152.4581063, 60.3141163 ], [ -152.486229899999984, 60.3141159 ], [ -152.4862334, 60.3357825 ], [ -152.5153703, 60.3357819 ], [ -152.519527499999981, 60.5596619 ], [ -152.4319802, 60.5596645 ], [ -152.43254779999998, 60.7763115 ], [ -152.6950577, 60.7763004 ], [ -152.6950486, 60.8196283 ], [ -152.376159799999982, 60.8196421 ], [ -152.376151800000031, 60.86297 ], [ -152.198708899999986, 60.862979599999989 ], [ -152.1987005, 60.9063075 ], [ -152.908511, 60.9062723 ], [ -152.9084655, 61.166234 ], [ -152.947344499999986, 61.1662317 ], [ -152.94734459999998, 61.5128371 ], [ -153.4855944, 61.5128052 ] ] ] } },
{ "type": "Feature", "properties": { "name": "Noatak National Preserve", "code": "NOAT", "designation": "National Preserves", "state": "AK", "acres": 6564639.0, "type": "nps" }, "geometry": { "type": "Polygon", "coordinates": [ [ [ -161.556836799999985, 68.5865167 ], [ -161.5526042, 68.5767502 ], [ -161.570715, 68.5639759 ], [ -161.639616, 68.564626 ], [ -161.646174299999984, 68.5399911 ], [ -161.635361499999988, 68.527984 ], [ -161.7003886, 68.5037376 ], [ -161.7251191, 68.5014234 ], [ -161.7295727, 68.5159224 ], [ -161.767795399999983, 68.5239153 ], [ -161.779265399999986, 68.5362451 ], [ -161.847189499999985, 68.5155943 ], [ -161.8795855, 68.5181201 ], [ -161.890983399999982, 68.5145895 ], [ -161.8872088, 68.4988329 ], [ -161.8629493, 68.4916938 ], [ -161.8637962, 68.4801015 ], [ -161.9246226, 68.4762783 ], [ -161.95015680000003, 68.4614763 ], [ -162.0212396, 68.47658770000001 ], [ -162.064172499999984, 68.5086611 ], [ -162.141523399999983, 68.4929179 ], [ -162.186933899999985, 68.5081802 ], [ -162.2596963, 68.4961396 ], [ -162.285238, 68.5067362 ], [ -162.3450522, 68.4740736 ], [ -162.459557499999988, 68.4528271 ], [ -162.484944099999979, 68.4257249 ], [ -162.4786435, 68.3974376 ], [ -162.564733599999983, 68.4095032 ], [ -162.724720499999989, 68.3801342 ], [ -162.7830209, 68.3608143 ], [ -162.7479722, 68.33852 ], [ -162.77104319999998, 68.3246165 ], [ -162.7484584, 68.2982742 ], [ -162.775684399999989, 68.2864957 ], [ -162.7691988, 68.2728947 ], [ -162.7467729, 68.2691138 ], [ -162.740299599999986, 68.2482417 ], [ -162.778413100000023, 68.2330862 ], [ -162.73179829999998, 68.2152324 ], [ -162.7163807, 68.1839593 ], [ -162.725660799999986, 68.1797292 ], [ -162.686723699999988, 68.176119 ], [ -162.679142899999988, 68.1344501 ], [ -162.6476662, 68.1245645 ], [ -162.641908, 68.1133473 ], [ -162.582985899999983, 68.1096868 ], [ -162.575644, 68.0936963 ], [ -162.5497091, 68.0853738 ], [ -162.496265099999988, 68.106931 ], [ -162.433833099999987, 68.1069322 ], [ -162.4338267, 68.0636462 ], [ -162.472413599999982, 68.0636455 ], [ -162.4723874, 68.0492168 ], [ -162.5109502, 68.0492161 ], [ -162.5109, 68.034787400000013 ], [ -162.62651649999998, 68.0347852 ], [ -162.6250608, 67.861638 ], [ -162.6890143, 67.8482579 ], [ -162.674513099999984, 67.834472 ], [ -162.682061299999987, 67.8243572 ], [ -162.760990199999981, 67.8101778 ], [ -162.788206799999983, 67.7831065 ], [ -162.809653199999985, 67.7775906 ], [ -162.7206409, 67.7750611 ], [ -162.7205684, 67.7606316 ], [ -162.758656, 67.7606309 ], [ -162.7582736, 67.7029137 ], [ -162.6442917, 67.7029159 ], [ -162.644317, 67.7173452 ], [ -162.6062996, 67.7173459 ], [ -162.6063016, 67.7317751 ], [ -162.494261699999981, 67.731777 ], [ -162.4941897, 67.7173478 ], [ -162.532207299999982, 67.7173471 ], [ -162.532112, 67.7029178 ], [ -162.4941178, 67.7029185 ], [ -162.4940459, 67.6884892 ], [ -162.53201679999998, 67.6884885 ], [ -162.5319218, 67.6740594 ], [ -162.569869399999988, 67.6740587 ], [ -162.569751299999979, 67.6596293 ], [ -162.6062916, 67.6596287 ], [ -162.6062896, 67.6451993 ], [ -162.7199923, 67.6451971 ], [ -162.719778099999985, 67.6019088 ], [ -162.757609399999978, 67.6019081 ], [ -162.7573271, 67.5586197 ], [ -162.79508869999998, 67.5586188 ], [ -162.7947385, 67.5153301 ], [ -162.8493547, 67.5153288 ], [ -162.8492597, 67.4864695 ], [ -162.886906399999987, 67.4864685 ], [ -162.8868364, 67.472039 ], [ -162.924459499999983, 67.4720378 ], [ -162.9242746, 67.4431788 ], [ -162.849118299999986, 67.4431807 ], [ -162.8490712, 67.4287511 ], [ -162.773959, 67.4287527 ], [ -162.7739556, 67.3998933 ], [ -162.7010875, 67.3998947 ], [ -162.7009952, 67.385465 ], [ -162.6635066, 67.3854657 ], [ -162.6637862, 67.4431846 ], [ -162.6262069, 67.4431853 ], [ -162.6262543, 67.457615 ], [ -162.551049899999981, 67.4576164 ], [ -162.551039, 67.371038 ], [ -162.625971, 67.3710366 ], [ -162.625877, 67.3421769 ], [ -162.7381394, 67.3421748 ], [ -162.7379106, 67.3133151 ], [ -162.700534799999986, 67.3133158 ], [ -162.7004431, 67.2988859 ], [ -162.588383199999981, 67.2988881 ], [ -162.5883347, 67.2700281 ], [ -162.5510263, 67.2700288 ], [ -162.5510227, 67.2411687 ], [ -162.5144272, 67.241169400000018 ], [ -162.5143137, 67.2267394 ], [ -162.4025902, 67.2267416 ], [ -162.402497499999981, 67.1978814 ], [ -162.4768906, 67.1978799 ], [ -162.476799799999981, 67.1834498 ], [ -162.551015299999989, 67.1834483 ], [ -162.551013499999982, 67.1690181 ], [ -162.5346481, 67.1690185 ], [ -162.5346241, 67.1545883 ], [ -162.497494099999983, 67.1545891 ], [ -162.4974959, 67.1690192 ], [ -162.3148842, 67.1690228 ], [ -162.3147889, 67.1113018 ], [ -162.3518522, 67.1113011 ], [ -162.3517607, 67.0824403 ], [ -162.1319967, 67.0824441 ], [ -162.131951099999981, 67.0680136 ], [ -162.0949537, 67.0680143 ], [ -162.09490660000003, 67.0391533 ], [ -162.057953199999986, 67.039154 ], [ -162.0579593, 67.0968759 ], [ -162.023402, 67.0968765 ], [ -162.0237074, 67.1362213 ], [ -162.002288199999981, 67.1330967 ], [ -161.9090722, 67.150415 ], [ -161.8633945, 67.1682294 ], [ -161.8810757, 67.1860734 ], [ -161.950267, 67.2069197 ], [ -161.98859, 67.2087649 ], [ -162.034451599999983, 67.2283292 ], [ -162.026110099999983, 67.251675 ], [ -162.0409233, 67.2600284 ], [ -162.027325599999983, 67.2751916 ], [ -162.07157239999998, 67.2954223 ], [ -162.10255669999998, 67.2914774 ], [ -162.123402299999981, 67.3121226 ], [ -162.1832068, 67.3166364 ], [ -162.2248171, 67.3312083 ], [ -162.263875099999979, 67.3275758 ], [ -162.24185319999998, 67.3486941 ], [ -162.1693167, 67.3635721 ], [ -162.164284899999984, 67.3874561 ], [ -162.129834099999982, 67.4128757 ], [ -162.0922237, 67.4182201 ], [ -162.0692113, 67.405228 ], [ -161.9960634, 67.4130722 ], [ -161.9628079, 67.4014262 ], [ -161.8089115, 67.4046051 ], [ -161.8518986, 67.4332912 ], [ -161.8152837, 67.4506838 ], [ -161.7335732, 67.454367 ], [ -161.6615535, 67.4835747 ], [ -161.5676195, 67.4911366 ], [ -161.515501, 67.5057014 ], [ -161.507884, 67.5240032 ], [ -161.442101, 67.5436731 ], [ -161.42764870000002, 67.5582931 ], [ -161.371829599999984, 67.5787451 ], [ -161.336249899999984, 67.5822701 ], [ -161.3336051, 67.5918344 ], [ -161.249197, 67.5853436 ], [ -161.2399959, 67.5947941 ], [ -161.2558314, 67.6087085 ], [ -161.228115799999983, 67.6260503 ], [ -161.280416699999989, 67.6443332 ], [ -161.2141091, 67.65682 ], [ -161.136435, 67.6332296 ], [ -161.0998916, 67.6435637 ], [ -161.0189882, 67.6331344 ], [ -161.0023798, 67.6230707 ], [ -160.9374293, 67.6331567 ], [ -160.883724699999988, 67.6275864 ], [ -160.8796643, 67.6170259 ], [ -160.8977764, 67.6035241 ], [ -160.8133973, 67.5828632 ], [ -160.8126997, 67.5739471 ], [ -160.7663349, 67.5720573 ], [ -160.7013107, 67.5900487 ], [ -160.6367946, 67.5915971 ], [ -160.622448099999986, 67.6052414 ], [ -160.664150399999983, 67.619839 ], [ -160.6252561, 67.6523377 ], [ -160.51343, 67.6490606 ], [ -160.4674254, 67.6562549 ], [ -160.47048909999998, 67.6372444 ], [ -160.419511299999982, 67.6235074 ], [ -160.4401729, 67.6100507 ], [ -160.4381243, 67.5912058 ], [ -160.38884760000002, 67.5842711 ], [ -160.385776099999987, 67.57136 ], [ -160.323228299999982, 67.5672351 ], [ -160.242172399999987, 67.6055623 ], [ -160.2554777, 67.6107211 ], [ -160.241825299999988, 67.6376909 ], [ -160.2848004, 67.6497517 ], [ -160.2698438, 67.6618715 ], [ -160.275261699999987, 67.673877 ], [ -160.2332281, 67.6872633 ], [ -160.2460738, 67.7022416 ], [ -160.2285201, 67.713230600000017 ], [ -160.181914, 67.7366201 ], [ -160.029208399999987, 67.7542475 ], [ -159.994967299999985, 67.7900142 ], [ -159.9711896, 67.8037265 ], [ -159.942409799999979, 67.8057848 ], [ -159.9589593, 67.8252483 ], [ -159.9206858, 67.8508272 ], [ -159.8631571, 67.8509029 ], [ -159.7623213, 67.8708414 ], [ -159.7119424, 67.8408044 ], [ -159.550109, 67.80543 ], [ -159.4885904, 67.8092239 ], [ -159.4827805, 67.7900562 ], [ -159.433418099999983, 67.7794175 ], [ -159.303343899999987, 67.7829167 ], [ -159.3121644, 67.7691249 ], [ -159.3598379, 67.7530666 ], [ -159.3434648, 67.7470341 ], [ -159.342457199999984, 67.7258983 ], [ -159.369547899999986, 67.7196227 ], [ -159.3774654, 67.702899 ], [ -159.3496956, 67.7006904 ], [ -159.292634599999985, 67.6749082 ], [ -159.3006661, 67.6640653 ], [ -159.2694175, 67.6398663 ], [ -159.2043414, 67.6406357 ], [ -159.1932646, 67.627535800000018 ], [ -159.153154699999988, 67.6171444 ], [ -159.037615, 67.6313793 ], [ -159.021467299999983, 67.6197724 ], [ -159.0259532, 67.5958605 ], [ -159.0410829, 67.5888655 ], [ -159.032176, 67.5671313 ], [ -158.9570584, 67.5816923 ], [ -158.9649924, 67.5965612 ], [ -158.9520028, 67.6011071 ], [ -158.872106, 67.6162043 ], [ -158.8670031, 67.6411999 ], [ -158.8809465, 67.6557473 ], [ -158.8661045, 67.6660467 ], [ -158.880470399999979, 67.6750464 ], [ -158.7349657, 67.6764879 ], [ -158.6324904, 67.6505473 ], [ -158.637814099999986, 67.6371945 ], [ -158.6201686, 67.6261128 ], [ -158.627219, 67.6069916 ], [ -158.600114, 67.5897501 ], [ -158.5532163, 67.5912852 ], [ -158.5114145, 67.5746581 ], [ -158.530105699999979, 67.5585397 ], [ -158.493875299999985, 67.528829 ], [ -158.39006, 67.5303934 ], [ -158.362453499999987, 67.5445834 ], [ -158.30024419999998, 67.5438789 ], [ -158.2962039, 67.529916 ], [ -158.264679799999982, 67.519831 ], [ -158.2968678, 67.507209 ], [ -158.2847227, 67.4889902 ], [ -158.0519219, 67.5403976 ], [ -158.0226927, 67.5321516 ], [ -157.9458182, 67.5357713 ], [ -157.9307259, 67.5313964 ], [ -157.9444517, 67.5119587 ], [ -157.905889299999984, 67.4982575 ], [ -157.940548399999983, 67.4810927 ], [ -157.891067699999979, 67.4717919 ], [ -157.8838235, 67.4556235 ], [ -157.844690899999989, 67.4498144 ], [ -157.860255699999982, 67.4236978 ], [ -157.829792500000025, 67.4067107 ], [ -157.802823499999988, 67.4240651 ], [ -157.7665605, 67.4302266 ], [ -157.7592277, 67.4464434 ], [ -157.710361299999988, 67.4554501 ], [ -157.6895735, 67.4536789 ], [ -157.706943, 67.4235692 ], [ -157.6953873, 67.4146129 ], [ -157.6484304, 67.4165868 ], [ -157.64556589999998, 67.4001653 ], [ -157.5964544, 67.3948947 ], [ -157.5793329, 67.4158463 ], [ -157.5905122, 67.4408811 ], [ -157.5578238, 67.4521394 ], [ -157.536504399999984, 67.4449237 ], [ -157.442578199999986, 67.4664747 ], [ -157.4081008, 67.4647231 ], [ -157.260463, 67.5132627 ], [ -157.2738923, 67.5472375 ], [ -157.271149, 67.5621352 ], [ -157.2541065, 67.5674993 ], [ -157.269650899999988, 67.5819403 ], [ -157.2599424, 67.5875274 ], [ -157.2068592, 67.5764308 ], [ -157.209983200000011, 67.5584012 ], [ -157.1455589, 67.5632269 ], [ -157.10042679999998, 67.5530978 ], [ -157.0988209, 67.54167 ], [ -157.077049499999987, 67.5450808 ], [ -157.0625932, 67.5335289 ], [ -157.0127233, 67.5314452 ], [ -156.9659935, 67.5524167 ], [ -156.925689899999981, 67.5466853 ], [ -156.9135818, 67.5530051 ], [ -156.9216672, 67.560709 ], [ -156.9040484, 67.5642193 ], [ -156.913434699999982, 67.5888552 ], [ -156.9482601, 67.5897626 ], [ -156.942474299999986, 67.6182834 ], [ -156.9994246, 67.616138 ], [ -156.976834, 67.649384 ], [ -156.8911995, 67.6777826 ], [ -156.8277938, 67.6435383 ], [ -156.729527, 67.6371224 ], [ -156.718671799999981, 67.6576166 ], [ -156.686045899999982, 67.6725049 ], [ -156.688333199999988, 67.6900738 ], [ -156.6546856, 67.6939949 ], [ -156.6545342, 67.7086797 ], [ -156.6361042, 67.7140269 ], [ -156.6462199, 67.7213164 ], [ -156.572033799999986, 67.7521113 ], [ -156.5592493, 67.7842217 ], [ -156.6539062, 67.799522 ], [ -156.595345100000031, 67.8178181 ], [ -156.5483755, 67.8595836 ], [ -156.561598, 67.8616589 ], [ -156.561740599999979, 67.8723684 ], [ -156.4864618, 67.9033942 ], [ -156.4723818, 67.9437919 ], [ -156.49096609999998, 67.9628172 ], [ -156.352729, 67.9782236 ], [ -156.3129231, 67.9978918 ], [ -156.2433936, 67.9876188 ], [ -156.024180799999982, 67.985903 ], [ -155.961222099999986, 68.0148244 ], [ -155.8741109, 68.0279533 ], [ -155.8648885, 68.0394494 ], [ -155.8812608, 68.0545606 ], [ -156.045323699999983, 68.071813 ], [ -156.140748799999983, 68.094134 ], [ -156.1511184, 68.1016529 ], [ -156.1368976, 68.1097228 ], [ -156.140668799999986, 68.1281311 ], [ -156.123273399999988, 68.1344554 ], [ -156.122943599999985, 68.15707 ], [ -156.1450573, 68.171457 ], [ -156.213228, 68.1565747 ], [ -156.496412599999985, 68.1891828 ], [ -156.499684, 68.1768934 ], [ -156.5273518, 68.1702121 ], [ -156.554149199999983, 68.1897966 ], [ -156.595998399999985, 68.2012756 ], [ -156.703330599999987, 68.1899927 ], [ -156.8099971, 68.1967725 ], [ -156.826634499999983, 68.2087674 ], [ -156.8797572, 68.2036665 ], [ -156.937414, 68.2234152 ], [ -156.942423599999984, 68.2659076 ], [ -156.922745, 68.2749648 ], [ -156.9358665, 68.2807654 ], [ -156.920897599999989, 68.3026996 ], [ -156.9909668, 68.3178583 ], [ -157.042698200000018, 68.3215656 ], [ -157.0839316, 68.3057834 ], [ -157.196159599999987, 68.3249786 ], [ -157.299875899999989, 68.2732164 ], [ -157.336975699999982, 68.2720217 ], [ -157.345522499999987, 68.2572099 ], [ -157.3891261, 68.2593113 ], [ -157.4058503, 68.2477089 ], [ -157.4273538, 68.2571228 ], [ -157.500709400000034, 68.2436395 ], [ -157.5543921, 68.2460191 ], [ -157.56804889999998, 68.2559461 ], [ -157.598565899999983, 68.2422147 ], [ -157.620067399999982, 68.25316 ], [ -157.654890199999983, 68.2539411 ], [ -157.6556584, 68.2651558 ], [ -157.7048378, 68.2718603 ], [ -157.659833699999979, 68.283207800000014 ], [ -157.6718754, 68.3166434 ], [ -157.638053499999984, 68.3362625 ], [ -157.646263799999986, 68.3420557 ], [ -157.706645399999985, 68.3401441 ], [ -157.733728, 68.3189028 ], [ -157.814972, 68.3387198 ], [ -157.8830726, 68.3332131 ], [ -157.8871141, 68.3453554 ], [ -157.9460652, 68.3633033 ], [ -158.0198797, 68.3635968 ], [ -158.0753013, 68.3558039 ], [ -158.0909217, 68.3410851 ], [ -158.0748544, 68.3322617 ], [ -158.101665199999985, 68.3237375 ], [ -158.1072911, 68.3481301 ], [ -158.129928, 68.3593985 ], [ -158.1230477, 68.3829522 ], [ -158.1507675, 68.3846962 ], [ -158.171399399999984, 68.4090259 ], [ -158.218823499999985, 68.4134655 ], [ -158.306532899999979, 68.399323 ], [ -158.36072, 68.406342 ], [ -158.3826487, 68.4232997 ], [ -158.4331417, 68.4290838 ], [ -158.432445299999983, 68.4537921 ], [ -158.481635899999986, 68.4654202 ], [ -158.5202438, 68.4602807 ], [ -158.5481699, 68.4828766 ], [ -158.5800868, 68.469027 ], [ -158.6859886, 68.4614685 ], [ -158.705868, 68.4754462 ], [ -158.682721, 68.4821923 ], [ -158.6825843, 68.4961244 ], [ -158.7461523, 68.4891926 ], [ -158.7780702, 68.5157599 ], [ -158.8287224, 68.519275 ], [ -158.84159219999998, 68.5294265 ], [ -158.87080229999998, 68.5245319 ], [ -158.8805875, 68.5339804 ], [ -158.9565594, 68.5458634 ], [ -158.956841699999984, 68.5581792 ], [ -159.018793, 68.5726424 ], [ -159.0130571, 68.584138200000012 ], [ -159.0738097, 68.6098893 ], [ -159.1129066, 68.6099331 ], [ -159.110517499999986, 68.5981372 ], [ -159.1442351, 68.5955879 ], [ -159.183493199999987, 68.5755928 ], [ -159.242365500000034, 68.5824802 ], [ -159.3320484, 68.5620503 ], [ -159.3646262, 68.5755604 ], [ -159.3670043, 68.5890098 ], [ -159.4212315, 68.5780538 ], [ -159.439267799999982, 68.6047309 ], [ -159.431263, 68.6122185 ], [ -159.492263, 68.6139617 ], [ -159.5503692, 68.5986416 ], [ -159.5453986, 68.6240722 ], [ -159.621330199999989, 68.6304434 ], [ -159.668475, 68.6500065 ], [ -159.7507937, 68.6149861 ], [ -159.7658184, 68.6290635 ], [ -159.812529899999987, 68.6372623 ], [ -159.8429145, 68.6318083 ], [ -159.872614, 68.6424703 ], [ -159.9001146, 68.6382035 ], [ -159.9020526, 68.626249 ], [ -159.99568979999998, 68.6143157 ], [ -160.0082725, 68.6022244 ], [ -160.0291053, 68.6138304 ], [ -160.0699128, 68.6122008 ], [ -160.132615499999986, 68.582255100000012 ], [ -160.1973437, 68.6136468 ], [ -160.224858600000033, 68.6004087 ], [ -160.263200399999988, 68.601574 ], [ -160.3137367, 68.5714176 ], [ -160.3690052, 68.5777234 ], [ -160.38563689999998, 68.564183700000015 ], [ -160.4336137, 68.5783299 ], [ -160.464936699999981, 68.5744274 ], [ -160.4642977, 68.5641941 ], [ -160.4840398, 68.5609695 ], [ -160.526154599999984, 68.5681503 ], [ -160.545616599999988, 68.5543345 ], [ -160.5867934, 68.5570857 ], [ -160.6089175, 68.5342829 ], [ -160.7174603, 68.5322896 ], [ -160.734368099999983, 68.508144 ], [ -160.8145237, 68.5181956 ], [ -160.8154444, 68.5294896 ], [ -160.834588699999983, 68.5345902 ], [ -160.884014899999983, 68.5288409 ], [ -160.9399379, 68.5471442 ], [ -160.9659213, 68.5461437 ], [ -160.9606149, 68.5386621 ], [ -161.0031425, 68.5227998 ], [ -160.990690700000016, 68.5148602 ], [ -161.0161038, 68.5076966 ], [ -161.0374937, 68.50962220000001 ], [ -161.0656227, 68.5394669 ], [ -161.0863248, 68.5431987 ], [ -161.1330295, 68.5423069 ], [ -161.207512499999979, 68.5237604 ], [ -161.1987369, 68.5442849 ], [ -161.2094788, 68.5512039 ], [ -161.3167177, 68.554047700000012 ], [ -161.3470481, 68.5652034 ], [ -161.4166378, 68.5678112 ], [ -161.421326199999982, 68.5796233 ], [ -161.4857386, 68.576828 ], [ -161.4946549, 68.5883071 ], [ -161.556836799999985, 68.5865167 ] ] ] } },
{ "type": "Feature", "properties": { "name": "Sitka National Historical Park", "code": "SITK", "designation": "National Historical Parks", "state": "AK", "acres": 0.0, "type": "nps" }, "geometry": { "type": "GeometryCollection", "geometries": [ ] } },
{ "type": "Feature", "properties": { "name": "Wrangell-St. Elias National Preserve", "code": "WRST", "designation": "National Preserves", "state": "AK", "acres": 2877243.0, "type": "nps" }, "geometry": { "type": "Polygon", "coordinates": [ [ [ -144.2669596, 62.7158031 ], [ -144.3769838, 62.7043638 ], [ -144.4093766, 62.6703108 ], [ -144.4259079, 62.6658886 ], [ -144.427306499999986, 62.6523121 ], [ -144.4486302, 62.6436324 ], [ -144.4443054, 62.6370655 ], [ -144.5242539, 62.6342772 ], [ -144.56729009999998, 62.6048668 ], [ -144.5831518, 62.604175 ], [ -144.5926059, 62.5807414 ], [ -144.6180252, 62.5650588 ], [ -144.7680394, 62.5310225 ], [ -144.8175626, 62.4570765 ], [ -144.892309399999988, 62.4335276 ], [ -144.9428465, 62.406626 ], [ -144.7834449, 62.3571685 ], [ -144.761945900000029, 62.3431093 ], [ -144.659037, 62.317593 ], [ -144.61627249999998, 62.2942023 ], [ -144.57076, 62.287616 ], [ -144.359805199999983, 62.3071729 ], [ -144.2734447, 62.295380699999988 ], [ -144.1551428, 62.2938953 ], [ -144.128138399999983, 62.3138631 ], [ -144.057597099999981, 62.3148123 ], [ -144.0153786, 62.3372214 ], [ -144.0153814, 62.374384 ], [ -143.8928731, 62.4162073 ], [ -143.7839066, 62.4871049 ], [ -143.7927872, 62.5516803 ], [ -143.824650099999985, 62.588926 ], [ -143.8357792, 62.622525 ], [ -143.8600218, 62.6374549 ], [ -143.8600691, 62.6653758 ], [ -143.541058099999987, 62.5765702 ], [ -143.4147486, 62.5640889 ], [ -143.386899799999981, 62.5512 ], [ -143.2506722, 62.5289221 ], [ -143.249971099999982, 62.5111466 ], [ -143.2721473, 62.4843452 ], [ -143.2584228, 62.455347 ], [ -143.2259497, 62.4469392 ], [ -143.210324499999984, 62.4136452 ], [ -143.137718299999989, 62.4041007 ], [ -143.184588099999985, 62.3663933 ], [ -143.1640721, 62.361134199999988 ], [ -143.1967187, 62.3519925 ], [ -143.1844213, 62.334754 ], [ -143.2096637, 62.330350499999987 ], [ -143.234146, 62.3365261 ], [ -143.265668299999987, 62.3286571 ], [ -143.2850862, 62.3372452 ], [ -143.444081899999986, 62.3372372 ], [ -143.446423, 62.3201155 ], [ -143.5098448, 62.3057786 ], [ -143.5172179, 62.2650922 ], [ -143.536404, 62.2606611 ], [ -143.5329078, 62.2489749 ], [ -143.5553902, 62.2434407 ], [ -143.5791073, 62.2103126 ], [ -143.6235773, 62.2222867 ], [ -143.642218400000019, 62.2032639 ], [ -143.66466939999998, 62.206073599999989 ], [ -143.698896599999983, 62.1961017 ], [ -143.7044144, 62.1425593 ], [ -143.6198211, 62.0233106 ], [ -143.5429174, 62.0103527 ], [ -143.4254827, 62.0037862 ], [ -143.3627627, 61.9533035 ], [ -143.201628199999988, 61.9566708 ], [ -143.2189539, 61.9211688 ], [ -143.0067587, 61.8968077 ], [ -142.7559305, 61.9032812 ], [ -142.72369089999998, 61.9486837 ], [ -142.6669283, 61.9771063 ], [ -142.581107, 61.9584954 ], [ -142.516600600000032, 61.9686336 ], [ -142.2922048, 61.8997027 ], [ -142.210316, 61.884482199999987 ], [ -142.167253499999987, 61.8944624 ], [ -142.0747929, 61.8961451 ], [ -142.0426582, 61.8831473 ], [ -142.012502399999988, 61.8554132 ], [ -141.9455077, 61.8316584 ], [ -141.885505699999982, 61.7963843 ], [ -141.818441899999982, 61.7802693 ], [ -141.805452900000034, 61.7479491 ], [ -141.8189365, 61.7452013 ], [ -141.7574003, 61.7189184 ], [ -141.5791726, 61.7493045 ], [ -141.361424299999982, 61.7206763 ], [ -141.0016482, 61.7385266 ], [ -141.001512099999985, 62.4239398 ], [ -141.148695, 62.4239407 ], [ -141.1629035, 62.4328362 ], [ -141.208187, 62.4351837 ], [ -141.2882505, 62.4273753 ], [ -141.334249699999987, 62.4494505 ], [ -141.4179364, 62.449346 ], [ -141.5196614, 62.5105766 ], [ -142.6884115, 62.5105369 ], [ -142.700588499999981, 62.5211475 ], [ -142.6875961, 62.533880499999988 ], [ -142.718954199999985, 62.5357399 ], [ -142.7232641, 62.5443681 ], [ -142.765220199999987, 62.5566865 ], [ -142.8580054, 62.5634839 ], [ -142.8818497, 62.5808757 ], [ -142.866064, 62.5839421 ], [ -142.8823233, 62.6043968 ], [ -142.9163155, 62.6124784 ], [ -142.9464424, 62.5955033 ], [ -143.00622869999998, 62.617364699999989 ], [ -143.0819611, 62.6113255 ], [ -143.1513239, 62.6311237 ], [ -143.1737163, 62.6505526 ], [ -143.2174911, 62.6402007 ], [ -143.295263399999982, 62.6379503 ], [ -143.3075282, 62.6237481 ], [ -143.331768499999981, 62.6196577 ], [ -143.432075699999984, 62.6227107 ], [ -143.5483553, 62.651203699999989 ], [ -143.5480603, 62.6765743 ], [ -143.5637668, 62.6765776 ], [ -143.5637983, 62.6837925 ], [ -143.8959999, 62.6837803 ], [ -143.922605299999987, 62.6982186 ], [ -144.0003944, 62.7040333 ], [ -144.0041368, 62.7134877 ], [ -144.2669596, 62.7158031 ] ] ] } },
{ "type": "Feature", "properties": { "name": "Wrangell-St. Elias National Park", "code": "WRST", "designation": "National Parks", "state": "AK", "acres": 8325101.0, "type": "nps" }, "geometry": { "type": "Polygon", "coordinates": [ [ [ -143.8600691, 62.6653758 ], [ -143.8600218, 62.6374549 ], [ -143.8357792, 62.622525 ], [ -143.824650099999985, 62.588926 ], [ -143.7927872, 62.5516803 ], [ -143.7839066, 62.4871049 ], [ -143.8928731, 62.4162073 ], [ -144.0153814, 62.374384 ], [ -144.0153786, 62.3372214 ], [ -144.0566703, 62.3150349 ], [ -144.128138399999983, 62.3138631 ], [ -144.1551428, 62.2938953 ], [ -144.2734447, 62.295380699999988 ], [ -144.359805199999983, 62.3071729 ], [ -144.57076, 62.287616 ], [ -144.61627249999998, 62.2942023 ], [ -144.659037, 62.317593 ], [ -144.761945900000029, 62.3431093 ], [ -144.7834449, 62.3571685 ], [ -144.848013399999985, 62.3715617 ], [ -144.9428159, 62.4073257 ], [ -145.008941199999981, 62.3934081 ], [ -145.08506269999998, 62.3909116 ], [ -145.1163181, 62.3773365 ], [ -145.1266391, 62.3588262 ], [ -145.1463109, 62.3602752 ], [ -145.145822, 62.3468309 ], [ -145.1803333, 62.3415748 ], [ -145.1816106, 62.3241179 ], [ -145.2028137, 62.3082988 ], [ -145.1270413, 62.3083025 ], [ -145.1270346, 62.2360974 ], [ -145.0655679, 62.2361 ], [ -145.0655078, 62.2216589 ], [ -145.003628099999986, 62.2216614 ], [ -145.0035977, 62.2072202 ], [ -144.849236499999989, 62.2072275 ], [ -144.8491, 62.1639032 ], [ -144.8862569, 62.1639014 ], [ -144.8857203, 62.0339275 ], [ -144.813708599999984, 62.0339294 ], [ -144.6934425, 62.0917032 ], [ -144.507073199999979, 62.0884033 ], [ -144.4737381, 62.077269199999989 ], [ -144.2747635, 62.0772719 ], [ -144.2747338, 62.0628302 ], [ -144.2439578, 62.0628307 ], [ -144.243942799999985, 62.0483889 ], [ -144.2131813, 62.0483894 ], [ -144.2131786, 61.961738 ], [ -144.1526946, 61.961739099999988 ], [ -144.152403099999987, 61.8895296 ], [ -143.938617, 61.8895341 ], [ -143.938572900000025, 61.8750921 ], [ -143.907984699999986, 61.8750929 ], [ -143.907925399999982, 61.8462095 ], [ -143.8832827, 61.8415993 ], [ -143.9545678, 61.8086451 ], [ -144.007939, 61.7990084 ], [ -144.0393317, 61.7816878 ], [ -144.1122679, 61.762497 ], [ -144.1295672, 61.743371 ], [ -144.128776500000015, 61.7142233 ], [ -144.2518082, 61.7211471 ], [ -144.302309399999984, 61.709839 ], [ -144.3148468, 61.6971875 ], [ -144.2944479, 61.6783452 ], [ -144.301418499999983, 61.6664566 ], [ -144.2743578, 61.651326899999987 ], [ -144.239770199999981, 61.6481147 ], [ -144.200950899999981, 61.6149886 ], [ -144.2144797, 61.6088974 ], [ -144.2075801, 61.6004915 ], [ -144.2386835, 61.5856832 ], [ -144.241257, 61.5656932 ], [ -144.2282284, 61.5548065 ], [ -144.2939649, 61.5495196 ], [ -144.3139136, 61.5355533 ], [ -144.352551399999982, 61.545516 ], [ -144.412171299999983, 61.5428121 ], [ -144.406537, 61.4971807 ], [ -144.4298059, 61.4957014 ], [ -144.4325809, 61.4756499 ], [ -144.454398, 61.4707017 ], [ -144.4482794, 61.4331427 ], [ -144.468945099999985, 61.411684599999987 ], [ -144.5229124, 61.3987832 ], [ -144.6084443, 61.3570109 ], [ -144.7364274, 61.3447156 ], [ -144.8110274, 61.3071274 ], [ -144.828970500000025, 61.2869207 ], [ -144.8254101, 61.2748433 ], [ -144.8393428, 61.2625723 ], [ -144.8275772, 61.224691899999989 ], [ -144.903521399999988, 61.1513941 ], [ -144.850245799999982, 61.133064399999981 ], [ -144.802516199999985, 61.1028624 ], [ -144.806300599999986, 61.0898244 ], [ -144.7742977, 61.0649263 ], [ -144.783958, 61.0584075 ], [ -144.7688516, 61.0237193 ], [ -144.721876, 61.0015958 ], [ -144.7351548, 60.9884524 ], [ -144.7006386, 60.9732277 ], [ -144.7086208, 60.9688832 ], [ -144.698592, 60.9636404 ], [ -144.7159107, 60.9555653 ], [ -144.6724065, 60.9257721 ], [ -144.672499499999986, 60.899856 ], [ -144.600069, 60.8883414 ], [ -144.5571108, 60.8598652 ], [ -144.5013496, 60.8387498 ], [ -144.4664831, 60.8644608 ], [ -144.435402899999985, 60.8709511 ], [ -144.436252, 60.895134 ], [ -144.362403199999989, 60.895589 ], [ -144.350075299999986, 60.9022922 ], [ -144.3059118, 60.8911915 ], [ -144.249506, 60.861721 ], [ -144.1784283, 60.8629817 ], [ -144.158781299999987, 60.8368921 ], [ -144.143087, 60.8409684 ], [ -144.116746399999982, 60.8240841 ], [ -144.080525099999988, 60.8247487 ], [ -144.0777218, 60.811588 ], [ -144.0626421, 60.8056829 ], [ -144.0255417, 60.8061141 ], [ -144.020727, 60.818182799999988 ], [ -143.9986653, 60.8270322 ], [ -143.99680619999998, 60.8198515 ], [ -143.9424723, 60.8128474 ], [ -143.9387964, 60.8009455 ], [ -143.90485480000001, 60.8068405 ], [ -143.872199599999988, 60.799751099999988 ], [ -143.8410548, 60.809604199999988 ], [ -143.802941799999985, 60.7957398 ], [ -143.7617612, 60.798512599999988 ], [ -143.7886068, 60.7133813 ], [ -143.755874799999987, 60.7092689 ], [ -143.7207645, 60.7169411 ], [ -143.6967842, 60.7069632 ], [ -143.7216766, 60.689444099999989 ], [ -143.719036099999983, 60.667239599999988 ], [ -143.697170500000027, 60.6519493 ], [ -143.67379, 60.661743599999987 ], [ -143.629248, 60.6590298 ], [ -143.572033799999986, 60.677464 ], [ -143.5042449, 60.675077899999984 ], [ -143.464996300000024, 60.6826922 ], [ -143.4176697, 60.6512595 ], [ -143.4258994, 60.6174122 ], [ -143.2955962, 60.549117 ], [ -143.257749499999989, 60.5437952 ], [ -143.2102729, 60.5087353 ], [ -143.093444299999987, 60.5197958 ], [ -143.074444699999987, 60.5148885 ], [ -143.01214, 60.5341323 ], [ -142.985742499999986, 60.5255236 ], [ -142.9114433, 60.5376293 ], [ -142.8636353, 60.5292642 ], [ -142.8554727, 60.516928 ], [ -142.841335099999981, 60.5154409 ], [ -142.7155206, 60.5187671 ], [ -142.6442415, 60.5347873 ], [ -142.463244299999985, 60.4944158 ], [ -142.4067886, 60.5025523 ], [ -142.280835400000029, 60.4839821 ], [ -142.274001199999987, 60.4729574 ], [ -142.3311457, 60.4496245 ], [ -142.224472599999984, 60.3662486 ], [ -142.20006170000002, 60.3697749 ], [ -142.146893, 60.3583987 ], [ -142.1575972, 60.3021614 ], [ -142.100976799999984, 60.2849568 ], [ -142.111657, 60.2676571 ], [ -142.103536, 60.2585098 ], [ -142.034926, 60.265534899999984 ], [ -142.0228827, 60.245458 ], [ -141.982620699999984, 60.239396299999989 ], [ -141.9646008, 60.206521 ], [ -141.964450299999982, 60.1316377 ], [ -141.9065391, 60.1316421 ], [ -141.9065166, 60.0449745 ], [ -141.5455173, 60.0450042 ], [ -141.5453665, 60.0168698 ], [ -141.515997, 60.0180611 ], [ -141.478437, 60.0061203 ], [ -141.4047018, 60.0058993 ], [ -141.3984361, 60.009947 ], [ -141.414278599999989, 60.0061094 ], [ -141.371244, 60.0237755 ], [ -141.3715162, 60.0330586 ], [ -141.4167894, 60.064428199999988 ], [ -141.5245726, 60.0758912 ], [ -141.5520966, 60.0995086 ], [ -141.5435156, 60.1039845 ], [ -141.5194348, 60.0923923 ], [ -141.4487459, 60.0865287 ], [ -141.492331899999982, 60.1196245 ], [ -141.524890199999987, 60.121158 ], [ -141.5415902, 60.1483547 ], [ -141.590676799999983, 60.173371 ], [ -141.572161099999988, 60.1776841 ], [ -141.521605, 60.1689812 ], [ -141.439082499999984, 60.1328553 ], [ -141.390280099999984, 60.1561883 ], [ -141.370292899999981, 60.142345 ], [ -141.3736791, 60.1107678 ], [ -141.352567099999987, 60.0854888 ], [ -141.2686386, 60.0980246 ], [ -141.188785199999984, 60.123789 ], [ -141.1598726, 60.1559152 ], [ -141.173991, 60.16965219999998 ], [ -141.1531286, 60.1717814 ], [ -141.14171, 60.1511561 ], [ -141.1588682, 60.1191769 ], [ -141.1969015, 60.1124411 ], [ -141.1970637, 60.1003373 ], [ -141.2246039, 60.1050946 ], [ -141.2375844, 60.0895009 ], [ -141.2766483, 60.0779931 ], [ -141.2893432, 60.0578019 ], [ -141.3296618, 60.0585047 ], [ -141.303420499999987, 60.0450231 ], [ -141.0401077, 60.045044 ], [ -141.040022599999986, 59.7837806 ], [ -140.879606599999988, 59.7369966 ], [ -140.6504234, 59.710873199999988 ], [ -140.331401299999982, 59.6971859 ], [ -140.322531199999986, 59.717273799999987 ], [ -140.3377797, 59.7358239 ], [ -140.359235399999989, 59.7417469 ], [ -140.244015599999983, 59.7417624 ], [ -140.2440201, 59.7715034 ], [ -140.2601276, 59.7958754 ], [ -140.2521779, 59.7982318 ], [ -140.274328199999985, 59.8090416 ], [ -140.246765399999987, 59.8118063 ], [ -140.2688186, 59.8162965 ], [ -140.2465795, 59.8170814 ], [ -140.251757200000014, 59.8244427 ], [ -140.124553, 59.8477407 ], [ -140.091831499999984, 59.8473288 ], [ -140.060227199999986, 59.8252854 ], [ -140.0366254, 59.8350434 ], [ -140.0192377, 59.8323076 ], [ -140.019255499999986, 59.9584379 ], [ -139.9967911, 59.9688466 ], [ -139.9882557, 60.0044408 ], [ -139.79774519999998, 59.9953616 ], [ -139.7525019, 59.9671096 ], [ -139.6897555, 59.9728538 ], [ -139.612460299999981, 59.9621953 ], [ -139.6111976, 59.9967552 ], [ -139.5742251, 60.0085089 ], [ -139.5550989, 60.030834 ], [ -139.5585188, 60.0459283 ], [ -139.537173699999983, 60.0434401 ], [ -139.508926799999983, 59.9997796 ], [ -139.0612092, 59.9996962 ], [ -139.1988675, 60.088299199999987 ], [ -139.0721488, 60.3194325 ], [ -139.0748408, 60.352508 ], [ -139.6930036, 60.3352277 ], [ -139.9811163, 60.1819688 ], [ -140.458228599999984, 60.308088 ], [ -140.52044669999998, 60.2198219 ], [ -141.0020022, 60.3063722 ], [ -141.0016482, 61.7385266 ], [ -141.361424299999982, 61.7206763 ], [ -141.5791726, 61.7493045 ], [ -141.7574003, 61.7189184 ], [ -141.8189365, 61.7452013 ], [ -141.805452900000034, 61.7479491 ], [ -141.818441899999982, 61.7802693 ], [ -141.885505699999982, 61.7963843 ], [ -141.9455077, 61.8316584 ], [ -142.012502399999988, 61.8554132 ], [ -142.0426582, 61.8831473 ], [ -142.0747929, 61.8961451 ], [ -142.167253499999987, 61.8944624 ], [ -142.210316, 61.884482199999987 ], [ -142.2922048, 61.8997027 ], [ -142.516600600000032, 61.9686336 ], [ -142.581107, 61.9584954 ], [ -142.6669283, 61.9771063 ], [ -142.72369089999998, 61.9486837 ], [ -142.7559305, 61.9032812 ], [ -143.0067587, 61.8968077 ], [ -143.2189539, 61.9211688 ], [ -143.201628199999988, 61.9566708 ], [ -143.3627627, 61.9533035 ], [ -143.4254827, 62.0037862 ], [ -143.5429174, 62.0103527 ], [ -143.6198211, 62.0233106 ], [ -143.7044144, 62.1425593 ], [ -143.698896599999983, 62.1961017 ], [ -143.66466939999998, 62.206073599999989 ], [ -143.642218400000019, 62.2032639 ], [ -143.6235773, 62.2222867 ], [ -143.5791073, 62.2103126 ], [ -143.5553902, 62.2434407 ], [ -143.5329078, 62.2489749 ], [ -143.536404, 62.2606611 ], [ -143.5172179, 62.2650922 ], [ -143.5098448, 62.3057786 ], [ -143.446423, 62.3201155 ], [ -143.444081899999986, 62.3372372 ], [ -143.2850862, 62.3372452 ], [ -143.265668299999987, 62.3286571 ], [ -143.234146, 62.3365261 ], [ -143.2096637, 62.330350499999987 ], [ -143.1844213, 62.334754 ], [ -143.1967187, 62.3519925 ], [ -143.1640721, 62.361134199999988 ], [ -143.184588099999985, 62.3663933 ], [ -143.137718299999989, 62.4041007 ], [ -143.210324499999984, 62.4136452 ], [ -143.2259497, 62.4469392 ], [ -143.2584228, 62.455347 ], [ -143.2721473, 62.4843452 ], [ -143.249971099999982, 62.5111466 ], [ -143.2506722, 62.5289221 ], [ -143.386899799999981, 62.5512 ], [ -143.4147486, 62.5640889 ], [ -143.541058099999987, 62.5765702 ], [ -143.8600691, 62.6653758 ] ], [ [ -143.312465399999979, 61.6606916 ], [ -143.2702055, 61.6449859 ], [ -143.2535742, 61.6292209 ], [ -143.1554113, 61.6033454 ], [ -143.1421354, 61.5762686 ], [ -143.080133099999983, 61.5674204 ], [ -143.0784797, 61.5574051 ], [ -142.897338099999985, 61.5574088 ], [ -142.8561571, 61.5366845 ], [ -142.8370597, 61.5420968 ], [ -142.82396319999998, 61.5591511 ], [ -142.839214, 61.5774529 ], [ -142.842287199999987, 61.6153192 ], [ -142.8276238, 61.6476176 ], [ -142.7865692, 61.6502806 ], [ -142.75066350000003, 61.6262853 ], [ -142.736248499999988, 61.565963 ], [ -142.703535500000015, 61.5553713 ], [ -142.7057491, 61.542401 ], [ -142.6753545, 61.5135351 ], [ -142.654508099999987, 61.5099769 ], [ -142.651434, 61.4920258 ], [ -142.6850978, 61.4743304 ], [ -142.751142099999981, 61.4670202 ], [ -142.770434199999983, 61.4557124 ], [ -142.7821583, 61.431260599999987 ], [ -142.804041399999988, 61.4174472 ], [ -142.804037, 61.3883178 ], [ -142.7691676, 61.3883186 ], [ -142.7752877, 61.3583575 ], [ -142.706614, 61.3640646 ], [ -142.6836257, 61.3783776 ], [ -142.6557396, 61.3825141 ], [ -142.6210762, 61.3719941 ], [ -142.574815700000016, 61.386047 ], [ -142.551049, 61.3752122 ], [ -142.493022699999983, 61.4162998 ], [ -142.477063099999981, 61.4161234 ], [ -142.4528971, 61.3995227 ], [ -142.3995492, 61.4134742 ], [ -142.381040399999989, 61.3963377 ], [ -142.3412231, 61.3960821 ], [ -142.2982112, 61.3633445 ], [ -142.25786979999998, 61.3615895 ], [ -142.2567353, 61.3517024 ], [ -142.2040764, 61.3523275 ], [ -142.1978224, 61.3440337 ], [ -142.159551099999987, 61.3366124 ], [ -142.13128709999998, 61.3402938 ], [ -142.082840799999985, 61.3262474 ], [ -142.0029586, 61.3419938 ], [ -141.9440272, 61.3417101 ], [ -141.929529299999984, 61.3606421 ], [ -141.811811899999981, 61.371753299999988 ], [ -141.750825599999985, 61.3855489 ], [ -141.7396154, 61.3735252 ], [ -141.7013063, 61.3619128 ], [ -141.6534414, 61.3572103 ], [ -141.612199799999985, 61.3675287 ], [ -141.5220032, 61.3605024 ], [ -141.483656100000019, 61.3973579 ], [ -141.457591899999983, 61.3982648 ], [ -141.2881959, 61.3456443 ], [ -141.281545500000021, 61.339175299999987 ], [ -141.296911699999981, 61.313684 ], [ -141.3248681, 61.299039199999989 ], [ -141.313083, 61.2912642 ], [ -141.3592563, 61.2496413 ], [ -141.3561751, 61.2399272 ], [ -141.3131219, 61.2277881 ], [ -141.2791733, 61.2337093 ], [ -141.274456499999985, 61.22517 ], [ -141.232497699999982, 61.2149851 ], [ -141.22684, 61.2016483 ], [ -141.2669636, 61.17975 ], [ -141.2749054, 61.1384829 ], [ -141.3027974, 61.130993099999984 ], [ -141.379006799999985, 61.1302755 ], [ -141.395875499999988, 61.111569 ], [ -141.4447288, 61.1133133 ], [ -141.4533376, 61.1073665 ], [ -141.4429568, 61.0890973 ], [ -141.4850725, 61.0832806 ], [ -141.5690266, 61.0524051 ], [ -141.620321599999983, 61.0194802 ], [ -141.650077, 61.0158434 ], [ -141.679809799999987, 60.9922111 ], [ -141.903212, 61.0600399 ], [ -142.097561399999989, 61.0797854 ], [ -142.1200658, 61.0729047 ], [ -142.119061099999982, 61.0885114 ], [ -142.18878, 61.0868243 ], [ -142.212768899999986, 61.0766576 ], [ -142.3273322, 61.0867355 ], [ -142.415436199999988, 61.0783683 ], [ -142.4928894, 61.0895434 ], [ -142.5233872, 61.1060878 ], [ -142.5845883, 61.1152477 ], [ -142.6220428, 61.1110086 ], [ -142.755478899999986, 61.1527873 ], [ -142.7810404, 61.1721728 ], [ -142.780575299999981, 61.1866459 ], [ -142.8191, 61.1951098 ], [ -142.843780399999986, 61.2154219 ], [ -142.8871613, 61.2099251 ], [ -142.90827, 61.223975499999987 ], [ -142.890494, 61.2367708 ], [ -142.9452613, 61.2441626 ], [ -142.981493900000032, 61.266524499999989 ], [ -143.005493500000028, 61.2678514 ], [ -143.004208899999981, 61.2814709 ], [ -143.0308297, 61.2852066 ], [ -143.0350527, 61.2977342 ], [ -143.0569159, 61.2998739 ], [ -143.0678208, 61.313453 ], [ -143.112434399999984, 61.3090932 ], [ -143.1304979, 61.3263769 ], [ -143.1731921, 61.3291671 ], [ -143.2204281, 61.3483449 ], [ -143.322071, 61.3472875 ], [ -143.347575899999981, 61.3368214 ], [ -143.3751144, 61.3390461 ], [ -143.4177661, 61.3169437 ], [ -143.528393, 61.3028742 ], [ -143.63353, 61.3152505 ], [ -143.667599, 61.3289974 ], [ -143.713655400000022, 61.3271016 ], [ -143.778821199999982, 61.3563965 ], [ -143.8433999, 61.3720257 ], [ -143.9648181, 61.3660436 ], [ -143.9823198, 61.390994 ], [ -144.0244778, 61.389581799999988 ], [ -144.0581474, 61.3994484 ], [ -144.0579338, 61.4243787 ], [ -144.074338399999988, 61.4364746 ], [ -144.074246499999987, 61.4606926 ], [ -144.0582416, 61.4617339 ], [ -144.065046, 61.4707284 ], [ -143.9226713, 61.4719311 ], [ -143.80182240000002, 61.456657 ], [ -143.7831866, 61.5185812 ], [ -143.760543, 61.5176855 ], [ -143.749169199999983, 61.532852 ], [ -143.6694087, 61.5416511 ], [ -143.6327875, 61.5580104 ], [ -143.5547287, 61.5704001 ], [ -143.512857200000013, 61.5933472 ], [ -143.5120753, 61.6045911 ], [ -143.4880047, 61.6071718 ], [ -143.4589939, 61.5901476 ], [ -143.4257299, 61.6116125 ], [ -143.3728209, 61.6163228 ], [ -143.312465399999979, 61.6606916 ] ] ] } },
{ "type": "Feature", "properties": { "name": "Yukon-Charley Rivers National Preserve", "code": "YUCH", "designation": "National Preserves", "state": "AK", "acres": 2523974.0, "type": "nps" }, "geometry": { "type": "Polygon", "coordinates": [ [ [ -142.1489833, 65.5337179 ], [ -142.2457331, 65.4838285 ], [ -142.2444351, 65.4698165 ], [ -143.5169913, 65.4697855 ], [ -143.517002, 65.5563858 ], [ -143.671299799999986, 65.5563824 ], [ -143.671309899999983, 65.6429824 ], [ -144.0729849, 65.6429765 ], [ -144.0157537, 65.5870935 ], [ -143.899529, 65.5666803 ], [ -143.782748699999985, 65.5705823 ], [ -143.710875499999986, 65.52811530000001 ], [ -143.706839699999989, 65.5130823 ], [ -143.8624288, 65.5130785 ], [ -143.8613224, 65.3064812 ], [ -143.90584149999998, 65.2892605 ], [ -143.8988105, 65.2815886 ], [ -143.95116729999998, 65.23784 ], [ -143.8280201, 65.2011123 ], [ -143.787949, 65.1974888 ], [ -143.7769585, 65.1876245 ], [ -143.788144099999982, 65.1809646 ], [ -143.7085578, 65.1515481 ], [ -143.7598423, 65.1142964 ], [ -143.8383026, 65.110674 ], [ -143.8934205, 65.0889848 ], [ -143.920252, 65.0596057 ], [ -143.9584351, 65.047792 ], [ -144.0258969, 65.0430878 ], [ -144.055272, 65.0155483 ], [ -144.0995313, 65.0200532 ], [ -144.0972003, 65.0003171 ], [ -144.0415389, 64.9829117 ], [ -144.0055779, 64.9829909 ], [ -143.9851306, 64.9655558 ], [ -144.009275799999983, 64.938298100000011 ], [ -144.0862779, 64.9160354 ], [ -144.045281599999981, 64.9003528 ], [ -144.0787508, 64.8754831 ], [ -144.065928, 64.8627843 ], [ -144.1000402, 64.8495111 ], [ -144.075846399999989, 64.8204838 ], [ -144.1269733, 64.7988038 ], [ -144.0271584, 64.7721351 ], [ -144.0994227, 64.7477818 ], [ -144.1178466, 64.7232245 ], [ -144.111601799999988, 64.711211800000015 ], [ -144.0582263, 64.7031846 ], [ -144.074557, 64.6887427 ], [ -144.0553947, 64.6673373 ], [ -144.072291899999982, 64.6538135 ], [ -144.1043276, 64.656356 ], [ -144.1391069, 64.6448939 ], [ -144.1238385, 64.6361822 ], [ -144.119255, 64.6148786 ], [ -144.051505599999984, 64.6146803 ], [ -144.016859499999981, 64.6026965 ], [ -144.0112392, 64.5947052 ], [ -144.027939299999986, 64.5877521 ], [ -144.014294299999989, 64.5711217 ], [ -143.9807461, 64.5694472 ], [ -143.956293099999982, 64.5531282 ], [ -143.923816499999987, 64.5657854 ], [ -143.894150599999989, 64.5541375 ], [ -143.86337, 64.5764594 ], [ -143.8228045, 64.5734361 ], [ -143.792235799999986, 64.5551567 ], [ -143.7995209, 64.5376437 ], [ -143.751252699999981, 64.5273273 ], [ -143.707802800000024, 64.5330109 ], [ -143.6898047, 64.5182483 ], [ -143.6475431, 64.5159985 ], [ -143.6453349, 64.498191 ], [ -143.622911099999982, 64.5101991 ], [ -143.4996521, 64.5313215 ], [ -143.452454, 64.5509173 ], [ -143.40690170000002, 64.5353134 ], [ -143.4043093, 64.5246898 ], [ -143.3711304, 64.5237016 ], [ -143.3476555, 64.5069747 ], [ -143.3537916, 64.492127 ], [ -143.333593399999984, 64.4943585 ], [ -143.3059106, 64.4829694 ], [ -143.264411699999982, 64.4900566 ], [ -143.2510212, 64.4777563 ], [ -143.1477214, 64.4616841 ], [ -143.0623661, 64.4672433 ], [ -143.0511598, 64.4927357 ], [ -143.073610699999989, 64.5096729 ], [ -143.0588433, 64.5246345 ], [ -143.0269834, 64.5382785 ], [ -142.955816699999986, 64.5347763 ], [ -142.963632099999984, 64.549202 ], [ -142.925845, 64.563508 ], [ -142.951545899999985, 64.5748979 ], [ -143.002101, 64.5716677 ], [ -143.0858945, 64.5842163 ], [ -143.077760499999982, 64.5999174 ], [ -143.0147661, 64.6210228 ], [ -143.0240952, 64.638511800000018 ], [ -142.9916064, 64.6471239 ], [ -143.031609799999984, 64.6770211 ], [ -142.980282499999987, 64.6987681 ], [ -142.9622829, 64.6910136 ], [ -142.869258299999984, 64.7056839 ], [ -142.7501986, 64.7471497 ], [ -142.7332327, 64.75598 ], [ -142.7422702, 64.760731600000014 ], [ -142.697776399999981, 64.7789082 ], [ -142.617952, 64.786309 ], [ -142.6077077, 64.7979476 ], [ -142.6669843, 64.8184881 ], [ -142.6921289, 64.8557468 ], [ -142.6867253, 64.8659973 ], [ -142.5861069, 64.861874 ], [ -142.540578399999987, 64.8765715 ], [ -142.445261, 64.8855392 ], [ -142.4323818, 64.8946955 ], [ -142.439869099999981, 64.9072209 ], [ -142.4655957, 64.9164912 ], [ -142.4379789, 64.9433436 ], [ -142.341345100000012, 64.9829281 ], [ -142.348277699999983, 65.210006400000012 ], [ -142.177875299999982, 65.20688 ], [ -142.1721815, 65.1655224 ], [ -142.1549618, 65.153479 ], [ -142.0982339, 65.1478738 ], [ -142.073282899999981, 65.1002866 ], [ -142.040318, 65.0968014 ], [ -142.0225734, 65.0648344 ], [ -141.928277, 65.056798 ], [ -141.9076906, 65.0440484 ], [ -141.9232714, 65.0323933 ], [ -141.897142699999989, 65.028195 ], [ -141.8865183, 65.0108185 ], [ -141.850020699999988, 65.000825 ], [ -141.772866599999986, 64.9894863 ], [ -141.75931989999998, 65.0083868 ], [ -141.6938524, 65.0028066 ], [ -141.6392045, 64.9853313 ], [ -141.576509099999981, 64.981431 ], [ -141.4571468, 64.9436314 ], [ -141.380098799999985, 64.9502256 ], [ -141.335365, 64.9281472 ], [ -141.2794907, 64.9298661 ], [ -141.279358699999989, 64.9069264 ], [ -141.0013339, 64.9069341 ], [ -141.001361, 65.4265751 ], [ -141.0933748, 65.4265677 ], [ -141.0933286, 65.4049142 ], [ -141.1626044, 65.4049091 ], [ -141.1622955, 65.3399578 ], [ -141.523066699999987, 65.3399352 ], [ -141.5395034, 65.3513981 ], [ -141.5914502, 65.3527174 ], [ -141.6197829, 65.3597089 ], [ -141.6225124, 65.3710617 ], [ -141.6634803, 65.3754363 ], [ -141.712050500000032, 65.3706602 ], [ -141.7070501, 65.3572522 ], [ -141.737979599999989, 65.3480916 ], [ -141.772461099999987, 65.3746933 ], [ -141.788006199999984, 65.374257 ], [ -141.7808657, 65.3843177 ], [ -141.806171, 65.390472 ], [ -141.797395599999987, 65.4011333 ], [ -141.7347292, 65.4215776 ], [ -141.7431096, 65.4361389 ], [ -141.774184500000018, 65.4412985 ], [ -141.780951, 65.4545981 ], [ -141.833837599999981, 65.460385 ], [ -141.833901199999985, 65.4698272 ], [ -141.8651626, 65.4684617 ], [ -141.895440399999984, 65.4792884 ], [ -141.9073549, 65.4959532 ], [ -141.898275399999989, 65.5052625 ], [ -141.975608199999982, 65.5234274 ], [ -142.1489833, 65.5337179 ] ] ] } },
{ "type": "Feature", "properties": { "name": "Martin Luther King, Jr., Memorial", "code": "MLKM", "designation": "National Memorials", "state": "DC", "acres": 0.0, "type": "nps" }, "geometry": { "type": "GeometryCollection", "geometries": [ ] } },
{ "type": "Feature", "properties": { "name": "Fort Monroe National Monument", "code": "FOMR", "designation": "National Monuments", "state": "VA", "acres": 311.0, "type": "nps" }, "geometry": { "type": "Polygon", "coordinates": [ [ [ -76.3116559, 37.0012604 ], [ -76.3034323, 37.0015679 ], [ -76.2931224, 37.0329152 ], [ -76.3116559, 37.0012604 ] ] ] } },
{ "type": "Feature", "properties": { "name": "Paterson Great Falls National Historical Park", "code": "PAGR", "designation": "National Historical Parks", "state": "NJ", "acres": 0.0, "type": "nps" }, "geometry": { "type": "GeometryCollection", "geometries": [ ] } },
{ "type": "Feature", "properties": { "name": "César E. Chávez National Monument", "code": "CECH", "designation": "National Monuments", "state": "CA", "acres": 53.0, "type": "nps" }, "geometry": { "type": "Polygon", "coordinates": [ [ [ -118.557793, 35.2312598 ], [ -118.565590599999979, 35.2301802 ], [ -118.558815900000013, 35.225713 ], [ -118.557793, 35.2312598 ] ] ] } },
{ "type": "Feature", "properties": { "name": "Harriet Tubman Underground Railroad National Historical Park", "code": "HATU", "designation": "National Historical Parks", "state": "MD", "acres": 514.0, "type": "nps" }, "geometry": { "type": "Polygon", "coordinates": [ [ [ -76.2575732, 38.488957 ], [ -76.2535481, 38.4815533 ], [ -76.236839, 38.4817 ], [ -76.2450506, 38.4992816 ], [ -76.2575732, 38.488957 ] ] ] } },
{ "type": "Feature", "properties": { "name": "First State National Historical Park", "code": "FRST", "designation": "National Historical Parks", "state": "DE", "acres": 1195.0, "type": "nps" }, "geometry": { "type": "Polygon", "coordinates": [ [ [ -75.5775366, 39.8351912 ], [ -75.5751387, 39.8218092 ], [ -75.5650382, 39.8224422 ], [ -75.5566485, 39.8097493 ], [ -75.5489233, 39.8176551 ], [ -75.5591426, 39.8176752 ], [ -75.5521523, 39.8393374 ], [ -75.5579311, 39.8473853 ], [ -75.5775366, 39.8351912 ] ] ] } },
{ "type": "Feature", "properties": { "name": "Charles Young Buffalo Soldiers National Monument", "code": "CHYO", "designation": "National Monuments", "state": "OH", "acres": 0.0, "type": "nps" }, "geometry": { "type": "GeometryCollection", "geometries": [ ] } },
{ "type": "Feature", "properties": { "name": "Captain John Smith Chesapeake National Historic Trail", "code": "CAJO", "designation": "National Trails System", "state": "VA", "acres": 127.0, "type": "nps" }, "geometry": { "type": "Polygon", "coordinates": [ [ [ -76.6379767, 37.4139104 ], [ -76.6554332, 37.4157024 ], [ -76.6528837, 37.4094696 ], [ -76.6379767, 37.4139104 ] ] ] } },
{ "type": "Feature", "properties": { "name": "New England National Scenic Trail", "code": "NEEN", "designation": "National Scenic Trails", "state": "CT", "acres": 102.0, "type": "nps" }, "geometry": { "type": "Polygon", "coordinates": [ [ [ -72.7232009, 42.0708924 ], [ -72.7131594, 42.0688573 ], [ -72.7064429, 42.0764702 ], [ -72.7232009, 42.0708924 ] ] ] } },
{ "type": "Feature", "properties": { "name": "North Country National Scenic Trail", "code": "NOCO", "designation": "National Scenic Trails", "state": "NY", "acres": 135.0, "type": "nps" }, "geometry": { "type": "Polygon", "coordinates": [ [ [ -91.8149493, 46.399448299999989 ], [ -91.8103922, 46.3886581 ], [ -91.8000635, 46.3921771 ], [ -91.8149493, 46.399448299999989 ] ] ] } },
{ "type": "Feature", "properties": { "name": "Harriet Tubman National Historical Park", "code": "HART", "designation": "National Historical Parks", "state": "NY", "acres": 0.0, "type": "nps" }, "geometry": { "type": "GeometryCollection", "geometries": [ ] } },
{ "type": "Feature", "properties": { "name": "Blackstone River Valley National Historical Park", "code": "BLRV", "designation": "National Historical Parks", "state": "RI", "acres": 0.0, "type": "nps" }, "geometry": { "type": "GeometryCollection", "geometries": [ ] } },
{ "type": "Feature", "properties": { "name": "Honouliuli National Historic Site", "code": "HONO", "designation": "National Historic Sites", "state": "HI", "acres": 0.0, "type": "nps" }, "geometry": { "type": "GeometryCollection", "geometries": [ ] } },
{ "type": "Feature", "properties": { "name": "Pullman National Historical Park", "code": "PULL", "designation": "National Historical Parks", "state": "IL", "acres": 0.0, "type": "nps" }, "geometry": { "type": "GeometryCollection", "geometries": [ ] } },
{ "type": "Feature", "properties": { "name": "World War I Memorial", "code": "WWIM", "designation": "National Memorials", "state": "DC", "acres": 0.0, "type": "nps" }, "geometry": { "type": "GeometryCollection", "geometries": [ ] } },
{ "type": "Feature", "properties": { "name": "Tule Springs Fossil Beds National Monument", "code": "TUSK", "designation": "National Monuments", "state": "NV", "acres": 18328.0, "type": "nps" }, "geometry": { "type": "Polygon", "coordinates": [ [ [ -115.447103200000015, 36.4649173 ], [ -115.417438600000011, 36.4177031 ], [ -115.3974725, 36.4010736 ], [ -115.335195, 36.379928 ], [ -115.3260004, 36.3728586 ], [ -115.33054, 36.3652202 ], [ -115.3145608, 36.3660309 ], [ -115.314611500000012, 36.356743 ], [ -115.301018, 36.3535591 ], [ -115.2876048, 36.3360866 ], [ -115.2607252, 36.3358297 ], [ -115.2621527, 36.3793687 ], [ -115.3145656, 36.3808186 ], [ -115.3142403, 36.4253275 ], [ -115.3778034, 36.4255999 ], [ -115.3781933, 36.418267 ], [ -115.3869439, 36.4184262 ], [ -115.3873211, 36.4648667 ], [ -115.447103200000015, 36.4649173 ] ] ] } },
{ "type": "Feature", "properties": { "name": "Manhattan Project National Historical Park", "code": "MAPR", "designation": "National Historical Parks", "state": "NM", "acres": 0.0, "type": "nps" }, "geometry": { "type": "GeometryCollection", "geometries": [ ] } },
{ "type": "Feature", "properties": { "name": "Waco Mammoth National Monument", "code": "WACO", "designation": "National Monuments", "state": "TX", "acres": 58.0, "type": "nps" }, "geometry": { "type": "Polygon", "coordinates": [ [ [ -97.1790191, 31.603222 ], [ -97.1716997, 31.6005209 ], [ -97.1754785, 31.6080153 ], [ -97.1790191, 31.603222 ] ] ] } },
{ "type": "Feature", "properties": { "name": "Castle Mountains National Monument", "code": "CAMO", "designation": "National Monuments", "state": "CA", "acres": 19128.0, "type": "nps" }, "geometry": { "type": "Polygon", "coordinates": [ [ [ -115.094633300000012, 35.3682503 ], [ -115.107527799999986, 35.3494929 ], [ -115.1002576, 35.3303201 ], [ -115.110252300000013, 35.316576 ], [ -115.0959308, 35.3162376 ], [ -115.0960694, 35.3025378 ], [ -115.0856224, 35.298689 ], [ -115.085687100000015, 35.2663363 ], [ -115.0767273, 35.2659555 ], [ -115.0765402, 35.2554976 ], [ -115.09560519999998, 35.2555931 ], [ -115.095409899999979, 35.2412046 ], [ -115.139524099999988, 35.2417505 ], [ -115.139902, 35.2885185 ], [ -115.1215219, 35.2883884 ], [ -115.120667, 35.3056965 ], [ -115.1449971, 35.3038877 ], [ -115.1450043, 35.3129428 ], [ -115.1626376, 35.3020661 ], [ -115.1449956, 35.3020768 ], [ -115.1449523, 35.2585597 ], [ -115.162609800000013, 35.2585438 ], [ -115.1625096, 35.2153851 ], [ -115.1095755, 35.215146 ], [ -115.1095724, 35.2296527 ], [ -115.0919354, 35.2296851 ], [ -115.091924, 35.2441946 ], [ -115.050932300000014, 35.2513966 ], [ -115.0487554, 35.3092515 ], [ -115.018837800000014, 35.3116987 ], [ -115.094633300000012, 35.3682503 ] ] ] } },
{ "type": "Feature", "properties": { "name": "Ala Kahakai National Historic Trail", "code": "ALKA", "designation": "National Trails System", "state": "HI", "acres": 114.0, "type": "nps" }, "geometry": { "type": "Polygon", "coordinates": [ [ [ -155.9066489, 19.4066919 ], [ -155.9098004, 19.4005842 ], [ -155.8946748, 19.4046499 ], [ -155.9066489, 19.4066919 ] ] ] } },
{ "type": "Feature", "properties": { "name": "Stonewall National Monument", "code": "STON", "designation": "National Monuments", "state": "NY", "acres": 0.0, "type": "nps" }, "geometry": { "type": "GeometryCollection", "geometries": [ ] } },
{ "type": "Feature", "properties": { "name": "Katahdin Woods and Waters National Monument", "code": "KAWW", "designation": "National Monuments", "state": "ME", "acres": 74451.0, "type": "nps" }, "geometry": { "type": "Polygon", "coordinates": [ [ [ -68.7963955, 46.1254737 ], [ -68.8227721, 46.125494 ], [ -68.8226633, 46.0017678 ], [ -68.7834669, 45.9745236 ], [ -68.8054217, 45.9640396 ], [ -68.8054845, 45.9461037 ], [ -68.7894173, 45.9460098 ], [ -68.7642261, 45.9257354 ], [ -68.7636296, 45.9016875 ], [ -68.8233166, 45.9015203 ], [ -68.8246318, 45.8270586 ], [ -68.6973195, 45.827347 ], [ -68.693833, 45.867053399999989 ], [ -68.6826406, 45.8669781 ], [ -68.6829925, 45.8534475 ], [ -68.6285756, 45.8544579 ], [ -68.6321543, 45.8645636 ], [ -68.6751646, 45.8630909 ], [ -68.6817163, 45.8961786 ], [ -68.6938306, 45.8960216 ], [ -68.6938816, 45.9066514 ], [ -68.5585433, 45.907822 ], [ -68.5586828, 45.9286046 ], [ -68.5815073, 45.9289421 ], [ -68.581701, 45.9449402 ], [ -68.6526747, 45.9460687 ], [ -68.6532018, 45.9674509 ], [ -68.6992227, 45.987565899999986 ], [ -68.7138362, 46.0028138 ], [ -68.69299310000001, 46.0024225 ], [ -68.6939734, 46.0344716 ], [ -68.7280291, 46.0346373 ], [ -68.7383965, 46.0530039 ], [ -68.7713149, 46.0730501 ], [ -68.7696001, 46.085008 ], [ -68.7979349, 46.0994659 ], [ -68.7963955, 46.1254737 ] ] ] } },
{ "type": "Feature", "properties": { "name": "Birmingham Civil Rights National Monument", "code": "BICR", "designation": "National Monuments", "state": "AL", "acres": 0.0, "type": "nps" }, "geometry": { "type": "GeometryCollection", "geometries": [ ] } },
{ "type": "Feature", "properties": { "name": "Freedom Riders National Monument", "code": "FRRI", "designation": "National Monuments", "state": "AL", "acres": 0.0, "type": "nps" }, "geometry": { "type": "GeometryCollection", "geometries": [ ] } },
{ "type": "Feature", "properties": { "name": "Ste. Genevieve National Historical Park", "code": "STGE", "designation": "National Historical Parks", "state": "MO", "acres": 0.0, "type": "nps" }, "geometry": { "type": "GeometryCollection", "geometries": [ ] } },
{ "type": "Feature", "properties": { "name": "Camp Nelson National Monument", "code": "CANE", "designation": "National Monuments", "state": "KY", "acres": 397.0, "type": "nps" }, "geometry": { "type": "Polygon", "coordinates": [ [ [ -84.6015483, 37.8003831 ], [ -84.6054969, 37.7888651 ], [ -84.5911742, 37.7864076 ], [ -84.583338, 37.790658 ], [ -84.6015483, 37.8003831 ] ] ] } },
{ "type": "Feature", "properties": { "name": "Tule Lake National Monument", "code": "TULE", "designation": "National Monuments", "state": "CA", "acres": 0.0, "type": "nps" }, "geometry": { "type": "GeometryCollection", "geometries": [ ] } },
{ "type": "Feature", "properties": { "name": "Medgar and Myrlie Evers Home National Monument", "code": "MEMY", "designation": "National Monuments", "state": "MS", "acres": 0.0, "type": "nps" }, "geometry": { "type": "GeometryCollection", "geometries": [ ] } },
{ "type": "Feature", "properties": { "name": "Mill Springs Battlefield National Monument", "code": "MISP", "designation": "National Monuments", "state": "KY", "acres": 913.0, "type": "nps" }, "geometry": { "type": "Polygon", "coordinates": [ [ [ -84.749523, 37.0595379 ], [ -84.7428854, 37.0427842 ], [ -84.7263919, 37.0523078 ], [ -84.7329065, 37.0720129 ], [ -84.749523, 37.0595379 ] ] ] } },
{ "type": "Feature", "properties": { "name": "Dwight D. Eisenhower Memorial", "code": "DDEM", "designation": "National Memorials", "state": "DC", "acres": 0.0, "type": "nps" }, "geometry": { "type": "GeometryCollection", "geometries": [ ] } },
{ "type": "Feature", "properties": { "name": "Amache National Historic Site", "code": "AMCH", "designation": "National Historic Sites", "state": "CO", "acres": 451.0, "type": "nps" }, "geometry": { "type": "Polygon", "coordinates": [ [ [ -102.3328967, 38.0567674 ], [ -102.3381639, 38.0421568 ], [ -102.3198475, 38.0423736 ], [ -102.3255143, 38.0568896 ], [ -102.3328967, 38.0567674 ] ] ] } },
{ "type": "Feature", "properties": { "name": "Blackwell School National Historic Site", "code": "BLSC", "designation": "National Historic Sites", "state": "TX", "acres": 0.0, "type": "nps" }, "geometry": { "type": "GeometryCollection", "geometries": [ ] } },
{ "type": "Feature", "properties": { "name": "New Philadelphia National Historic Site", "code": "NEPH", "designation": "National Historic Sites", "state": "IL", "acres": 0.0, "type": "nps" }, "geometry": { "type": "GeometryCollection", "geometries": [ ] } },
{ "type": "Feature", "properties": { "name": "American Memorial Park", "code": "AMME", "designation": "Affiliated Areas", "state": "NM", "acres": 169.0, "type": "nps" }, "geometry": { "type": "Polygon", "coordinates": [ [ [ 145.7238173, 15.2170131 ], [ 145.7161877, 15.2176723 ], [ 145.724223699999982, 15.212544 ], [ 145.731805, 15.2201187 ], [ 145.7234918, 15.2224681 ], [ 145.7238173, 15.2170131 ] ] ] } },
{ "type": "Feature", "properties": { "name": "Springfield 1908 Race Riot National Monument", "code": "SPRA", "designation": "National Monuments", "state": "IL", "acres": 0.0, "type": "nps" }, "geometry": { "type": "GeometryCollection", "geometries": [ ] } },
{ "type": "Feature", "properties": { "name": "Haleakala National Park", "code": "HALE", "designation": "National Parks", "state": "HI", "acres": 33888.0, "type": "nps" }, "geometry": { "type": "Polygon", "coordinates": [ [ [ -156.2448267, 20.772449 ], [ -156.255110299999984, 20.7443767 ], [ -156.2435784, 20.7289132 ], [ -156.256775, 20.7102721 ], [ -156.2393437, 20.7002614 ], [ -156.20243739999998, 20.6994806 ], [ -156.1871004, 20.6269918 ], [ -156.1801499, 20.627133 ], [ -156.170154599999989, 20.6476433 ], [ -156.173188499999981, 20.6989192 ], [ -156.154412799999989, 20.6789747 ], [ -156.1088871, 20.690643 ], [ -156.086038799999983, 20.6461842 ], [ -156.075475899999986, 20.6501863 ], [ -156.082734099999982, 20.663613 ], [ -156.0771431, 20.6654259 ], [ -156.0874174, 20.6820748 ], [ -156.0848729, 20.6668025 ], [ -156.092069899999984, 20.685279 ], [ -156.0475501, 20.6592265 ], [ -156.052557, 20.6591737 ], [ -156.0484022, 20.6517985 ], [ -156.0404311, 20.6617128 ], [ -156.068056899999988, 20.7085385 ], [ -156.08008, 20.7112415 ], [ -156.087458199999986, 20.7270056 ], [ -156.103040599999986, 20.7365724 ], [ -156.1482623, 20.7368091 ], [ -156.1419635, 20.7305148 ], [ -156.176822, 20.7369661 ], [ -156.2448267, 20.772449 ] ] ] } },
{ "type": "Feature", "properties": { "name": "Pictured Rocks National Lakeshore", "code": "PIRO", "designation": "National Lakeshores", "state": "MI", "acres": 74688.0, "type": "nps" }, "geometry": { "type": "Polygon", "coordinates": [ [ [ -86.167757, 46.671319 ], [ -86.3760989, 46.5721462 ], [ -86.4421236, 46.5515177 ], [ -86.4747332, 46.5542321 ], [ -86.498531, 46.5273433 ], [ -86.521246, 46.5217295 ], [ -86.528106799999989, 46.5065629 ], [ -86.5544361, 46.4986658 ], [ -86.5941576, 46.4581946 ], [ -86.61564, 46.4537046 ], [ -86.6111231, 46.4377837 ], [ -86.6247314, 46.4206103 ], [ -86.5950325, 46.422249 ], [ -86.5949078, 46.4343165 ], [ -86.584437, 46.4342745 ], [ -86.5845023, 46.4487989 ], [ -86.5739569, 46.4487131 ], [ -86.5739124, 46.4556025 ], [ -86.5425981, 46.4556142 ], [ -86.5425947, 46.4483726 ], [ -86.5321165, 46.448318699999987 ], [ -86.5320491, 46.4195663 ], [ -86.5164017, 46.4195717 ], [ -86.5164025, 46.4773419 ], [ -86.4282287, 46.4699035 ], [ -86.4281006, 46.4918263 ], [ -86.3832737, 46.4916893 ], [ -86.363006200000015, 46.5074736 ], [ -86.3553974, 46.5278331 ], [ -86.3246819, 46.527746 ], [ -86.3246959, 46.5349874 ], [ -86.303612, 46.5348885 ], [ -86.3035922, 46.5457343 ], [ -86.277354, 46.545741899999989 ], [ -86.2773511, 46.556594 ], [ -86.2616258, 46.5565733 ], [ -86.2617218, 46.585639 ], [ -86.2403338, 46.5855064 ], [ -86.2404086, 46.5708607 ], [ -86.1990573, 46.570819799999988 ], [ -86.1988236, 46.621560699999989 ], [ -86.084301, 46.6211835 ], [ -86.0843603, 46.6103117 ], [ -86.03188560000001, 46.610045 ], [ -86.0211879, 46.633527099999988 ], [ -85.989521, 46.6334295 ], [ -86.0105287, 46.6371453 ], [ -85.999633, 46.6762111 ], [ -86.1142244, 46.6578543 ], [ -86.1380177, 46.6767065 ], [ -86.167757, 46.671319 ] ] ] } },
{ "type": "Feature", "properties": { "name": "Salinas Pueblo Missions National Monument", "code": "SAPU", "designation": "National Monuments", "state": "NM", "acres": 608.0, "type": "nps" }, "geometry": { "type": "Polygon", "coordinates": [ [ [ -106.10229, 34.2636335 ], [ -106.1076815, 34.2557171 ], [ -106.0726916, 34.2558326 ], [ -106.076133, 34.2636679 ], [ -106.10229, 34.2636335 ] ] ] } },
{ "type": "Feature", "properties": { "name": "Valles Caldera National Preserve", "code": "VALL", "designation": "National Preserves", "state": "NM", "acres": 89137.0, "type": "nps" }, "geometry": { "type": "Polygon", "coordinates": [ [ [ -106.554316, 36.008419 ], [ -106.6214317, 36.0083462 ], [ -106.6213322, 35.8275759 ], [ -106.4518025, 35.8277261 ], [ -106.46276180000001, 35.8312864 ], [ -106.4560544, 35.8443023 ], [ -106.4378451, 35.8464478 ], [ -106.412680200000011, 35.8695517 ], [ -106.3997624, 35.863610099999988 ], [ -106.4054894, 35.9019276 ], [ -106.3997339, 35.9019472 ], [ -106.3997241, 35.9527213 ], [ -106.4455113, 35.9786266 ], [ -106.447825, 35.9867755 ], [ -106.4371863, 35.9940646 ], [ -106.4481298, 35.9991345 ], [ -106.4443855, 36.008457 ], [ -106.4871817, 36.0084542 ], [ -106.4905008, 35.9977041 ], [ -106.4983947, 36.0048399 ], [ -106.5322945, 36.000416 ], [ -106.554316, 36.008419 ] ] ] } },
{ "type": "Feature", "properties": { "name": "War in the Pacific National Historical Park", "code": "WAPA", "designation": "National Historical Parks", "state": "GU", "acres": 525.0, "type": "nps" }, "geometry": { "type": "Polygon", "coordinates": [ [ [ 144.6593598, 13.4043766 ], [ 144.6448929, 13.37677 ], [ 144.6523779, 13.3767818 ], [ 144.664101599999981, 13.4019327 ], [ 144.6593598, 13.4043766 ] ] ] } },
{ "type": "Feature", "properties": { "name": "Saguaro National Park", "code": "SAGU", "designation": "National Parks", "state": "AZ", "acres": 68168.0, "type": "nps" }, "geometry": { "type": "Polygon", "coordinates": [ [ [ -110.7209235, 32.2354831 ], [ -110.7209643, 32.2209247 ], [ -110.738086, 32.2208922 ], [ -110.734720700000011, 32.1481215 ], [ -110.6874198, 32.1476269 ], [ -110.687038, 32.1221899 ], [ -110.674502300000015, 32.1222646 ], [ -110.674512, 32.1331271 ], [ -110.654473599999989, 32.133311 ], [ -110.6660149, 32.1186619 ], [ -110.6532853, 32.1186941 ], [ -110.6447965, 32.1296333 ], [ -110.6101155, 32.1277072 ], [ -110.6023206, 32.135509399999989 ], [ -110.6058127, 32.1478622 ], [ -110.5864814, 32.1479796 ], [ -110.5864033, 32.1122366 ], [ -110.601774299999988, 32.1152319 ], [ -110.6018419, 32.1042793 ], [ -110.4985093, 32.1065702 ], [ -110.4988441, 32.237335 ], [ -110.7209235, 32.2354831 ] ] ] } },
{ "type": "Feature", "properties": { "name": "Manassas National Battlefield Park", "code": "MANA", "designation": "National Battlefield Parks", "state": "VA", "acres": 317.0, "type": "nps" }, "geometry": { "type": "Polygon", "coordinates": [ [ [ -77.5737683, 38.8017104 ], [ -77.5502505, 38.7998782 ], [ -77.5488851, 38.8110902 ], [ -77.5737683, 38.8017104 ] ] ] } },
{ "type": "Feature", "properties": { "name": "City of Rocks National Reserve", "code": "CIRO", "designation": "National Reserves", "state": "ID", "acres": 14833.0, "type": "nps" }, "geometry": { "type": "Polygon", "coordinates": [ [ [ -113.7067697, 42.1148853 ], [ -113.706817, 42.1258939 ], [ -113.7259178, 42.1263901 ], [ -113.7356067, 42.1119962 ], [ -113.745364099999989, 42.1120126 ], [ -113.7452579, 42.0187557 ], [ -113.6864627, 42.0195748 ], [ -113.6869497, 42.0672511 ], [ -113.666921, 42.066986 ], [ -113.6672592, 42.0999324 ], [ -113.6918834, 42.1072705 ], [ -113.6723952, 42.1095744 ], [ -113.7067697, 42.1148853 ] ] ] } },
{ "type": "Feature", "properties": { "name": "Flight 93 National Memorial", "code": "FLNI", "designation": "National Memorials", "state": "PA", "acres": 2308.0, "type": "nps" }, "geometry": { "type": "Polygon", "coordinates": [ [ [ -78.8716239, 40.0816385 ], [ -78.881673300000017, 40.0869606 ], [ -78.8933619, 40.0834248 ], [ -78.8885935, 40.0714026 ], [ -78.9136319, 40.0629157 ], [ -78.9111435, 40.0394927 ], [ -78.9042408, 40.0370415 ], [ -78.8889703, 40.0482472 ], [ -78.8716239, 40.0816385 ] ] ] } },
{ "type": "Feature", "properties": { "name": "Valley Forge National Historical Park", "code": "VAFO", "designation": "National Historical Parks", "state": "PA", "acres": 3425.0, "type": "nps" }, "geometry": { "type": "Polygon", "coordinates": [ [ [ -75.445304600000014, 40.1143533 ], [ -75.4708796, 40.1143283 ], [ -75.4646315, 40.0793751 ], [ -75.4298913, 40.0866055 ], [ -75.4334806, 40.091401499999989 ], [ -75.4159987, 40.1024858 ], [ -75.4279049, 40.1191429 ], [ -75.4414398, 40.1214396 ], [ -75.445304600000014, 40.1143533 ] ] ] } },
{ "type": "Feature", "properties": { "name": "Florissant Fossil Beds National Monument", "code": "FLFO", "designation": "National Monuments", "state": "CO", "acres": 6540.0, "type": "nps" }, "geometry": { "type": "Polygon", "coordinates": [ [ [ -105.3069792, 38.9350323 ], [ -105.2975079, 38.9350997 ], [ -105.2975249, 38.9277913 ], [ -105.3161758, 38.9277956 ], [ -105.3210318, 38.9133719 ], [ -105.3072037, 38.911526 ], [ -105.3071051, 38.8841288 ], [ -105.2792114, 38.8980708 ], [ -105.2725055, 38.8881657 ], [ -105.2515308, 38.8881356 ], [ -105.2458425, 38.9271691 ], [ -105.2740582, 38.9316174 ], [ -105.2740106, 38.9388568 ], [ -105.3022355, 38.9409761 ], [ -105.3069792, 38.9350323 ] ] ] } },
{ "type": "Feature", "properties": { "name": "Fort Bowie National Historic Site", "code": "FOBO", "designation": "National Historic Sites", "state": "AZ", "acres": 1088.0, "type": "nps" }, "geometry": { "type": "Polygon", "coordinates": [ [ [ -109.4407425, 32.1574449 ], [ -109.4449912, 32.1520395 ], [ -109.4492095, 32.1574765 ], [ -109.483322, 32.1538314 ], [ -109.432285, 32.1411214 ], [ -109.4291713, 32.1505017 ], [ -109.4407425, 32.1574449 ] ] ] } },
{ "type": "Feature", "properties": { "name": "Yellowstone National Park", "code": "YELL", "designation": "National Parks", "state": "WY", "acres": 2198683.0, "type": "nps" }, "geometry": { "type": "Polygon", "coordinates": [ [ [ -111.131998, 45.1011923 ], [ -111.1300889, 45.085496299999988 ], [ -111.1416008, 45.0769654 ], [ -111.13475, 45.0616347 ], [ -111.1559342, 45.052965 ], [ -111.0968067, 45.0221067 ], [ -111.0980296, 44.132852199999988 ], [ -110.0011254, 44.1326714 ], [ -110.0007538, 44.3240377 ], [ -110.0271627, 44.3202775 ], [ -110.0620176, 44.3325701 ], [ -110.0734542, 44.3518578 ], [ -110.0677269, 44.375921 ], [ -110.0745442, 44.3981326 ], [ -110.0605601, 44.4205886 ], [ -110.0332611, 44.4267978 ], [ -110.0011765, 44.4605882 ], [ -110.0011634, 44.5040804 ], [ -110.086967699999988, 44.4913757 ], [ -110.1224049, 44.473279 ], [ -110.1473853, 44.5010707 ], [ -110.1412626, 44.5162483 ], [ -110.1685291, 44.5321417 ], [ -110.1714311, 44.546702 ], [ -110.152901199999988, 44.5544253 ], [ -110.134352800000016, 44.5528818 ], [ -110.1212313, 44.5680769 ], [ -110.0799072, 44.5755386 ], [ -110.0642814, 44.6058223 ], [ -110.0336508, 44.6078358 ], [ -110.0246195, 44.6278976 ], [ -110.0093343, 44.6163869 ], [ -109.9077326, 44.6378768 ], [ -109.9040874, 44.6486538 ], [ -109.8794806, 44.6520611 ], [ -109.8241912, 44.7081218 ], [ -109.8350635, 44.7236902 ], [ -109.856670799999989, 44.7229543 ], [ -109.8833343, 44.740277399999989 ], [ -109.8868726, 44.7546616 ], [ -109.9293575, 44.7910676 ], [ -109.9578742, 44.8011076 ], [ -109.9589852, 44.8166465 ], [ -109.9281125, 44.8370841 ], [ -109.9401012, 44.8553082 ], [ -109.9271835, 44.9319573 ], [ -109.940123, 44.936759 ], [ -109.9698578, 44.9727687 ], [ -110.0019655, 44.9740715 ], [ -109.997613699999988, 45.031194 ], [ -110.0053115, 45.0506486 ], [ -110.0346367, 45.0529487 ], [ -110.0517089, 45.0379088 ], [ -110.0770894, 45.0297754 ], [ -110.712277199999988, 45.029823 ], [ -110.772387, 45.066895 ], [ -110.8260424, 45.0541651 ], [ -110.841785, 45.0295736 ], [ -110.9098453, 45.029625599999989 ], [ -110.9159309, 45.0457272 ], [ -110.9360032, 45.0533348 ], [ -110.9297321, 45.0674328 ], [ -110.9370385, 45.064878899999982 ], [ -110.9426595, 45.075779 ], [ -110.9650847, 45.0836105 ], [ -110.9760563, 45.0819173 ], [ -110.9820869, 45.0919129 ], [ -111.0096229, 45.0986514 ], [ -111.0183821, 45.0822625 ], [ -111.055026, 45.0660577 ], [ -111.0847793, 45.101772399999987 ], [ -111.1023344, 45.1080699 ], [ -111.131998, 45.1011923 ] ] ] } },
{ "type": "Feature", "properties": { "name": "Yosemite National Park", "code": "YOSE", "designation": "National Parks", "state": "CA", "acres": 748181.0, "type": "nps" }, "geometry": { "type": "Polygon", "coordinates": [ [ [ -119.8457094, 37.818270399999989 ], [ -119.873117799999989, 37.8101586 ], [ -119.877618399999989, 37.7893166 ], [ -119.8622403, 37.7755632 ], [ -119.861546799999985, 37.761292 ], [ -119.852194499999982, 37.7614938 ], [ -119.8526659, 37.738258 ], [ -119.77816820000001, 37.738119 ], [ -119.7788244, 37.7083392 ], [ -119.7604857, 37.7084069 ], [ -119.76062610000001, 37.6973506 ], [ -119.770763500000015, 37.6974724 ], [ -119.760799, 37.6865551 ], [ -119.758875, 37.6583602 ], [ -119.7153573, 37.6585098 ], [ -119.7130828, 37.644268 ], [ -119.731430499999973, 37.6333994 ], [ -119.695655699999989, 37.6299013 ], [ -119.6956291, 37.6226728 ], [ -119.7038103, 37.6228108 ], [ -119.703721099999981, 37.6147882 ], [ -119.6956113, 37.6146619 ], [ -119.701559099999983, 37.5512294 ], [ -119.684484900000015, 37.547679 ], [ -119.662055099999989, 37.4966159 ], [ -119.5775439, 37.4922364 ], [ -119.5766467, 37.5328755 ], [ -119.4436951, 37.5359482 ], [ -119.422029200000011, 37.5548239 ], [ -119.4073255, 37.5440591 ], [ -119.387421, 37.5538781 ], [ -119.386739799999987, 37.5879952 ], [ -119.3702895, 37.6319731 ], [ -119.3540378, 37.6268132 ], [ -119.3268821, 37.6338879 ], [ -119.313833, 37.6624021 ], [ -119.2950277, 37.6672665 ], [ -119.290691400000014, 37.6902036 ], [ -119.260121699999985, 37.7051831 ], [ -119.2575104, 37.7252924 ], [ -119.268415, 37.7394491 ], [ -119.2552368, 37.7455889 ], [ -119.2425998, 37.7701116 ], [ -119.203005199999978, 37.7953542 ], [ -119.2051763, 37.8120366 ], [ -119.2175771, 37.8186254 ], [ -119.2044127, 37.8298868 ], [ -119.201959599999981, 37.8482124 ], [ -119.215616900000015, 37.8471384 ], [ -119.216644800000012, 37.8534383 ], [ -119.2103817, 37.880054 ], [ -119.1995181, 37.8847136 ], [ -119.2103192, 37.8999702 ], [ -119.2200353, 37.8986519 ], [ -119.237183300000012, 37.9110872 ], [ -119.2638268, 37.9120462 ], [ -119.266909399999989, 37.9280944 ], [ -119.309382699999986, 37.9461327 ], [ -119.3236397, 37.97029 ], [ -119.3052548, 38.0240249 ], [ -119.3138775, 38.0344119 ], [ -119.3101209, 38.043123 ], [ -119.3490304, 38.0865505 ], [ -119.3582192, 38.0820861 ], [ -119.3979959, 38.1068131 ], [ -119.4207977, 38.1077103 ], [ -119.429845700000016, 38.1180255 ], [ -119.4412077, 38.095515 ], [ -119.460024499999975, 38.0963838 ], [ -119.4661485, 38.1018781 ], [ -119.4590906, 38.1081219 ], [ -119.473148699999982, 38.1181935 ], [ -119.4688242, 38.1278585 ], [ -119.4881454, 38.1326542 ], [ -119.4961876, 38.1571187 ], [ -119.508225700000011, 38.1525279 ], [ -119.50709, 38.1369592 ], [ -119.546931199999989, 38.143639 ], [ -119.5466372, 38.1541652 ], [ -119.577053, 38.1577182 ], [ -119.589129, 38.1864616 ], [ -119.6260194, 38.1627554 ], [ -119.6279867, 38.1491282 ], [ -119.6911801, 38.1340321 ], [ -119.736099399999986, 38.0972186 ], [ -119.7886575, 38.0947715 ], [ -119.802285699999985, 38.0878423 ], [ -119.809996399999974, 38.0958303 ], [ -119.835428299999975, 38.0914757 ], [ -119.872985500000013, 38.0563073 ], [ -119.8650782, 38.0483372 ], [ -119.881937600000015, 38.032198 ], [ -119.8753379, 38.0229576 ], [ -119.8861772, 37.9834125 ], [ -119.8851895, 37.8925659 ], [ -119.827340299999989, 37.8920236 ], [ -119.8270025, 37.8332664 ], [ -119.8362706, 37.8367273 ], [ -119.8316084, 37.8442188 ], [ -119.8408848, 37.843979 ], [ -119.854801, 37.840144 ], [ -119.854860699999989, 37.8325495 ], [ -119.8409151, 37.8366093 ], [ -119.8457094, 37.818270399999989 ] ] ] } },
{ "type": "Feature", "properties": { "name": "Appalachian National Scenic Trail", "code": "APPA", "designation": "National Scenic Trails", "state": "ME", "acres": 2727.0, "type": "nps" }, "geometry": { "type": "MultiPolygon", "coordinates": [ [ [ [ -69.4664895, 45.3651819 ], [ -69.4680186, 45.3665795 ], [ -69.4681884, 45.3645612 ], [ -69.4664895, 45.3651819 ] ] ], [ [ [ -69.4643175, 45.3828166 ], [ -69.4663323, 45.3866203 ], [ -69.466675, 45.3825478 ], [ -69.4643175, 45.3828166 ] ] ], [ [ [ -69.087061, 45.7320745 ], [ -69.0846426, 45.73108 ], [ -69.0830146, 45.7319303 ], [ -69.087061, 45.7320745 ] ] ], [ [ [ -69.0738076, 45.806912399999987 ], [ -69.0734053, 45.8077344 ], [ -69.0747717, 45.8069103 ], [ -69.0738076, 45.806912399999987 ] ] ], [ [ [ -69.0168064, 45.8191292 ], [ -69.0163122, 45.819294 ], [ -69.0176339, 45.8191474 ], [ -69.0168064, 45.8191292 ] ] ], [ [ [ -69.0295048, 45.8563865 ], [ -69.0357176, 45.8728544 ], [ -69.0295306, 45.8819556 ], [ -69.0021749, 45.8792306 ], [ -68.9858485, 45.8943782 ], [ -68.9313043, 45.8972663 ], [ -68.9208689, 45.9057746 ], [ -68.9876699, 45.8969229 ], [ -69.002823, 45.8830082 ], [ -69.031536, 45.8843885 ], [ -69.040177, 45.8733121 ], [ -69.0294184, 45.8477843 ], [ -68.9561305, 45.8348693 ], [ -69.0295048, 45.8563865 ] ] ], [ [ [ -70.2530281, 45.144956 ], [ -70.2485889, 45.1451672 ], [ -70.2532953, 45.1456909 ], [ -70.2530281, 45.144956 ] ] ], [ [ [ -70.0805704, 45.1700123 ], [ -70.0804111, 45.1701259 ], [ -70.0806869, 45.1700169 ], [ -70.0805704, 45.1700123 ] ] ], [ [ [ -70.074044, 45.2262747 ], [ -70.0781542, 45.2238267 ], [ -70.0778685, 45.2230856 ], [ -70.074044, 45.2262747 ] ] ], [ [ [ -70.356473, 45.040885 ], [ -70.3591809, 45.0401186 ], [ -70.3519801, 45.0386759 ], [ -70.356473, 45.040885 ] ] ], [ [ [ -70.3755411, 45.065385 ], [ -70.3758253, 45.066292499999989 ], [ -70.3771006, 45.0635074 ], [ -70.3755411, 45.065385 ] ] ], [ [ [ -71.7951416, 44.0390076 ], [ -71.8070149, 44.0341141 ], [ -71.8073993, 44.0322736 ], [ -71.7951416, 44.0390076 ] ] ], [ [ [ -71.7039954, 44.1319975 ], [ -71.7019288, 44.1301464 ], [ -71.7038877, 44.1322895 ], [ -71.7039954, 44.1319975 ] ] ], [ [ [ -71.5870101, 44.191001899999989 ], [ -71.5899876, 44.1924878 ], [ -71.5934743, 44.1910693 ], [ -71.5870101, 44.191001899999989 ] ] ], [ [ [ -71.1060686, 44.3853392 ], [ -71.106962, 44.3872528 ], [ -71.1090742, 44.3760304 ], [ -71.1060686, 44.3853392 ] ] ], [ [ [ -71.1152516, 44.4050039 ], [ -71.1157139, 44.4049855 ], [ -71.1145944, 44.4035968 ], [ -71.1152516, 44.4050039 ] ] ], [ [ [ -71.1497979, 44.4150232 ], [ -71.1498596, 44.4150087 ], [ -71.1497082, 44.4149063 ], [ -71.1497979, 44.4150232 ] ] ], [ [ [ -70.9720157, 44.560959 ], [ -70.9766578, 44.5578662 ], [ -70.9764853, 44.5559135 ], [ -70.9720157, 44.560959 ] ] ], [ [ [ -70.5830426, 44.857675 ], [ -70.5853589, 44.8570987 ], [ -70.586462, 44.8554598 ], [ -70.5830426, 44.857675 ] ] ], [ [ [ -70.5387394, 44.8863565 ], [ -70.55972220000001, 44.872840599999989 ], [ -70.5596908, 44.8727974 ], [ -70.5387394, 44.8863565 ] ] ], [ [ [ -72.2025295, 43.7042171 ], [ -72.2018239, 43.7076846 ], [ -72.2110313, 43.7056298 ], [ -72.2025295, 43.7042171 ] ] ], [ [ [ -72.7129673, 43.6895271 ], [ -72.7343865, 43.6920564 ], [ -72.7356758, 43.6916368 ], [ -72.7129673, 43.6895271 ] ] ], [ [ [ -73.0674357, 42.9311775 ], [ -73.0706012, 42.9291755 ], [ -73.0761409, 42.9192093 ], [ -73.0674357, 42.9311775 ] ] ], [ [ [ -72.9677847, 43.1176329 ], [ -72.9684491, 43.1179743 ], [ -72.967528700000017, 43.1157667 ], [ -72.9677847, 43.1176329 ] ] ], [ [ [ -72.9735814, 43.1336823 ], [ -72.9754266, 43.1347059 ], [ -72.9744421, 43.1323457 ], [ -72.9735814, 43.1336823 ] ] ], [ [ [ -73.1776564, 42.4815472 ], [ -73.1627425, 42.4764793 ], [ -73.1777102, 42.4823373 ], [ -73.1776564, 42.4815472 ] ] ], [ [ [ -73.3904537, 41.8628969 ], [ -73.3871417, 41.8584107 ], [ -73.388534, 41.8632002 ], [ -73.3904537, 41.8628969 ] ] ], [ [ [ -73.4214694, 41.9903152 ], [ -73.4162269, 41.9924167 ], [ -73.4237167, 41.993537 ], [ -73.4214694, 41.9903152 ] ] ], [ [ [ -72.835765, 43.6730526 ], [ -72.8354731, 43.6740287 ], [ -72.8374195, 43.6734062 ], [ -72.835765, 43.6730526 ] ] ], [ [ [ -73.53041, 41.6389623 ], [ -73.54641, 41.6342194 ], [ -73.5464975, 41.6341232 ], [ -73.53041, 41.6389623 ] ] ], [ [ [ -73.7333597, 41.5407105 ], [ -73.7332949, 41.5409821 ], [ -73.7336119, 41.5409761 ], [ -73.7333597, 41.5407105 ] ] ], [ [ [ -74.2592197, 41.275914 ], [ -74.2595102, 41.2759498 ], [ -74.2878935, 41.244383 ], [ -74.2592197, 41.275914 ] ] ], [ [ [ -74.5308018, 41.2723981 ], [ -74.5212574, 41.2731179 ], [ -74.531819, 41.2747799 ], [ -74.5308018, 41.2723981 ] ] ], [ [ [ -74.5498571, 41.2838002 ], [ -74.5613117, 41.2956304 ], [ -74.563704, 41.2948723 ], [ -74.5498571, 41.2838002 ] ] ], [ [ [ -75.6088483, 40.7815144 ], [ -75.608718, 40.7824575 ], [ -75.6091725, 40.7820957 ], [ -75.6088483, 40.7815144 ] ] ], [ [ [ -75.2743426, 40.875898 ], [ -75.2739862, 40.879658 ], [ -75.2799463, 40.8713232 ], [ -75.2743426, 40.875898 ] ] ], [ [ [ -75.127965, 40.9717797 ], [ -75.127564600000014, 40.9720912 ], [ -75.1299211, 40.9735684 ], [ -75.127965, 40.9717797 ] ] ], [ [ [ -74.7828887, 41.1800175 ], [ -74.7891024, 41.178508 ], [ -74.7921962, 41.1754386 ], [ -74.7828887, 41.1800175 ] ] ], [ [ [ -74.6834699, 41.2577622 ], [ -74.6863588, 41.2550008 ], [ -74.6866927, 41.2531119 ], [ -74.6834699, 41.2577622 ] ] ], [ [ [ -76.180409, 40.5318823 ], [ -76.1835392, 40.5324587 ], [ -76.1854602, 40.5315675 ], [ -76.180409, 40.5318823 ] ] ], [ [ [ -76.0244005, 40.5754643 ], [ -76.0265735, 40.579985 ], [ -76.0265997, 40.580003 ], [ -76.0246696, 40.5753598 ], [ -76.0244005, 40.5754643 ] ] ], [ [ [ -76.2631287, 40.5149212 ], [ -76.2630842, 40.5155377 ], [ -76.2639672, 40.5148043 ], [ -76.2631287, 40.5149212 ] ] ], [ [ [ -77.0186846, 40.4024455 ], [ -77.0314053, 40.3902653 ], [ -77.029496, 40.383663 ], [ -77.0186846, 40.4024455 ] ] ], [ [ [ -77.4864333, 39.9393113 ], [ -77.4858389, 39.9401255 ], [ -77.486853, 39.9409945 ], [ -77.4864333, 39.9393113 ] ] ], [ [ [ -77.3142425, 40.035162299999989 ], [ -77.3142262, 40.0352402 ], [ -77.3150626, 40.0353594 ], [ -77.3142425, 40.035162299999989 ] ] ], [ [ [ -77.150539, 40.0928894 ], [ -77.150523300000017, 40.0928936 ], [ -77.1505476, 40.0928916 ], [ -77.150539, 40.0928894 ] ] ], [ [ [ -77.50349, 39.8387515 ], [ -77.5018275, 39.8385783 ], [ -77.5038664, 39.8399484 ], [ -77.50349, 39.8387515 ] ] ], [ [ [ -78.0390112, 38.9250544 ], [ -78.038707, 38.9279088 ], [ -78.0425584, 38.9223255 ], [ -78.0390112, 38.9250544 ] ] ], [ [ [ -78.0116643, 38.9634096 ], [ -78.0145609, 38.9628909 ], [ -78.0173193, 38.9588966 ], [ -78.0116643, 38.9634096 ] ] ], [ [ [ -77.9463875, 39.0404027 ], [ -77.946622499999989, 39.0405585 ], [ -77.9483357, 39.0391059 ], [ -77.9463875, 39.0404027 ] ] ], [ [ [ -78.1165359, 38.8807741 ], [ -78.1192082, 38.8813961 ], [ -78.131924, 38.8800935 ], [ -78.1165359, 38.8807741 ] ] ], [ [ [ -78.5831472, 38.3239347 ], [ -78.5757042, 38.3271447 ], [ -78.584388, 38.3244392 ], [ -78.5831472, 38.3239347 ] ] ], [ [ [ -78.5407651, 38.3625623 ], [ -78.5419266, 38.3625026 ], [ -78.5421587, 38.3621894 ], [ -78.5407651, 38.3625623 ] ] ], [ [ [ -78.4730499, 38.4418371 ], [ -78.4736511, 38.4415973 ], [ -78.4770328, 38.4357366 ], [ -78.4730499, 38.4418371 ] ] ], [ [ [ -78.4139558, 38.547542199999988 ], [ -78.4156019, 38.5470398 ], [ -78.416733, 38.5436299 ], [ -78.4139558, 38.547542199999988 ] ] ], [ [ [ -78.1802899, 38.8063407 ], [ -78.1803678, 38.8062101 ], [ -78.1802779, 38.8060799 ], [ -78.1802899, 38.8063407 ] ] ], [ [ [ -80.0130446, 37.3966489 ], [ -80.0125271, 37.39734 ], [ -80.0137815, 37.3966052 ], [ -80.0130446, 37.3966489 ] ] ], [ [ [ -79.9335133, 37.3857407 ], [ -79.9308074, 37.384692199999989 ], [ -79.9324574, 37.3889347 ], [ -79.9335133, 37.3857407 ] ] ], [ [ [ -79.8953824, 37.404073 ], [ -79.8961372, 37.404598 ], [ -79.9003142, 37.4004745 ], [ -79.8953824, 37.404073 ] ] ], [ [ [ -79.1738348, 37.7941899 ], [ -79.1743367, 37.7939217 ], [ -79.1741566, 37.7936676 ], [ -79.1738348, 37.7941899 ] ] ], [ [ [ -80.3656038, 37.3438719 ], [ -80.3604232, 37.3472319 ], [ -80.365741900000017, 37.3439653 ], [ -80.3656038, 37.3438719 ] ] ], [ [ [ -80.5792085, 37.4017174 ], [ -80.5787732, 37.4017996 ], [ -80.5795411, 37.4029289 ], [ -80.5792085, 37.4017174 ] ] ], [ [ [ -83.8313981, 34.7316045 ], [ -83.8314218, 34.7347815 ], [ -83.8337664, 34.7312553 ], [ -83.8313981, 34.7316045 ] ] ], [ [ [ -83.777493, 34.8192941 ], [ -83.779316, 34.8204006 ], [ -83.7824715, 34.8206035 ], [ -83.777493, 34.8192941 ] ] ], [ [ [ -83.5954339, 34.966392 ], [ -83.5949565, 34.9596424 ], [ -83.5930848, 34.957781 ], [ -83.5954339, 34.966392 ] ] ], [ [ [ -83.5231469, 35.0959265 ], [ -83.5235038, 35.0959538 ], [ -83.523170900000011, 35.0948856 ], [ -83.5231469, 35.0959265 ] ] ], [ [ [ -83.8099148, 35.4806007 ], [ -83.8104681, 35.480782 ], [ -83.8114133, 35.4665228 ], [ -83.811057, 35.4654158 ], [ -83.8099148, 35.4806007 ] ] ], [ [ [ -83.4875478, 35.5691624 ], [ -83.4862672, 35.5715573 ], [ -83.4898823, 35.5682526 ], [ -83.4875478, 35.5691624 ] ] ], [ [ [ -83.349815, 35.6595451 ], [ -83.3505059, 35.6593675 ], [ -83.3513398, 35.657952 ], [ -83.349815, 35.6595451 ] ] ], [ [ [ -82.9597334, 35.7936887 ], [ -82.9587955, 35.7949307 ], [ -82.9600632, 35.7941439 ], [ -82.9597334, 35.7936887 ] ] ], [ [ [ -82.7551112, 36.0055455 ], [ -82.7541102, 36.0060408 ], [ -82.7555736, 36.0055036 ], [ -82.7551112, 36.0055455 ] ] ], [ [ [ -82.657977, 36.0558029 ], [ -82.6787644, 36.0472052 ], [ -82.6838673, 36.0434321 ], [ -82.657977, 36.0558029 ] ] ], [ [ [ -82.6070862, 35.9934747 ], [ -82.6061332, 35.992877299999989 ], [ -82.6067494, 35.9942657 ], [ -82.6070862, 35.9934747 ] ] ], [ [ [ -82.5751143, 35.9599581 ], [ -82.573917, 35.9595101 ], [ -82.5751433, 35.960278 ], [ -82.5751143, 35.9599581 ] ] ], [ [ [ -82.0839437, 36.1068187 ], [ -82.0833213, 36.1070165 ], [ -82.0861158, 36.1067587 ], [ -82.0839437, 36.1068187 ] ] ], [ [ [ -82.0122215, 36.1386179 ], [ -82.012373, 36.1386475 ], [ -82.013169499999989, 36.1378941 ], [ -82.0122215, 36.1386179 ] ] ], [ [ [ -81.9560184, 36.5350511 ], [ -81.9631416, 36.5313259 ], [ -81.9698514, 36.5240996 ], [ -81.9560184, 36.5350511 ] ] ], [ [ [ -81.6512655, 36.6427328 ], [ -81.6524131, 36.6442386 ], [ -81.6533468, 36.643996 ], [ -81.6512655, 36.6427328 ] ] ], [ [ [ -81.4099617, 36.812954 ], [ -81.4198, 36.8104933 ], [ -81.4224712, 36.8091559 ], [ -81.4099617, 36.812954 ] ] ], [ [ [ -81.3575029, 36.8429429 ], [ -81.357811, 36.8436966 ], [ -81.3611778, 36.8422599 ], [ -81.3575029, 36.8429429 ] ] ], [ [ [ -81.3621422, 36.8542907 ], [ -81.3633857, 36.8524745 ], [ -81.3608265, 36.8510729 ], [ -81.3621422, 36.8542907 ] ] ], [ [ [ -80.9003812, 37.1767027 ], [ -80.9017057, 37.1751822 ], [ -80.901528, 37.1750078 ], [ -80.9003812, 37.1767027 ] ] ], [ [ [ -80.8514052, 37.2446905 ], [ -80.8542696, 37.2437354 ], [ -80.8485342, 37.2441067 ], [ -80.8514052, 37.2446905 ] ] ], [ [ [ -80.8458848, 37.258728 ], [ -80.8571808, 37.2549885 ], [ -80.8584737, 37.2526473 ], [ -80.8458848, 37.258728 ] ] ], [ [ [ -80.7580198, 37.3110697 ], [ -80.7490905, 37.3292388 ], [ -80.7609668, 37.3096466 ], [ -80.7580198, 37.3110697 ] ] ] ] } },
{ "type": "Feature", "properties": { "name": "Chickamauga and Chattanooga National Military Park", "code": "CHCH", "designation": "National Military Parks", "state": "GA", "acres": 0.0, "type": "nps" }, "geometry": { "type": "GeometryCollection", "geometries": [ ] } },
{ "type": "Feature", "properties": { "name": "Joshua Tree National Park", "code": "JOTR", "designation": "National Parks", "state": "CA", "acres": 796059.0, "type": "nps" }, "geometry": { "type": "Polygon", "coordinates": [ [ [ -116.4402867, 34.0805509 ], [ -116.431548600000013, 34.0760637 ], [ -116.4577459, 34.0759413 ], [ -116.4577011, 33.9753375 ], [ -116.4412944, 33.971813 ], [ -116.4005594, 33.943813299999988 ], [ -116.273029799999989, 33.8921496 ], [ -116.257250899999988, 33.8921055 ], [ -116.1457721, 33.8346768 ], [ -116.065027300000011, 33.7693239 ], [ -116.00733, 33.702536 ], [ -115.9803114, 33.6852379 ], [ -115.8860759, 33.6900212 ], [ -115.859451799999988, 33.6789519 ], [ -115.8520846, 33.6862508 ], [ -115.8303769, 33.6861687 ], [ -115.808376200000012, 33.6764379 ], [ -115.7454938, 33.6786083 ], [ -115.7213347, 33.6701957 ], [ -115.70270619999998, 33.6769846 ], [ -115.69559670000001, 33.6965184 ], [ -115.6581004, 33.7145913 ], [ -115.608816, 33.7070366 ], [ -115.5103162, 33.7172547 ], [ -115.4888416, 33.7345092 ], [ -115.459344500000014, 33.7868002 ], [ -115.477799099999984, 33.8154351 ], [ -115.4777997, 33.8299411 ], [ -115.495203, 33.8300247 ], [ -115.512531599999988, 33.8445348 ], [ -115.5994063, 33.8449247 ], [ -115.616772399999988, 33.8522322 ], [ -115.6289809, 33.8886033 ], [ -115.6176348, 33.9026238 ], [ -115.421539399999986, 33.903654 ], [ -115.4193343, 33.9145271 ], [ -115.388603, 33.91634 ], [ -115.3713435, 33.8816429 ], [ -115.3582618, 33.8817064 ], [ -115.350868399999982, 33.8708178 ], [ -115.363249599999989, 33.8544445 ], [ -115.3255698, 33.8128238 ], [ -115.294832700000015, 33.8021383 ], [ -115.262886099999989, 33.8319755 ], [ -115.2622606, 33.8694957 ], [ -115.2776687, 33.8804704 ], [ -115.2994675, 33.8823294 ], [ -115.303879599999988, 33.8961245 ], [ -115.293210599999981, 33.9389505 ], [ -115.2975812, 33.9536764 ], [ -115.280149899999984, 33.9609513 ], [ -115.2801742, 33.9792534 ], [ -115.271466599999982, 33.9792497 ], [ -115.267194, 33.9940518 ], [ -115.267418299999989, 34.01958 ], [ -115.289596100000011, 34.064444699999989 ], [ -115.47968659999998, 34.1104668 ], [ -115.525747400000014, 34.1155058 ], [ -115.552234500000012, 34.072458 ], [ -115.5866718, 34.09042 ], [ -115.649834899999988, 34.1020297 ], [ -115.6316591, 34.0714853 ], [ -115.630001, 34.0149113 ], [ -115.6659745, 34.0149106 ], [ -115.66606179999998, 34.0016167 ], [ -115.683423800000014, 34.0019261 ], [ -115.682931299999979, 33.9874189 ], [ -115.7008715, 33.9874131 ], [ -115.700868, 33.9729686 ], [ -115.9121712, 33.9748634 ], [ -115.937332399999988, 33.9989101 ], [ -115.9435785, 34.0203939 ], [ -115.9676009, 34.0235114 ], [ -115.9840917, 34.0119635 ], [ -116.0019386, 34.0198773 ], [ -116.0014796, 34.0779786 ], [ -116.036554099999989, 34.0783094 ], [ -116.0367341, 34.1070292 ], [ -116.0500041, 34.1070467 ], [ -116.0544107, 34.1211132 ], [ -116.1070796, 34.1204154 ], [ -116.109266800000015, 34.1270099 ], [ -116.124554300000014, 34.1204291 ], [ -116.1836743, 34.1205798 ], [ -116.193461200000016, 34.1278746 ], [ -116.1945774, 34.1205332 ], [ -116.2757146, 34.1205208 ], [ -116.293237, 34.1277779 ], [ -116.3087227, 34.1222219 ], [ -116.283270800000011, 34.1205238 ], [ -116.2832557, 34.106794 ], [ -116.2723648, 34.1068255 ], [ -116.2712821, 34.0977679 ], [ -116.2658302, 34.1032192 ], [ -116.2658357, 34.0778238 ], [ -116.283285800000016, 34.0777909 ], [ -116.283289700000012, 34.0923018 ], [ -116.2952626, 34.0868679 ], [ -116.299640599999975, 34.092316 ], [ -116.3008594, 34.0762564 ], [ -116.309549499999974, 34.0762596 ], [ -116.3094729, 34.0907547 ], [ -116.3181724, 34.0907639 ], [ -116.3181409, 34.1053303 ], [ -116.3311986, 34.1090187 ], [ -116.3617331, 34.10525 ], [ -116.370471199999983, 34.097993699999989 ], [ -116.370466600000015, 34.0906969 ], [ -116.3530156, 34.0907581 ], [ -116.353046600000013, 34.0762297 ], [ -116.429367899999974, 34.0760664 ], [ -116.4337549, 34.08327 ], [ -116.4402867, 34.0805509 ] ], [ [ -116.318231199999985, 34.0780754 ], [ -116.335651500000012, 34.0762767 ], [ -116.335623099999978, 34.0907966 ], [ -116.3181724, 34.0907639 ], [ -116.318231199999985, 34.0780754 ] ] ] } },
{ "type": "Feature", "properties": { "name": "Death Valley National Park", "code": "DEVA", "designation": "National Parks", "state": "CA", "acres": 3430073.0, "type": "nps" }, "geometry": { "type": "Polygon", "coordinates": [ [ [ -117.0994716, 36.0309853 ], [ -117.0860242, 36.020855 ], [ -117.141078599999986, 35.9945593 ], [ -117.1289776, 35.9337195 ], [ -117.114636, 35.9184068 ], [ -117.111812699999987, 35.8772397 ], [ -117.0990816, 35.8586755 ], [ -117.1167352, 35.7956496 ], [ -116.9391148, 35.7954484 ], [ -116.9389276, 35.7316171 ], [ -116.974525, 35.7315891 ], [ -116.978923199999983, 35.7157167 ], [ -116.9478266, 35.7170734 ], [ -116.9478009, 35.709831 ], [ -116.9246118, 35.7098971 ], [ -116.9257544, 35.6260757 ], [ -116.4948439, 35.6278789 ], [ -116.494639599999985, 35.5963649 ], [ -116.484921, 35.5910084 ], [ -116.4717412, 35.5929617 ], [ -116.456683500000011, 35.6324315 ], [ -116.4165267, 35.6515399 ], [ -116.3483965, 35.6474166 ], [ -116.2917839, 35.6335483 ], [ -116.316850699999989, 35.749499 ], [ -116.3407242, 35.7633817 ], [ -116.3552846, 35.7906614 ], [ -116.355161200000012, 35.8122205 ], [ -116.4027237, 35.8123529 ], [ -116.3989883, 35.8322023 ], [ -116.415363599999978, 35.8545076 ], [ -116.4170594, 35.8781806 ], [ -116.4031905, 35.8984594 ], [ -116.417352600000015, 35.9286804 ], [ -116.405891499999981, 35.9565285 ], [ -116.349059099999977, 35.9737991 ], [ -116.328321399999979, 35.9932063 ], [ -116.276548, 35.9972939 ], [ -116.295073, 36.0176649 ], [ -116.2955159, 36.0809897 ], [ -116.3064883, 36.1286813 ], [ -116.332245300000011, 36.179714 ], [ -116.366860300000013, 36.191532 ], [ -116.3834243, 36.2083085 ], [ -116.3844408, 36.1673514 ], [ -116.491272, 36.1674213 ], [ -116.4912682, 36.1815046 ], [ -116.509156, 36.181504 ], [ -116.509047599999988, 36.196925 ], [ -116.52706950000001, 36.1969077 ], [ -116.527059799999989, 36.226027 ], [ -116.5394768, 36.2260067 ], [ -116.5528979, 36.2404664 ], [ -116.6134323, 36.2403777 ], [ -116.6137065, 36.2545944 ], [ -116.6312847, 36.2545954 ], [ -116.6312843, 36.2692542 ], [ -116.6495183, 36.2690966 ], [ -116.649511499999988, 36.2981083 ], [ -116.6763732, 36.2981066 ], [ -116.6847993, 36.3074909 ], [ -116.6843214, 36.3760656 ], [ -116.6638878, 36.3726116 ], [ -116.6239068, 36.3486695 ], [ -116.5953841, 36.3732857 ], [ -116.569454900000011, 36.3817239 ], [ -116.5467438, 36.4085917 ], [ -116.5173071, 36.400340299999989 ], [ -116.4871544, 36.4191772 ], [ -116.4869804, 36.4292215 ], [ -116.5049486, 36.4285669 ], [ -116.504961600000016, 36.452123 ], [ -116.5280822, 36.4706892 ], [ -116.5440058, 36.5014112 ], [ -116.8807916, 36.7569733 ], [ -116.8784448, 37.0165071 ], [ -117.227104899999986, 37.0167114 ], [ -117.6837507, 37.3494554 ], [ -117.698886, 37.3305708 ], [ -117.7588544, 37.3417576 ], [ -117.77061759999998, 37.3292728 ], [ -117.872684399999983, 37.2987344 ], [ -117.877093, 37.2671778 ], [ -117.890316, 37.2605373 ], [ -117.8779313, 37.2423989 ], [ -117.8898579, 37.2283405 ], [ -117.938519399999976, 37.2169522 ], [ -117.949908799999989, 37.2208817 ], [ -117.94393860000001, 37.2357616 ], [ -117.9821423, 37.2301466 ], [ -118.0007848, 37.1878966 ], [ -118.001057300000014, 37.1145809 ], [ -117.9830116, 37.1145387 ], [ -117.983387, 36.9552299 ], [ -117.9340942, 36.9555515 ], [ -117.921710100000013, 36.9477295 ], [ -117.903323799999981, 36.8913045 ], [ -117.9053907, 36.8499118 ], [ -117.917178, 36.8357513 ], [ -117.8875619, 36.7986239 ], [ -117.867262, 36.7492748 ], [ -117.844042, 36.7341876 ], [ -117.8454182, 36.7155653 ], [ -117.830040699999984, 36.7092326 ], [ -117.8302416, 36.6676174 ], [ -117.817257500000011, 36.6568782 ], [ -117.7558536, 36.643712 ], [ -117.7604265, 36.6203612 ], [ -117.7422897, 36.5933518 ], [ -117.745057, 36.5797013 ], [ -117.7139418, 36.5479861 ], [ -117.7059525, 36.5207757 ], [ -117.6582319, 36.4862299 ], [ -117.6248319, 36.4454852 ], [ -117.6043249, 36.448181 ], [ -117.6037359, 36.4340611 ], [ -117.640933100000012, 36.4269523 ], [ -117.6254961, 36.3653362 ], [ -117.6139155, 36.3719121 ], [ -117.5825355, 36.3480432 ], [ -117.548331799999985, 36.3409524 ], [ -117.5471693, 36.328045 ], [ -117.5292792, 36.3074108 ], [ -117.4841106, 36.3105549 ], [ -117.469361100000015, 36.326741 ], [ -117.412201399999987, 36.3266641 ], [ -117.3625403, 36.2708711 ], [ -117.3371398, 36.2688705 ], [ -117.3139226, 36.2558409 ], [ -117.3139296, 36.2462955 ], [ -117.278523099999987, 36.2026056 ], [ -117.197453400000015, 36.1591083 ], [ -117.1974935, 36.1521098 ], [ -117.1789614, 36.1593471 ], [ -117.158496, 36.156617199999985 ], [ -117.1561933, 36.1316215 ], [ -117.1225083, 36.1001479 ], [ -117.1276508, 36.0582906 ], [ -117.0981339, 36.0343881 ], [ -117.0994716, 36.0309853 ] ], [ [ -117.0927443, 36.0488782 ], [ -117.076274199999986, 36.0490475 ], [ -117.0861308, 36.0436834 ], [ -117.09251639999998, 36.0486738 ], [ -117.0942147, 36.0443555 ], [ -117.0927443, 36.0488782 ] ] ] } },
{ "type": "Feature", "properties": { "name": "Hawai'i Volcanoes National Park", "code": "HAVO", "designation": "National Parks", "state": "HI", "acres": 367321.0, "type": "nps" }, "geometry": { "type": "Polygon", "coordinates": [ [ [ -155.4293596, 19.5351939 ], [ -155.481495100000018, 19.5475927 ], [ -155.5555075, 19.5037667 ], [ -155.5961777, 19.5242605 ], [ -155.638896499999987, 19.4479467 ], [ -155.746543799999984, 19.4089893 ], [ -155.7452549, 19.2601371 ], [ -155.798385699999983, 19.2498856 ], [ -155.779043299999984, 19.2302831 ], [ -155.772493, 19.1819285 ], [ -155.761806299999989, 19.183005 ], [ -155.771008099999989, 19.1671902 ], [ -155.7183651, 19.1430239 ], [ -155.747559, 19.0752048 ], [ -155.672877799999981, 19.0595694 ], [ -155.664149899999984, 19.0742643 ], [ -155.684518699999984, 19.1761385 ], [ -155.6551153, 19.1939031 ], [ -155.5767936, 19.2662076 ], [ -155.5172356, 19.3417404 ], [ -155.578769, 19.4311657 ], [ -155.41764139999998, 19.4604308 ], [ -155.3198975, 19.4296279 ], [ -155.3833912, 19.358068 ], [ -155.426923599999981, 19.2085826 ], [ -155.4609269, 19.2231626 ], [ -155.4495758, 19.1978891 ], [ -155.455625, 19.1833529 ], [ -155.4382799, 19.1665475 ], [ -155.441350199999988, 19.1589654 ], [ -155.414616699999982, 19.1848246 ], [ -155.357600199999979, 19.2060449 ], [ -155.3385054, 19.2310888 ], [ -155.293712299999981, 19.2632974 ], [ -155.2612536, 19.2713087 ], [ -155.192554699999988, 19.255883 ], [ -155.1846012, 19.2633035 ], [ -155.130709599999989, 19.2733303 ], [ -155.071246799999983, 19.311902 ], [ -155.016321300000016, 19.329112 ], [ -155.0235452, 19.339073 ], [ -155.0453748, 19.3283441 ], [ -155.0478197, 19.3533099 ], [ -155.058649699999989, 19.3675323 ], [ -155.12183109999998, 19.3987014 ], [ -155.233094099999988, 19.4156213 ], [ -155.2581367, 19.4351069 ], [ -155.28022919999998, 19.4337013 ], [ -155.293633699999987, 19.4542253 ], [ -155.3229293, 19.4472157 ], [ -155.4293596, 19.5351939 ] ] ] } },
{ "type": "Feature", "properties": { "name": "Pipestone National Monument", "code": "PIPE", "designation": "National Monuments", "state": "MN", "acres": 301.0, "type": "nps" }, "geometry": { "type": "Polygon", "coordinates": [ [ [ -96.3317934, 44.0173073 ], [ -96.331732699999989, 44.0088244 ], [ -96.3178249, 44.0086884 ], [ -96.3177121, 44.019735499999989 ], [ -96.3317934, 44.0173073 ] ] ] } },
{ "type": "Feature", "properties": { "name": "Fort Pulaski National Monument", "code": "FOPU", "designation": "National Monuments", "state": "GA", "acres": 4641.0, "type": "nps" }, "geometry": { "type": "Polygon", "coordinates": [ [ [ -80.9985771, 32.0772444 ], [ -81.0053485, 32.0708361 ], [ -80.9765888, 32.0582444 ], [ -80.9726956, 32.047026 ], [ -80.9407244, 32.0280749 ], [ -80.9397183, 32.0180499 ], [ -80.9217536, 32.0093997 ], [ -80.9260546, 31.9953426 ], [ -80.9172104, 31.9885101 ], [ -80.9079334, 32.0076999 ], [ -80.890877, 32.0078859 ], [ -80.8987731, 32.0159245 ], [ -80.8836273, 32.0102747 ], [ -80.8825174, 32.0192342 ], [ -80.9171079, 32.0258082 ], [ -80.9985771, 32.0772444 ] ] ] } },
{ "type": "Feature", "properties": { "name": "Steamtown National Historic Site", "code": "STEA", "designation": "National Historic Sites", "state": "PA", "acres": 119.0, "type": "nps" }, "geometry": { "type": "Polygon", "coordinates": [ [ [ -75.6706974, 41.4048454 ], [ -75.6548752, 41.4034244 ], [ -75.67334, 41.4116161 ], [ -75.6706974, 41.4048454 ] ] ] } },
{ "type": "Feature", "properties": { "name": "Kennesaw Mountain National Battlefield Park", "code": "KEMO", "designation": "National Battlefield Parks", "state": "GA", "acres": 0.0, "type": "nps" }, "geometry": { "type": "GeometryCollection", "geometries": [ ] } },
{ "type": "Feature", "properties": { "name": "Cedar Creek and Belle Grove National Historical Park", "code": "CEBE", "designation": "National Historical Parks", "state": "VA", "acres": 0.0, "type": "nps" }, "geometry": { "type": "GeometryCollection", "geometries": [ ] } }
]
}
